index,Price
0,1406666.6666666667
1,577666.6666666666
2,720833.3333333334
3,563500.0
4,590500.0
5,965166.6666666666
6,545333.3333333334
7,1671666.6666666667
8,594666.6666666666
9,1784500.0
10,2343333.3333333335
11,1168333.3333333333
12,1028666.6666666666
13,841666.6666666666
14,746666.6666666666
15,855333.3333333334
16,528666.6666666666
17,702000.0
18,3527000.0
19,370750.0
20,623000.0
21,1085000.0
22,890166.6666666666
23,1246166.6666666667
24,1683333.3333333333
25,751000.0
26,659166.6666666666
27,589000.0
28,398666.6666666667
29,947666.6666666666
30,750333.3333333334
31,1454000.0
32,438333.3333333333
33,449000.0
34,707000.0
35,583666.6666666666
36,2186666.6666666665
37,564000.0
38,1085000.0
39,1156000.0
40,731333.3333333334
41,1313333.3333333333
42,1460000.0
43,525666.6666666666
44,878333.3333333334
45,1046000.0
46,601666.6666666666
47,542833.3333333334
48,544333.3333333334
49,1156000.0
50,825833.3333333334
51,2127666.6666666665
52,611166.6666666666
53,695333.3333333334
54,1810666.6666666667
55,603333.3333333334
56,750666.6666666666
57,1705000.0
58,1104666.6666666667
59,1791666.6666666667
60,778666.6666666666
61,1830000.0
62,984233.3333333334
63,1095166.6666666667
64,2590296.0
65,1081666.6666666667
66,818000.0
67,675000.0
68,1590000.0
69,730333.3333333334
70,762500.0
71,1388333.3333333333
72,1100666.6666666667
73,1716666.6666666667
74,1334000.0
75,2215666.6666666665
76,490833.3333333333
77,892333.3333333334
78,661666.6666666666
79,2816666.6666666665
80,692666.6666666666
81,716666.6666666666
82,488333.3333333333
83,1898333.3333333333
84,901666.6666666666
85,688333.3333333334
86,932333.3333333334
87,1616166.6666666667
88,779666.6666666666
89,577666.6666666666
90,675333.3333333334
91,1757500.0
92,1200333.3333333333
93,1761666.6666666667
94,1112000.0
95,1890000.0
96,512666.6666666667
97,2325000.0
98,1803333.3333333333
99,1636666.6666666667
100,1120000.0
101,1243333.3333333333
102,1901666.6666666667
103,1193333.3333333333
104,430000.0
105,650666.6666666666
106,1857000.0
107,1640000.0
108,969666.6666666666
109,2299000.0
110,2541666.6666666665
111,1277333.3333333333
112,668333.3333333334
113,1090000.0
114,2503666.6666666665
115,440666.6666666667
116,1050166.6666666667
117,1743333.3333333333
118,1528666.6666666667
119,1335000.0
120,1688500.0
121,409166.6666666667
122,1535000.0
123,1205000.0
124,1015000.0
125,998333.3333333334
126,2341666.6666666665
127,474333.3333333333
128,1105833.3333333333
129,836000.0
130,761666.6666666666
131,1050333.3333333333
132,1363333.3333333333
133,3183333.3333333335
134,826666.6666666666
135,851666.6666666666
136,1166333.3333333333
137,635433.3333333334
138,1017833.3333333334
139,689333.3333333334
140,1858333.3333333333
141,1361666.6666666667
142,830833.3333333334
143,1275666.6666666667
144,1307166.6666666667
145,1660000.0
146,1801666.6666666667
147,567083.3333333334
148,705333.3333333334
149,805333.3333333334
150,689833.3333333334
151,821333.3333333334
152,538333.3333333334
153,963333.3333333334
154,1313400.0
155,1711500.0
156,2002000.0
157,1398333.3333333333
158,435666.6666666667
159,1224000.0
160,865000.0
161,1595000.0
162,1571666.6666666667
163,531000.0
164,2403333.3333333335
165,3090000.0
166,1342666.6666666667
167,738333.3333333334
168,503666.6666666667
169,764666.6666666666
170,2301666.6666666665
171,520333.3333333333
172,971333.3333333334
173,710000.0
174,376666.6666666667
175,1206000.0
176,831666.6666666666
177,441666.6666666667
178,2023333.3333333333
179,956666.6666666666
180,1801666.6666666667
181,1197833.3333333333
182,634666.6666666666
183,634000.0
184,1018333.3333333334
185,2505000.0
186,2006666.6666666667
187,1121666.6666666667
188,485666.6666666667
189,1066666.6666666667
190,666333.3333333334
191,851666.6666666666
192,485000.0
193,1215000.0
194,562000.0
195,1596666.6666666667
196,861666.6666666666
197,781666.6666666666
198,809666.6666666666
199,887000.0
200,751666.6666666666
201,828266.6666666666
202,735666.6666666666
203,882666.6666666666
204,1025000.0
205,2388333.3333333335
206,1030666.6666666666
207,1735000.0
208,1105833.3333333333
209,1371666.6666666667
210,810000.0
211,697333.3333333334
212,1756666.6666666667
213,818333.3333333334
214,604000.0
215,687666.6666666666
216,1100333.3333333333
217,962000.0
218,1053333.3333333333
219,543666.6666666666
220,1050000.0
221,1479333.3333333333
222,2186666.6666666665
223,2416666.6666666665
224,733333.3333333334
225,1009333.3333333334
226,1188333.3333333333
227,818666.6666666666
228,693666.6666666666
229,320000.0
230,464333.3333333333
231,799833.3333333334
232,844166.6666666666
233,1483666.6666666667
234,951333.3333333334
235,997666.6666666666
236,1033333.3333333334
237,735000.0
238,2893333.3333333335
239,1800000.0
240,941666.6666666666
241,810000.0
242,1418333.3333333333
243,1596666.6666666667
244,3403333.3333333335
245,294333.3333333333
246,592166.6666666666
247,1666666.6666666667
248,1573400.0
249,1675666.6666666667
250,850000.0
251,778333.3333333334
252,1241000.0
253,699333.3333333334
254,1229000.0
255,736500.0
256,1388166.6666666667
257,797166.6666666666
258,742333.3333333334
259,626666.6666666666
260,624000.0
261,911333.3333333334
262,1965333.3333333333
263,1211666.6666666667
264,2527000.0
265,1280000.0
266,818333.3333333334
267,824000.0
268,958333.3333333334
269,1479333.3333333333
270,847833.3333333334
271,947000.0
272,993666.6666666666
273,2073333.3333333333
274,531666.6666666666
275,1248000.0
276,957833.3333333334
277,762333.3333333334
278,619500.0
279,1436666.6666666667
280,1015333.3333333334
281,483333.3333333333
282,769333.3333333334
283,930666.6666666666
284,563000.0
285,1473333.3333333333
286,1157000.0
287,881666.6666666666
288,1058333.3333333333
289,572766.6666666666
290,1514666.6666666667
291,1391666.6666666667
292,1286666.6666666667
293,2437333.3333333335
294,2370000.0
295,1516666.6666666667
296,483781.3333333333
297,745666.6666666666
298,864666.6666666666
299,691000.0
300,838666.6666666666
301,846000.0
302,2388629.3333333335
303,525000.0
304,3053166.6666666665
305,587666.6666666666
306,1246666.6666666667
307,710000.0
308,842000.0
309,651666.6666666666
310,652000.0
311,586666.6666666666
312,551000.0
313,3134166.6666666665
314,1127000.0
315,958333.3333333334
316,684333.3333333334
317,2141666.6666666665
318,1164333.3333333333
319,512666.6666666667
320,737000.0
321,737333.3333333334
322,622000.0
323,756166.6666666666
324,1603333.3333333333
325,569166.6666666666
326,400333.3333333333
327,901333.3333333334
328,4103333.3333333335
329,720333.3333333334
330,689666.6666666666
331,1118333.3333333333
332,481666.6666666667
333,1310266.6666666667
334,785000.0
335,514666.6666666667
336,792333.3333333334
337,1301666.6666666667
338,607000.0
339,945000.0
340,1170666.6666666667
341,619333.3333333334
342,1064000.0
343,1751666.6666666667
344,1057333.3333333333
345,780666.6666666666
346,2065000.0
347,678000.0
348,423333.3333333333
349,582666.6666666666
350,901666.6666666666
351,1351666.6666666667
352,1211166.6666666667
353,1486000.0
354,843666.6666666666
355,645000.0
356,392000.0
357,1071333.3333333333
358,996000.0
359,937000.0
360,743500.0
361,636666.6666666666
362,1206666.6666666667
363,981833.3333333334
364,666000.0
365,559000.0
366,898333.3333333334
367,483333.3333333333
368,963333.3333333334
369,636666.6666666666
370,1160000.0
371,1668333.3333333333
372,1841666.6666666667
373,1141666.6666666667
374,1785000.0
375,1201666.6666666667
376,2498333.3333333335
377,421666.6666666667
378,495333.3333333333
379,771666.6666666666
380,387666.6666666667
381,1006500.0
382,946666.6666666666
383,371666.6666666667
384,1050666.6666666667
385,698333.3333333334
386,970333.3333333334
387,1346666.6666666667
388,648333.3333333334
389,440666.6666666667
390,810000.0
391,440666.6666666667
392,1726666.6666666667
393,1253333.3333333333
394,1026666.3333333334
395,1610000.0
396,1111666.6666666667
397,313500.0
398,1016666.6666666666
399,687333.3333333334
400,785333.3333333334
401,3200000.0
402,708333.3333333334
403,381666.6666666667
404,696666.6666666666
405,1493666.6666666667
406,1974666.6666666667
407,1611666.6666666667
408,660000.0
409,491000.0
410,996333.3333333334
411,1182000.0
412,764666.6666666666
413,715000.0
414,2350666.6666666665
415,923733.3333333334
416,1370000.0
417,885000.0
418,1053333.3333333333
419,872333.3333333334
420,535333.3333333334
421,1053333.3333333333
422,2113333.3333333335
423,653333.3333333334
424,1280666.6666666667
425,1206666.6666666667
426,761666.6666666666
427,2358333.3333333335
428,262700.0
429,454000.0
430,953333.3333333334
431,1194666.6666666667
432,3350000.0
433,1542000.0
434,640000.0
435,922500.0
436,1331666.6666666667
437,710666.6666666666
438,1047000.0
439,1320000.0
440,596333.3333333334
441,781666.6666666666
442,549333.3333333334
443,868500.0
444,310666.6666666667
445,1308333.3333333333
446,732666.6666666666
447,1202500.0
448,1033333.3333333334
449,793000.0
450,809166.6666666666
451,735333.0
452,1803333.3333333333
453,933333.3333333334
454,755000.0
455,993600.0
456,716333.3333333334
457,832333.3333333334
458,1379000.0
459,1434000.0
460,944333.3333333334
461,1105666.6666666667
462,1268333.3333333333
463,643000.0
464,659333.3333333334
465,613666.6666666666
466,558000.0
467,493333.3333333333
468,650000.0
469,2143333.3333333335
470,948333.3333333334
471,380166.6666666667
472,993000.0
473,829000.0
474,614833.3333333334
475,1464333.3333333333
476,2848333.3333333335
477,546500.0
478,1345000.0
479,477833.3333333333
480,486000.0
481,814000.0
482,2532000.0
483,1396666.6666666667
484,408333.3333333333
485,1938333.3333333333
486,766666.6666666666
487,458500.0
488,651000.0
489,955000.0
490,973000.0
491,1172666.6666666667
492,867333.3333333334
493,980666.6666666666
494,703666.6666666666
495,763333.3333333334
496,2655333.3333333335
497,781666.6666666666
498,585333.3333333334
499,1151666.6666666667
500,1174500.0
501,494333.3333333333
502,1778333.3333333333
503,485666.6666666667
504,695833.3333333334
505,534700.0
506,656666.6666666666
507,1348666.6666666667
508,880833.3333333334
509,1925833.3333333333
510,582000.0
511,1315000.0
512,809000.0
513,843666.6666666666
514,566666.6666666666
515,1334000.0
516,635433.3333333334
517,843333.3333333334
518,1323666.6666666667
519,2741666.6666666665
520,723666.6666666666
521,1376666.6666666667
522,1526933.3333333333
523,942666.6666666666
524,755333.3333333334
525,1281666.6666666667
526,1093666.6666666667
527,1556666.6666666667
528,508666.6666666667
529,1027000.0
530,3665333.3333333335
531,1433666.6666666667
532,1533333.3333333333
533,693666.6666666666
534,976666.6666666666
535,853333.3333333334
536,613166.6666666666
537,829000.0
538,1103333.3333333333
539,282500.0
540,1371000.0
541,1050666.6666666667
542,1272166.6666666667
543,297500.0
544,1435000.0
545,1126666.6666666667
546,1540000.0
547,657000.0
548,1321666.6666666667
549,966666.6666666666
550,616666.6666666666
551,1292666.6666666667
552,2078333.3333333333
553,1035000.0
554,779833.3333333334
555,1690000.0
556,2055333.3333333333
557,685666.6666666666
558,604333.3333333334
559,2510000.0
560,452500.0
561,1242333.3333333333
562,1041666.6666666666
563,1268333.3333333333
564,1190333.3333333333
565,1199333.3333333333
566,542000.0
567,814333.3333333334
568,1095666.6666666667
569,1565333.3333333333
570,918333.3333333334
571,417333.3333333333
572,371666.6666666667
573,2136666.6666666665
574,2041666.6666666667
575,578333.3333333334
576,878666.6666666666
577,1548166.6666666667
578,487333.3333333333
579,1980666.6666666667
580,698333.3333333334
581,805833.3333333334
582,2094000.0
583,751833.3333333334
584,1199000.0
585,440666.6666666667
586,2168666.6666666665
587,1684000.0
588,805666.6666666666
589,1052266.6666666667
590,671333.3333333334
591,1404000.0
592,958333.3333333334
593,1340833.3333333333
594,725666.6666666666
595,1511666.6666666667
596,511666.6666666667
597,945000.0
598,1630000.0
599,425666.6666666667
600,1056666.6666666667
601,1176666.6666666667
602,727833.3333333334
603,974166.6666666666
604,525333.3333333334
605,1431000.0
606,606333.3333333334
607,1178333.3333333333
608,1806666.6666666667
609,1158666.6666666667
610,305666.6666666667
611,499333.3333333333
612,1006666.6666666666
613,1230000.0
614,610000.0
615,660333.3333333334
616,510000.0
617,696166.6666666666
618,952333.3333333334
619,1192333.3333333333
620,343166.6666666667
621,2266666.6666666665
622,482333.3333333333
623,448333.3333333333
624,991666.6666666666
625,1978166.6666666667
626,862000.0
627,1446666.6666666667
628,2043333.3333333333
629,965666.6666666666
630,928666.6666666666
631,1208333.3333333333
632,793333.3333333334
633,696666.6666666666
634,2656666.6666666665
635,888000.0
636,1043333.3333333334
637,387000.0
638,897833.3333333334
639,1054000.0
640,1525000.0
641,647333.3333333334
642,1594333.3333333333
643,1720000.0
644,1035166.6666666666
645,2676500.0
646,529833.3333333334
647,482333.3333333333
648,593333.3333333334
649,686666.6666666666
650,985000.0
651,1060666.6666666667
652,569666.6666666666
653,911666.6666666666
654,1433333.3333333333
655,604000.0
656,2127666.6666666665
657,515500.0
658,832333.3333333334
659,795000.0
660,1327500.0
661,979000.0
662,822000.0
663,962333.3333333334
664,543333.3333333334
665,670000.0
666,443333.3333333333
667,533000.0
668,1309000.0
669,964500.0
670,1936666.6666666667
671,528333.3333333334
672,1506666.6666666667
673,825666.6666666666
674,658666.6666666666
675,491666.6666666667
676,625000.0
677,1656833.3333333333
678,458333.3333333333
679,1051166.6666666667
680,1032666.6666666666
681,1093333.3333333333
682,1193333.3333333333
683,478666.6666666667
684,528666.6666666666
685,1277333.3333333333
686,851166.6666666666
687,1806666.6666666667
688,758333.3333333334
689,1382666.6666666667
690,861000.0
691,1875000.0
692,1180000.0
693,1018333.3333333334
694,935000.0
695,636833.3333333334
696,470000.0
697,1093333.3333333333
698,674833.3333333334
699,2394000.0
700,508333.3333333333
701,1011333.3333333334
702,1982666.6666666667
703,880000.0
704,2015000.0
705,1046666.6666666666
706,1445666.6666666667
707,868333.3333333334
708,840000.0
709,2091666.6666666667
710,361666.6666666667
711,1180666.6666666667
712,1161166.6666666667
713,946666.6666666666
714,930000.0
715,1010000.0
716,694333.3333333334
717,1441666.6666666667
718,790666.6666666666
719,601666.6666666666
720,822000.0
721,1158333.3333333333
722,1593333.3333333333
723,613833.3333333334
724,722333.3333333334
725,365000.0
726,832666.6666666666
727,1236666.6666666667
728,1477333.3333333333
729,2056666.6666666667
730,757666.6666666666
731,1017000.0
732,1708333.3333333333
733,992333.3333333334
734,362000.0
735,842333.3333333334
736,855500.0
737,1248333.3333333333
738,633333.3333333334
739,2048333.3333333333
740,1144000.0
741,575333.3333333334
742,563333.3333333334
743,2183333.3333333335
744,813333.3333333334
745,1254333.3333333333
746,2495000.0
747,869333.3333333334
748,577666.6666666666
749,963000.0
750,1420000.0
751,1180666.6666666667
752,1108000.0
753,923666.6666666666
754,759000.0
755,1066666.6666666667
756,918333.3333333334
757,573333.3333333334
758,513666.6666666667
759,879833.3333333334
760,1915000.0
761,892500.0
762,987333.3333333334
763,846666.6666666666
764,925266.6666666666
765,590000.0
766,2516666.6666666665
767,2033333.3333333333
768,727666.6666666666
769,785333.3333333334
770,380166.6666666667
771,757666.6666666666
772,699333.3333333334
773,816166.6666666666
774,1092000.0
775,813333.3333333334
776,861500.0
777,635000.0
778,1075833.3333333333
779,1589000.0
780,862000.0
781,355000.0
782,1825333.3333333333
783,567083.3333333334
784,555333.3333333334
785,664500.0
786,2756666.6666666665
787,1023666.6666666666
788,908500.0
789,431666.6666666667
790,1048833.3333333333
791,693500.0
792,1496666.6666666667
793,773333.3333333334
794,1512500.0
795,985500.0
796,566333.3333333334
797,769000.0
798,1165000.0
799,621000.0
800,1960000.0
801,1113333.3333333333
802,2628333.3333333335
803,1106666.6666666667
804,629166.6666666666
805,636000.0
806,403333.3333333333
807,901666.6666666666
808,566000.0
809,1566666.6666666667
810,1143333.3333333333
811,2200000.0
812,499833.3333333333
813,628333.3333333334
814,1295000.0
815,1100333.3333333333
816,1157000.0
817,743333.3333333334
818,486000.0
819,1258333.3333333333
820,1289833.3333333333
821,932333.3333333334
822,1898333.3333333333
823,435666.6666666667
824,1443333.3333333333
825,1075666.6666666667
826,854833.3333333334
827,825666.6666666666
828,1077333.3333333333
829,1367000.0
830,544666.6666666666
831,889333.3333333334
832,831666.6666666666
833,922500.0
834,2103000.0
835,474333.3333333333
836,479000.0
837,1311666.6666666667
838,1306166.6666666667
839,1203666.6666666667
840,825166.6666666666
841,1386666.6666666667
842,2613333.3333333335
843,333000.0
844,1228333.3333333333
845,1161666.6666666667
846,921666.6666666666
847,679000.0
848,958333.3333333334
849,1213333.3333333333
850,2697000.0
851,1660000.0
852,522833.3333333333
853,659333.3333333334
854,631666.6666666666
855,1427666.6666666667
856,1368166.6666666667
857,1618333.3333333333
858,832333.3333333334
859,464000.0
860,3371666.6666666665
861,3107500.0
862,2288333.3333333335
863,817333.3333333334
864,1493333.3333333333
865,333666.6666666667
866,1018500.0
867,1110666.6666666667
868,1716666.6666666667
869,624166.6666666666
870,1513333.3333333333
871,985000.0
872,1222333.3333333333
873,704333.3333333334
874,1056666.6666666667
875,956333.3333333334
876,1116833.3333333333
877,495000.0
878,834333.3333333334
879,970000.0
880,444333.3333333333
881,794333.3333333334
882,815000.0
883,380166.6666666667
884,932500.0
885,618000.0
886,1523333.3333333333
887,735000.0
888,1076666.6666666667
889,1452666.6666666667
890,869666.6666666666
891,606666.6666666666
892,1096666.6666666667
893,527333.3333333334
894,520000.0
895,1003666.6666666666
896,856000.0
897,1656833.3333333333
898,1028000.0
899,818333.3333333334
900,883333.3333333334
901,914333.3333333334
902,1411666.6666666667
903,640000.0
904,1133833.3333333333
905,660333.3333333334
906,1020000.0
907,576666.6666666666
908,1145833.3333333333
909,440666.6666666667
910,859000.0
911,1227000.0
912,753666.6666666666
913,1127000.0
914,980833.3333333334
915,1235000.0
916,597796.0
917,588333.3333333334
918,505833.3333333333
919,562000.0
920,582000.0
921,1336000.0
922,1244666.6666666667
923,505000.0
924,1270666.6666666667
925,1695333.3333333333
926,730500.0
927,743333.3333333334
928,1815000.0
929,625333.3333333334
930,1888333.3333333333
931,762666.6666666666
932,687833.3333333334
933,1655000.0
934,649333.3333333334
935,1072000.0
936,721000.0
937,1641166.6666666667
938,1386000.0
939,333000.0
940,1000000.0
941,1533333.3333333333
942,952666.6666666666
943,1275000.0
944,1756666.6666666667
945,844666.6666666666
946,788333.3333333334
947,1526933.3333333333
948,1212500.0
949,840000.0
950,1432500.0
951,791666.6666666666
952,473333.3333333333
953,1365000.0
954,1335000.0
955,1120000.0
956,852000.0
957,1272962.6666666667
958,659333.3333333334
959,2218629.3333333335
960,698666.6666666666
961,719166.6666666666
962,586962.6666666666
963,628166.6666666666
964,337333.3333333333
965,570000.0
966,856000.0
967,865333.3333333334
968,974166.6666666666
969,970833.3333333334
970,596666.6666666666
971,2361666.6666666665
972,1079166.6666666667
973,611000.0
974,726333.3333333334
975,1105333.3333333333
976,744500.0
977,927333.3333333334
978,705000.0
979,875000.0
980,1496666.6666666667
981,1001000.0
982,885000.0
983,1150000.0
984,851666.6666666666
985,1066666.6666666667
986,1056666.6666666667
987,927333.3333333334
988,974000.0
989,385666.6666666667
990,971166.6666666666
991,441833.3333333333
992,760166.6666666666
993,867833.3333333334
994,817333.3333333334
995,1232166.6666666667
996,887166.6666666666
997,2073333.3333333333
998,1228333.3333333333
999,1199000.0
1000,763166.6666666666
1001,465333.3333333333
1002,620000.0
1003,963666.6666666666
1004,446000.0
1005,2991666.6666666665
1006,588833.3333333334
1007,479000.0
1008,922500.0
1009,1360333.3333333333
1010,462000.0
1011,907000.0
1012,593666.6666666666
1013,1921833.3333333333
1014,1740000.0
1015,756666.6666666666
1016,525333.3333333334
1017,606666.6666666666
1018,738333.3333333334
1019,1106666.6666666667
1020,1660000.0
1021,301166.6666666667
1022,509000.0
1023,1127500.0
1024,354500.0
1025,1931666.6666666667
1026,917833.3333333334
1027,366333.3333333333
1028,893666.6666666666
1029,1318333.3333333333
1030,779666.6666666666
1031,2780000.0
1032,789166.6666666666
1033,1291666.6666666667
1034,896666.6666666666
1035,930000.0
1036,1625000.0
1037,1604000.0
1038,640666.6666666666
1039,2618333.3333333335
1040,1496666.6666666667
1041,1316666.6666666667
1042,885000.0
1043,337333.3333333333
1044,465000.0
1045,2090000.0
1046,952666.6666666666
1047,531666.6666666666
1048,793666.6666666666
1049,2253333.3333333335
1050,370333.3333333333
1051,632666.6666666666
1052,465000.0
1053,1095333.3333333333
1054,1047666.6666666666
1055,961666.6666666666
1056,831666.6666666666
1057,970000.0
1058,933833.3333333334
1059,1726500.0
1060,1465833.3333333333
1061,848333.3333333334
1062,465000.0
1063,881000.0
1064,571166.6666666666
1065,1058333.3333333333
1066,538333.3333333334
1067,1680000.0
1068,1206666.6666666667
1069,2255000.0
1070,570666.6666666666
1071,479000.0
1072,1051333.3333333333
1073,700166.6666666666
1074,1180000.0
1075,1902666.6666666667
1076,1388333.3333333333
1077,1165000.0
1078,1221666.6666666667
1079,625333.3333333334
1080,928333.3333333334
1081,1795000.0
1082,3182000.0
1083,822000.0
1084,695000.0
1085,722333.3333333334
1086,658000.0
1087,3233333.3333333335
1088,1562500.0
1089,534833.3333333334
1090,1265000.0
1091,531833.3333333334
1092,1304333.3333333333
1093,974000.0
1094,1018333.3333333334
1095,967000.0
1096,870000.0
1097,697000.0
1098,1242000.0
1099,508666.6666666667
1100,906000.0
1101,1459000.0
1102,621666.6666666666
1103,578333.3333333334
1104,1100000.0
1105,903916.6666666666
1106,999333.3333333334
1107,1139333.3333333333
1108,825000.0
1109,851666.6666666666
1110,1530000.0
1111,693666.6666666666
1112,520000.0
1113,720833.3333333334
1114,686666.6666666666
1115,1357333.3333333333
1116,1511666.6666666667
1117,544666.6666666666
1118,1215166.6666666667
1119,1758000.0
1120,1530000.0
1121,570333.3333333334
1122,598666.6666666666
1123,985666.6666666666
1124,941333.3333333334
1125,1219500.0
1126,1304333.3333333333
1127,575000.0
1128,1189666.6666666667
1129,579433.3333333334
1130,748000.0
1131,741666.6666666666
1132,915333.3333333334
1133,3476000.0
1134,820833.3333333334
1135,1624000.0
1136,904000.0
1137,1388666.6666666667
1138,2685000.0
1139,693500.0
1140,1270000.0
1141,895000.0
1142,591666.6666666666
1143,1229666.6666666667
1144,1123333.3333333333
1145,1126666.6666666667
1146,706166.6666666666
1147,727000.0
1148,635433.3333333334
1149,596833.3333333334
1150,773166.6666666666
1151,1126666.6666666667
1152,1050000.0
1153,1301666.6666666667
1154,2581666.6666666665
1155,1023666.6666666666
1156,690000.0
1157,374333.3333333333
1158,2510000.0
1159,1219666.6666666667
1160,956666.6666666666
1161,532666.6666666666
1162,1138666.6666666667
1163,728666.6666666666
1164,1224666.6666666667
1165,839166.6666666666
1166,766000.0
1167,730333.3333333334
1168,978333.3333333334
1169,910500.0
1170,798000.0
1171,962333.3333333334
1172,1277000.0
1173,744000.0
1174,843666.6666666666
1175,620000.0
1176,1277500.0
1177,832333.3333333334
1178,2050000.0
1179,797666.6666666666
1180,913500.0
1181,636333.3333333334
1182,1437333.3333333333
1183,1227000.0
1184,1413000.0
1185,720333.3333333334
1186,1290333.3333333333
1187,675500.0
1188,838666.6666666666
1189,575000.0
1190,721666.6666666666
1191,606666.6666666666
1192,539000.0
1193,815666.6666666666
1194,2073333.3333333333
1195,1733166.6666666667
1196,1787000.0
1197,900333.3333333334
1198,2011666.6666666667
1199,1028833.3333333334
1200,780000.0
1201,1015166.6666666666
1202,1694000.0
1203,971666.6666666666
1204,626000.0
1205,1158000.0
1206,1375000.0
1207,736833.3333333334
1208,968333.3333333334
1209,601333.3333333334
1210,1818666.6666666667
1211,706666.6666666666
1212,1708333.3333333333
1213,566000.0
1214,739666.6666666666
1215,1800000.0
1216,1281666.6666666667
1217,1157000.0
1218,1226000.0
1219,885000.0
1220,431833.3333333333
1221,639333.3333333334
1222,2150000.0
1223,731000.0
1224,885000.0
1225,650000.0
1226,839166.6666666666
1227,700000.0
1228,2036666.6666666667
1229,588333.3333333334
1230,1005000.0
1231,915000.0
1232,1071833.3333333333
1233,1293333.3333333333
1234,1706666.6666666667
1235,600333.3333333334
1236,556166.6666666666
1237,1340833.3333333333
1238,499666.6666666667
1239,1456666.6666666667
1240,1165333.3333333333
1241,672666.6666666666
1242,1143333.3333333333
1243,455166.6666666667
1244,659333.3333333334
1245,776333.3333333334
1246,2123333.3333333335
1247,1660000.0
1248,879000.0
1249,2483333.3333333335
1250,662250.0
1251,1516666.6666666667
1252,668166.6666666666
1253,596000.0
1254,723333.3333333334
1255,1473666.6666666667
1256,543333.3333333334
1257,2570000.0
1258,788333.3333333334
1259,361333.3333333333
1260,782000.0
1261,946000.0
1262,1540000.0
1263,1151333.3333333333
1264,503333.3333333333
1265,3063333.3333333335
1266,1566666.6666666667
1267,1058666.6666666667
1268,404000.0
1269,725333.3333333334
1270,790000.3333333334
1271,553366.6666666666
1272,1097000.0
1273,2158333.3333333335
1274,676666.6666666666
1275,597333.3333333334
1276,3021666.6666666665
1277,684666.6666666666
1278,1143333.3333333333
1279,1985000.0
1280,1162333.3333333333
1281,2062000.0
1282,1311666.6666666667
1283,1956666.6666666667
1284,618333.3333333334
1285,2251666.6666666665
1286,1321333.3333333333
1287,799833.3333333334
1288,1393333.3333333333
1289,1154000.0
1290,1167500.0
1291,2127666.6666666665
1292,979000.0
1293,1061666.6666666667
1294,776333.3333333334
1295,963833.3333333334
1296,343666.6666666667
1297,1197566.6666666667
1298,555333.3333333334
1299,870000.0
1300,332333.3333333333
1301,2285000.0
1302,1573600.0
1303,1113333.0
1304,2071666.6666666667
1305,1102333.3333333333
1306,944666.6666666666
1307,491166.6666666667
1308,1140000.0
1309,594666.6666666666
1310,1330000.0
1311,1262666.6666666667
1312,2148500.0
1313,1806666.6666666667
1314,1328833.3333333333
1315,604333.3333333334
1316,621666.6666666666
1317,573500.0
1318,594500.0
1319,830000.0
1320,731666.6666666666
1321,1066000.0
1322,374333.3333333333
1323,735333.3333333334
1324,1135333.3333333333
1325,876666.6666666666
1326,705666.6666666666
1327,1434000.0
1328,1462900.0
1329,1420000.0
1330,1711666.6666666667
1331,856000.0
1332,1681666.6666666667
1333,978000.0
1334,475000.0
1335,1050666.6666666667
1336,1071000.0
1337,1678666.6666666667
1338,1813333.3333333333
1339,1406666.6666666667
1340,640833.3333333334
1341,655333.3333333334
1342,550833.3333333334
1343,1027666.6666666666
1344,892666.6666666666
1345,1083333.3333333333
1346,1678333.3333333333
1347,2359833.3333333335
1348,691000.0
1349,1248333.3333333333
1350,805000.0
1351,1728333.3333333333
1352,380000.0
1353,651500.0
1354,822333.3333333334
1355,727833.3333333334
1356,1035166.6666666666
1357,800000.0
1358,1071666.6666666667
1359,683333.3333333334
1360,1265000.0
1361,971666.6666666666
1362,458333.3333333333
1363,992166.6666666666
1364,888333.3333333334
1365,599333.3333333334
1366,1227500.0
1367,608333.3333333334
1368,1756666.6666666667
1369,1583333.3333333333
1370,957333.3333333334
1371,1204333.3333333333
1372,2171666.6666666665
1373,1061666.6666666667
1374,346500.0
1375,1185000.0
1376,520000.0
1377,755833.3333333334
1378,1353333.3333333333
1379,1035000.0
1380,571000.0
1381,1056666.6666666667
1382,767666.6666666666
1383,651333.3333333334
1384,718666.6666666666
1385,673333.3333333334
1386,1376666.6666666667
1387,1756666.6666666667
1388,730000.0
1389,1448333.3333333333
1390,295000.0
1391,663666.6666666666
1392,541000.0
1393,1580666.6666666667
1394,1128333.3333333333
1395,596879.3333333334
1396,1745000.0
1397,866400.0
1398,1453333.3333333333
1399,576000.0
1400,828666.6666666666
1401,618666.6666666666
1402,925333.3333333334
1403,863600.0
1404,795333.3333333334
1405,740666.6666666666
1406,365000.0
1407,1127000.0
1408,655000.0
1409,830166.6666666666
1410,982000.0
1411,980000.0
1412,975333.3333333334
1413,1500000.0
1414,1473333.3333333333
1415,2830000.0
1416,665133.3333333334
1417,740333.3333333334
1418,1350000.0
1419,813666.6666666666
1420,688333.3333333334
1421,717666.6666666666
1422,2973333.3333333335
1423,1637666.6666666667
1424,945000.0
1425,713333.3333333334
1426,1602666.6666666667
1427,1858333.3333333333
1428,1803333.3333333333
1429,1590000.0
1430,1543333.3333333333
1431,578666.6666666666
1432,1535000.0
1433,1305333.3333333333
1434,735333.0
1435,787500.0
1436,648000.0
1437,1922333.3333333333
1438,1166666.6666666667
1439,2151666.6666666665
1440,576666.6666666666
1441,1465000.0
1442,1311666.6666666667
1443,361666.6666666667
1444,684000.0
1445,536666.6666666666
1446,2140000.0
1447,785333.3333333334
1448,1832000.0
1449,1590666.6666666667
1450,2010000.0
1451,801666.6666666666
1452,602000.0
1453,483666.6666666667
1454,1140000.0
1455,1592000.0
1456,870000.0
1457,1296666.6666666667
1458,962166.6666666666
1459,1120833.3333333333
1460,724333.3333333334
1461,1145336.6666666667
1462,638333.3333333334
1463,1232333.3333333333
1464,1551666.6666666667
1465,866666.6666666666
1466,517833.3333333333
1467,645833.3333333334
1468,748333.3333333334
1469,1885000.0
1470,1247333.3333333333
1471,626000.0
1472,1044333.3333333334
1473,1881666.6666666667
1474,1020000.0
1475,1050333.3333333333
1476,797000.0
1477,1123333.3333333333
1478,585000.0
1479,1000333.3333333334
1480,869166.6666666666
1481,1522333.3333333333
1482,1213333.3333333333
1483,683333.3333333334
1484,810000.0
1485,1014666.6666666666
1486,1106666.6666666667
1487,1213666.6666666667
1488,789666.6666666666
1489,690666.6666666666
1490,801666.6666666666
1491,1261666.6666666667
1492,597333.3333333334
1493,626000.0
1494,1022533.3333333334
1495,741666.6666666666
1496,1148666.6666666667
1497,900333.3333333334
1498,380000.0
1499,1870000.0
1500,2486666.6666666665
1501,715000.0
1502,1060000.0
1503,1818333.3333333333
1504,2526666.6666666665
1505,870000.0
1506,691666.6666666666
1507,763333.3333333334
1508,1123333.3333333333
1509,662666.6666666666
1510,747500.0
1511,1296666.6666666667
1512,485666.6666666667
1513,1991666.6666666667
1514,657333.3333333334
1515,301166.6666666667
1516,952000.0
1517,2218333.3333333335
1518,1079666.6666666667
1519,1190333.3333333333
1520,1154000.0
1521,925000.0
1522,1016666.6666666666
1523,640333.3333333334
1524,832000.0
1525,1583333.3333333333
1526,698833.3333333334
1527,577000.0
1528,1065000.0
1529,2545000.0
1530,926666.6666666666
1531,385333.3333333333
1532,838500.0
1533,648333.3333333334
1534,864000.0
1535,1370000.0
1536,1151666.6666666667
1537,1475333.3333333333
1538,1592333.3333333333
1539,886333.3333333334
1540,1603666.6666666667
1541,681333.3333333334
1542,678750.0
1543,636000.0
1544,532333.3333333334
1545,311000.0
1546,817000.0
1547,1078333.3333333333
1548,796666.6666666666
1549,803333.3333333334
1550,402333.3333333333
1551,648833.3333333334
1552,1019000.0
1553,700000.0
1554,756666.6666666666
1555,2001666.6666666667
1556,515666.6666666667
1557,568333.3333333334
1558,912666.6666666666
1559,843333.3333333334
1560,1382666.6666666667
1561,678333.3333333334
1562,1194900.0
1563,821666.6666666666
1564,1025000.0
1565,1320333.3333333333
1566,760166.6666666666
1567,1410000.0
1568,1110666.6666666667
1569,457333.3333333333
1570,2285000.0
1571,1075000.0
1572,1927333.3333333333
1573,1073333.3333333333
1574,1443333.3333333333
1575,1444666.6666666667
1576,1493500.0
1577,1607000.0
1578,505333.3333333333
1579,580000.0
1580,1973333.3333333333
1581,802333.3333333334
1582,1382666.6666666667
1583,813333.3333333334
1584,1405000.0
1585,744000.0
1586,1086666.6666666667
1587,1420666.6666666667
1588,2290333.3333333335
1589,430000.0
1590,1071666.6666666667
1591,1992000.0
1592,1193333.3333333333
1593,962666.6666666666
1594,2250000.0
1595,331000.0
1596,387666.6666666667
1597,1331666.6666666667
1598,934000.0
1599,1391666.6666666667
1600,1568333.3333333333
1601,2850833.3333333335
1602,1610000.0
1603,498333.3333333333
1604,928666.6666666666
1605,2606666.6666666665
1606,358333.3333333333
1607,825666.6666666666
1608,483833.3333333333
1609,1087000.0
1610,691666.6666666666
1611,351666.6666666667
1612,1483333.3333333333
1613,925000.0
1614,840666.6666666666
1615,1696166.6666666667
1616,630000.0
1617,869666.6666666666
1618,979000.0
1619,1057000.0
1620,1635000.0
1621,1483333.3333333333
1622,2058333.3333333333
1623,975000.0
1624,1045333.3333333334
1625,434166.6666666667
1626,483666.6666666667
1627,418333.3333333333
1628,785333.3333333334
1629,994000.0
1630,1126666.6666666667
1631,463333.3333333333
1632,1290000.0
1633,543333.3333333334
1634,1461333.3333333333
1635,849166.6666666666
1636,682000.0
1637,969000.0
1638,549666.6666666666
1639,705833.3333333334
1640,1433166.6666666667
1641,1716666.6666666667
1642,800000.0
1643,1801333.3333333333
1644,615666.6666666666
1645,642666.6666666666
1646,720833.3333333334
1647,1376666.6666666667
1648,1522000.0
1649,1768333.3333333333
1650,1013333.3333333334
1651,879333.3333333334
1652,653666.3333333334
1653,1106666.6666666667
1654,991666.6666666666
1655,822000.0
1656,961666.6666666666
1657,1548333.3333333333
1658,1905000.0
1659,1019000.0
1660,1906666.6666666667
1661,4103333.3333333335
1662,1600000.0
1663,1730000.0
1664,925000.0
1665,1477333.3333333333
1666,844000.0
1667,1249666.6666666667
1668,901666.6666666666
1669,1710000.0
1670,1133833.3333333333
1671,1322000.0
1672,473333.3333333333
1673,1615000.0
1674,2122333.3333333335
1675,791000.0
1676,697500.0
1677,2691666.6666666665
1678,359166.6666666667
1679,722500.0
1680,1836333.3333333333
1681,690666.6666666666
1682,703000.0
1683,1110000.0
1684,1775000.0
1685,413833.3333333333
1686,1833000.0
1687,1626333.3333333333
1688,1261666.6666666667
1689,710000.0
1690,1322333.3333333333
1691,1311666.6666666667
1692,2635000.0
1693,1016666.6666666666
1694,2618333.3333333335
1695,851666.6666666666
1696,1280000.0
1697,568333.3333333334
1698,1186666.6666666667
1699,1143333.3333333333
1700,597333.3333333334
1701,1311666.6666666667
1702,669666.6666666666
1703,712000.0
1704,4077333.3333333335
1705,2035000.0
1706,536500.0
1707,890333.3333333334
1708,947000.0
1709,781666.6666666666
1710,1127166.6666666667
1711,875666.6666666666
1712,571000.0
1713,476666.6666666667
1714,700000.0
1715,280333.3333333333
1716,818333.3333333334
1717,638333.3333333334
1718,588333.3333333334
1719,482000.0
1720,1398333.3333333333
1721,1863333.3333333333
1722,1248333.3333333333
1723,786500.0
1724,930666.6666666666
1725,1715000.0
1726,1252333.3333333333
1727,657333.3333333334
1728,993333.3333333334
1729,846666.6666666666
1730,757833.3333333334
1731,972666.6666666666
1732,1015000.0
1733,1155333.3333333333
1734,1352500.0
1735,758166.6666666666
1736,1607000.0
1737,1236500.0
1738,448333.3333333333
1739,647333.3333333334
1740,514500.3333333333
1741,621000.0
1742,259166.66666666666
1743,543333.3333333334
1744,757666.6666666666
1745,871666.6666666666
1746,682333.3333333334
1747,920333.3333333334
1748,1110333.3333333333
1749,450833.3333333333
1750,3066666.6666666665
1751,1176666.6666666667
1752,598333.3333333334
1753,1982666.6666666667
1754,813166.6666666666
1755,801666.6666666666
1756,438500.0
1757,1736666.6666666667
1758,1394000.0
1759,808333.3333333334
1760,925000.0
1761,1231666.6666666667
1762,2070000.0
1763,392500.0
1764,634666.6666666666
1765,647000.0
1766,1602666.6666666667
1767,4150833.3333333335
1768,922666.6666666666
1769,966666.6666666666
1770,950000.0
1771,841833.3333333334
1772,590333.3333333334
1773,1501666.6666666667
1774,736666.6666666666
1775,1199333.3333333333
1776,637500.0
1777,976666.6666666666
1778,1368333.3333333333
1779,1515000.0
1780,1290000.0
1781,1275833.3333333333
1782,583000.0
1783,1640333.3333333333
1784,642666.6666666666
1785,918333.3333333334
1786,770000.0
1787,856666.6666666666
1788,688333.3333333334
1789,722500.0
1790,975166.6666666666
1791,515666.6666666667
1792,633833.3333333334
1793,637666.6666666666
1794,2078333.3333333333
1795,1157166.6666666667
1796,891666.6666666666
1797,762000.0
1798,1236666.6666666667
1799,1743833.3333333333
1800,907000.0
1801,999333.3333333334
1802,620000.0
1803,2683333.3333333335
1804,609666.6666666666
1805,993233.3333333334
1806,1010666.6666666666
1807,1970000.0
1808,952000.0
1809,1370000.0
1810,1807000.0
1811,1515000.0
1812,720833.3333333334
1813,491666.6666666667
1814,1165000.0
1815,2249933.3333333335
1816,1297666.6666666667
1817,2756666.6666666665
1818,576166.6666666666
1819,1225000.0
1820,938333.3333333334
1821,1053333.3333333333
1822,1207000.0
1823,1138333.3333333333
1824,735333.3333333334
1825,704000.0
1826,1064333.3333333333
1827,1032500.0
1828,1436666.6666666667
1829,479333.3333333333
1830,888333.3333333334
1831,981666.6666666666
1832,1585333.3333333333
1833,518500.0
1834,767000.0
1835,447833.3333333333
1836,1268333.3333333333
1837,784666.6666666666
1838,820333.3333333334
1839,688166.6666666666
1840,436666.6666666667
1841,654333.3333333334
1842,961333.3333333334
1843,1484333.3333333333
1844,1380333.3333333333
1845,2041000.0
1846,793000.0
1847,748500.0
1848,495000.0
1849,1330000.0
1850,540333.3333333334
1851,412333.3333333333
1852,2506666.6666666665
1853,1730000.0
1854,564166.6666666666
1855,916666.6666666666
1856,1241666.6666666667
1857,1105000.0
1858,815333.3333333334
1859,1249333.3333333333
1860,975833.3333333334
1861,597500.0
1862,425000.0
1863,746666.6666666666
1864,856666.6666666666
1865,648333.3333333334
1866,437333.3333333333
1867,1009333.3333333334
1868,1190333.3333333333
1869,1041666.6666666666
1870,438333.3333333333
1871,634666.6666666666
1872,1055333.3333333333
1873,1263000.0
1874,647333.3333333334
1875,1014666.6666666666
1876,594666.6666666666
1877,417333.3333333333
1878,483781.3333333333
1879,1005666.6666666666
1880,826666.6666666666
1881,560000.0
1882,1411666.6666666667
1883,1016666.6666666666
1884,1199000.0
1885,1526666.6666666667
1886,848000.0
1887,1176566.6666666667
1888,788666.6666666666
1889,1660000.0
1890,526833.3333333334
1891,462000.0
1892,848333.3333333334
1893,622950.0
1894,545333.3333333334
1895,955000.0
1896,571962.6666666666
1897,825666.6666666666
1898,1674333.3333333333
1899,1256666.6666666667
1900,1434000.0
1901,1117166.6666666667
1902,762666.6666666666
1903,741666.6666666666
1904,1138666.6666666667
1905,979000.0
1906,824333.3333333334
1907,971166.6666666666
1908,1100000.0
1909,816333.3333333334
1910,545333.3333333334
1911,1030000.0
1912,2603333.3333333335
1913,809666.6666666666
1914,375666.6666666667
1915,528166.6666666666
1916,1998333.3333333333
1917,1111666.6666666667
1918,850000.0
1919,503333.3333333333
1920,2588333.3333333335
1921,688333.3333333334
1922,408666.6666666667
1923,922500.0
1924,753333.3333333334
1925,1380833.3333333333
1926,1368166.6666666667
1927,766666.6666666666
1928,738833.3333333334
1929,532666.6666666666
1930,981666.6666666666
1931,2569333.3333333335
1932,934500.0
1933,1382666.6666666667
1934,3134166.6666666665
1935,901233.3333333334
1936,563000.0
1937,1428333.3333333333
1938,946666.6666666666
1939,483781.3333333333
1940,471000.0
1941,1370666.6666666667
1942,1164629.3333333333
1943,683333.3333333334
1944,1006666.6666666666
1945,716000.0
1946,1047333.3333333334
1947,895333.3333333334
1948,1380666.6666666667
1949,1629166.6666666667
1950,1326666.6666666667
1951,2300000.0
1952,1379000.0
1953,2084333.3333333333
1954,710000.0
1955,1901666.6666666667
1956,769333.3333333334
1957,1875333.3333333333
1958,710666.6666666666
1959,417000.0
1960,1008666.6666666666
1961,1025000.0
1962,777000.0
1963,656166.6666666666
1964,627916.6666666666
1965,425000.0
1966,693333.3333333334
1967,1410666.6666666667
1968,2225666.6666666665
1969,1316666.6666666667
1970,852000.0
1971,1456666.6666666667
1972,1382666.6666666667
1973,877333.3333333334
1974,589333.3333333334
1975,674833.3333333334
1976,920000.0
1977,1626333.3333333333
1978,510833.3333333333
1979,928333.3333333334
1980,685666.6666666666
1981,1207000.0
1982,1188333.3333333333
1983,980500.0
1984,458333.3333333333
1985,605666.6666666666
1986,1413666.6666666667
1987,1145000.0
1988,555000.0
1989,970666.6666666666
1990,1460000.0
1991,630000.0
1992,1240666.6666666667
1993,1130000.0
1994,1988333.3333333333
1995,1705000.0
1996,821666.6666666666
1997,1130666.6666666667
1998,791666.6666666666
1999,710000.0
2000,840000.0
2001,1730000.0
2002,1576666.6666666667
2003,425666.6666666667
2004,304333.3333333333
2005,1091000.0
2006,2923333.3333333335
2007,1099333.3333333333
2008,1625333.3333333333
2009,663333.3333333334
2010,385333.3333333333
2011,868500.0
2012,1880000.0
2013,896333.3333333334
2014,760166.6666666666
2015,2700000.0
2016,441500.0
2017,598333.3333333334
2018,2125000.0
2019,883333.3333333334
2020,1838666.6666666667
2021,483666.6666666667
2022,415666.6666666667
2023,545333.3333333334
2024,557500.0
2025,755000.0
2026,3631962.6666666665
2027,525666.6666666666
2028,741666.6666666666
2029,478333.3333333333
2030,731166.6666666666
2031,1791333.3333333333
2032,936333.3333333334
2033,965000.0
2034,505000.0
2035,317333.3333333333
2036,1078666.6666666667
2037,931666.6666666666
2038,1592333.3333333333
2039,876166.6666666666
2040,948333.3333333334
2041,808333.3333333334
2042,1262500.0
2043,549333.3333333334
2044,1234000.0
2045,497000.0
2046,764333.3333333334
2047,1486000.0
2048,1429000.0
2049,412000.0
2050,745000.0
2051,1718333.3333333333
2052,1120000.0
2053,2404000.0
2054,2863333.3333333335
2055,1153333.3333333333
2056,1430333.3333333333
2057,779666.6666666666
2058,1247333.3333333333
2059,830666.6666666666
2060,840666.6666666666
2061,818000.0
2062,555000.0
2063,365000.0
2064,1545000.0
2065,669166.6666666666
2066,722333.3333333334
2067,1185833.3333333333
2068,1520333.3333333333
2069,2416666.6666666665
2070,2015000.0
2071,678750.0
2072,858000.0
2073,1637666.6666666667
2074,840000.0
2075,806333.3333333334
2076,526333.3333333334
2077,1663333.3333333333
2078,759833.3333333334
2079,645000.0
2080,838666.6666666666
2081,823833.3333333334
2082,1687000.0
2083,815000.0
2084,1208833.3333333333
2085,631500.0
2086,845666.6666666666
2087,679000.0
2088,1001666.6666666666
2089,2356666.6666666665
2090,348666.6666666667
2091,1328666.6666666667
2092,808333.3333333334
2093,1148333.3333333333
2094,795333.3333333334
2095,879333.3333333334
2096,1454333.3333333333
2097,1569000.0
2098,947666.6666666666
2099,567000.0
2100,1014666.6666666666
2101,980166.6666666666
2102,856000.0
2103,1373333.3333333333
2104,773000.0
2105,1525000.0
2106,745666.6666666666
2107,1517000.0
2108,1709000.0
2109,962666.6666666666
2110,707500.0
2111,1153333.3333333333
2112,1141000.0
2113,406666.6666666667
2114,740000.0
2115,557333.3333333334
2116,1313333.3333333333
2117,894333.3333333334
2118,878000.0
2119,1519666.6666666667
2120,620000.0
2121,986933.3333333334
2122,1050833.3333333333
2123,1775000.0
2124,1188000.0
2125,1193000.0
2126,1418333.3333333333
2127,909333.3333333334
2128,365000.0
2129,884666.6666666666
2130,399166.6666666667
2131,955000.0
2132,655266.6666666666
2133,1293333.3333333333
2134,931000.0
2135,674000.0
2136,1299666.6666666667
2137,562000.0
2138,1226666.6666666667
2139,2210000.0
2140,1315666.6666666667
2141,918333.3333333334
2142,743000.0
2143,900000.0
2144,301166.6666666667
2145,1454166.6666666667
2146,523500.0
2147,1585000.0
2148,1549333.3333333333
2149,1725666.6666666667
2150,950000.0
2151,2175000.0
2152,1328333.3333333333
2153,765500.0
2154,1111666.6666666667
2155,728666.6666666666
2156,718333.3333333334
2157,778333.3333333334
2158,1228333.3333333333
2159,580666.6666666666
2160,885166.6666666666
2161,797000.0
2162,1899666.6666666667
2163,483781.3333333333
2164,341666.6666666667
2165,1314333.3333333333
2166,1655666.6666666667
2167,786500.0
2168,653333.3333333334
2169,492666.6666666667
2170,1033333.3333333334
2171,962000.0
2172,1570333.3333333333
2173,614333.3333333334
2174,634000.0
2175,1569000.0
2176,1386666.6666666667
2177,1120000.0
2178,583166.6666666666
2179,920666.6666666666
2180,2166666.6666666665
2181,384000.0
2182,1196000.0
2183,838333.3333333334
2184,1650000.0
2185,592166.6666666666
2186,576666.6666666666
2187,1362000.0
2188,528333.3333333334
2189,547500.0
2190,1603333.3333333333
2191,576666.6666666666
2192,1345000.0
2193,1385000.0
2194,728333.3333333334
2195,1530000.0
2196,547500.0
2197,1220000.0
2198,1323333.3333333333
2199,1083333.3333333333
2200,1299666.6666666667
2201,805000.0
2202,797666.6666666666
2203,1325333.3333333333
2204,1726666.6666666667
2205,843666.6666666666
2206,343166.6666666667
2207,893833.3333333334
2208,1030333.3333333334
2209,958333.3333333334
2210,783666.6666666666
2211,694666.6666666666
2212,445000.0
2213,935000.0
2214,2466666.6666666665
2215,402333.3333333333
2216,2588333.3333333335
2217,410166.6666666667
2218,705333.3333333334
2219,1519666.6666666667
2220,915000.0
2221,721666.6666666666
2222,1497333.3333333333
2223,1353333.3333333333
2224,1021666.6666666666
2225,857333.3333333334
2226,1635000.0
2227,661333.3333333334
2228,1260333.3333333333
2229,805000.0
2230,980000.0
2231,1891666.6666666667
2232,1715000.0
2233,937000.0
2234,796000.0
2235,663333.3333333334
2236,1631666.6666666667
2237,1246666.6666666667
2238,1340333.3333333333
2239,1548333.3333333333
2240,578333.3333333334
2241,676666.6666666666
2242,366333.3333333333
2243,1290666.6666666667
2244,730500.0
2245,842333.3333333334
2246,1466666.6666666667
2247,684500.0
2248,920000.0
2249,350000.0
2250,1718333.3333333333
2251,840833.3333333334
2252,1298333.3333333333
2253,714166.6666666666
2254,1715000.0
2255,1625333.3333333333
2256,741666.6666666666
2257,1246666.6666666667
2258,1290000.0
2259,854833.3333333334
2260,1211666.6666666667
2261,582000.0
2262,912000.0
2263,540000.0
2264,650000.0
2265,485333.3333333333
2266,1183833.3333333333
2267,2065166.6666666667
2268,944333.3333333334
2269,1058666.6666666667
2270,1268500.0
2271,743500.0
2272,739666.6666666666
2273,741666.6666666666
2274,612833.3333333334
2275,1173333.3333333333
2276,838500.0
2277,769000.0
2278,1053333.3333333333
2279,710000.0
2280,3285000.0
2281,538333.3333333334
2282,1353333.3333333333
2283,905166.6666666666
2284,897000.0
2285,861666.6666666666
2286,793000.0
2287,798333.3333333334
2288,732333.3333333334
2289,1323333.3333333333
2290,1204166.6666666667
2291,1619333.3333333333
2292,1509333.3333333333
2293,835666.6666666666
2294,796666.6666666666
2295,1007500.0
2296,1052166.6666666667
2297,1001666.6666666666
2298,1324333.3333333333
2299,1281666.6666666667
2300,1276666.6666666667
2301,632500.0
2302,2141666.6666666665
2303,541666.6666666666
2304,1571000.0
2305,866666.6666666666
2306,875666.6666666666
2307,606666.6666666666
2308,885000.0
2309,954666.6666666666
2310,766333.3333333334
2311,1193333.3333333333
2312,907000.0
2313,842666.6666666666
2314,1502500.0
2315,820833.3333333334
2316,1007500.0
2317,1418333.3333333333
2318,996666.6666666666
2319,1217000.0
2320,1705000.0
2321,1038333.3333333334
2322,1120000.0
2323,1191666.6666666667
2324,896000.0
2325,2363333.3333333335
2326,961666.6666666666
2327,647500.0
2328,596666.6666666666
2329,866666.6666666666
2330,585666.6666666666
2331,852333.3333333334
2332,753666.6666666666
2333,740000.0
2334,2016666.6666666667
2335,866166.6666666666
2336,1182666.6666666667
2337,1327000.0
2338,1003333.3333333334
2339,881666.6666666666
2340,905333.3333333334
2341,3186666.6666666665
2342,1347666.6666666667
2343,1251666.6666666667
2344,1120000.0
2345,1336666.6666666667
2346,1102666.6666666667
2347,668333.3333333334
2348,355000.0
2349,1825666.6666666667
2350,1210666.6666666667
2351,735000.0
2352,1023333.3333333334
2353,514000.0
2354,1019000.0
2355,532833.3333333334
2356,1290000.0
2357,936666.6666666666
2358,613333.3333333334
2359,944500.0
2360,1881666.6666666667
2361,389333.3333333333
2362,1048333.3333333334
2363,2065166.6666666667
2364,478333.3333333333
2365,2000000.0
2366,935333.3333333334
2367,678750.0
2368,2345000.0
2369,2129666.6666666665
2370,799000.0
2371,908000.0
2372,695666.6666666666
2373,1861666.6666666667
2374,903500.0
2375,893666.6666666666
2376,1053333.3333333333
2377,950000.0
2378,551666.6666666666
2379,650450.0
2380,703666.6666666666
2381,887166.6666666666
2382,1205000.0
2383,710666.6666666666
2384,874333.3333333334
2385,1138333.3333333333
2386,1089666.6666666667
2387,1861333.3333333333
2388,1218333.3333333333
2389,562500.0
2390,593333.3333333334
2391,617500.0
2392,855000.0
2393,1602166.6666666667
2394,2340000.0
2395,1846666.6666666667
2396,606666.6666666666
2397,1697666.6666666667
2398,825666.6666666666
2399,840833.3333333334
2400,1117000.0
2401,1993333.3333333333
2402,1263333.3333333333
2403,1408333.3333333333
2404,485666.6666666667
2405,503333.3333333333
2406,629333.3333333334
2407,653333.3333333334
2408,441666.6666666667
2409,886666.6666666666
2410,990666.6666666666
2411,710666.6666666666
2412,1359333.3333333333
2413,1246666.6666666667
2414,538333.3333333334
2415,1165666.6666666667
2416,484000.0
2417,1421000.0
2418,1950000.0
2419,2167333.3333333335
2420,573500.0
2421,570333.3333333334
2422,1620000.0
2423,430500.0
2424,853333.3333333334
2425,1978333.3333333333
2426,1468333.3333333333
2427,486666.6666666667
2428,623333.3333333334
2429,2806666.6666666665
2430,1472000.0
2431,485000.0
2432,855000.0
2433,1327000.0
2434,440666.6666666667
2435,2590666.6666666665
2436,1004000.0
2437,583166.6666666666
2438,1388333.3333333333
2439,875000.0
2440,1121666.6666666667
2441,930666.6666666666
2442,755666.6666666666
2443,1523333.3333333333
2444,1338400.0
2445,601666.6666666666
2446,824333.3333333334
2447,313500.0
2448,745333.3333333334
2449,513333.3333333333
2450,755833.3333333334
2451,1665333.3333333333
2452,553116.6666666666
2453,1525333.3333333333
2454,408333.3333333333
2455,397500.0
2456,1122000.0
2457,522000.0
2458,793000.0
2459,1272333.3333333333
2460,747000.0
2461,673500.0
2462,644333.3333333334
2463,656166.6666666666
2464,913333.3333333334
2465,1221166.6666666667
2466,1311666.6666666667
2467,539500.0
2468,1316666.6666666667
2469,1225333.3333333333
2470,1581666.6666666667
2471,1980000.0
2472,2711666.6666666665
2473,513666.6666666667
2474,559000.0
2475,818333.3333333334
2476,2016666.6666666667
2477,1130000.0
2478,1109000.0
2479,835666.6666666666
2480,985000.0
2481,1935000.0
2482,1148333.3333333333
2483,844666.6666666666
2484,834000.0
2485,1880000.0
2486,397166.6666666667
2487,798333.3333333334
2488,1296666.6666666667
2489,323000.0
2490,1155000.0
2491,844000.0
2492,957333.3333333334
2493,1375000.0
2494,1805666.6666666667
2495,792000.0
2496,471666.6666666667
2497,1372333.3333333333
2498,891333.3333333334
2499,1510333.3333333333
2500,318666.6666666667
2501,484666.6666666667
2502,1590000.0
2503,767666.6666666666
2504,546666.6666666666
2505,571000.0
2506,445733.3333333333
2507,1161666.6666666667
2508,1158333.3333333333
2509,498333.3333333333
2510,452416.6666666667
2511,480666.6666666667
2512,888333.3333333334
2513,314000.0
2514,874000.0
2515,1632000.0
2516,531666.6666666666
2517,865166.6666666666
2518,795666.6666666666
2519,666333.3333333334
2520,2360000.0
2521,978333.3333333334
2522,1227333.3333333333
2523,1096666.6666666667
2524,1266666.6666666667
2525,520666.6666666667
2526,435000.0
2527,1975000.0
2528,604000.0
2529,886666.6666666666
2530,485666.6666666667
2531,560333.3333333334
2532,866666.6666666666
2533,2356666.6666666665
2534,2190833.3333333335
2535,1633666.6666666667
2536,1005000.0
2537,574333.3333333334
2538,1406666.6666666667
2539,560833.3333333334
2540,518333.3333333333
2541,834333.3333333334
2542,1347666.6666666667
2543,1761666.6666666667
2544,864666.6666666666
2545,1309000.0
2546,1089000.0
2547,812333.3333333334
2548,1035833.3333333334
2549,1500000.0
2550,650000.0
2551,1198000.0
2552,1018000.0
2553,968333.3333333334
2554,1230000.0
2555,908333.3333333334
2556,1400000.0
2557,683333.3333333334
2558,993666.6666666666
2559,366333.3333333333
2560,469666.6666666667
2561,712666.6666666666
2562,2479333.3333333335
2563,1508666.6666666667
2564,389333.3333333333
2565,815000.0
2566,789666.6666666666
2567,1370000.0
2568,1430000.0
2569,1224000.0
2570,545333.3333333334
2571,2255000.0
2572,348333.3333333333
2573,1826666.6666666667
2574,1387000.0
2575,1353333.3333333333
2576,960000.0
2577,478333.3333333333
2578,468000.0
2579,1961666.6666666667
2580,693666.6666666666
2581,941666.6666666666
2582,808333.3333333334
2583,1270333.3333333333
2584,730000.0
2585,721666.6666666666
2586,1206666.6666666667
2587,1029333.3333333334
2588,863666.6666666666
2589,886000.0
2590,1470500.0
2591,606666.6666666666
2592,408333.3333333333
2593,923333.3333333334
2594,1700000.0
2595,540000.0
2596,573500.0
2597,1368333.3333333333
2598,1103333.3333333333
2599,1321666.6666666667
2600,441666.6666666667
2601,721666.6666666666
2602,2245000.0
2603,1025000.0
2604,676666.6666666666
2605,1805666.6666666667
2606,815166.6666666666
2607,671166.6666666666
2608,546666.6666666666
2609,512666.6666666667
2610,2673333.3333333335
2611,1489000.0
2612,1111833.3333333333
2613,1087333.3333333333
2614,1780000.0
2615,1030666.6666666666
2616,563333.3333333334
2617,1436666.6666666667
2618,460333.3333333333
2619,1058333.3333333333
2620,495666.6666666667
2621,859000.0
2622,455666.6666666667
2623,627666.6666666666
2624,800500.0
2625,1522333.3333333333
2626,870000.0
2627,1051000.0
2628,1253000.0
2629,1166666.6666666667
2630,1151666.6666666667
2631,991666.6666666666
2632,1688333.3333333333
2633,2773333.3333333335
2634,1661166.6666666667
2635,923666.6666666666
2636,1141666.6666666667
2637,855000.0
2638,1372500.0
2639,519333.3333333333
2640,1226666.6666666667
2641,373833.3333333333
2642,961666.6666666666
2643,2735000.0
2644,764666.6666666666
2645,922000.0
2646,1136666.6666666667
2647,743666.6666666666
2648,723000.0
2649,518500.0
2650,1711666.6666666667
2651,660000.0
2652,522333.3333333333
2653,1024000.0
2654,1086666.6666666667
2655,1199333.3333333333
2656,934000.0
2657,657666.6666666666
2658,1263333.3333333333
2659,1351000.0
2660,3866666.6666666665
2661,988333.3333333334
2662,833333.3333333334
2663,1533666.6666666667
2664,450000.0
2665,1596666.6666666667
2666,1857000.0
2667,750333.3333333334
2668,2267000.0
2669,389333.3333333333
2670,870833.3333333334
2671,1231666.6666666667
2672,1438333.3333333333
2673,799000.0
2674,1186000.0
2675,1286666.6666666667
2676,490000.0
2677,691666.6666666666
2678,1581666.6666666667
2679,743666.6666666666
2680,1256666.6666666667
2681,1066333.3333333333
2682,382666.6666666667
2683,2983333.3333333335
2684,1455333.3333333333
2685,1132666.6666666667
2686,769333.3333333334
2687,525666.6666666666
2688,790000.0
2689,836000.0
2690,745000.0
2691,1256666.6666666667
2692,881666.6666666666
2693,970833.3333333334
2694,985000.0
2695,1522333.3333333333
2696,820166.6666666666
2697,1979000.0
2698,1926666.6666666667
2699,3536666.6666666665
2700,539833.3333333334
2701,1653333.3333333333
2702,1093666.6666666667
2703,350500.0
2704,697500.0
2705,597666.6666666666
2706,1253333.3333333333
2707,1016666.6666666666
2708,1313333.3333333333
2709,822333.3333333334
2710,1298333.3333333333
2711,1070000.0
2712,5098666.666666667
2713,2171666.6666666665
2714,1470000.0
2715,1035166.6666666666
2716,1532666.6666666667
2717,1718333.3333333333
2718,645000.0
2719,599166.6666666666
2720,1878333.3333333333
2721,1738333.3333333333
2722,1266666.6666666667
2723,2183333.3333333335
2724,1636000.0
2725,1133333.3333333333
2726,535666.6666666666
2727,644666.6666666666
2728,939166.6666666666
2729,1170666.6666666667
2730,1415333.3333333333
2731,1111666.6666666667
2732,653333.3333333334
2733,1364333.3333333333
2734,542833.3333333334
2735,2113333.3333333335
2736,1582333.3333333333
2737,1070000.0
2738,663500.0
2739,684166.6666666666
2740,842000.0
2741,1609000.0
2742,2783333.3333333335
2743,619000.0
2744,490000.0
2745,2416666.6666666665
2746,1708333.3333333333
2747,1046666.6666666666
2748,803333.3333333334
2749,865000.0
2750,488333.3333333333
2751,843000.0
2752,930000.0
2753,935166.6666666666
2754,1162333.3333333333
2755,1120000.0
2756,1198666.6666666667
2757,670000.0
2758,1575000.0
2759,1311666.6666666667
2760,381333.3333333333
2761,1693333.3333333333
2762,952666.6666666666
2763,2643333.3333333335
2764,1065000.0
2765,510333.3333333333
2766,996000.0
2767,2886666.6666666665
2768,1392666.6666666667
2769,1565666.6666666667
2770,1036666.6666666666
2771,879166.6666666666
2772,616666.6666666666
2773,546666.6666666666
2774,1188000.0
2775,720833.3333333334
2776,1530333.3333333333
2777,639000.0
2778,440666.6666666667
2779,1247333.3333333333
2780,1365666.6666666667
2781,1119333.3333333333
2782,1046666.6666666666
2783,1705000.0
2784,477000.0
2785,845666.6666666666
2786,1835000.0
2787,450833.3333333333
2788,1436666.6666666667
2789,563333.3333333334
2790,1299666.6666666667
2791,1129333.3333333333
2792,689500.0
2793,2135333.3333333335
2794,409166.6666666667
2795,674000.0
2796,1768333.3333333333
2797,1103333.3333333333
2798,818333.3333333334
2799,597333.3333333334
2800,1278333.3333333333
2801,606166.6666666666
2802,1195000.0
2803,1223333.3333333333
2804,450833.3333333333
2805,1643333.3333333333
2806,1798666.6666666667
2807,1541666.6666666667
2808,568833.3333333334
2809,442666.6666666667
2810,689666.6666666666
2811,544333.3333333334
2812,902666.6666666666
2813,1373333.3333333333
2814,490000.0
2815,1193666.6666666667
2816,823333.3333333334
2817,980666.6666666666
2818,1243333.3333333333
2819,425666.6666666667
2820,606000.0
2821,807333.3333333334
2822,1050333.3333333333
2823,842333.3333333334
2824,813000.0
2825,992333.3333333334
2826,984333.3333333334
2827,948666.6666666666
2828,3073333.3333333335
2829,549333.3333333334
2830,1164500.0
2831,645666.6666666666
2832,570333.3333333334
2833,977833.3333333334
2834,817000.0
2835,2038666.6666666667
2836,625333.3333333334
2837,2148500.0
2838,826400.0
2839,539000.0
2840,1157000.0
2841,1745000.0
2842,1850333.3333333333
2843,1761666.6666666667
2844,310333.3333333333
2845,613166.6666666666
2846,2101666.6666666665
2847,1161666.6666666667
2848,623333.3333333334
2849,990666.6666666666
2850,1584666.6666666667
2851,1038333.3333333334
2852,1185833.3333333333
2853,662666.6666666666
2854,371666.6666666667
2855,2235000.0
2856,1833666.6666666667
2857,1013666.6666666666
2858,1033666.6666666666
2859,1696666.6666666667
2860,802333.3333333334
2861,2055333.3333333333
2862,1272166.6666666667
2863,2863333.3333333335
2864,604166.6666666666
2865,485666.6666666667
2866,409166.6666666667
2867,1444333.3333333333
2868,540000.0
2869,1215000.0
2870,1046666.6666666666
2871,1235000.0
2872,2081000.0
2873,2360000.0
2874,1204166.6666666667
2875,1270000.0
2876,1525000.0
2877,2086666.6666666667
2878,944333.3333333334
2879,355000.0
2880,1358333.3333333333
2881,830833.3333333334
2882,506333.3333333333
2883,754166.6666666666
2884,1481000.0
2885,745666.6666666666
2886,1465000.0
2887,753000.0
2888,584000.0
2889,499666.6666666667
2890,568333.3333333334
2891,1161666.6666666667
2892,553333.3333333334
2893,871666.6666666666
2894,1190833.3333333333
2895,2543333.3333333335
2896,1537333.3333333333
2897,465833.3333333333
2898,1064000.0
2899,605333.3333333334
2900,1231666.6666666667
2901,1705000.0
2902,486666.6666666667
2903,1135333.3333333333
2904,1883666.6666666667
2905,641000.0
2906,898333.3333333334
2907,1404000.0
2908,745833.3333333334
2909,1340000.0
2910,1026666.6666666666
2911,2311666.6666666665
2912,555000.0
2913,433666.6666666667
2914,1410000.0
2915,1191666.6666666667
2916,1725000.0
2917,654166.6666666666
2918,622000.0
2919,773666.6666666666
2920,778333.3333333334
2921,920833.3333333334
2922,944000.0
2923,409166.6666666667
2924,901000.0
2925,622333.3333333334
2926,988000.0
2927,993333.3333333334
2928,633666.6666666666
2929,805000.0
2930,1116666.6666666667
2931,702833.3333333334
2932,2162500.0
2933,1252000.0
2934,1133666.6666666667
2935,836333.3333333334
2936,361333.3333333333
2937,509000.0
2938,818333.3333333334
2939,1411000.0
2940,1760333.3333333333
2941,2439000.0
2942,1505833.3333333333
2943,821833.3333333334
2944,837333.3333333334
2945,1590666.6666666667
2946,1098333.3333333333
2947,599000.0
2948,1034000.0
2949,1058333.3333333333
2950,1020000.0
2951,1180000.0
2952,2890000.0
2953,803333.3333333334
2954,688000.0
2955,464333.3333333333
2956,886666.6666666666
2957,486166.6666666667
2958,1036333.3333333334
2959,723333.3333333334
2960,1310333.3333333333
2961,790000.0
2962,835000.0
2963,958000.0
2964,1235333.3333333333
2965,764666.6666666666
2966,1193666.6666666667
2967,416500.0
2968,1394000.0
2969,992333.3333333334
2970,958333.3333333334
2971,690000.0
2972,1281666.6666666667
2973,1560000.0
2974,426750.0
2975,1368166.6666666667
2976,1292666.6666666667
2977,866666.6666666666
2978,628333.3333333334
2979,1720000.0
2980,1661000.0
2981,2236666.6666666665
2982,1650000.0
2983,566666.6666666666
2984,380000.0
2985,1131666.6666666667
2986,836000.0
2987,556000.0
2988,1528833.3333333333
2989,1426666.6666666667
2990,2276666.6666666665
2991,1335000.0
2992,538333.3333333334
2993,647333.3333333334
2994,1546666.6666666667
2995,1141733.3333333333
2996,526666.6666666666
2997,750000.0
2998,787666.6666666666
2999,487566.6666666667
3000,2245000.0
3001,1096666.6666666667
3002,1163666.6666666667
3003,701000.0
3004,2298333.3333333335
3005,810000.0
3006,1736000.0
3007,817000.0
3008,2007000.0
3009,547500.0
3010,642000.0
3011,914333.3333333334
3012,915000.0
3013,997000.0
3014,1045333.3333333334
3015,545666.6666666666
3016,1092000.0
3017,973333.3333333334
3018,576666.6666666666
3019,1167500.0
3020,457666.6666666667
3021,844000.0
3022,666666.6666666666
3023,559000.0
3024,635166.6666666666
3025,1476666.6666666667
3026,839333.3333333334
3027,1252000.0
3028,3210333.3333333335
3029,708333.3333333334
3030,600833.3333333334
3031,1498600.0
3032,740666.6666666666
3033,1315666.6666666667
3034,1706166.6666666667
3035,319833.3333333333
3036,585333.3333333334
3037,922000.0
3038,2143333.3333333335
3039,1771666.6666666667
3040,622333.3333333334
3041,1422333.3333333333
3042,815000.0
3043,822000.0
3044,582000.0
3045,677000.0
3046,1051333.3333333333
3047,862000.0
3048,684500.0
3049,1283333.3333333333
3050,418333.3333333333
3051,1027500.0
3052,633500.0
3053,1274666.6666666667
3054,669166.6666666666
3055,430000.0
3056,2191500.0
3057,1615000.0
3058,2304000.0
3059,885000.0
3060,868333.3333333334
3061,876666.6666666666
3062,392500.0
3063,1001666.6666666666
3064,525333.3333333334
3065,1528333.3333333333
3066,959566.6666666666
3067,953333.3333333334
3068,1188333.3333333333
3069,2288333.3333333335
3070,948333.3333333334
3071,1595833.3333333333
3072,499333.3333333333
3073,1377000.0
3074,686333.3333333334
3075,563333.3333333334
3076,2425000.0
3077,885333.3333333334
3078,801666.6666666666
3079,974000.0
3080,750333.3333333334
3081,543333.3333333334
3082,578333.3333333334
3083,434000.0
3084,403333.3333333333
3085,1456666.6666666667
3086,1231666.6666666667
3087,1166666.6666666667
3088,1801666.6666666667
3089,918700.0
3090,832666.6666666666
3091,820666.6666666666
3092,924833.3333333334
3093,1223333.3333333333
3094,593333.3333333334
3095,1016666.6666666666
3096,1227666.6666666667
3097,580000.0
3098,950000.0
3099,718333.3333333334
3100,947166.6666666666
3101,605000.0
3102,651333.3333333334
3103,3701833.3333333335
3104,1065000.0
3105,1775333.3333333333
3106,952333.3333333334
3107,1490333.3333333333
3108,1183333.3333333333
3109,395833.3333333333
3110,434000.0
3111,515000.0
3112,829167.0
3113,1412000.0
3114,759000.0
3115,1345000.0
3116,389333.3333333333
3117,1223333.3333333333
3118,1211666.6666666667
3119,830833.3333333334
3120,684166.6666666666
3121,1918333.3333333333
3122,572666.6666666666
3123,1590000.0
3124,483666.6666666667
3125,1587500.0
3126,798666.6666666666
3127,2703333.3333333335
3128,721666.6666666666
3129,1546666.6666666667
3130,1178333.3333333333
3131,785333.3333333334
3132,813166.6666666666
3133,785333.3333333334
3134,1015000.0
3135,481666.6666666667
3136,1781666.6666666667
3137,1826000.0
3138,892833.3333333334
3139,1941666.6666666667
3140,986666.6666666666
3141,2276666.6666666665
3142,1280333.3333333333
3143,2200000.0
3144,745000.0
3145,1296333.3333333333
3146,571000.0
3147,1067333.3333333333
3148,855333.3333333334
3149,1452000.0
3150,1158333.3333333333
3151,473333.3333333333
3152,671166.6666666666
3153,1280000.0
3154,1129333.3333333333
3155,597796.0
3156,2053666.6666666667
3157,1339666.6666666667
3158,1360000.0
3159,1003333.3333333334
3160,1510000.0
3161,2506666.6666666665
3162,721666.6666666666
3163,418333.3333333333
3164,1129333.3333333333
3165,1261666.6666666667
3166,921666.6666666666
3167,1590000.0
3168,937333.3333333334
3169,989666.6666666666
3170,1373666.6666666667
3171,2040000.0
3172,1364000.0
3173,1062333.3333333333
3174,951666.6666666666
3175,1427500.0
3176,480666.6666666667
3177,1071333.3333333333
3178,861666.6666666666
3179,1371666.6666666667
3180,1259000.0
3181,620000.0
3182,565000.0
3183,972333.3333333334
3184,620379.3333333334
3185,703666.6666666666
3186,952666.6666666666
3187,1299166.6666666667
3188,1222000.0
3189,1027666.6666666666
3190,1053333.3333333333
3191,1331666.6666666667
3192,639500.0
3193,1027000.0
3194,540166.6666666666
3195,337333.3333333333
3196,1731666.6666666667
3197,1655000.0
3198,1859666.6666666667
3199,1433666.6666666667
3200,668629.3333333334
3201,736166.6666666666
3202,928333.3333333334
3203,1541666.6666666667
3204,1820000.0
3205,670000.0
3206,1125000.0
3207,693333.3333333334
3208,1161666.6666666667
3209,1025333.3333333334
3210,404166.6666666667
3211,645000.0
3212,898333.3333333334
3213,1049000.0
3214,1316833.3333333333
3215,1906666.6666666667
3216,2032666.6666666667
3217,1104000.0
3218,2620333.3333333335
3219,1085000.0
3220,786666.6666666666
3221,1136833.3333333333
3222,348333.3333333333
3223,642000.0
3224,816666.6666666666
3225,1883333.3333333333
3226,595000.0
3227,970000.0
3228,700333.3333333334
3229,793333.3333333334
3230,890000.0
3231,969333.3333333334
3232,797833.3333333334
3233,1709333.3333333333
3234,1343333.3333333333
3235,1625333.3333333333
3236,453166.6666666667
3237,1582000.0
3238,630000.0
3239,767333.3333333334
3240,532666.6666666666
3241,1277500.0
3242,1958333.3333333333
3243,1975000.0
3244,1463333.3333333333
3245,1388333.3333333333
3246,1223333.3333333333
3247,530333.3333333334
3248,348333.3333333333
3249,1743833.3333333333
3250,972833.3333333334
3251,1537666.6666666667
3252,1430000.0
3253,676666.6666666666
3254,2641666.6666666665
3255,533166.6666666666
3256,678333.3333333334
3257,2350000.0
3258,664666.6666666666
3259,582000.0
3260,958333.3333333334
3261,662666.6666666666
3262,346166.6666666667
3263,925333.3333333334
3264,3510833.3333333335
3265,1305000.0
3266,1148333.3333333333
3267,1126833.3333333333
3268,498666.6666666667
3269,802000.0
3270,686666.6666666666
3271,1146629.3333333333
3272,1507833.3333333333
3273,3185000.0
3274,960500.0
3275,1253666.6666666667
3276,1813000.0
3277,402333.3333333333
3278,473000.0
3279,856000.0
3280,1101666.6666666667
3281,1686000.0
3282,568333.3333333334
3283,1125333.3333333333
3284,565166.6666666666
3285,2186666.6666666665
3286,1160000.0
3287,1205000.0
3288,1035166.6666666666
3289,1402000.0
3290,757833.3333333334
3291,1100500.0
3292,625333.3333333334
3293,952833.3333333334
3294,609333.3333333334
3295,807666.6666666666
3296,324166.6666666667
3297,1093400.0
3298,793000.0
3299,1198000.0
3300,1406666.6666666667
3301,474333.3333333333
3302,1543333.3333333333
3303,2150000.0
3304,881666.6666666666
3305,1745000.0
3306,656666.6666666666
3307,2115000.0
3308,655000.0
3309,970666.6666666666
3310,907500.0
3311,957333.3333333334
3312,749333.3333333334
3313,1218333.3333333333
3314,2077333.3333333333
3315,970666.6666666666
3316,780333.3333333334
3317,990333.3333333334
3318,1078666.6666666667
3319,927166.6666666666
3320,1861333.3333333333
3321,617333.3333333334
3322,1085000.0
3323,2151666.6666666665
3324,1425000.0
3325,2068333.3333333333
3326,985000.0
3327,1786666.6666666667
3328,404166.6666666667
3329,1563666.6666666667
3330,337333.3333333333
3331,747333.3333333334
3332,507500.0
3333,699333.3333333334
3334,1606166.6666666667
3335,635333.3333333334
3336,485000.0
3337,875333.3333333334
3338,1125000.0
3339,1860000.0
3340,1084666.6666666667
3341,576666.6666666666
3342,784000.0
3343,1052166.6666666667
3344,788666.6666666666
3345,1281666.6666666667
3346,1265333.3333333333
3347,437833.3333333333
3348,3650000.0
3349,1382000.0
3350,820000.0
3351,956666.6666666666
3352,575500.0
3353,1436666.6666666667
3354,1338000.0
3355,1301333.3333333333
3356,1881666.6666666667
3357,545666.6666666666
3358,1698333.3333333333
3359,835000.0
3360,1322000.0
3361,960000.0
3362,890000.0
3363,569000.0
3364,970000.0
3365,684500.0
3366,1064666.6666666667
3367,869166.6666666666
3368,916666.6666666666
3369,699166.6666666666
3370,499167.0
3371,1590000.0
3372,674000.0
3373,1803333.3333333333
3374,946666.6666666666
3375,1875000.0
3376,1350000.0
3377,2270333.3333333335
3378,2360000.0
3379,375666.6666666667
3380,1280000.0
3381,429000.0
3382,823666.6666666666
3383,881666.6666666666
3384,440666.6666666667
3385,805000.0
3386,2683666.6666666665
3387,685666.6666666666
3388,1067666.6666666667
3389,1071666.6666666667
3390,568333.3333333334
3391,691000.0
3392,1435333.3333333333
3393,477166.6666666667
3394,705500.0
3395,571000.0
3396,425666.6666666667
3397,565000.0
3398,1127000.0
3399,389333.3333333333
3400,977000.0
3401,1573333.3333333333
3402,1767833.3333333333
3403,684500.0
3404,735000.0
3405,1075666.6666666667
3406,837666.6666666666
3407,428000.0
3408,1652333.3333333333
3409,1544000.0
3410,1084666.6666666667
3411,1391666.6666666667
3412,1507000.0
3413,870000.0
3414,2225000.0
3415,656000.0
3416,768333.3333333334
3417,1551666.6666666667
3418,524333.3333333334
3419,1781666.6666666667
3420,890333.3333333334
3421,1300000.0
3422,1033333.3333333334
3423,592833.3333333334
3424,1687666.6666666667
3425,1040833.3333333334
3426,636666.6666666666
3427,1207500.0
3428,1412166.6666666667
3429,1507333.3333333333
3430,518500.0
3431,609166.6666666666
3432,641000.0
3433,731666.6666666666
3434,807666.6666666666
3435,576666.6666666666
3436,631796.0
3437,1120000.0
3438,980666.6666666666
3439,1125000.0
3440,737500.0
3441,1715000.0
3442,620000.0
3443,448000.0
3444,397166.6666666667
3445,905000.0
3446,1906666.6666666667
3447,1205000.0
3448,485000.0
3449,1541833.3333333333
3450,958333.3333333334
3451,415333.3333333333
3452,530366.6666666666
3453,1660000.0
3454,881000.0
3455,1543666.6666666667
3456,626666.6666666666
3457,923333.3333333334
3458,511000.0
3459,2213333.3333333335
3460,2026666.6666666667
3461,1070500.0
3462,879000.0
3463,692666.6666666666
3464,493166.6666666667
3465,1842833.3333333333
3466,736666.6666666666
3467,765000.0
3468,1303333.3333333333
3469,1157000.0
3470,1050000.0
3471,425666.6666666667
3472,1069333.3333333333
3473,688333.3333333334
3474,571666.6666666666
3475,662666.6666666666
3476,1210333.3333333333
3477,1549666.6666666667
3478,348333.3333333333
3479,1477666.6666666667
3480,593000.0
3481,538333.3333333334
3482,798666.6666666666
3483,1042333.3333333334
3484,1028666.6666666666
3485,722333.3333333334
3486,1194666.6666666667
3487,1866666.6666666667
3488,1105000.0
3489,1055000.0
3490,1386000.0
3491,1005000.0
3492,1035000.0
3493,545666.6666666666
3494,1955000.0
3495,1745000.0
3496,648166.6666666666
3497,1500000.0
3498,1837000.0
3499,545833.3333333334
3500,1758000.0
3501,550833.3333333334
3502,1395000.0
3503,1367333.3333333333
3504,1438333.3333333333
3505,2840000.0
3506,1131000.0
3507,827000.0
3508,741333.3333333334
3509,671166.6666666666
3510,2321666.6666666665
3511,1276666.6666666667
3512,848333.3333333334
3513,1381000.0
3514,1906333.3333333333
3515,1317333.3333333333
3516,539500.0
3517,1151666.6666666667
3518,1873333.3333333333
3519,758333.3333333334
3520,2775000.0
3521,651333.3333333334
3522,1020333.3333333334
3523,989500.0
3524,958333.3333333334
3525,454000.0
3526,412000.0
3527,808333.3333333334
3528,2006666.6666666667
3529,2565333.3333333335
3530,1131666.6666666667
3531,1064333.3333333333
3532,1053333.3333333333
3533,905666.6666666666
3534,831666.6666666666
3535,1456666.6666666667
3536,743666.6666666666
3537,1273333.3333333333
3538,999666.6666666666
3539,1222333.3333333333
3540,662666.6666666666
3541,1816166.6666666667
3542,1141733.3333333333
3543,1667000.0
3544,856000.0
3545,1325000.0
3546,1017333.3333333334
3547,741666.6666666666
3548,624666.6666666666
3549,1205000.0
3550,1823333.3333333333
3551,1662666.6666666667
3552,915000.0
3553,2343333.3333333335
3554,701000.0
3555,1365000.0
3556,1751666.6666666667
3557,3385000.0
3558,417833.3333333333
3559,1179000.0
3560,609666.6666666666
3561,410666.6666666667
3562,2783333.3333333335
3563,855000.0
3564,1108333.3333333333
3565,851333.3333333334
3566,1260000.0
3567,973333.3333333334
3568,2160000.0
3569,1205333.3333333333
3570,1268333.3333333333
3571,780000.0
3572,3583666.6666666665
3573,1350000.0
3574,1068333.3333333333
3575,466500.0
3576,2956666.6666666665
3577,577000.0
3578,1029333.3333333334
3579,978333.3333333334
3580,1415000.0
3581,550833.3333333334
3582,485666.6666666667
3583,805000.0
3584,1014666.6666666666
3585,666000.0
3586,1394000.0
3587,1051166.6666666667
3588,604333.3333333334
3589,503500.0
3590,667666.6666666666
3591,688333.3333333334
3592,483333.3333333333
3593,970000.0
3594,2713333.3333333335
3595,1635000.0
3596,817666.6666666666
3597,2148666.6666666665
3598,529000.0
3599,1813666.6666666667
3600,1141666.6666666667
3601,1372333.3333333333
3602,316333.3333333333
3603,553333.3333333334
3604,868666.6666666666
3605,699333.3333333334
3606,448333.3333333333
3607,1258333.3333333333
3608,988666.6666666666
3609,1133333.3333333333
3610,1153333.3333333333
3611,539666.6666666666
3612,1577000.0
3613,666666.6666666666
3614,1405833.3333333333
3615,546333.3333333334
3616,598333.3333333334
3617,710666.6666666666
3618,555833.3333333334
3619,1067333.3333333333
3620,910000.0
3621,755000.0
3622,1055666.6666666667
3623,2062333.3333333333
3624,926333.3333333334
3625,1260000.0
3626,543500.0
3627,799833.3333333334
3628,936666.6666666666
3629,783333.3333333334
3630,1131666.6666666667
3631,2473000.0
3632,768333.3333333334
3633,262700.0
3634,2225000.0
3635,956166.6666666666
3636,1610000.0
3637,2008333.3333333333
3638,855333.3333333334
3639,815333.3333333334
3640,1561666.6666666667
3641,931666.6666666666
3642,1363666.6666666667
3643,465333.3333333333
3644,1120000.0
3645,1188666.6666666667
3646,1573333.3333333333
3647,953333.3333333334
3648,618002.6666666666
3649,1191666.6666666667
3650,665000.0
3651,944666.6666666666
3652,878333.3333333334
3653,907666.6666666666
3654,718333.3333333334
3655,733666.6666666666
3656,1130666.6666666667
3657,653333.3333333334
3658,1160833.3333333333
3659,1376666.6666666667
3660,748666.6666666666
3661,1248233.3333333333
3662,667666.6666666666
3663,760666.6666666666
3664,676666.6666666666
3665,385366.6666666667
3666,517833.3333333333
3667,544666.6666666666
3668,818333.3333333334
3669,710666.6666666666
3670,1408333.3333333333
3671,1263000.0
3672,547666.6666666666
3673,1058666.6666666667
3674,1053333.3333333333
3675,845000.0
3676,1731666.6666666667
3677,2090333.3333333333
3678,1151000.0
3679,922500.0
3680,491666.6666666667
3681,758666.6666666666
3682,418333.3333333333
3683,1523666.6666666667
3684,640000.0
3685,1166000.0
3686,1715000.0
3687,627666.6666666666
3688,915166.6666666666
3689,1683333.3333333333
3690,471000.0
3691,3728333.3333333335
3692,1190333.3333333333
3693,1280000.0
3694,2330000.0
3695,596666.6666666666
3696,1403333.3333333333
3697,519000.0
3698,562833.3333333334
3699,1406666.6666666667
3700,483781.3333333333
3701,1850000.0
3702,1071666.6666666667
3703,1256666.6666666667
3704,2390333.3333333335
3705,877666.6666666666
3706,526666.6666666666
3707,747666.6666666666
3708,1125333.3333333333
3709,1496000.0
3710,1013666.6666666666
3711,1367000.0
3712,1071666.6666666667
3713,454333.3333333333
3714,972333.3333333334
3715,2095000.0
3716,1245000.0
3717,883000.0
3718,571666.6666666666
3719,974000.0
3720,1033333.3333333334
3721,886666.6666666666
3722,1622000.0
3723,697666.6666666666
3724,1686666.6666666667
3725,1231000.0
3726,1012666.6666666666
3727,487333.3333333333
3728,530366.6666666666
3729,1569000.0
3730,1146666.6666666667
3731,678500.0
3732,944666.6666666666
3733,834000.0
3734,651333.3333333334
3735,1475000.0
3736,814666.6666666666
3737,2251666.6666666665
3738,1488833.3333333333
3739,1045000.0
3740,1541666.6666666667
3741,938666.6666666666
3742,906000.0
3743,2219666.6666666665
3744,979000.0
3745,2068333.3333333333
3746,462000.0
3747,1195666.6666666667
3748,1228333.3333333333
3749,505000.0
3750,289000.0
3751,880000.0
3752,779833.3333333334
3753,1444000.0
3754,855000.0
3755,620000.0
3756,957400.0
3757,1156666.6666666667
3758,1035000.0
3759,1223333.3333333333
3760,1238333.3333333333
3761,384000.0
3762,732000.0
3763,881666.6666666666
3764,691000.0
3765,991666.6666666666
3766,885000.0
3767,1266166.6666666667
3768,1424000.0
3769,721333.3333333334
3770,1134500.0
3771,1185333.3333333333
3772,980666.6666666666
3773,441666.6666666667
3774,616666.6666666666
3775,830000.0
3776,1225333.3333333333
3777,1577000.0
3778,453333.3333333333
3779,1937333.3333333333
3780,1306000.0
3781,1656666.6666666667
3782,1850666.6666666667
3783,739666.6666666666
3784,2738333.3333333335
3785,825666.6666666666
3786,943333.3333333334
3787,898333.3333333334
3788,653333.3333333334
3789,1908333.3333333333
3790,1878333.3333333333
3791,1391666.6666666667
3792,1085000.0
3793,835333.3333333334
3794,1173666.6666666667
3795,587333.3333333334
3796,858000.0
3797,1165333.3333333333
3798,1304500.0
3799,746666.6666666666
3800,980000.0
3801,597333.3333333334
3802,331000.0
3803,418333.3333333333
3804,1042666.6666666666
3805,1413333.3333333333
3806,745000.0
3807,1044333.3333333334
3808,537000.0
3809,819000.0
3810,1368666.6666666667
3811,833333.3333333334
3812,981833.3333333334
3813,380000.0
3814,810833.3333333334
3815,606666.6666666666
3816,1506666.6666666667
3817,600500.0
3818,1228333.3333333333
3819,569500.0
3820,401666.6666666667
3821,896333.3333333334
3822,1566666.6666666667
3823,1535000.0
3824,1000000.0
3825,545333.3333333334
3826,1017833.3333333334
3827,455000.0
3828,1392666.6666666667
3829,596000.0
3830,886666.6666666666
3831,1333333.3333333333
3832,1165000.0
3833,3561666.6666666665
3834,440666.6666666667
3835,1368333.3333333333
3836,934000.0
3837,526333.3333333334
3838,861666.6666666666
3839,499666.6666666667
3840,1373333.3333333333
3841,568333.3333333334
3842,528333.3333333334
3843,431666.6666666667
3844,440666.6666666667
3845,1004500.0
3846,1213333.3333333333
3847,540333.3333333334
3848,2186666.6666666665
3849,1626000.0
3850,665333.3333333334
3851,706666.6666666666
3852,778333.3333333334
3853,337000.0
3854,1775000.0
3855,1372166.6666666667
3856,955666.6666666666
3857,1244000.0
3858,1120000.0
3859,793333.3333333334
3860,563333.3333333334
3861,623666.6666666666
3862,1345000.0
3863,689500.0
3864,511333.3333333333
3865,1737333.3333333333
3866,1323333.3333333333
3867,1032000.0
3868,1412333.3333333333
3869,657000.0
3870,610000.0
3871,635433.3333333334
3872,1251666.6666666667
3873,1973666.6666666667
3874,1031666.6666666666
3875,2740666.6666666665
3876,1121666.6666666667
3877,876166.6666666666
3878,1796333.3333333333
3879,477000.0
3880,811000.0
3881,1168333.3333333333
3882,1150000.0
3883,660333.3333333334
3884,1266666.6666666667
3885,680500.0
3886,954666.6666666666
3887,1630000.0
3888,1417000.0
3889,337000.0
3890,916666.6666666666
3891,1182000.0
3892,1211000.0
3893,835666.6666666666
3894,691666.6666666666
3895,520833.3333333333
3896,599333.3333333334
3897,688500.0
3898,641666.6666666666
3899,901000.0
3900,975666.6666666666
3901,1176666.6666666667
3902,1870666.6666666667
3903,635833.3333333334
3904,380000.0
3905,747000.0
3906,1158333.3333333333
3907,1745000.0
3908,1433333.3333333333
3909,1580000.0
3910,817000.0
3911,858333.3333333334
3912,1281666.6666666667
3913,2208333.3333333335
3914,795000.0
3915,337000.0
3916,728833.3333333334
3917,519333.3333333333
3918,813000.0
3919,1361666.6666666667
3920,1093666.6666666667
3921,850000.0
3922,1195000.0
3923,898333.3333333334
3924,473666.6666666667
3925,2783333.3333333335
3926,471000.0
3927,2283333.3333333335
3928,634666.6666666666
3929,447833.3333333333
3930,1546666.6666666667
3931,1127000.0
3932,658000.0
3933,2342333.3333333335
3934,732666.6666666666
3935,1506666.6666666667
3936,803333.3333333334
3937,3008333.3333333335
3938,1001666.6666666666
3939,692500.0
3940,458000.0
3941,1526666.6666666667
3942,1223333.3333333333
3943,987833.3333333334
3944,578333.3333333334
3945,522666.6666666667
3946,533833.3333333334
3947,738666.6666666666
3948,2129666.6666666665
3949,440666.6666666667
3950,815000.0
3951,2736666.6666666665
3952,581666.6666666666
3953,951333.3333333334
3954,383000.0
3955,381000.0
3956,695333.3333333334
3957,911666.6666666666
3958,2248333.3333333335
3959,536666.6666666666
3960,622333.3333333334
3961,1818333.3333333333
3962,1181500.0
3963,2300000.0
3964,1197566.6666666667
3965,1192333.3333333333
3966,1171166.6666666667
3967,564000.0
3968,3141666.6666666665
3969,456666.6666666667
3970,1074666.6666666667
3971,1115333.3333333333
3972,873600.0
3973,925000.0
3974,1111666.6666666667
3975,500000.0
3976,730333.3333333334
3977,829000.0
3978,3420000.0
3979,576666.6666666666
3980,822000.0
3981,925333.3333333334
3982,444333.3333333333
3983,585333.3333333334
3984,627666.6666666666
3985,1787000.0
3986,1151333.3333333333
3987,1522000.0
3988,797666.6666666666
3989,745000.0
3990,1515000.0
3991,606666.6666666666
3992,408333.3333333333
3993,778333.3333333334
3994,685500.0
3995,1052000.0
3996,827000.0
3997,1302166.6666666667
3998,794000.0
3999,1108333.3333333333
4000,609500.0
4001,1394000.0
4002,1183500.0
4003,2368666.6666666665
4004,2548629.3333333335
4005,1206666.6666666667
4006,926000.0
4007,741333.3333333334
4008,1290000.0
4009,519333.3333333333
4010,533000.0
4011,866000.0
4012,1516666.6666666667
4013,997833.3333333334
4014,705333.3333333334
4015,1694000.0
4016,1034333.3333333334
4017,1008333.3333333334
4018,674000.0
4019,908166.6666666666
4020,1025000.0
4021,1685666.6666666667
4022,941000.0
4023,1697666.6666666667
4024,818666.6666666666
4025,816166.6666666666
4026,651666.6666666666
4027,1848333.3333333333
4028,978333.3333333334
4029,1207000.0
4030,1233333.3333333333
4031,571666.6666666666
4032,1490333.3333333333
4033,630333.3333333334
4034,1111333.3333333333
4035,1325333.3333333333
4036,523333.3333333333
4037,620500.0
4038,953333.3333333334
4039,1421666.6666666667
4040,1610000.0
4041,880000.0
4042,1276666.6666666667
4043,790000.0
4044,1134666.6666666667
4045,899000.0
4046,1243666.6666666667
4047,894666.6666666666
4048,748333.3333333334
4049,1950000.0
4050,1067333.3333333333
4051,363666.6666666667
4052,1670000.0
4053,623166.6666666666
4054,449000.0
4055,868500.0
4056,945000.0
4057,1255000.0
4058,1625333.3333333333
4059,375666.6666666667
4060,1265666.6666666667
4061,502333.3333333333
4062,622666.6666666666
4063,827000.0
4064,1650333.3333333333
4065,1406000.0
4066,729000.0
4067,1568000.0
4068,1007500.0
4069,935000.0
4070,2334166.6666666665
4071,1042500.0
4072,532666.6666666666
4073,2743333.3333333335
4074,1991666.6666666667
4075,1412000.0
4076,1298333.3333333333
4077,1955000.0
4078,962333.3333333334
4079,567166.6666666666
4080,817000.0
4081,1015333.3333333334
4082,885333.3333333334
4083,680166.6666666666
4084,1195000.0
4085,341666.6666666667
4086,1991666.6666666667
4087,822000.0
4088,606000.0
4089,401333.3333333333
4090,2041000.0
4091,1199000.0
4092,845666.6666666666
4093,1168333.3333333333
4094,720833.3333333334
4095,482666.6666666667
4096,578000.0
4097,1134666.6666666667
4098,563333.3333333334
4099,609333.3333333334
4100,1158333.3333333333
4101,1686666.6666666667
4102,1934500.0
4103,2235000.0
4104,726666.6666666666
4105,1637666.6666666667
4106,1203333.3333333333
4107,993333.3333333334
4108,1111666.6666666667
4109,297000.0
4110,798333.3333333334
4111,1240000.0
4112,488166.6666666667
4113,917000.0
4114,1646666.6666666667
4115,2711666.6666666665
4116,980833.3333333334
4117,3386666.6666666665
4118,789166.6666666666
4119,716833.3333333334
4120,1480000.0
4121,2858333.3333333335
4122,1468666.6666666667
4123,541666.6666666666
4124,1335333.3333333333
4125,481666.6666666667
4126,320000.0
4127,1161666.6666666667
4128,1192666.6666666667
4129,483333.3333333333
4130,485000.0
4131,542833.3333333334
4132,798000.0
4133,1775000.0
4134,911666.6666666666
4135,1193666.6666666667
4136,1875800.0
4137,532666.6666666666
4138,1122333.3333333333
4139,1574833.3333333333
4140,627916.6666666666
4141,881500.0
4142,407500.0
4143,1202000.0
4144,1356666.6666666667
4145,945833.3333333334
4146,1621166.6666666667
4147,1296666.6666666667
4148,2273333.3333333335
4149,542666.6666666666
4150,459000.0
4151,1097000.0
4152,1275000.0
4153,2285333.3333333335
4154,648333.3333333334
4155,1366666.6666666667
4156,1147666.6666666667
4157,586666.6666666666
4158,550666.6666666666
4159,688333.3333333334
4160,1759000.0
4161,519333.3333333333
4162,713500.0
4163,691000.0
4164,1439666.6666666667
4165,1039666.6666666666
4166,1096666.6666666667
4167,1958333.3333333333
4168,1678333.3333333333
4169,606000.0
4170,1407000.0
4171,2001000.0
4172,568333.3333333334
4173,1457666.6666666667
4174,764166.6666666666
4175,2615000.0
4176,696833.3333333334
4177,1057666.6666666667
4178,480000.0
4179,389333.3333333333
4180,2181666.6666666665
4181,2090000.0
4182,962333.3333333334
4183,1675600.0
4184,1221000.0
4185,382666.6666666667
4186,462000.0
4187,631666.6666666666
4188,1577000.0
4189,844000.0
4190,568333.3333333334
4191,657000.0
4192,1350000.0
4193,1335000.0
4194,840000.0
4195,581166.6666666666
4196,1290000.0
4197,659666.6666666666
4198,962333.3333333334
4199,511666.6666666667
4200,701666.6666666666
4201,1918333.3333333333
4202,815333.3333333334
4203,1430333.3333333333
4204,482000.0
4205,795666.6666666666
4206,845000.0
4207,797000.0
4208,1322000.0
4209,971000.0
4210,1918333.3333333333
4211,576000.0
4212,615833.3333333334
4213,1326666.6666666667
4214,532666.6666666666
4215,946166.6666666666
4216,1185000.0
4217,692500.0
4218,801000.0
4219,1202666.6666666667
4220,1960000.0
4221,428000.0
4222,767666.6666666666
4223,912000.0
4224,1530000.0
4225,808000.0
4226,735333.3333333334
4227,1446000.0
4228,1718333.3333333333
4229,1020000.0
4230,825333.3333333334
4231,1015000.0
4232,610000.0
4233,1858666.6666666667
4234,788666.6666666666
4235,637666.6666666666
4236,1199000.0
4237,818666.6666666666
4238,548666.6666666666
4239,2282000.0
4240,1197833.3333333333
4241,565666.6666666666
4242,942833.3333333334
4243,973333.3333333334
4244,937000.0
4245,1241666.6666666667
4246,1024333.3333333334
4247,2590296.0
4248,1120000.0
4249,1607000.0
4250,753333.3333333334
4251,520000.0
4252,1366666.6666666667
4253,610000.0
4254,337000.0
4255,538333.3333333334
4256,1133333.3333333333
4257,483333.3333333333
4258,740666.6666666666
4259,952333.3333333334
4260,730500.0
4261,515666.6666666667
4262,506333.3333333333
4263,2656666.6666666665
4264,831666.6666666666
4265,766666.6666666666
4266,1204333.3333333333
4267,509000.0
4268,659166.6666666666
4269,1600333.3333333333
4270,1203600.0
4271,539500.0
4272,1539000.0
4273,1205000.0
4274,475000.0
4275,1057333.3333333333
4276,417666.6666666667
4277,576666.6666666666
4278,881666.6666666666
4279,779666.6666666666
4280,725000.0
4281,890166.6666666666
4282,952833.3333333334
4283,2858333.3333333335
4284,1205333.3333333333
4285,1083333.3333333333
4286,372000.0
4287,613333.3333333334
4288,596666.6666666666
4289,992000.0
4290,1083333.3333333333
4291,1256666.6666666667
4292,504833.3333333333
4293,913333.3333333334
4294,1603333.3333333333
4295,1147666.6666666667
4296,1294833.3333333333
4297,1028666.6666666666
4298,680166.6666666666
4299,2190833.3333333335
4300,1687500.0
4301,1145000.0
4302,576000.0
4303,1236666.6666666667
4304,1801666.6666666667
4305,651333.3333333334
4306,1026000.0
4307,1087166.6666666667
4308,545333.3333333334
4309,766666.6666666666
4310,970000.0
4311,1526933.3333333333
4312,668333.3333333334
4313,1091333.3333333333
4314,435666.6666666667
4315,653333.3333333334
4316,595333.3333333334
4317,664833.3333333334
4318,675833.3333333334
4319,567000.0
4320,759000.0
4321,686666.6666666666
4322,1566666.6666666667
4323,666666.6666666666
4324,1537000.0
4325,368333.3333333333
4326,1388166.6666666667
4327,723333.3333333334
4328,485000.0
4329,602500.0
4330,920000.0
4331,723500.0
4332,589166.6666666666
4333,606666.6666666666
4334,1209666.6666666667
4335,564000.0
4336,1091333.3333333333
4337,1216833.3333333333
4338,910000.0
4339,1287333.3333333333
4340,1455333.3333333333
4341,745000.0
4342,1919833.3333333333
4343,1358000.0
4344,987833.3333333334
4345,593333.3333333334
4346,1058000.0
4347,526333.3333333334
4348,2118333.3333333335
4349,807166.6666666666
4350,406500.0
4351,473666.6666666667
4352,1328333.3333333333
4353,402333.3333333333
4354,603000.0
4355,683333.3333333334
4356,407500.0
4357,1400000.0
4358,796600.0
4359,610000.0
4360,698333.3333333334
4361,741666.6666666666
4362,1411666.6666666667
4363,654333.3333333334
4364,827666.6666666666
4365,700333.3333333334
4366,1203666.6666666667
4367,567000.0
4368,987333.3333333334
4369,1057833.3333333333
4370,884333.3333333334
4371,441666.6666666667
4372,1180666.6666666667
4373,713333.3333333334
4374,748833.3333333334
4375,863333.3333333334
4376,1054333.3333333333
4377,1538333.3333333333
4378,1513333.3333333333
4379,777333.3333333334
4380,762500.0
4381,869166.6666666666
4382,989066.6666666666
4383,847666.6666666666
4384,552500.0
4385,1136666.6666666667
4386,485000.0
4387,986000.0
4388,602666.6666666666
4389,1890000.0
4390,955666.6666666666
4391,1706666.6666666667
4392,1052000.0
4393,705333.3333333334
4394,1153500.0
4395,527500.0
4396,615000.0
4397,1853333.3333333333
4398,855166.6666666666
4399,1143000.0
4400,580666.6666666666
4401,927333.3333333334
4402,1089333.3333333333
4403,1270000.0
4404,1070000.0
4405,545333.3333333334
4406,540833.3333333334
4407,882666.6666666666
4408,596666.6666666666
4409,466666.6666666667
4410,739666.6666666666
4411,1180000.0
4412,2140333.3333333335
4413,952666.6666666666
4414,932000.0
4415,1110333.3333333333
4416,2363666.6666666665
4417,566000.0
4418,468166.6666666667
4419,1072333.3333333333
4420,985000.0
4421,1390000.0
4422,947333.3333333334
4423,585000.0
4424,475666.6666666667
4425,886666.6666666666
4426,925666.6666666666
4427,526666.6666666666
4428,1347333.3333333333
4429,485000.0
4430,1213333.3333333333
4431,1477333.3333333333
4432,663333.3333333334
4433,1991666.6666666667
4434,405000.0
4435,816333.3333333334
4436,384333.3333333333
4437,922333.3333333334
4438,1207000.0
4439,1155000.0
4440,786500.0
4441,835000.0
4442,697833.3333333334
4443,1230900.0
4444,437833.3333333333
4445,1226666.6666666667
4446,2176666.6666666665
4447,742333.3333333334
4448,906000.0
4449,957333.3333333334
4450,602000.0
4451,818933.3333333334
4452,389333.3333333333
4453,760000.0
4454,2063333.3333333333
4455,746666.6666666666
4456,2760000.0
4457,1241666.6666666667
4458,691000.0
4459,845000.0
4460,626666.6666666666
4461,2206500.0
4462,662666.6666666666
4463,480000.0
4464,337000.0
4465,559500.0
4466,990733.3333333334
4467,1108166.6666666667
4468,847666.6666666666
4469,899000.0
4470,1065000.0
4471,1250333.3333333333
4472,1135000.0
4473,720000.0
4474,1575000.0
4475,1453333.3333333333
4476,334333.3333333333
4477,992000.0
4478,1321000.0
4479,1882000.0
4480,1686666.6666666667
4481,555000.0
4482,739666.6666666666
4483,1200000.0
4484,810333.3333333334
4485,2700000.0
4486,991666.6666666666
4487,1480000.0
4488,1043666.6666666666
4489,1311666.6666666667
4490,2811666.6666666665
4491,870000.0
4492,1070500.0
4493,400000.0
4494,596333.3333333334
4495,895000.0
4496,655166.6666666666
4497,834000.0
4498,957333.3333333334
4499,1337000.0
4500,973333.3333333334
4501,930000.0
4502,1151666.6666666667
4503,1506666.6666666667
4504,1377000.0
4505,1411666.6666666667
4506,1003000.0
4507,938333.3333333334
4508,1561666.6666666667
4509,788000.0
4510,1773333.3333333333
4511,2594333.3333333335
4512,795000.0
4513,1064666.6666666667
4514,3600666.6666666665
4515,1064000.0
4516,540000.0
4517,345333.3333333333
4518,2460000.0
4519,2088333.3333333333
4520,1542000.0
4521,1244000.0
4522,1080666.3333333333
4523,341833.3333333333
4524,518333.3333333333
4525,551666.6666666666
4526,1046666.6666666666
4527,1969166.6666666667
4528,1667333.3333333333
4529,1941666.6666666667
4530,1900000.0
4531,2886666.6666666665
4532,1545000.0
4533,1155333.3333333333
4534,912666.6666666666
4535,1411000.0
4536,790666.6666666666
4537,1510000.0
4538,1156333.3333333333
4539,913333.3333333334
4540,658666.6666666666
4541,2455000.0
4542,1034333.3333333334
4543,639666.6666666666
4544,1150000.0
4545,485666.6666666667
4546,577833.3333333334
4547,835333.3333333334
4548,1023666.6666666666
4549,1080500.0
4550,1129000.0
4551,978333.3333333334
4552,1150000.0
4553,1284003.3333333333
4554,587000.0
4555,466666.6666666667
4556,1198333.3333333333
4557,861000.0
4558,550000.0
4559,1445333.3333333333
4560,1828333.3333333333
4561,839500.0
4562,870000.0
4563,1020000.0
4564,1146666.6666666667
4565,922333.3333333334
4566,1009333.3333333334
4567,889000.0
4568,686166.6666666666
4569,408333.3333333333
4570,679000.0
4571,1938333.3333333333
4572,1565333.3333333333
4573,1513333.3333333333
4574,1409500.0
4575,2120000.0
4576,2850833.3333333335
4577,601666.6666666666
4578,787000.0
4579,1350333.3333333333
4580,656666.6666666666
4581,747333.3333333334
4582,579000.0
4583,460000.0
4584,286666.6666666667
4585,1373333.3333333333
4586,678750.0
4587,831666.6666666666
4588,987666.6666666666
4589,972000.0
4590,614833.3333333334
4591,539500.0
4592,808333.3333333334
4593,2283333.3333333335
4594,765000.0
4595,348333.3333333333
4596,615000.0
4597,968333.3333333334
4598,861666.6666666666
4599,408333.3333333333
4600,515000.0
4601,485000.0
4602,1403666.6666666667
4603,334166.6666666667
4604,1235000.0
4605,496500.0
4606,1971666.6666666667
4607,1918333.3333333333
4608,1075166.6666666667
4609,860333.3333333334
4610,538333.3333333334
4611,912666.6666666666
4612,749666.6666666666
4613,828333.3333333334
4614,1275666.6666666667
4615,844333.3333333334
4616,1275666.6666666667
4617,991666.6666666666
4618,1001000.0
4619,980000.0
4620,1096666.6666666667
4621,1366666.6666666667
4622,447833.3333333333
4623,2250000.0
4624,1260333.3333333333
4625,733333.3333333334
4626,1460000.0
4627,552000.0
4628,894333.3333333334
4629,1344166.6666666667
4630,491666.6666666667
4631,744333.3333333334
4632,1190000.0
4633,590333.3333333334
4634,413333.3333333333
4635,755833.3333333334
4636,2548629.3333333335
4637,606166.6666666666
4638,603666.6666666666
4639,477666.6666666667
4640,811666.6666666666
4641,1283666.6666666667
4642,835000.0
4643,1162000.0
4644,793333.3333333334
4645,1425000.0
4646,2476666.6666666665
4647,1436666.6666666667
4648,480500.0
4649,1587333.3333333333
4650,1168666.6666666667
4651,1224000.0
4652,1586666.6666666667
4653,661333.3333333334
4654,605333.3333333334
4655,2973333.3333333335
4656,545333.3333333334
4657,602000.0
4658,1625833.3333333333
4659,927833.3333333334
4660,483781.3333333333
4661,590333.3333333334
4662,936000.0
4663,692666.6666666666
4664,784000.0
4665,462000.0
4666,881666.6666666666
4667,1382000.0
4668,1781666.6666666667
4669,1066666.6666666667
4670,1303333.3333333333
4671,1220000.0
4672,751833.3333333334
4673,562000.0
4674,425000.0
4675,381666.6666666667
4676,560333.3333333334
4677,2356666.6666666665
4678,1066666.6666666667
4679,1003333.3333333334
4680,1308333.3333333333
4681,881000.0
4682,964666.6666666666
4683,904000.0
4684,750666.6666666666
4685,800333.3333333334
4686,1055000.0
4687,1820166.6666666667
4688,409166.6666666667
4689,793333.3333333334
4690,2127666.6666666665
4691,3150000.0
4692,1100000.0
4693,1264666.6666666667
4694,1525000.0
4695,2006666.6666666667
4696,1505000.0
4697,2144333.3333333335
4698,659666.6666666666
4699,1262333.3333333333
4700,985000.0
4701,1338666.6666666667
4702,1377000.0
4703,767000.0
4704,1143333.3333333333
4705,441666.6666666667
4706,375666.6666666667
4707,922666.6666666666
4708,511500.0
4709,932500.0
4710,643333.3333333334
4711,373333.3333333333
4712,1438000.0
4713,480333.3333333333
4714,690333.3333333334
4715,1840000.0
4716,1606000.0
4717,571166.6666666666
4718,2733333.3333333335
4719,618002.6666666666
4720,730666.6666666666
4721,580000.0
4722,2656666.6666666665
4723,1096666.6666666667
4724,852000.0
4725,724000.0
4726,1283666.6666666667
4727,713333.3333333334
4728,1232333.3333333333
4729,1014833.3333333334
4730,1132000.0
4731,1662666.6666666667
4732,578333.3333333334
4733,1980000.0
4734,444166.6666666667
4735,871833.3333333334
4736,440666.6666666667
4737,753333.3333333334
4738,1361000.0
4739,573333.3333333334
4740,861666.6666666666
4741,404166.6666666667
4742,359166.6666666667
4743,3456000.0
4744,1052333.3333333333
4745,818333.3333333334
4746,780666.6666666666
4747,385000.0
4748,2063333.3333333333
4749,2260333.3333333335
4750,693500.0
4751,1332333.3333333333
4752,945666.6666666666
4753,843333.3333333334
4754,973333.3333333334
4755,1172666.6666666667
4756,692333.3333333334
4757,1136833.3333333333
4758,1280000.0
4759,2876666.6666666665
4760,1029000.0
4761,614500.0
4762,1075833.3333333333
4763,1596666.6666666667
4764,1427666.6666666667
4765,1173333.3333333333
4766,534166.6666666666
4767,1000000.0
4768,1033333.3333333334
4769,968000.0
4770,926333.3333333334
4771,931666.6666666666
4772,2300000.0
4773,765333.3333333334
4774,700500.0
4775,719166.6666666666
4776,1627000.0
4777,594666.6666666666
4778,685000.0
4779,1398333.3333333333
4780,535666.6666666666
4781,600500.0
4782,818333.3333333334
4783,576666.6666666666
4784,931166.6666666666
4785,1441666.6666666667
4786,902000.0
4787,1440000.0
4788,566000.0
4789,550000.0
4790,1035166.6666666666
4791,745333.3333333334
4792,523333.3333333333
4793,1023333.3333333334
4794,382666.6666666667
4795,583166.6666666666
4796,1122333.3333333333
4797,1513333.3333333333
4798,1903333.3333333333
4799,821833.3333333334
4800,1710000.0
4801,861666.6666666666
4802,3133333.3333333335
4803,333000.0
4804,708778.3333333334
4805,1326733.3333333333
4806,1127500.0
4807,2062333.3333333333
4808,2300000.0
4809,585333.3333333334
4810,1850000.0
4811,1301666.6666666667
4812,817000.0
4813,1000000.0
4814,1281666.6666666667
4815,688333.3333333334
4816,604000.0
4817,485000.0
4818,912833.3333333334
4819,1128666.6666666667
4820,846166.6666666666
4821,1032500.0
4822,653000.0
4823,1317333.3333333333
4824,389333.3333333333
4825,911666.6666666666
4826,663333.3333333334
4827,784666.6666666666
4828,1283666.6666666667
4829,685000.0
4830,948333.3333333334
4831,1602666.6666666667
4832,1338333.3333333333
4833,1023666.6666666666
4834,963333.3333333334
4835,529833.3333333334
4836,1025000.0
4837,662666.6666666666
4838,1710000.0
4839,662333.3333333334
4840,1068333.3333333333
4841,2175000.0
4842,1267666.6666666667
4843,627916.6666666666
4844,946166.6666666666
4845,1340333.3333333333
4846,925000.0
4847,973333.3333333334
4848,1270000.0
4849,576666.6666666666
4850,1761666.6666666667
4851,1506666.6666666667
4852,885333.3333333334
4853,875333.3333333334
4854,592000.0
4855,885000.0
4856,844666.6666666666
4857,397000.0
4858,1294833.3333333333
4859,1055333.3333333333
4860,879333.3333333334
4861,497083.3333333333
4862,940000.0
4863,597666.6666666666
4864,871333.3333333334
4865,1833333.3333333333
4866,633333.3333333334
4867,568333.3333333334
4868,889000.0
4869,408333.3333333333
4870,1715000.0
4871,747333.3333333334
4872,2746666.6666666665
4873,670500.0
4874,434333.3333333333
4875,1248333.3333333333
4876,875833.3333333334
4877,1624666.6666666667
4878,630000.0
4879,1046666.6666666666
4880,1770000.0
4881,1506666.6666666667
4882,874666.6666666666
4883,570333.3333333334
4884,2325000.0
4885,684000.0
4886,1737000.0
4887,1306333.3333333333
4888,1271500.0
4889,1018000.0
4890,1047000.0
4891,936666.6666666666
4892,647833.3333333334
4893,837833.3333333334
4894,1164000.0
4895,618333.3333333334
4896,1419833.3333333333
4897,402333.3333333333
4898,843666.6666666666
4899,576666.6666666666
4900,375666.6666666667
4901,874000.0
4902,1607000.0
4903,1635333.3333333333
4904,1096666.6666666667
4905,466666.6666666667
4906,815000.0
4907,1251000.0
4908,874333.3333333334
4909,1111666.6666666667
4910,334166.6666666667
4911,1046666.6666666666
4912,701666.6666666666
4913,1495000.0
4914,683333.3333333334
4915,1329000.0
4916,655333.3333333334
4917,786500.0
4918,1454333.3333333333
4919,926333.3333333334
4920,531666.6666666666
4921,834000.0
4922,855000.0
4923,622000.0
4924,1124000.0
4925,988833.3333333334
4926,1347000.0
4927,2501666.6666666665
4928,1115500.0
4929,1530000.0
4930,1135000.0
4931,700000.0
4932,1126833.3333333333
4933,635000.0
4934,1012000.0
4935,640000.0
4936,526333.3333333334
4937,980000.0
4938,909000.0
4939,654000.0
4940,2635000.0
4941,877000.0
4942,1014666.6666666666
4943,895333.3333333334
4944,1126666.6666666667
4945,1049333.3333333333
4946,698333.3333333334
4947,2030000.0
4948,512000.0
4949,880000.0
4950,978666.6666666666
4951,3715000.0
4952,756333.3333333334
4953,1212333.3333333333
4954,609333.3333333334
4955,952833.3333333334
4956,824000.0
4957,566000.0
4958,653500.0
4959,2308333.3333333335
4960,875000.0
4961,1525000.0
4962,1097000.0
4963,1332000.0
4964,650666.6666666666
4965,1352666.6666666667
4966,713000.0
4967,871333.3333333334
4968,1086000.0
4969,1072333.3333333333
4970,506333.3333333333
4971,600766.6666666666
4972,986666.6666666666
4973,3495000.0
4974,767666.6666666666
4975,417333.3333333333
4976,952833.3333333334
4977,958333.3333333334
4978,887000.0
4979,1130666.6666666667
4980,876833.3333333334
4981,1093666.6666666667
4982,1253333.3333333333
4983,987000.0
4984,1624666.6666666667
4985,751000.0
4986,1114000.0
4987,1616666.6666666667
4988,1457666.6666666667
4989,749166.6666666666
4990,1144333.3333333333
4991,1664833.3333333333
4992,1200000.0
4993,684666.6666666666
4994,606666.6666666666
4995,1075000.0
4996,1133333.3333333333
4997,943333.3333333334
4998,1637666.6666666667
4999,839333.3333333334
5000,582833.3333333334
5001,1290000.0
5002,1770000.0
5003,1526933.3333333333
5004,883333.3333333334
5005,1281666.6666666667
5006,1281666.6666666667
5007,563000.0
5008,760166.6666666666
5009,616666.6666666666
5010,1439333.3333333333
5011,2410666.6666666665
5012,475000.0
5013,810333.3333333334
5014,1542000.0
5015,2811666.6666666665
5016,741666.6666666666
5017,1060333.3333333333
5018,1262000.0
5019,2322000.0
5020,1445666.6666666667
5021,2080000.0
5022,823333.3333333334
5023,2131666.6666666665
5024,596166.6666666666
5025,1258333.3333333333
5026,885333.3333333334
5027,780000.0
5028,829833.3333333334
5029,1364333.3333333333
5030,608166.6666666666
5031,838666.6666666666
5032,1242666.6666666667
5033,952666.6666666666
5034,946000.0
5035,483781.3333333333
5036,430333.3333333333
5037,576000.0
5038,2242333.3333333335
5039,1445000.0
5040,732000.0
5041,345666.6666666667
5042,1119333.3333333333
5043,991666.6666666666
5044,1276666.6666666667
5045,540000.0
5046,3200000.0
5047,541000.0
5048,767836.0
5049,690000.0
5050,913500.0
5051,1410000.0
5052,2681666.6666666665
5053,520833.3333333333
5054,1091666.6666666667
5055,798500.0
5056,1025333.3333333334
5057,1477333.3333333333
5058,787666.6666666666
5059,1261666.6666666667
5060,1158333.3333333333
5061,623666.6666666666
5062,1177000.0
5063,1655000.0
5064,1127000.0
5065,1141666.6666666667
5066,447833.3333333333
5067,838000.0
5068,948333.3333333334
5069,846000.0
5070,1418333.3333333333
5071,525333.3333333334
5072,455500.0
5073,958333.3333333334
5074,737333.3333333334
5075,511333.3333333333
5076,1321666.6666666667
5077,668666.6666666666
5078,541666.6666666666
5079,662666.6666666666
5080,770000.0
5081,1460000.0
5082,1495000.0
5083,2503333.3333333335
5084,318666.6666666667
5085,1174833.3333333333
5086,675000.0
5087,1020666.6666666666
5088,1886000.0
5089,493433.3333333333
5090,623333.3333333334
5091,552500.0
5092,529000.0
5093,409166.6666666667
5094,910000.0
5095,1720000.0
5096,1433666.6666666667
5097,1058666.6666666667
5098,660000.0
5099,1503333.3333333333
5100,557833.3333333334
5101,2271666.6666666665
5102,1257500.0
5103,1096000.0
5104,1350000.0
5105,547500.0
5106,585500.0
5107,480666.6666666667
5108,706333.3333333334
5109,778333.3333333334
5110,678500.0
5111,1067333.3333333333
5112,642500.0
5113,818833.3333333334
5114,645000.0
5115,1025000.0
5116,968333.3333333334
5117,1032000.0
5118,1088333.3333333333
5119,1318333.3333333333
5120,1775500.0
5121,1027666.6666666666
5122,466000.0
5123,1151166.6666666667
5124,710666.6666666666
5125,763333.3333333334
5126,391033.3333333333
5127,1080833.3333333333
5128,654000.0
5129,832000.0
5130,1125000.0
5131,1176000.0
5132,1343666.6666666667
5133,1931666.6666666667
5134,983333.3333333334
5135,1277000.0
5136,2181666.6666666665
5137,670000.0
5138,1697000.0
5139,2198333.3333333335
5140,814333.3333333334
5141,1018500.0
5142,1775000.0
5143,1070333.3333333333
5144,904333.3333333334
5145,485000.0
5146,655500.0
5147,1034333.3333333334
5148,1705000.0
5149,747333.3333333334
5150,1877666.6666666667
5151,547666.6666666666
5152,2528333.3333333335
5153,1297833.3333333333
5154,1485333.3333333333
5155,805333.3333333334
5156,1233333.3333333333
5157,2181666.6666666665
5158,1045000.0
5159,1244000.0
5160,2020000.0
5161,548166.6666666666
5162,811000.0
5163,1385000.0
5164,463333.3333333333
5165,1950000.0
5166,1394000.0
5167,2221666.6666666665
5168,732333.3333333334
5169,1145666.6666666667
5170,1060000.0
5171,968333.3333333334
5172,875333.3333333334
5173,650000.0
5174,724333.3333333334
5175,615666.6666666666
5176,875000.0
5177,406666.6666666667
5178,648333.3333333334
5179,929500.0
5180,1382666.6666666667
5181,1110333.3333333333
5182,1020000.0
5183,938333.3333333334
5184,1585000.0
5185,765500.0
5186,2310000.0
5187,512500.0
5188,905333.3333333334
5189,736666.6666666666
5190,1071666.6666666667
5191,1191666.6666666667
5192,2151666.6666666665
5193,1566666.6666666667
5194,662666.6666666666
5195,689666.6666666666
5196,1348333.3333333333
5197,1211666.6666666667
5198,1603333.3333333333
5199,1235666.6666666667
5200,1000333.3333333334
5201,2113333.3333333335
5202,1003333.3333333334
5203,3000000.0
5204,1014666.6666666666
5205,1016000.0
5206,1262333.3333333333
5207,695666.6666666666
5208,1067333.3333333333
5209,2460000.0
5210,950666.6666666666
5211,1273666.6666666667
5212,848333.3333333334
5213,1602000.0
5214,901000.0
5215,651666.6666666666
5216,1213333.3333333333
5217,829333.3333333334
5218,776666.6666666666
5219,822333.3333333334
5220,1075833.3333333333
5221,545333.3333333334
5222,878166.6666666666
5223,1615000.0
5224,1616666.6666666667
5225,2170000.0
5226,863333.3333333334
5227,2270000.0
5228,928666.6666666666
5229,894000.0
5230,2403333.3333333335
5231,981666.6666666666
5232,581000.0
5233,1887500.0
5234,1790600.0
5235,760666.6666666666
5236,1706666.6666666667
5237,550000.0
5238,670666.6666666666
5239,448333.3333333333
5240,775333.3333333334
5241,1193333.3333333333
5242,694666.6666666666
5243,578333.3333333334
5244,485000.0
5245,688333.3333333334
5246,1680000.0
5247,1578333.3333333333
5248,1232166.6666666667
5249,606666.6666666666
5250,2678333.3333333335
5251,808666.6666666666
5252,1309000.0
5253,793333.3333333334
5254,1035000.0
5255,1988666.6666666667
5256,465666.6666666667
5257,683333.3333333334
5258,1009333.3333333334
5259,2233333.3333333335
5260,601666.6666666666
5261,1653333.3333333333
5262,1599333.3333333333
5263,559000.0
5264,1110000.0
5265,795000.0
5266,1147500.0
5267,770166.6666666666
5268,844333.3333333334
5269,974000.0
5270,629666.6666666666
5271,1272166.6666666667
5272,1758666.6666666667
5273,2171666.6666666665
5274,883333.3333333334
5275,1493333.3333333333
5276,1625000.0
5277,1318500.0
5278,504000.0
5279,818333.3333333334
5280,517833.3333333333
5281,1272166.6666666667
5282,380333.3333333333
5283,750333.3333333334
5284,1448333.3333333333
5285,678500.0
5286,673333.3333333334
5287,1673333.3333333333
5288,1321666.6666666667
5289,725000.0
5290,552500.0
5291,538333.3333333334
5292,530333.3333333334
5293,1100000.0
5294,412333.3333333333
5295,1264000.0
5296,815000.0
5297,1268333.3333333333
5298,1698666.6666666667
5299,2391666.6666666665
5300,767333.3333333334
5301,295500.0
5302,612833.3333333334
5303,1034333.3333333334
5304,1698166.6666666667
5305,2183333.3333333335
5306,540166.6666666666
5307,1064333.3333333333
5308,930000.0
5309,1191000.0
5310,724333.3333333334
5311,1240000.0
5312,1330000.0
5313,882500.0
5314,608000.0
5315,679000.0
5316,1031666.6666666666
5317,582500.0
5318,403333.3333333333
5319,2116666.6666666665
5320,714000.0
5321,686000.0
5322,840733.3333333334
5323,2853333.3333333335
5324,765000.0
5325,1740000.0
5326,440666.6666666667
5327,749750.0
5328,2890000.0
5329,488166.6666666667
5330,2690333.3333333335
5331,498666.6666666667
5332,653333.3333333334
5333,575000.0
5334,792333.3333333334
5335,1359333.3333333333
5336,2278333.3333333335
5337,1066333.3333333333
5338,1002500.0
5339,592000.0
5340,1127500.0
5341,1258333.3333333333
5342,2670000.0
5343,1268333.3333333333
5344,1088333.3333333333
5345,1309000.0
5346,337666.6666666667
5347,933333.3333333334
5348,1560666.6666666667
5349,775000.0
5350,442000.0
5351,466666.6666666667
5352,1110333.3333333333
5353,684500.0
5354,617666.6666666666
5355,1083333.3333333333
5356,599333.3333333334
5357,1348333.3333333333
5358,743500.0
5359,443000.0
5360,575333.3333333334
5361,660666.6666666666
5362,1090000.0
5363,825666.6666666666
5364,545333.3333333334
5365,1025333.3333333334
5366,624166.6666666666
5367,398000.0
5368,973333.3333333334
5369,355000.0
5370,2523333.3333333335
5371,1503333.3333333333
5372,610000.0
5373,1217666.6666666667
5374,820000.0
5375,922500.0
5376,823833.3333333334
5377,699166.6666666666
5378,751666.6666666666
5379,774333.3333333334
5380,1045333.3333333334
5381,1203333.3333333333
5382,359666.6666666667
5383,544333.3333333334
5384,1316833.3333333333
5385,1444000.0
5386,1863333.3333333333
5387,600766.6666666666
5388,1457500.0
5389,555333.3333333334
5390,1725000.0
5391,1536000.0
5392,809666.6666666666
5393,713666.6666666666
5394,1248333.3333333333
5395,1906666.6666666667
5396,1000000.0
5397,775000.0
5398,1059333.3333333333
5399,878333.3333333334
5400,711666.6666666666
5401,1079333.3333333333
5402,598666.6666666666
5403,1136666.6666666667
5404,738500.0
5405,402333.3333333333
5406,483666.6666666667
5407,985000.0
5408,1021333.3333333334
5409,1950000.0
5410,840833.3333333334
5411,822833.3333333334
5412,484000.0
5413,1972333.3333333333
5414,1495000.0
5415,603666.6666666666
5416,978333.3333333334
5417,702000.0
5418,1715000.0
5419,713333.3333333334
5420,1378333.3333333333
5421,1787000.0
5422,1248333.3333333333
5423,1043833.3333333334
5424,1116666.6666666667
5425,730333.3333333334
5426,2350833.3333333335
5427,819000.0
5428,1291666.6666666667
5429,1206666.6666666667
5430,1151333.3333333333
5431,1065333.3333333333
5432,1941666.6666666667
5433,608500.0
5434,1013333.3333333334
5435,1330833.3333333333
5436,620333.3333333334
5437,918333.3333333334
5438,1005000.0
5439,1575266.6666666667
5440,1418333.3333333333
5441,910333.3333333334
5442,546666.6666666666
5443,597833.3333333334
5444,1343333.3333333333
5445,1585833.3333333333
5446,509333.3333333333
5447,745000.0
5448,584000.0
5449,715000.0
5450,1470000.0
5451,1259000.0
5452,615000.0
5453,321500.0
5454,465000.0
5455,310666.6666666667
5456,815000.0
5457,749166.6666666666
5458,1193333.3333333333
5459,1045000.0
5460,601666.6666666666
5461,1672000.0
5462,428666.6666666667
5463,519333.3333333333
5464,632666.6666666666
5465,785000.0
5466,810000.0
5467,695000.0
5468,902000.0
5469,530000.0
5470,910666.6666666666
5471,743666.6666666666
5472,1071666.6666666667
5473,1340000.0
5474,557100.0
5475,805000.0
5476,1723333.3333333333
5477,606000.0
5478,1630000.0
5479,666666.6666666666
5480,713000.0
5481,2048333.3333333333
5482,825333.3333333334
5483,810000.0
5484,923333.3333333334
5485,963666.6666666666
5486,900000.0
5487,880000.0
5488,859000.0
5489,1301666.6666666667
5490,2761666.6666666665
5491,515000.0
5492,425666.6666666667
5493,827000.0
5494,762666.6666666666
5495,985000.0
5496,686666.6666666666
5497,2006666.6666666667
5498,933333.3333333334
5499,1268333.3333333333
5500,1468666.6666666667
5501,1463333.3333333333
5502,789166.6666666666
5503,1295000.0
5504,1345000.0
5505,1388333.3333333333
5506,658666.6666666666
5507,385666.6666666667
5508,1436666.6666666667
5509,2426666.6666666665
5510,633666.6666666666
5511,1192666.6666666667
5512,940333.3333333334
5513,1121666.6666666667
5514,950000.0
5515,584333.3333333334
5516,1277500.0
5517,1205833.3333333333
5518,1392000.0
5519,562833.3333333334
5520,1472666.6666666667
5521,1048000.0
5522,380000.0
5523,798500.0
5524,1274066.6666666667
5525,1168333.3333333333
5526,1480000.0
5527,1060000.0
5528,818000.0
5529,506666.6666666667
5530,735000.0
5531,1150000.0
5532,2140000.0
5533,358333.3333333333
5534,611666.6666666666
5535,490000.0
5536,850333.3333333334
5537,3975000.0
5538,793333.3333333334
5539,827666.6666666666
5540,745000.0
5541,1002166.6666666666
5542,905666.6666666666
5543,2168666.6666666665
5544,1941666.6666666667
5545,1009333.3333333334
5546,1232333.3333333333
5547,1022166.6666666666
5548,547500.0
5549,1035000.0
5550,482333.3333333333
5551,425666.6666666667
5552,1049000.0
5553,2172000.0
5554,2200000.0
5555,881666.6666666666
5556,440666.6666666667
5557,859000.0
5558,756666.6666666666
5559,1042666.6666666666
5560,1881666.6666666667
5561,767666.6666666666
5562,983666.6666666666
5563,463333.3333333333
5564,448333.3333333333
5565,540000.0
5566,636833.3333333334
5567,2731666.6666666665
5568,901666.6666666666
5569,1161333.3333333333
5570,654333.3333333334
5571,2011666.6666666667
5572,582000.0
5573,613833.3333333334
5574,1123333.3333333333
5575,1460000.0
5576,588000.0
5577,1976000.0
5578,477666.6666666667
5579,1276666.6666666667
5580,955500.0
5581,2650000.0
5582,939000.0
5583,488333.3333333333
5584,1218333.3333333333
5585,1411000.0
5586,701833.3333333334
5587,1585000.0
5588,844333.3333333334
5589,1148333.3333333333
5590,596666.6666666666
5591,833333.3333333334
5592,714333.3333333334
5593,1051166.6666666667
5594,897000.0
5595,731666.6666666666
5596,1415000.0
5597,2055000.0
5598,503000.0
5599,911000.0
5600,848666.6666666666
5601,496333.3333333333
5602,3063333.3333333335
5603,506166.6666666667
5604,563333.3333333334
5605,2735000.0
5606,818666.6666666666
5607,539000.0
5608,1196666.6666666667
5609,1715000.0
5610,384416.6666666667
5611,1850666.6666666667
5612,2345000.0
5613,1151666.6666666667
5614,762666.6666666666
5615,1708333.3333333333
5616,1756666.6666666667
5617,852333.3333333334
5618,447833.3333333333
5619,527333.3333333334
5620,1120000.0
5621,763333.3333333334
5622,370750.0
5623,933333.3333333334
5624,1053333.3333333333
5625,1254833.3333333333
5626,947166.6666666666
5627,501666.6666666667
5628,1445000.0
5629,3755333.3333333335
5630,720833.3333333334
5631,1444333.3333333333
5632,757833.3333333334
5633,706500.0
5634,668333.3333333334
5635,581666.6666666666
5636,1133333.3333333333
5637,948000.0
5638,805333.3333333334
5639,616666.6666666666
5640,542666.6666666666
5641,1158666.6666666667
5642,431000.0
5643,1886666.6666666667
5644,756000.0
5645,631000.0
5646,1195333.3333333333
5647,1050166.6666666667
5648,585333.3333333334
5649,2246666.6666666665
5650,794166.6666666666
5651,1578333.3333333333
5652,479333.3333333333
5653,1265000.0
5654,1003333.3333333334
5655,936666.6666666666
5656,337333.3333333333
5657,345666.6666666667
5658,1644000.0
5659,933333.3333333334
5660,413333.3333333333
5661,355333.3333333333
5662,1780333.3333333333
5663,1033833.3333333334
5664,746833.3333333334
5665,580166.6666666666
5666,929333.3333333334
5667,2973333.3333333335
5668,580000.0
5669,1508333.3333333333
5670,2333333.3333333335
5671,498666.6666666667
5672,1272000.0
5673,3586666.6666666665
5674,979000.0
5675,666333.3333333334
5676,1685000.0
5677,1965000.0
5678,1417333.3333333333
5679,708666.6666666666
5680,887000.0
5681,1038833.3333333334
5682,2663333.3333333335
5683,749666.6666666666
5684,520000.0
5685,515833.3333333333
5686,975000.0
5687,606666.6666666666
5688,1610000.0
5689,1160000.0
5690,1333333.3333333333
5691,624000.0
5692,2255000.0
5693,1234666.6666666667
5694,1230000.0
5695,953333.3333333334
5696,500833.3333333333
5697,641333.3333333334
5698,864000.0
5699,485000.0
5700,626500.0
5701,854833.3333333334
5702,883000.0
5703,874666.6666666666
5704,471000.0
5705,1244000.0
5706,950000.0
5707,1203666.6666666667
5708,1633333.3333333333
5709,1224000.0
5710,808500.0
5711,1261000.0
5712,945000.0
5713,1040000.0
5714,874666.6666666666
5715,1533333.3333333333
5716,1191666.6666666667
5717,748333.3333333334
5718,3018333.3333333335
5719,1180833.3333333333
5720,1220000.0
5721,885000.0
5722,1404000.0
5723,475000.0
5724,514333.3333333333
5725,1066333.3333333333
5726,909333.3333333334
5727,1269166.6666666667
5728,1007500.0
5729,384333.3333333333
5730,1035000.0
5731,967500.0
5732,785000.0
5733,852000.0
5734,735000.0
5735,1280000.0
5736,1213333.3333333333
5737,1356166.6666666667
5738,1128333.3333333333
5739,995833.3333333334
5740,1067000.0
5741,682500.0
5742,989333.3333333334
5743,2230333.3333333335
5744,773333.3333333334
5745,743333.3333333334
5746,1698333.3333333333
5747,673333.3333333334
5748,831666.6666666666
5749,852333.3333333334
5750,2265333.3333333335
5751,844333.3333333334
5752,1114500.0
5753,610000.0
5754,1060000.0
5755,520666.6666666667
5756,1079333.3333333333
5757,1330000.0
5758,878166.6666666666
5759,1510000.0
5760,811166.6666666666
5761,1008333.3333333334
5762,1000333.3333333334
5763,520166.6666666667
5764,1299666.6666666667
5765,853700.0
5766,368333.3333333333
5767,891166.6666666666
5768,430000.0
5769,1438666.6666666667
5770,1110000.0
5771,1151333.3333333333
5772,1134000.0
5773,1757500.0
5774,1477500.0
5775,2908333.3333333335
5776,883000.0
5777,1545666.6666666667
5778,385666.6666666667
5779,578666.6666666666
5780,920000.0
5781,674000.0
5782,749333.3333333334
5783,942333.3333333334
5784,1036500.0
5785,916500.0
5786,976666.6666666666
5787,403333.3333333333
5788,518000.0
5789,1705000.0
5790,946666.6666666666
5791,501333.3333333333
5792,1244166.6666666667
5793,870000.0
5794,572766.6666666666
5795,1063333.3333333333
5796,443000.0
5797,1698166.6666666667
5798,798666.6666666666
5799,1283333.3333333333
5800,386416.6666666667
5801,976833.3333333334
5802,1513333.3333333333
5803,845333.3333333334
5804,1059000.0
5805,1328333.3333333333
5806,801833.3333333334
5807,1673333.3333333333
5808,1080333.3333333333
5809,1203333.3333333333
5810,993333.3333333334
5811,1395000.0
5812,777333.3333333334
5813,702333.3333333334
5814,2059666.6666666667
5815,3526666.6666666665
5816,641666.6666666666
5817,768333.3333333334
5818,881000.0
5819,770000.0
5820,968333.3333333334
5821,755333.3333333334
5822,1216000.0
5823,1292000.0
5824,1080000.0
5825,1410333.3333333333
5826,655666.6666666666
5827,402333.3333333333
5828,2178333.3333333335
5829,1960333.3333333333
5830,2180333.3333333335
5831,657666.6666666666
5832,1430000.0
5833,1224333.3333333333
5834,671000.0
5835,583666.6666666666
5836,267833.3333333333
5837,851666.6666666666
5838,808333.3333333334
5839,2108333.3333333335
5840,485000.0
5841,1100333.3333333333
5842,735000.0
5843,745000.0
5844,907666.6666666666
5845,363333.3333333333
5846,1387333.3333333333
5847,1038500.0
5848,540833.3333333334
5849,1500000.0
5850,1546666.6666666667
5851,823000.0
5852,1430000.0
5853,940733.3333333334
5854,725666.6666666666
5855,1041666.6666666666
5856,1308333.3333333333
5857,1933333.3333333333
5858,1174833.3333333333
5859,945000.0
5860,2446666.6666666665
5861,1267666.6666666667
5862,554666.6666666666
5863,519333.3333333333
5864,1413333.3333333333
5865,787000.0
5866,996666.6666666666
5867,530833.3333333334
5868,700666.6666666666
5869,803333.3333333334
5870,1099000.0
5871,650333.3333333334
5872,615333.0
5873,1174666.6666666667
5874,1240000.0
5875,902666.6666666666
5876,999166.6666666666
5877,1085000.0
5878,621333.3333333334
5879,411666.6666666667
5880,1445000.0
5881,933333.3333333334
5882,1642666.6666666667
5883,2817000.0
5884,2157666.6666666665
5885,565666.6666666666
5886,1481000.0
5887,2220000.0
5888,1671000.0
5889,366333.3333333333
5890,2503666.6666666665
5891,736000.0
5892,3061666.6666666665
5893,853333.3333333334
5894,1646666.6666666667
5895,1363333.3333333333
5896,828000.0
5897,1032666.6666666666
5898,485000.0
5899,684000.0
5900,665333.3333333334
5901,938333.3333333334
5902,1112000.0
5903,1603333.3333333333
5904,1234166.6666666667
5905,1195266.6666666667
5906,1127000.0
5907,2060000.0
5908,958333.3333333334
5909,1955000.0
5910,1220000.0
5911,620333.3333333334
5912,446666.6666666667
5913,1906666.6666666667
5914,307333.3333333333
5915,1138666.6666666667
5916,1049333.3333333333
5917,2265000.0
5918,1106000.0
5919,2075000.0
5920,406000.0
5921,627666.6666666666
5922,544333.3333333334
5923,1200333.3333333333
5924,723666.6666666666
5925,942500.0
5926,606666.6666666666
5927,945833.3333333334
5928,533333.3333333334
5929,1054666.6666666667
5930,1025000.0
5931,1473333.3333333333
5932,1527500.0
5933,649166.6666666666
5934,1882000.0
5935,818333.3333333334
5936,861666.6666666666
5937,568333.3333333334
5938,1226666.6666666667
5939,1455333.3333333333
5940,2348333.3333333335
5941,926666.6666666666
5942,1734333.3333333333
5943,956666.6666666666
5944,480666.6666666667
5945,2712000.0
5946,753666.6666666666
5947,800000.0
5948,602500.0
5949,2277666.6666666665
5950,506666.6666666667
5951,2157333.3333333335
5952,583166.6666666666
5953,866666.6666666666
5954,750333.3333333334
5955,1785000.0
5956,844166.6666666666
5957,822000.0
5958,890000.0
5959,746666.6666666666
5960,1002833.3333333334
5961,2168666.6666666665
5962,1488333.3333333333
5963,1351666.6666666667
5964,1478666.6666666667
5965,853333.3333333334
5966,597796.0
5967,598333.3333333334
5968,1425000.0
5969,678500.0
5970,518666.6666666667
5971,718500.0
5972,1654166.6666666667
5973,1335333.3333333333
5974,917333.3333333334
5975,1130000.0
5976,818666.6666666666
5977,1385000.0
5978,520000.0
5979,1614000.0
5980,412000.0
5981,1275000.0
5982,845333.3333333334
5983,970000.0
5984,568333.3333333334
5985,620000.0
5986,726666.6666666666
5987,1024333.3333333334
5988,1250000.0
5989,1775000.0
5990,861500.0
5991,1540000.0
5992,899000.0
5993,873333.3333333334
5994,655333.3333333334
5995,1191666.6666666667
5996,2250000.0
5997,1245000.0
5998,836666.6666666666
5999,635833.3333333334
6000,1166666.6666666667
6001,1183833.3333333333
6002,1193333.3333333333
6003,934333.3333333334
6004,495666.6666666667
6005,890000.0
6006,500583.3333333333
6007,710000.0
6008,851000.0
6009,633333.3333333334
6010,618333.3333333334
6011,301166.6666666667
6012,913333.3333333334
6013,1407333.3333333333
6014,410666.6666666667
6015,1343333.3333333333
6016,778333.3333333334
6017,1035166.6666666666
6018,864333.3333333334
6019,495666.6666666667
6020,910666.6666666666
6021,616000.0
6022,661333.3333333334
6023,653333.3333333334
6024,695666.6666666666
6025,1546666.6666666667
6026,744333.3333333334
6027,440000.0
6028,896333.3333333334
6029,1233333.3333333333
6030,2077666.6666666667
6031,773333.3333333334
6032,475666.6666666667
6033,1204333.3333333333
6034,975000.0
6035,525333.3333333334
6036,2308333.3333333335
6037,1867666.6666666667
6038,871666.6666666666
6039,689500.0
6040,800000.0
6041,925333.3333333334
6042,1286000.0
6043,1051000.0
6044,412000.0
6045,674666.6666666666
6046,1046000.0
6047,1311333.3333333333
6048,1158000.0
6049,628333.3333333334
6050,676666.6666666666
6051,1035666.6666666666
6052,1023333.3333333334
6053,881666.6666666666
6054,1185833.3333333333
6055,2167333.3333333335
6056,1068333.3333333333
6057,1070000.0
6058,519333.3333333333
6059,1593333.3333333333
6060,1522333.3333333333
6061,742333.3333333334
6062,1371666.6666666667
6063,498000.0
6064,475000.0
6065,344166.6666666667
6066,1861000.0
6067,952833.3333333334
6068,465666.6666666667
6069,744000.0
6070,1268666.6666666667
6071,896666.6666666666
6072,2170000.0
6073,1200333.3333333333
6074,863333.3333333334
6075,1427000.0
6076,1138333.3333333333
6077,1083333.3333333333
6078,937000.0
6079,793666.6666666666
6080,2020000.0
6081,689000.0
6082,491666.6666666667
6083,336666.6666666667
6084,616166.6666666666
6085,548333.3333333334
6086,637666.6666666666
6087,581666.6666666666
6088,802333.3333333334
6089,956666.6666666666
6090,810500.0
6091,765500.0
6092,3608333.3333333335
6093,906666.6666666666
6094,604000.0
6095,894000.0
6096,483781.3333333333
6097,987333.3333333334
6098,836666.6666666666
6099,1216666.6666666667
6100,677046.0
6101,647333.3333333334
6102,868500.0
6103,534166.6666666666
6104,1614166.6666666667
6105,831666.6666666666
6106,1746666.6666666667
6107,686000.0
6108,495666.6666666667
6109,590666.6666666666
6110,958333.3333333334
6111,781000.0
6112,849333.3333333334
6113,3200000.0
6114,2863333.3333333335
6115,825666.6666666666
6116,409000.0
6117,1573333.3333333333
6118,1042333.3333333334
6119,1861666.6666666667
6120,891000.0
6121,651333.3333333334
6122,753333.3333333334
6123,805000.0
6124,1126666.6666666667
6125,552666.6666666666
6126,1094166.6666666667
6127,690000.0
6128,1053000.0
6129,796000.0
6130,623333.3333333334
6131,985000.0
6132,1510000.0
6133,375666.6666666667
6134,1440000.0
6135,762500.0
6136,993500.0
6137,1112500.0
6138,1261666.6666666667
6139,2475000.0
6140,448333.3333333333
6141,1178333.3333333333
6142,733666.6666666666
6143,1164000.0
6144,1360629.3333333333
6145,520833.3333333333
6146,402333.3333333333
6147,440666.6666666667
6148,793333.3333333334
6149,2505000.0
6150,1790000.0
6151,1199000.0
6152,1871500.0
6153,660166.6666666666
6154,910000.0
6155,1253333.3333333333
6156,1733333.3333333333
6157,675666.6666666666
6158,2235000.0
6159,501000.0
6160,548666.6666666666
6161,931666.6666666666
6162,520000.0
6163,2040333.3333333333
6164,945000.0
6165,668333.3333333334
6166,697833.3333333334
6167,739000.0
6168,1119000.0
6169,720333.3333333334
6170,602666.6666666666
6171,1326666.6666666667
6172,2676666.6666666665
6173,2080000.0
6174,1691666.6666666667
6175,1883333.3333333333
6176,1581666.6666666667
6177,1057000.0
6178,1048000.0
6179,940733.3333333334
6180,906666.6666666666
6181,713000.0
6182,1212666.6666666667
6183,910000.0
6184,1603333.3333333333
6185,528666.6666666666
6186,597000.0
6187,566900.0
6188,1275666.6666666667
6189,701666.6666666666
6190,606666.6666666666
6191,576666.6666666666
6192,425000.0
6193,913333.3333333334
6194,404500.0
6195,1828333.3333333333
6196,1534333.3333333333
6197,831333.3333333334
6198,941666.6666666666
6199,651666.6666666666
6200,975000.0
6201,1525000.0
6202,1281666.6666666667
6203,1275666.6666666667
6204,1543000.0
6205,830000.0
6206,778666.6666666666
6207,515666.6666666667
6208,2225000.0
6209,691000.0
6210,1127000.0
6211,786500.0
6212,1402000.0
6213,874000.0
6214,1743833.3333333333
6215,761333.3333333334
6216,776666.6666666666
6217,1615000.0
6218,685000.0
6219,2744000.0
6220,960333.3333333334
6221,1040666.6666666666
6222,612000.0
6223,733333.3333333334
6224,779333.3333333334
6225,791666.6666666666
6226,1078666.6666666667
6227,2430666.6666666665
6228,520000.0
6229,882500.0
6230,1671666.6666666667
6231,452666.6666666667
6232,694000.0
6233,441666.6666666667
6234,1976666.6666666667
6235,795333.3333333334
6236,692666.6666666666
6237,576666.6666666666
6238,1210666.6666666667
6239,1148333.3333333333
6240,1394000.0
6241,554333.3333333334
6242,1058333.3333333333
6243,1060000.0
6244,1466666.6666666667
6245,1643333.3333333333
6246,1124333.3333333333
6247,738000.0
6248,615000.0
6249,1628666.6666666667
6250,1407500.0
6251,823666.6666666666
6252,482000.0
6253,1034166.6666666666
6254,922333.3333333334
6255,1950000.0
6256,791666.6666666666
6257,536000.0
6258,681333.3333333334
6259,1081000.0
6260,603000.0
6261,1120000.0
6262,1150000.0
6263,702000.0
6264,1240000.0
6265,2316666.6666666665
6266,951666.6666666666
6267,1213333.3333333333
6268,1135000.0
6269,1244000.0
6270,1175000.0
6271,822000.0
6272,1532333.3333333333
6273,1965000.0
6274,885000.0
6275,676666.6666666666
6276,1116833.3333333333
6277,517333.3333333333
6278,1478333.3333333333
6279,586000.0
6280,882000.0
6281,905333.3333333334
6282,615000.0
6283,891333.3333333334
6284,891666.6666666666
6285,667500.0
6286,3666666.6666666665
6287,576666.6666666666
6288,852333.3333333334
6289,2043333.3333333333
6290,1018000.0
6291,431666.6666666667
6292,2223333.3333333335
6293,725833.3333333334
6294,770000.0
6295,1050666.6666666667
6296,1493500.0
6297,1605000.0
6298,1923333.3333333333
6299,2301666.6666666665
6300,1016666.6666666666
6301,821666.6666666666
6302,525333.3333333334
6303,707333.3333333334
6304,606333.3333333334
6305,355000.0
6306,1918333.3333333333
6307,1085000.0
6308,833333.3333333334
6309,1950000.0
6310,1893333.3333333333
6311,927333.3333333334
6312,949333.3333333334
6313,2093333.3333333333
6314,1640000.0
6315,1275000.0
6316,1868000.0
6317,618666.6666666666
6318,3346666.6666666665
6319,729666.6666666666
6320,2332333.3333333335
6321,464000.0
6322,1277333.3333333333
6323,1168333.3333333333
6324,711666.6666666666
6325,689666.6666666666
6326,2475000.0
6327,458333.3333333333
6328,607000.0
6329,706666.6666666666
6330,933333.3333333334
6331,937333.3333333334
6332,2955000.0
6333,698500.0
6334,978333.3333333334
6335,893666.6666666666
6336,788000.0
6337,925333.3333333334
6338,563333.3333333334
6339,1805000.0
6340,1143333.3333333333
6341,848333.3333333334
6342,2076666.6666666667
6343,1049000.0
6344,2541666.6666666665
6345,831666.6666666666
6346,1568333.3333333333
6347,517833.3333333333
6348,472333.3333333333
6349,477000.0
6350,2700000.0
6351,551333.3333333334
6352,1980000.0
6353,2320333.3333333335
6354,603000.0
6355,929000.0
6356,668333.3333333334
6357,1923333.3333333333
6358,641000.0
6359,675000.0
6360,1513333.3333333333
6361,441666.6666666667
6362,626666.6666666666
6363,929166.6666666666
6364,369166.6666666667
6365,583333.3333333334
6366,1123166.6666666667
6367,881000.0
6368,993000.0
6369,881666.6666666666
6370,1196666.6666666667
6371,673333.3333333334
6372,343666.6666666667
6373,482666.6666666667
6374,659166.6666666666
6375,978666.6666666666
6376,741666.6666666666
6377,743500.0
6378,535000.0
6379,1075833.3333333333
6380,703666.6666666666
6381,986666.3333333334
6382,662666.6666666666
6383,1075000.0
6384,670000.0
6385,1765000.0
6386,2373333.3333333335
6387,838500.0
6388,594833.3333333334
6389,1133833.3333333333
6390,330333.3333333333
6391,1021000.0
6392,900000.0
6393,946166.6666666666
6394,1186666.6666666667
6395,1096666.6666666667
6396,890166.6666666666
6397,1077333.3333333333
6398,658333.3333333334
6399,1478666.6666666667
6400,463333.3333333333
6401,847000.0
6402,579433.3333333334
6403,1043333.3333333334
6404,1078333.3333333333
6405,615000.0
6406,1010000.0
6407,1120000.0
6408,1301666.6666666667
6409,1176666.6666666667
6410,480666.6666666667
6411,1603333.3333333333
6412,952833.3333333334
6413,700445.0
6414,1019666.6666666666
6415,788333.3333333334
6416,660333.3333333334
6417,950833.3333333334
6418,855333.3333333334
6419,2516666.6666666665
6420,1201666.6666666667
6421,2600000.0
6422,2040000.0
6423,690666.6666666666
6424,1227000.0
6425,627666.6666666666
6426,520000.0
6427,2226666.6666666665
6428,1668333.3333333333
6429,847400.0
6430,945000.0
6431,1033333.3333333334
6432,2197000.0
6433,2258333.3333333335
6434,788666.6666666666
6435,356500.0
6436,1339666.6666666667
6437,906666.6666666666
6438,700000.0
6439,770666.6666666666
6440,1381666.6666666667
6441,1816666.6666666667
6442,1033333.3333333334
6443,1223333.3333333333
6444,991666.6666666666
6445,1896666.6666666667
6446,1814833.3333333333
6447,559000.0
6448,1001333.3333333334
6449,774333.3333333334
6450,550833.3333333334
6451,1434666.6666666667
6452,815000.0
6453,1470666.6666666667
6454,545333.3333333334
6455,1262000.0
6456,343666.6666666667
6457,1277000.0
6458,1961666.6666666667
6459,851666.6666666666
6460,1194900.0
6461,755666.6666666666
6462,1235000.0
6463,834000.0
6464,650600.0
6465,1057333.3333333333
6466,512233.3333333333
6467,566666.6666666666
6468,795666.6666666666
6469,1291666.6666666667
6470,516666.6666666667
6471,1095000.0
6472,1407333.3333333333
6473,822666.6666666666
6474,825666.6666666666
6475,1560333.3333333333
6476,1138333.3333333333
6477,1062666.6666666667
6478,1354333.3333333333
6479,425000.0
6480,596333.3333333334
6481,555000.0
6482,282500.0
6483,1687500.0
6484,848333.3333333334
6485,430000.0
6486,1105000.0
6487,1092666.6666666667
6488,370333.3333333333
6489,1202000.0
6490,1066833.3333333333
6491,786666.6666666666
6492,685833.3333333334
6493,1225000.0
6494,2338333.3333333335
6495,743500.0
6496,970333.3333333334
6497,520000.0
6498,1444333.3333333333
6499,430000.0
6500,765166.6666666666
6501,1265333.3333333333
6502,1114900.0
6503,1293333.3333333333
6504,1150000.0
6505,878333.3333333334
6506,594166.6666666666
6507,2803333.3333333335
6508,1751666.6666666667
6509,551500.0
6510,292833.3333333333
6511,533833.3333333334
6512,3627333.3333333335
6513,973600.0
6514,1819000.0
6515,885000.0
6516,1632333.3333333333
6517,685000.0
6518,539666.6666666666
6519,1787833.3333333333
6520,472333.3333333333
6521,1400000.0
6522,673333.3333333334
6523,1978333.3333333333
6524,656666.6666666666
6525,667666.6666666666
6526,886666.6666666666
6527,1280000.0
6528,2565333.3333333335
6529,1305333.3333333333
6530,854000.0
6531,761666.6666666666
6532,483781.3333333333
6533,1421666.6666666667
6534,666000.0
6535,1064333.3333333333
6536,710000.0
6537,1652166.6666666667
6538,633333.3333333334
6539,1173666.6666666667
6540,492000.0
6541,645000.0
6542,870833.3333333334
6543,389333.3333333333
6544,621666.6666666666
6545,800833.3333333334
6546,1016666.6666666666
6547,301166.6666666667
6548,596333.3333333334
6549,475666.6666666667
6550,511916.6666666667
6551,912333.3333333334
6552,1295666.6666666667
6553,1228333.3333333333
6554,1020000.0
6555,1453333.3333333333
6556,1101666.6666666667
6557,1725833.3333333333
6558,639000.0
6559,594500.0
6560,1203666.6666666667
6561,863333.3333333334
6562,673333.3333333334
6563,738333.3333333334
6564,795333.3333333334
6565,2033333.3333333333
6566,578333.3333333334
6567,582766.6666666666
6568,810000.0
6569,542666.6666666666
6570,1218333.3333333333
6571,1138333.3333333333
6572,812000.0
6573,747666.6666666666
6574,793000.0
6575,817000.0
6576,1045000.0
6577,649333.3333333334
6578,1134666.6666666667
6579,3437500.0
6580,856666.6666666666
6581,1183666.6666666667
6582,1126666.6666666667
6583,1075000.0
6584,1563333.3333333333
6585,555000.0
6586,1015833.3333333334
6587,939000.0
6588,446666.6666666667
6589,455500.0
6590,715666.6666666666
6591,571666.6666666666
6592,2200833.3333333335
6593,1280000.0
6594,1220000.0
6595,1028833.3333333334
6596,786000.0
6597,1115333.3333333333
6598,928333.3333333334
6599,738333.3333333334
6600,1185833.3333333333
6601,1568333.3333333333
6602,876166.6666666666
6603,2325000.0
6604,478333.3333333333
6605,915000.0
6606,978666.6666666666
6607,753333.3333333334
6608,1356333.3333333333
6609,1316000.0
6610,630000.0
6611,897000.0
6612,3677000.0
6613,550333.3333333334
6614,1530000.0
6615,1571666.6666666667
6616,480000.0
6617,518500.0
6618,1250166.6666666667
6619,545333.3333333334
6620,527333.3333333334
6621,608333.3333333334
6622,1277000.0
6623,1288333.3333333333
6624,1011666.6666666666
6625,1430000.0
6626,1096666.6666666667
6627,1756666.6666666667
6628,863166.6666666666
6629,2893333.3333333335
6630,590000.0
6631,3416666.6666666665
6632,505833.3333333333
6633,3476000.0
6634,423333.3333333333
6635,985000.0
6636,2573333.3333333335
6637,1590000.0
6638,1182000.0
6639,1364333.3333333333
6640,2211666.6666666665
6641,1057833.3333333333
6642,374333.3333333333
6643,758333.3333333334
6644,1528333.3333333333
6645,618002.6666666666
6646,896000.0
6647,435666.6666666667
6648,1153666.6666666667
6649,558333.3333333334
6650,579433.3333333334
6651,1253333.3333333333
6652,524333.3333333334
6653,992000.0
6654,2838333.3333333335
6655,894166.6666666666
6656,2300000.0
6657,566166.6666666666
6658,897666.6666666666
6659,1263333.3333333333
6660,1261666.6666666667
6661,390333.3333333333
6662,970666.6666666666
6663,533166.6666666666
6664,575166.6666666666
6665,532333.3333333334
6666,1622000.0
6667,1270333.3333333333
6668,1156666.6666666667
6669,1272666.6666666667
6670,1671666.6666666667
6671,1345333.3333333333
6672,475000.0
6673,1100000.0
6674,518666.6666666667
6675,1187962.6666666667
6676,580166.6666666666
6677,1756666.6666666667
6678,923333.3333333334
6679,1131666.6666666667
6680,447666.6666666667
6681,679333.3333333334
6682,2301666.6666666665
6683,1131666.6666666667
6684,1641666.6666666667
6685,485000.0
6686,1901666.6666666667
6687,997000.0
6688,891666.6666666666
6689,587000.0
6690,1373333.3333333333
6691,667666.6666666666
6692,1297833.3333333333
6693,458666.6666666667
6694,1254000.0
6695,1300000.0
6696,2783333.3333333335
6697,705000.0
6698,1093333.3333333333
6699,648000.0
6700,442333.3333333333
6701,1489333.3333333333
6702,526666.6666666666
6703,381666.6666666667
6704,1496000.0
6705,1606166.6666666667
6706,422666.6666666667
6707,867000.0
6708,1170000.0
6709,1236666.6666666667
6710,1245000.0
6711,408333.3333333333
6712,1195000.0
6713,1426666.6666666667
6714,1171666.6666666667
6715,1230000.0
6716,1800000.0
6717,1017833.3333333334
6718,1065666.6666666667
6719,1580000.0
6720,616500.0
6721,1303333.3333333333
6722,646333.3333333334
6723,645666.6666666666
6724,1364333.3333333333
6725,385333.3333333333
6726,531666.6666666666
6727,955000.0
6728,1010000.0
6729,1005333.3333333334
6730,715666.6666666666
6731,1502000.0
6732,514000.0
6733,488166.6666666667
6734,373333.3333333333
6735,2475000.0
6736,541500.0
6737,859000.0
6738,2058333.3333333333
6739,715000.0
6740,1161666.6666666667
6741,615000.0
6742,1733000.0
6743,785333.3333333334
6744,1294000.0
6745,1574833.3333333333
6746,456666.6666666667
6747,1273333.3333333333
6748,601333.3333333334
6749,947000.0
6750,850333.3333333334
6751,1918333.3333333333
6752,625666.6666666666
6753,2115000.0
6754,282666.6666666667
6755,1444333.3333333333
6756,1790000.0
6757,1353333.3333333333
6758,864000.0
6759,1335000.0
6760,404500.0
6761,763333.3333333334
6762,780833.3333333334
6763,1216666.6666666667
6764,1153500.0
6765,674000.0
6766,695000.0
6767,3468666.6666666665
6768,1873333.3333333333
6769,1202000.0
6770,382666.6666666667
6771,1614000.0
6772,722500.0
6773,610333.3333333334
6774,1484000.0
6775,1123666.6666666667
6776,810166.6666666666
6777,1533666.6666666667
6778,2075000.0
6779,778333.3333333334
6780,898333.3333333334
6781,466000.0
6782,716666.6666666666
6783,1453333.3333333333
6784,645000.0
6785,716833.3333333334
6786,520833.3333333333
6787,570000.0
6788,820333.3333333334
6789,955666.6666666666
6790,1275666.6666666667
6791,1077333.3333333333
6792,487666.6666666667
6793,1208666.6666666667
6794,1671666.6666666667
6795,1193333.3333333333
6796,1272166.6666666667
6797,1050666.6666666667
6798,973333.3333333334
6799,1310400.0
6800,621666.6666666666
6801,402333.3333333333
6802,663000.0
6803,581000.0
6804,1316666.6666666667
6805,1160666.6666666667
6806,542333.3333333334
6807,1436666.6666666667
6808,743666.6666666666
6809,1253333.3333333333
6810,530500.0
6811,668333.3333333334
6812,828333.3333333334
6813,1923333.3333333333
6814,1011666.6666666666
6815,687500.0
6816,1695000.0
6817,545333.3333333334
6818,869666.6666666666
6819,949333.3333333334
6820,1137000.0
6821,2016666.6666666667
6822,897666.6666666666
6823,723166.6666666666
6824,1116666.6666666667
6825,602500.0
6826,660000.0
6827,476666.6666666667
6828,490000.0
6829,1811666.6666666667
6830,343166.6666666667
6831,1143333.3333333333
6832,1398166.6666666667
6833,384333.3333333333
6834,2088333.3333333333
6835,670000.0
6836,1443333.3333333333
6837,1950000.0
6838,337666.6666666667
6839,1760000.0
6840,1263500.0
6841,973333.3333333334
6842,430500.0
6843,434000.0
6844,1432666.6666666667
6845,662500.0
6846,841166.6666666666
6847,726666.6666666666
6848,531666.6666666666
6849,730000.0
6850,1262333.3333333333
6851,1373333.3333333333
6852,1668333.3333333333
6853,950166.6666666666
6854,847666.6666666666
6855,710833.3333333334
6856,515000.0
6857,1620000.0
6858,1122000.0
6859,527500.0
6860,835000.0
6861,676166.6666666666
6862,750666.6666666666
6863,472666.6666666667
6864,549333.3333333334
6865,682000.0
6866,1870333.3333333333
6867,792000.0
6868,981833.3333333334
6869,637166.6666666666
6870,762666.6666666666
6871,1465000.0
6872,965333.3333333334
6873,856000.0
6874,1060333.3333333333
6875,678750.0
6876,436666.6666666667
6877,827166.6666666666
6878,1215666.6666666667
6879,813333.3333333334
6880,1051833.3333333333
6881,752166.6666666666
6882,2813333.3333333335
6883,474333.3333333333
6884,1290333.3333333333
6885,1195666.6666666667
6886,1087333.3333333333
6887,2378333.3333333335
6888,613833.3333333334
6889,1968333.3333333333
6890,772333.3333333334
6891,1743333.3333333333
6892,700333.3333333334
6893,1153333.3333333333
6894,996666.6666666666
6895,1161666.6666666667
6896,485000.0
6897,2334166.6666666665
6898,1299333.3333333333
6899,1176666.6666666667
6900,441666.6666666667
6901,1635000.0
6902,1537333.3333333333
6903,998333.3333333334
6904,412000.0
6905,671500.0
6906,1268666.6666666667
6907,1241000.0
6908,1440000.0
6909,694000.0
6910,1283333.3333333333
6911,1785000.0
6912,1383333.3333333333
6913,463333.3333333333
6914,1306666.6666666667
6915,1723333.3333333333
6916,2860000.0
6917,2668333.3333333335
6918,387666.6666666667
6919,2550296.0
6920,920000.0
6921,1770333.3333333333
6922,406666.6666666667
6923,1062833.3333333333
6924,1033833.3333333334
6925,1515333.3333333333
6926,1007166.6666666666
6927,1761666.6666666667
6928,1312000.0
6929,596666.6666666666
6930,763666.6666666666
6931,847000.0
6932,576666.6666666666
6933,2182000.0
6934,1601666.6666666667
6935,823833.3333333334
6936,709666.6666666666
6937,616666.6666666666
6938,1611666.6666666667
6939,338333.3333333333
6940,1643333.3333333333
6941,362000.0
6942,782333.3333333334
6943,519000.0
6944,590333.3333333334
6945,856666.6666666666
6946,633333.3333333334
6947,1078666.6666666667
6948,1511333.3333333333
6949,813666.6666666666
6950,710833.3333333334
6951,819000.0
6952,358666.6666666667
6953,1928800.0
6954,596333.3333333334
6955,986666.6666666666
6956,845000.0
6957,1112500.0
6958,706166.6666666666
6959,474000.0
6960,1438333.3333333333
6961,1055000.0
6962,936000.0
6963,1034333.3333333334
6964,856000.0
6965,1212333.3333333333
6966,667000.0
6967,1203666.6666666667
6968,619666.6666666666
6969,982333.3333333334
6970,585000.0
6971,1298600.0
6972,1334000.0
6973,413333.3333333333
6974,506333.3333333333
6975,1340000.0
6976,707166.6666666666
6977,2886666.6666666665
6978,761666.6666666666
6979,1027500.0
6980,421666.6666666667
6981,408333.3333333333
6982,924166.6666666666
6983,2120000.0
6984,1533666.6666666667
6985,1007500.0
6986,556000.0
6987,1971666.6666666667
6988,1406666.6666666667
6989,1146666.6666666667
6990,1635166.6666666667
6991,1449000.0
6992,701833.3333333334
6993,654333.3333333334
6994,1117500.0
6995,694333.3333333334
6996,1266666.6666666667
6997,1403666.6666666667
6998,720000.0
6999,1213333.3333333333
7000,660000.0
7001,953333.3333333334
7002,1190000.0
7003,2108666.6666666665
7004,653666.6666666666
7005,866666.6666666666
7006,1472500.0
7007,3371666.6666666665
7008,1444333.3333333333
7009,793333.3333333334
7010,1193333.3333333333
7011,605000.0
7012,1070500.0
7013,1501666.6666666667
7014,629000.0
7015,1296666.6666666667
7016,1860000.0
7017,1635000.0
7018,1650000.0
7019,885000.0
7020,724000.0
7021,1391666.6666666667
7022,961666.6666666666
7023,810000.0
7024,524166.6666666667
7025,890000.0
7026,678333.3333333334
7027,1605000.0
7028,602333.3333333334
7029,694000.0
7030,707000.0
7031,732000.0
7032,1439333.3333333333
7033,883333.3333333334
7034,730666.6666666666
7035,735666.6666666666
7036,1131666.6666666667
7037,883000.0
7038,1659000.0
7039,819333.3333333334
7040,1263666.6666666667
7041,1310333.3333333333
7042,471666.6666666667
7043,488333.3333333333
7044,1555000.0
7045,726333.3333333334
7046,820666.6666666666
7047,371666.6666666667
7048,956000.0
7049,872666.6666666666
7050,810166.6666666666
7051,851333.3333333334
7052,1213333.3333333333
7053,831666.6666666666
7054,956666.6666666666
7055,1016666.6666666666
7056,912833.3333333334
7057,558333.3333333334
7058,738333.3333333334
7059,2476666.6666666665
7060,1556666.6666666667
7061,1367500.0
7062,755666.6666666666
7063,1661666.6666666667
7064,846000.0
7065,535000.0
7066,926666.6666666666
7067,1073629.3333333333
7068,1245000.0
7069,851666.6666666666
7070,765000.0
7071,1743000.0
7072,821000.0
7073,855333.3333333334
7074,1260000.0
7075,735000.0
7076,1376166.6666666667
7077,439833.3333333333
7078,913233.3333333334
7079,732333.3333333334
7080,1627333.3333333333
7081,4077333.3333333335
7082,3213333.3333333335
7083,542000.0
7084,875000.0
7085,548666.6666666666
7086,691000.0
7087,520833.3333333333
7088,1009000.0
7089,505833.3333333333
7090,1106000.0
7091,1444000.0
7092,1078666.6666666667
7093,1239000.0
7094,606666.6666666666
7095,831833.3333333334
7096,2808333.3333333335
7097,1333600.0
7098,764333.3333333334
7099,778000.0
7100,606666.6666666666
7101,1382666.6666666667
7102,1195666.6666666667
7103,615000.0
7104,690000.0
7105,516666.6666666667
7106,1536666.6666666667
7107,818333.3333333334
7108,1023333.3333333334
7109,996666.6666666666
7110,988333.3333333334
7111,3475000.0
7112,1423333.3333333333
7113,495666.6666666667
7114,794500.0
7115,778333.3333333334
7116,645000.0
7117,881500.0
7118,648333.3333333334
7119,2233333.3333333335
7120,1183000.0
7121,826333.3333333334
7122,1936666.6666666667
7123,979166.6666666666
7124,1663666.6666666667
7125,614166.6666666666
7126,1412333.3333333333
7127,801666.6666666666
7128,2096666.6666666667
7129,710666.6666666666
7130,919333.3333333334
7131,1452666.6666666667
7132,984233.3333333334
7133,772333.3333333334
7134,576000.0
7135,638333.3333333334
7136,2016666.6666666667
7137,720000.0
7138,605000.0
7139,549666.6666666666
7140,835000.0
7141,513666.6666666667
7142,835000.0
7143,1017833.3333333334
7144,1373333.3333333333
7145,564166.6666666666
7146,1334000.0
7147,931666.6666666666
7148,653666.6666666666
7149,875000.0
7150,545333.3333333334
7151,1100000.0
7152,871000.0
7153,570333.3333333334
7154,382666.6666666667
7155,2122000.0
7156,856666.6666666666
7157,808000.0
7158,1483333.3333333333
7159,2114666.6666666665
7160,1045000.0
7161,549000.0
7162,594333.3333333334
7163,708666.6666666666
7164,2111666.6666666665
7165,2250000.0
7166,429333.3333333333
7167,1245333.3333333333
7168,1348666.6666666667
7169,374333.3333333333
7170,667666.6666666666
7171,1368666.6666666667
7172,726666.6666666666
7173,1294833.3333333333
7174,1365000.0
7175,485000.0
7176,1147666.6666666667
7177,848333.3333333334
7178,944500.0
7179,630000.0
7180,1041666.6666666666
7181,997833.3333333334
7182,1410666.6666666667
7183,765000.0
7184,1061000.0
7185,859000.0
7186,1538333.3333333333
7187,553333.3333333334
7188,625333.3333333334
7189,980000.0
7190,485666.6666666667
7191,630000.0
7192,800666.6666666666
7193,2416666.6666666665
7194,743333.3333333334
7195,829000.0
7196,1024333.3333333334
7197,1017833.3333333334
7198,1087000.0
7199,474333.3333333333
7200,923666.6666666666
7201,1180000.0
7202,745666.6666666666
7203,1155333.3333333333
7204,749166.6666666666
7205,2060000.0
7206,532333.3333333334
7207,1179833.3333333333
7208,702000.0
7209,385000.0
7210,1272333.3333333333
7211,1490166.6666666667
7212,1026833.3333333334
7213,543333.3333333334
7214,621666.6666666666
7215,1303333.3333333333
7216,772333.3333333334
7217,1197566.6666666667
7218,1369166.6666666667
7219,1223666.6666666667
7220,818666.6666666666
7221,1526666.6666666667
7222,542666.6666666666
7223,1154000.0
7224,1321333.3333333333
7225,664166.6666666666
7226,1906666.6666666667
7227,852333.3333333334
7228,666833.3333333334
7229,1901666.6666666667
7230,1335000.0
7231,499167.0
7232,478333.3333333333
7233,2571666.6666666665
7234,704333.3333333334
7235,485000.0
7236,920000.0
7237,707333.3333333334
7238,540333.3333333334
7239,566000.0
7240,1048666.6666666667
7241,875000.0
7242,726666.6666666666
7243,901666.6666666666
7244,1072333.3333333333
7245,891333.3333333334
7246,365000.0
7247,650000.0
7248,1722000.0
7249,1725000.0
7250,861500.0
7251,1455833.3333333333
7252,1408333.3333333333
7253,1858333.3333333333
7254,2120000.0
7255,810833.3333333334
7256,1201666.6666666667
7257,830833.3333333334
7258,1121666.6666666667
7259,971333.3333333334
7260,831666.6666666666
7261,731500.0
7262,784666.6666666666
7263,1198000.0
7264,764333.3333333334
7265,612166.6666666666
7266,1397333.3333333333
7267,1413333.3333333333
7268,550333.3333333334
7269,316666.6666666667
7270,550833.3333333334
7271,1051166.6666666667
7272,1098333.3333333333
7273,1274066.6666666667
7274,880000.0
7275,1387000.0
7276,740666.6666666666
7277,1814833.3333333333
7278,1363333.3333333333
7279,1096666.6666666667
7280,984000.0
7281,2263333.3333333335
7282,658666.6666666666
7283,1258333.3333333333
7284,705833.3333333334
7285,540333.3333333334
7286,370333.3333333333
7287,2521666.6666666665
7288,712333.3333333334
7289,1406666.6666666667
7290,1023333.3333333334
7291,988000.0
7292,793000.0
7293,953333.3333333334
7294,685500.0
7295,615000.0
7296,448000.0
7297,1243333.3333333333
7298,812000.0
7299,923333.3333333334
7300,1048666.6666666667
7301,635000.0
7302,1931666.6666666667
7303,1210666.6666666667
7304,1575000.0
7305,592666.6666666666
7306,1426666.6666666667
7307,1315000.0
7308,766666.6666666666
7309,861666.6666666666
7310,1285333.3333333333
7311,825666.6666666666
7312,2200000.0
7313,946666.6666666666
7314,1566666.6666666667
7315,1370000.0
7316,1007500.0
7317,655666.6666666666
7318,997000.0
7319,546666.6666666666
7320,1294333.3333333333
7321,1178333.3333333333
7322,1265666.6666666667
7323,1461833.3333333333
7324,980333.3333333334
7325,1888333.3333333333
7326,562000.0
7327,755000.0
7328,585333.3333333334
7329,1831333.3333333333
7330,898333.3333333334
7331,556166.6666666666
7332,601666.6666666666
7333,926500.0
7334,1228333.3333333333
7335,1576666.6666666667
7336,1050333.3333333333
7337,1342500.0
7338,485666.6666666667
7339,736666.6666666666
7340,1261666.6666666667
7341,1377333.3333333333
7342,702000.0
7343,1056666.6666666667
7344,816666.6666666666
7345,512666.6666666667
7346,900000.0
7347,589166.6666666666
7348,501866.6666666667
7349,1005666.6666666666
7350,1870000.0
7351,510000.0
7352,2178333.3333333335
7353,402333.3333333333
7354,1150000.0
7355,614833.3333333334
7356,1625333.3333333333
7357,557333.3333333334
7358,1223333.3333333333
7359,363333.3333333333
7360,1310333.3333333333
7361,959000.0
7362,736666.6666666666
7363,1744000.0
7364,1637666.6666666667
7365,861666.6666666666
7366,813333.3333333334
7367,593833.3333333334
7368,362000.0
7369,2392000.0
7370,597333.3333333334
7371,1724333.3333333333
7372,1223333.3333333333
7373,1861333.3333333333
7374,900333.3333333334
7375,802000.0
7376,485000.0
7377,1628666.6666666667
7378,860500.0
7379,598666.6666666666
7380,1400000.0
7381,1110333.3333333333
7382,886666.6666666666
7383,623333.3333333334
7384,998333.3333333334
7385,857000.0
7386,1725000.0
7387,1470333.3333333333
7388,1471666.6666666667
7389,1441666.6666666667
7390,790833.3333333334
7391,642500.0
7392,953333.3333333334
7393,1038333.3333333334
7394,410333.3333333333
7395,1905000.0
7396,736666.6666666666
7397,1011333.3333333334
7398,1131666.6666666667
7399,1379333.3333333333
7400,707333.3333333334
7401,739666.6666666666
7402,565500.0
7403,575833.3333333334
7404,1217333.3333333333
7405,922500.0
7406,1033666.6666666666
7407,1890000.0
7408,326666.6666666667
7409,648333.3333333334
7410,1263333.3333333333
7411,557833.3333333334
7412,2358333.3333333335
7413,1014666.6666666666
7414,635433.3333333334
7415,546666.6666666666
7416,1412333.3333333333
7417,756666.6666666666
7418,1110333.3333333333
7419,1548333.3333333333
7420,708833.3333333334
7421,688166.6666666666
7422,1118333.3333333333
7423,863666.6666666666
7424,1193333.3333333333
7425,2000833.3333333333
7426,771666.6666666666
7427,624500.0
7428,1128333.3333333333
7429,690666.6666666666
7430,629000.0
7431,1144166.6666666667
7432,411333.3333333333
7433,710000.0
7434,571166.6666666666
7435,1625000.0
7436,576666.6666666666
7437,1211666.6666666667
7438,755333.3333333334
7439,1363666.6666666667
7440,371666.6666666667
7441,575166.6666666666
7442,823000.0
7443,396666.6666666667
7444,839166.6666666666
7445,2023333.3333333333
7446,746666.6666666666
7447,1056666.6666666667
7448,1021666.6666666666
7449,1349333.3333333333
7450,856000.0
7451,2079666.6666666667
7452,1275000.0
7453,763333.3333333334
7454,713666.6666666666
7455,431666.6666666667
7456,491666.6666666667
7457,1850000.0
7458,749333.3333333334
7459,713333.3333333334
7460,856666.6666666666
7461,520000.0
7462,2181666.6666666665
7463,1066000.0
7464,878333.3333333334
7465,825666.6666666666
7466,498666.6666666667
7467,532833.3333333334
7468,711666.6666666666
7469,1318666.6666666667
7470,1276666.6666666667
7471,1308333.3333333333
7472,464333.3333333333
7473,673333.3333333334
7474,475000.0
7475,1256666.6666666667
7476,2465000.0
7477,680166.6666666666
7478,2020000.0
7479,1346666.6666666667
7480,570666.6666666666
7481,1033333.3333333334
7482,1357500.0
7483,332333.3333333333
7484,1050333.3333333333
7485,973666.6666666666
7486,1392000.0
7487,1400833.3333333333
7488,1016666.6666666666
7489,974000.0
7490,622950.0
7491,868000.0
7492,1185833.3333333333
7493,1632333.3333333333
7494,630333.3333333334
7495,700445.0
7496,930333.3333333334
7497,1382000.0
7498,590666.6666666666
7499,1142333.3333333333
7500,891666.6666666666
7501,1331000.0
7502,2265000.0
7503,1003666.6666666666
7504,1110000.0
7505,1301666.6666666667
7506,1364333.3333333333
7507,1480000.0
7508,792000.0
7509,1140000.0
7510,925666.6666666666
7511,1379833.3333333333
7512,958666.6666666666
7513,1420000.0
7514,1865000.0
7515,1451666.6666666667
7516,1511333.3333333333
7517,1092666.6666666667
7518,976000.0
7519,609333.3333333334
7520,1691666.6666666667
7521,573000.0
7522,1183333.3333333333
7523,830166.6666666666
7524,1206333.3333333333
7525,1033500.0
7526,1298600.0
7527,788166.6666666666
7528,369166.6666666667
7529,1363333.3333333333
7530,663666.6666666666
7531,409166.6666666667
7532,1423666.6666666667
7533,1111500.0
7534,829000.0
7535,2683333.3333333335
7536,2485666.6666666665
7537,483781.3333333333
7538,850000.0
7539,1991666.6666666667
7540,1151333.3333333333
7541,999000.0
7542,681500.0
7543,1311333.3333333333
7544,712333.3333333334
7545,942333.3333333334
7546,1568333.3333333333
7547,1138000.0
7548,1585000.0
7549,656666.6666666666
7550,1151666.6666666667
7551,1133833.3333333333
7552,402333.3333333333
7553,1246666.6666666667
7554,1667333.3333333333
7555,1028333.3333333334
7556,753333.3333333334
7557,668333.3333333334
7558,1201666.6666666667
7559,1441666.6666666667
7560,1716666.6666666667
7561,1795333.3333333333
7562,608000.0
7563,677333.3333333334
7564,948333.3333333334
7565,575333.3333333334
7566,2516666.6666666665
7567,1521666.6666666667
7568,1587333.3333333333
7569,1205333.3333333333
7570,962000.0
7571,485333.3333333333
7572,1398666.6666666667
7573,550333.3333333334
7574,749333.3333333334
7575,1033666.6666666666
7576,1136000.0
7577,953333.3333333334
7578,986666.3333333334
7579,576000.0
7580,732333.3333333334
7581,845333.3333333334
7582,463333.3333333333
7583,1129666.6666666667
7584,803666.6666666666
7585,1024000.0
7586,588666.6666666666
7587,1175000.0
7588,495166.6666666667
7589,529433.3333333334
7590,1496666.6666666667
7591,760333.3333333334
7592,671000.0
7593,1124666.6666666667
7594,709500.0
7595,1337333.3333333333
7596,441833.3333333333
7597,480000.0
7598,662666.6666666666
7599,1280000.0
7600,1120000.0
7601,594166.6666666666
7602,900166.6666666666
7603,467833.3333333333
7604,636333.3333333334
7605,887333.3333333334
7606,856666.6666666666
7607,1603333.3333333333
7608,1114333.3333333333
7609,715000.0
7610,378666.6666666667
7611,549700.0
7612,547666.6666666666
7613,648833.3333333334
7614,1633333.3333333333
7615,798500.0
7616,818333.3333333334
7617,686066.6666666666
7618,2433333.3333333335
7619,412333.3333333333
7620,843500.0
7621,363333.3333333333
7622,993333.3333333334
7623,848666.6666666666
7624,818333.3333333334
7625,2445000.0
7626,1222333.3333333333
7627,1238666.6666666667
7628,728666.6666666666
7629,1266666.6666666667
7630,1823333.3333333333
7631,748166.6666666666
7632,1050333.3333333333
7633,2116666.6666666665
7634,769333.3333333334
7635,433333.3333333333
7636,409000.0
7637,442666.6666666667
7638,950666.6666666666
7639,1152666.6666666667
7640,1083666.6666666667
7641,2350833.3333333335
7642,1442333.3333333333
7643,668500.0
7644,2293666.6666666665
7645,1157000.0
7646,1128333.3333333333
7647,901000.0
7648,1153333.3333333333
7649,1460666.6666666667
7650,1313400.0
7651,1220000.0
7652,1545000.0
7653,1125000.0
7654,595666.6666666666
7655,551750.0
7656,704000.0
7657,1603333.3333333333
7658,730333.3333333334
7659,517333.3333333333
7660,1786666.6666666667
7661,660000.0
7662,793666.6666666666
7663,2418666.6666666665
7664,1155000.0
7665,515666.6666666667
7666,1023666.6666666666
7667,1215666.6666666667
7668,1792666.6666666667
7669,1037666.6666666666
7670,479333.3333333333
7671,948333.3333333334
7672,1396666.6666666667
7673,1493500.0
7674,1065000.0
7675,813333.3333333334
7676,1328666.6666666667
7677,913333.3333333334
7678,1158000.0
7679,813166.6666666666
7680,683333.3333333334
7681,982666.6666666666
7682,1002666.6666666666
7683,773000.0
7684,715000.0
7685,2274833.3333333335
7686,693500.0
7687,418333.3333333333
7688,418333.3333333333
7689,1311666.6666666667
7690,1543666.6666666667
7691,688333.3333333334
7692,562166.6666666666
7693,758833.3333333334
7694,984000.0
7695,483333.3333333333
7696,1386000.0
7697,591333.3333333334
7698,536000.0
7699,1303333.3333333333
7700,744000.0
7701,375666.6666666667
7702,1147666.6666666667
7703,797000.0
7704,1429000.0
7705,402333.3333333333
7706,806666.6666666666
7707,1168333.3333333333
7708,1936666.6666666667
7709,788666.6666666666
7710,1601666.6666666667
7711,597666.6666666666
7712,2717000.0
7713,959333.3333333334
7714,373333.3333333333
7715,1900000.0
7716,310666.6666666667
7717,813333.3333333334
7718,644000.0
7719,849333.3333333334
7720,450833.3333333333
7721,2123333.3333333335
7722,910000.0
7723,1407333.3333333333
7724,1165000.0
7725,715333.3333333334
7726,1207333.3333333333
7727,571666.6666666666
7728,1293333.3333333333
7729,835666.6666666666
7730,1078833.3333333333
7731,1120333.3333333333
7732,781333.3333333334
7733,788666.6666666666
7734,945000.0
7735,1347000.0
7736,1785000.0
7737,406000.0
7738,1323333.3333333333
7739,812000.0
7740,431666.6666666667
7741,595666.6666666666
7742,1043333.3333333334
7743,1383333.3333333333
7744,726666.6666666666
7745,647333.3333333334
7746,723333.3333333334
7747,1065000.0
7748,600333.3333333334
7749,1882000.0
7750,1075333.3333333333
7751,1387833.3333333333
7752,730500.0
7753,945333.3333333334
7754,1136666.6666666667
7755,502833.3333333333
7756,1148333.3333333333
7757,1812000.0
7758,330333.3333333333
7759,945666.6666666666
7760,1715000.0
7761,985000.0
7762,1031666.6666666666
7763,916666.6666666666
7764,1515333.3333333333
7765,1197000.0
7766,1141666.6666666667
7767,1261666.6666666667
7768,1795000.0
7769,791333.3333333334
7770,2015000.0
7771,404166.6666666667
7772,615750.0
7773,601666.6666666666
7774,398000.0
7775,756333.3333333334
7776,2570000.0
7777,1018000.0
7778,485666.6666666667
7779,678000.0
7780,1270000.0
7781,730166.6666666666
7782,1971666.6666666667
7783,510000.0
7784,1406000.0
7785,1035000.0
7786,930666.6666666666
7787,825666.6666666666
7788,576666.6666666666
7789,992833.3333333334
7790,539500.0
7791,712333.3333333334
7792,1050000.0
7793,310000.0
7794,2081666.6666666667
7795,697000.0
7796,1073333.3333333333
7797,842333.3333333334
7798,1376666.6666666667
7799,1341000.0
7800,1310266.6666666667
7801,1376666.6666666667
7802,670000.0
7803,1381666.6666666667
7804,1745000.0
7805,712333.3333333334
7806,3300333.3333333335
7807,971666.6666666666
7808,1153333.3333333333
7809,821000.0
7810,431666.6666666667
7811,1021000.0
7812,772666.6666666666
7813,634166.6666666666
7814,1176666.6666666667
7815,1931000.0
7816,652666.6666666666
7817,2683333.3333333335
7818,689166.6666666666
7819,1978333.3333333333
7820,922333.3333333334
7821,329333.3333333333
7822,1075166.6666666667
7823,2131666.6666666665
7824,3775000.0
7825,995000.0
7826,1080000.0
7827,337333.3333333333
7828,641000.0
7829,1245000.0
7830,885333.3333333334
7831,3278333.3333333335
7832,1104166.6666666667
7833,1041666.6666666666
7834,1147666.6666666667
7835,546500.0
7836,2015000.0
7837,955166.6666666666
7838,1166666.6666666667
7839,355000.0
7840,1082000.0
7841,825833.3333333334
7842,1991666.6666666667
7843,633333.3333333334
7844,633500.0
7845,2131666.6666666665
7846,837666.6666666666
7847,621666.6666666666
7848,1361666.6666666667
7849,655333.3333333334
7850,1133333.3333333333
7851,877333.3333333334
7852,600000.0
7853,1409666.6666666667
7854,1206666.6666666667
7855,1067333.3333333333
7856,391416.6666666667
7857,938333.3333333334
7858,1540000.0
7859,976666.6666666666
7860,1235000.0
7861,1541666.6666666667
7862,770666.6666666666
7863,1406666.6666666667
7864,670000.0
7865,695333.3333333334
7866,1553333.3333333333
7867,374333.3333333333
7868,656666.6666666666
7869,972666.6666666666
7870,578333.3333333334
7871,5100333.333333333
7872,975833.3333333334
7873,550333.3333333334
7874,928333.3333333334
7875,689666.6666666666
7876,930000.0
7877,1457666.6666666667
7878,525333.3333333334
7879,994000.0
7880,528166.6666666666
7881,746666.6666666666
7882,1365000.0
7883,1097666.6666666667
7884,1382666.6666666667
7885,259166.66666666666
7886,1442000.0
7887,871333.3333333334
7888,595666.6666666666
7889,2151666.6666666665
7890,1745000.0
7891,997666.6666666666
7892,2001666.6666666667
7893,1100333.3333333333
7894,1923333.3333333333
7895,2033333.3333333333
7896,1521666.6666666667
7897,1024166.6666666666
7898,337333.3333333333
7899,1733333.3333333333
7900,528333.3333333334
7901,1018333.3333333334
7902,1207000.0
7903,849500.0
7904,1584333.3333333333
7905,1168666.6666666667
7906,920000.0
7907,1502000.0
7908,1415666.6666666667
7909,963333.3333333334
7910,1510000.0
7911,1260000.0
7912,847666.6666666666
7913,1976666.6666666667
7914,1281666.6666666667
7915,834000.0
7916,1167333.3333333333
7917,641666.6666666666
7918,765000.0
7919,1235000.0
7920,531000.0
7921,2065000.0
7922,410000.0
7923,1398333.3333333333
7924,1867000.0
7925,781666.6666666666
7926,2175000.0
7927,1529000.0
7928,1117833.3333333333
7929,674000.0
7930,1965333.3333333333
7931,733333.3333333334
7932,835000.0
7933,912333.3333333334
7934,1681666.6666666667
7935,329333.3333333333
7936,570333.3333333334
7937,1444000.0
7938,764333.3333333334
7939,1880000.0
7940,574333.3333333334
7941,553000.0
7942,1007000.0
7943,670000.0
7944,839333.3333333334
7945,1790833.3333333333
7946,711166.6666666666
7947,891333.3333333334
7948,1013333.3333333334
7949,1095166.6666666667
7950,988333.3333333334
7951,588666.6666666666
7952,573333.3333333334
7953,1748333.3333333333
7954,1768000.0
7955,830000.0
7956,479500.0
7957,1477000.0
7958,547333.3333333334
7959,865000.0
7960,661666.6666666666
7961,1318500.0
7962,1849833.3333333333
7963,1716666.6666666667
7964,1190000.0
7965,789166.6666666666
7966,999166.6666666666
7967,453666.6666666667
7968,1475333.3333333333
7969,1116666.6666666667
7970,948666.6666666666
7971,1052666.6666666667
7972,629666.6666666666
7973,3258333.3333333335
7974,1373333.3333333333
7975,859000.0
7976,684500.0
7977,3966666.6666666665
7978,682500.0
7979,1091166.6666666667
7980,583166.6666666666
7981,448333.3333333333
7982,2990000.0
7983,969000.0
7984,3063333.3333333335
7985,653333.3333333334
7986,2200833.3333333335
7987,1137333.3333333333
7988,745666.6666666666
7989,925666.6666666666
7990,909333.3333333334
7991,1283333.3333333333
7992,1347666.6666666667
7993,863333.3333333334
7994,620000.0
7995,864500.0
7996,358666.6666666667
7997,1114000.0
7998,2204000.0
7999,585333.3333333334
8000,1493500.0
8001,1173666.6666666667
8002,908833.3333333334
8003,822833.3333333334
8004,386333.3333333333
8005,688166.6666666666
8006,992000.0
8007,1668333.3333333333
8008,730000.0
8009,1406666.6666666667
8010,903666.6666666666
8011,1693333.3333333333
8012,948333.3333333334
8013,1700333.3333333333
8014,1375000.0
8015,555333.3333333334
8016,816333.3333333334
8017,650833.3333333334
8018,1825000.0
8019,1774333.3333333333
8020,1023333.3333333334
8021,440666.6666666667
8022,3574166.6666666665
8023,2826666.6666666665
8024,1211666.6666666667
8025,588333.3333333334
8026,470833.3333333333
8027,1590666.6666666667
8028,731000.0
8029,1166000.0
8030,477033.3333333333
8031,1053333.3333333333
8032,611000.0
8033,883666.6666666666
8034,1859666.6666666667
8035,874500.0
8036,1065666.6666666667
8037,1096666.6666666667
8038,1334000.0
8039,1343333.3333333333
8040,1170000.0
8041,2973333.3333333335
8042,1252833.3333333333
8043,1920000.0
8044,1052666.6666666667
8045,1801666.6666666667
8046,753666.6666666666
8047,1410666.6666666667
8048,1133333.3333333333
8049,1056000.0
8050,1542833.3333333333
8051,865333.3333333334
8052,1086666.6666666667
8053,2800000.0
8054,645000.0
8055,2264000.0
8056,1973333.3333333333
8057,309000.0
8058,777000.0
8059,1140000.0
8060,681666.6666666666
8061,838000.0
8062,930000.0
8063,1490000.0
8064,365000.0
8065,380000.0
8066,573500.0
8067,924666.6666666666
8068,548333.3333333334
8069,400000.0
8070,785000.0
8071,1838333.3333333333
8072,2290333.3333333335
8073,1007833.3333333334
8074,385666.6666666667
8075,1030000.0
8076,583166.6666666666
8077,3051666.6666666665
8078,2103333.3333333335
8079,748666.6666666666
8080,548333.3333333334
8081,413333.3333333333
8082,496500.0
8083,753666.6666666666
8084,1273333.3333333333
8085,725000.0
8086,490333.3333333333
8087,977000.0
8088,902000.0
8089,1300333.3333333333
8090,865333.3333333334
8091,337333.3333333333
8092,733333.3333333334
8093,745833.3333333334
8094,640000.0
8095,1939333.3333333333
8096,1043333.3333333334
8097,545333.3333333334
8098,1309000.0
8099,1723333.3333333333
8100,1310333.3333333333
8101,1060833.3333333333
8102,355000.0
8103,663333.3333333334
8104,2635000.0
8105,1685000.0
8106,545333.3333333334
8107,2856666.6666666665
8108,715000.0
8109,1020833.3333333334
8110,1099000.0
8111,627666.6666666666
8112,2738333.3333333335
8113,445000.0
8114,1581666.6666666667
8115,1258333.3333333333
8116,380166.6666666667
8117,1042333.3333333334
8118,653666.6666666666
8119,700000.0
8120,1268333.3333333333
8121,938666.6666666666
8122,1277333.3333333333
8123,485000.0
8124,1168333.3333333333
8125,945000.0
8126,1414833.3333333333
8127,610666.6666666666
8128,688333.3333333334
8129,1084666.6666666667
8130,906666.6666666666
8131,1713000.0
8132,1858333.3333333333
8133,1361000.0
8134,2285000.0
8135,858166.6666666666
8136,1530666.6666666667
8137,434000.0
8138,1813333.3333333333
8139,1675600.0
8140,1151666.6666666667
8141,431000.0
8142,882000.0
8143,1355833.3333333333
8144,640333.3333333334
8145,798333.3333333334
8146,592000.0
8147,858333.3333333334
