index,Price
0,1612235.9921668544
1,213460.18461801857
2,1205654.8019096702
3,722560.9366560876
4,676120.5850317851
5,1273638.596569553
6,54173.97717105597
7,1581536.442924358
8,1018924.7927047908
9,1464305.3346894234
10,1820824.3146110624
11,832020.1508108899
12,797874.7940224186
13,770935.281407237
14,338242.7044405192
15,929944.6516325027
16,394164.3302632645
17,939979.865567036
18,2123897.421848342
19,676546.8496404365
20,956359.0038683414
21,954950.5973308906
22,1025858.9309474528
23,1476459.5611644536
24,1431355.2575998604
25,1144642.0752688572
26,905447.5536498651
27,846364.3361473009
28,982731.0680560097
29,1091583.3649867997
30,414758.62476971
31,1673705.4006051868
32,52905.20033220202
33,231313.9120913595
34,569000.5776825771
35,482727.358574532
36,1840435.186566107
37,1188071.5193132162
38,1157011.9934973642
39,844101.0609751344
40,1262573.0655943304
41,1543739.5412412584
42,1288118.6170728132
43,47535.17149498314
44,938134.7012528852
45,1174114.8629434034
46,1134282.7891224995
47,833777.456447266
48,336323.82500278205
49,938747.075750038
50,686448.5365003496
51,1933712.5064449757
52,776167.7378818244
53,525871.5290356427
54,1900283.4741329104
55,548929.4966098517
56,1088808.1123100892
57,1511255.0132462755
58,1275153.2144370824
59,1237325.8176920041
60,404056.5987329334
61,1484926.8842576966
62,1031821.4134893343
63,1364115.787705563
64,2022819.2601083815
65,1340929.3257816583
66,1397913.1081155837
67,976539.4391038641
68,1125046.2661238164
69,1030645.6482846364
70,1153161.2991760522
71,1920246.2136099637
72,1523799.1062379181
73,1856468.2284030989
74,1509492.0358656198
75,1670280.2838130519
76,884350.1678571999
77,968534.7468124852
78,1001124.6343161166
79,2295285.594155453
80,1461377.1560906544
81,1242358.4501203224
82,321237.4534545988
83,1697534.512848787
84,1009465.6088030189
85,944812.6273552328
86,992959.8460427672
87,1911973.5885530412
88,60248.453385040164
89,-123304.42019272596
90,646906.5996860489
91,1696424.263645336
92,1037198.3550307155
93,1726505.1916373894
94,1530391.8360990882
95,1879444.4835747257
96,307168.4010611996
97,2345868.228887826
98,1903603.1612338275
99,1384125.0926493034
100,234325.34423144162
101,1372659.5352328047
102,1832741.873197876
103,1287951.9467264041
104,468503.8796674311
105,943532.7351907566
106,1617543.2622369975
107,1465745.5006051138
108,547547.743681848
109,1283236.5721976086
110,1803350.7120215893
111,1236535.0724927038
112,725830.62060076
113,1623038.7519866824
114,2143327.4527590275
115,200665.55400591344
116,1327534.79374969
117,2274614.946762465
118,1241737.4059448615
119,1294598.560436964
120,1704957.6726610884
121,483925.23954132944
122,1462772.444493711
123,1204135.0505041927
124,719141.5763023049
125,1244101.1820876524
126,2069100.3847731352
127,820808.2449517399
128,1125763.8205127046
129,885470.9444401562
130,305618.8825021982
131,1036927.040586032
132,900352.7692589387
133,2185525.6646510586
134,1018682.0099117011
135,1344691.393137835
136,1073001.7477937639
137,877187.8257260472
138,1114960.0609035715
139,577696.0469177216
140,1659450.7021797374
141,1042720.5332051516
142,828310.081860587
143,1149704.5102219656
144,1196317.0888512433
145,1697281.7384972498
146,1542779.8959829956
147,514659.62023982406
148,1462472.6717764363
149,1423905.6758512706
150,255599.8817931041
151,1031436.8776361942
152,775507.3620186374
153,993999.9663534462
154,1006672.4591992572
155,1728517.2283226177
156,1763638.0459393933
157,1695169.547696121
158,571618.2602151856
159,1289393.1145297736
160,903460.3383382186
161,1891276.2034207657
162,1648971.0605798066
163,783607.4984083846
164,1308171.6928230152
165,1942446.203243181
166,1324084.4410590604
167,1014697.6796214655
168,173044.40836193413
169,987070.9102971703
170,1380914.1160968766
171,945082.4088956416
172,799638.4726765305
173,960459.1494228318
174,258270.55654866993
175,1214382.503648214
176,450168.22668441385
177,767048.2860992104
178,1496297.4029500708
179,873639.2389997467
180,1647420.3556897268
181,817519.8487632051
182,814048.5946432799
183,988749.9755750895
184,1551376.5069171712
185,1276486.908982344
186,2020321.8107900321
187,1228013.5790704563
188,588368.6001322791
189,899934.1583931446
190,985479.0260748118
191,782202.1344777271
192,1012060.4955693334
193,1511801.7675278485
194,1048827.3868901283
195,1209944.8006845862
196,1228158.8001906648
197,656635.8062169254
198,1014083.1005136371
199,914552.3061001301
200,1072294.5822695196
201,1115177.5376767516
202,866819.3605562896
203,1215383.4732627496
204,1278798.215079464
205,2382503.3510896116
206,341147.44820325077
207,1812877.669689916
208,1105811.227141887
209,1284129.8471977636
210,1019000.0743263364
211,671879.5479725078
212,1892841.0240397826
213,1158714.5161976293
214,347615.69236055017
215,704541.3445196897
216,1225732.5249511823
217,975015.6497812644
218,1566889.4684613198
219,972359.5906854346
220,964378.6077829525
221,1433514.8616204932
222,1856733.9920785204
223,1737524.0935891718
224,850841.458327286
225,1257641.075673759
226,1537836.1352325976
227,1036009.4289403707
228,1014096.7924475521
229,219551.9256600365
230,469676.12289159
231,894812.1895285919
232,978790.631589599
233,1978639.4783466756
234,808192.9669420645
235,1564031.6279669255
236,577984.5284766108
237,891856.5690256357
238,2046545.033970967
239,1930477.6567418724
240,1325813.2037183493
241,916754.3782457039
242,1459162.422862783
243,1510543.7591235042
244,1818731.9224196672
245,-13356.388806760311
246,668607.1066311896
247,1223832.956498824
248,1121184.6658236906
249,1786945.7053689286
250,366791.4254086241
251,536420.5345037803
252,1219545.4733519033
253,803316.9155313075
254,1278685.5405302346
255,1003481.888540104
256,1327838.9685049653
257,1447168.744085662
258,1283814.2000416294
259,1120057.346805513
260,916990.9138366282
261,870957.7038902119
262,1641903.9686789587
263,1202238.3282741532
264,1624185.78034731
265,1888832.8420957252
266,1179144.7728568092
267,1232743.794714287
268,900186.7977769598
269,1060157.051317513
270,1009342.4590224996
271,1122972.681263931
272,987219.1099625155
273,1868858.3277682364
274,481995.61108837277
275,1090891.1007518545
276,604431.842889592
277,660387.6957566217
278,985211.1998714805
279,1639810.3950393572
280,1031460.9230128229
281,171915.7566620931
282,1242401.6595471427
283,978866.3858809471
284,859127.150894247
285,1621241.549709469
286,920757.0405960605
287,1279947.6262529641
288,1355459.8256354183
289,867078.4586569145
290,1567338.033035323
291,2089881.438191384
292,1010468.946242176
293,2096031.6146991104
294,1818553.0684688985
295,1560032.5166578516
296,241508.00361635536
297,291529.4973832965
298,580991.7809168473
299,983355.3074172586
300,1000016.9521303922
301,941091.0497397184
302,1858912.739334099
303,740892.1364929676
304,2043666.626303479
305,518980.5247865394
306,1011029.345618695
307,980285.2774406001
308,600134.7362201214
309,615559.4270207882
310,731475.3633977473
311,965073.7336992249
312,801783.6736535951
313,2173033.209739305
314,966562.4295359477
315,885757.3392391056
316,1003708.0327557772
317,1455579.1877907664
318,1000841.3244904503
319,427319.5837346986
320,993303.4191632494
321,880801.1309594959
322,1003046.569391191
323,820266.2382992357
324,1366390.8235609457
325,1119587.272067584
326,779403.4134488329
327,1409012.903038755
328,2333688.6240664497
329,594030.3056399226
330,660577.5423136428
331,1129040.1229234561
332,967794.5676980466
333,1418806.3115661517
334,499698.4150556326
335,378368.52198268473
336,1038347.6666492149
337,1381315.102799274
338,456127.72689153254
339,901873.4069944322
340,1410927.8459934145
341,886651.4726439789
342,909018.8248606324
343,1342292.0622189268
344,1364675.4187529162
345,964659.8010356501
346,1851821.4204369187
347,1019201.9956631958
348,739424.3500836715
349,742312.610914357
350,1410489.4119377807
351,1191234.0560382232
352,1089927.275140211
353,1243831.065400876
354,1122979.33531522
355,301640.12311021984
356,648071.3981166631
357,1210966.1315596178
358,989301.9026979655
359,893121.3910329789
360,440590.52518666536
361,705212.6671525463
362,1271585.258331947
363,1005343.1399824545
364,620573.8155633658
365,357160.8345473185
366,502717.8488988131
367,876530.2917588428
368,1333312.2990924865
369,642050.6948003843
370,1036605.430238694
371,1290634.8603759855
372,1673246.294286333
373,1165062.0095411837
374,1508631.5443599299
375,1256351.3016099557
376,2110985.6050123423
377,519912.70252432674
378,869244.2226989791
379,427761.1702651307
380,250039.21829240024
381,1309618.946376823
382,1016625.4663814902
383,561016.5342709422
384,1008829.9946001843
385,821134.762716189
386,708230.5902288854
387,1300238.2686034963
388,913433.2654519454
389,764024.4165503979
390,1085575.9862061143
391,307755.15997522324
392,1457655.9868828058
393,1009519.876088731
394,1441857.4213495702
395,1714755.441730477
396,1603017.9622493014
397,817320.3549520299
398,912048.2382635772
399,509991.1718016416
400,894963.9750467241
401,2239686.125139825
402,895332.7254080549
403,726994.2868556529
404,758781.381971404
405,1039669.5269962624
406,1281312.7696780115
407,1647920.7495377362
408,492848.30570204556
409,663209.7714269385
410,1064958.4238861948
411,1701363.6617371142
412,841083.3102480471
413,877959.0514602363
414,1972624.8370960131
415,475138.5593309328
416,974703.5730309784
417,1007152.0418882743
418,1053227.4196871817
419,996005.1984400451
420,530222.2988262996
421,993477.8295029327
422,1506988.4182731137
423,752673.7890493348
424,1096697.1037249044
425,900726.3937192634
426,648360.634997949
427,1891208.7357333228
428,492119.77714844793
429,475466.1060904488
430,793119.8013647348
431,1051750.119761631
432,2344447.1506910697
433,1903129.6778405309
434,787473.0502920151
435,1300457.0291485935
436,1429812.3581195995
437,855592.9269346595
438,1351845.7531670257
439,1412386.6787204817
440,981339.3412224948
441,630213.5006094873
442,1070767.6044616923
443,1470254.3531574234
444,101611.57015910745
445,1310346.3988914117
446,789574.3553718105
447,899422.4183523208
448,1027641.0767557248
449,814762.1857538968
450,905828.1933885813
451,880356.5412283614
452,1505540.524570927
453,978595.350529477
454,1029474.2202223837
455,851108.5237423778
456,713062.3453146443
457,1291735.5630254298
458,1328343.3785792142
459,1243972.9330701977
460,1321364.2640249282
461,1181219.920745492
462,1301356.2418457717
463,620692.7379490957
464,691360.838571772
465,987625.8923024461
466,801670.4397644624
467,772797.1686258018
468,892611.8315246701
469,1226647.6557842493
470,876969.4385684952
471,-55246.773655861616
472,1094002.460420221
473,1039283.8370650709
474,962574.2917632312
475,1270177.212002255
476,2101764.370222129
477,839823.8304777667
478,1056561.9643475562
479,295953.7868819162
480,780659.0998382345
481,669376.7258944064
482,2044750.59865956
483,1031407.0433005169
484,666409.2013476118
485,1792103.4750404507
486,837118.2555213496
487,620317.2854903042
488,113698.20176054537
489,1136291.1619914323
490,927885.6317606643
491,1226687.3688727394
492,1135346.3376877233
493,597622.4019153938
494,878355.5246428102
495,925620.3043890819
496,1928211.899379328
497,1002189.8594202325
498,890065.5830146521
499,1245773.5358525738
500,1304580.3544048667
501,848783.4389200732
502,1798169.6523279995
503,573596.0955492854
504,986127.3225001544
505,817358.0782710165
506,1100042.0942878649
507,1457750.0657721758
508,1149377.338176638
509,985282.0436926261
510,208279.88369797915
511,1756699.090113081
512,1122894.2607695833
513,1002885.4890296236
514,878117.6437646896
515,1299629.8422938958
516,872053.4302073494
517,870018.1386434957
518,1306961.5673472583
519,2467321.342627771
520,798495.4938102737
521,924720.8470648378
522,1575860.2139763087
523,1334880.6613378376
524,1096468.6520681232
525,1305262.2067374066
526,1193298.2929140404
527,1834380.3078382462
528,443727.51585834473
529,896236.9505815357
530,2329804.257542692
531,1557464.7514009178
532,1141131.275232233
533,763117.1808190718
534,1190673.1525777131
535,846565.6695452183
536,930098.2992514521
537,1016094.1678820252
538,873332.0005510673
539,110512.75179961324
540,1512055.1745276675
541,1268575.6325137988
542,1512675.8779404312
543,235716.88071992248
544,1750643.9574858695
545,1511102.4329582378
546,1599812.9613350779
547,643874.039521277
548,1289892.4613859132
549,1071136.2066811621
550,879811.8486158997
551,1023570.865886502
552,1540935.523427263
553,1156122.5169417784
554,1318560.515066862
555,2022750.4308905825
556,1484602.4530459046
557,1351701.5774041712
558,827022.9050912708
559,1812443.510720238
560,923104.3539109677
561,796381.5415638164
562,1518558.0399916843
563,1472352.9306127504
564,1213980.9614152983
565,1320945.479582131
566,610868.3194497824
567,946551.0984941721
568,1027870.2547364533
569,1698019.89832291
570,1024298.502546221
571,-80114.83753214031
572,597538.1936001033
573,1036786.9389858544
574,1757801.4469363838
575,442972.9934111163
576,898974.9638783932
577,1041546.4179843441
578,544692.823832348
579,1717871.2883468345
580,771064.5667131469
581,981557.2081579193
582,1681410.1844284907
583,879098.8193737343
584,947850.2657960504
585,658858.0079334453
586,2185039.8733598217
587,1632658.663135305
588,921152.2422541678
589,1768932.1699446961
590,960821.0686673447
591,823012.8418546766
592,988530.356504336
593,1747249.8980066776
594,465734.4240372479
595,1734259.4787574336
596,363826.4830509499
597,1025741.142786406
598,1815670.394040972
599,433708.5279207304
600,960151.2533987835
601,1587704.8435239568
602,271483.36457560956
603,786788.0290859416
604,775241.3154492676
605,1521446.2966272905
606,982231.7456464767
607,802985.1595151201
608,1532081.2480085343
609,1407671.0692348331
610,70822.50927317142
611,1036338.7402201295
612,912144.0376424193
613,1901358.6505273134
614,634896.0565140024
615,876442.2824574187
616,898930.1334841475
617,1212743.9174466506
618,1026552.182920605
619,1310047.8719132468
620,55816.4714640528
621,2013042.493110858
622,366398.8389029354
623,306240.4328650087
624,51539.63841834664
625,1673091.2131868005
626,1059437.969460152
627,1837533.5945077538
628,1577774.3166180104
629,966909.536757186
630,1252566.0402266234
631,822440.5028698668
632,1679389.4786679372
633,1225220.8021224812
634,1826484.510978967
635,1227203.3839942962
636,1402841.27697099
637,575212.4254602268
638,1067338.4927937388
639,905894.7116348669
640,1758240.4831607118
641,453161.0848904401
642,1567346.7810513377
643,1213169.7183471844
644,1211215.3115417138
645,2249332.148350343
646,448363.02170340717
647,355918.49608294666
648,837764.7912034169
649,350692.8150196597
650,1498186.9583446905
651,909051.3213340789
652,893914.9287825003
653,885415.8529611006
654,1292410.9650063738
655,262886.946865879
656,2045157.9550550953
657,453115.0256939307
658,795688.5796514228
659,835379.3640165031
660,985629.2720226869
661,427867.880091697
662,981607.8384972215
663,985177.8103478998
664,799677.2757303789
665,958563.4710777998
666,671442.1208636686
667,872740.3243652806
668,1287426.4187153652
669,584613.7854090557
670,1506131.9363796264
671,878382.9857854098
672,1542596.818880722
673,878901.836268507
674,901498.2288163826
675,785775.5605635121
676,472859.51681654155
677,1123894.7753412873
678,308572.3839104399
679,924004.6158251464
680,1381716.5054145306
681,896608.0514454469
682,823868.5407496169
683,833659.7572544292
684,389482.00347578526
685,958602.1933016777
686,1048799.76193171
687,1503344.071888581
688,1325407.784304306
689,917531.7432305887
690,1383642.478189893
691,1677871.7617503554
692,1090043.0586655363
693,817470.8157700077
694,942364.3910893351
695,400192.01999197155
696,430198.8649838567
697,1614022.4428721517
698,933745.7126386613
699,3290997.802319236
700,862471.7228796408
701,885341.5212633386
702,1923079.9446750209
703,971989.4415023029
704,1589235.5445102975
705,1123344.855029434
706,1509494.9548329562
707,382808.13453609496
708,871407.3132845312
709,1681689.2396800295
710,343611.81231085956
711,1292591.9981434941
712,1290838.4384264126
713,694390.212865524
714,960243.8609790653
715,1323316.7699851692
716,171152.46995832026
717,1034842.8257789835
718,992929.2633614093
719,988438.7419396713
720,787442.5766336769
721,896513.7824698165
722,1877515.9522790983
723,1222021.491149582
724,1047875.4593490958
725,425437.11871605366
726,946915.1178074777
727,1271142.6483312994
728,1051577.9530907795
729,2017080.7368709743
730,676195.7440407649
731,1462724.4910617918
732,1715721.496767491
733,1165566.7282448858
734,273188.52897807956
735,1066900.7810274884
736,1017375.063571997
737,1298906.2049930766
738,874974.5694092736
739,1852550.2252067253
740,685022.3611392751
741,846030.699738279
742,946754.450271152
743,1759517.3139602318
744,1151101.7416872084
745,946924.3849801794
746,1731386.7188044414
747,667406.6617000625
748,193041.2085655406
749,1138518.4173794165
750,1245406.5170865953
751,1140765.9083484784
752,1075918.3711652234
753,1004367.9611112475
754,684027.6557885334
755,1130108.039447546
756,874821.4325435758
757,732063.7035794631
758,251192.2829900235
759,962016.9483516887
760,1508363.1927868426
761,992338.2113442495
762,787445.5695426464
763,730902.4411826283
764,35896.329744555056
765,879365.9187563509
766,1490605.8948834017
767,1758969.4416965842
768,527718.8429525197
769,1182003.904064022
770,-77788.22009363025
771,673108.6083647609
772,1424662.1009157598
773,1038296.6351749301
774,1335505.2148581818
775,1119832.5746395737
776,1009805.3411849886
777,883148.6074611396
778,1065236.0399779826
779,1624607.2839658186
780,834445.4930927977
781,568054.1166506484
782,1775341.641077958
783,630247.781832397
784,425527.01542378217
785,750685.11836835
786,1480598.7063964456
787,1163631.2474862263
788,1015938.3209859282
789,358228.10098738223
790,1067099.7823209092
791,880733.8114507124
792,1581618.772750035
793,528349.9976363778
794,1317326.06498643
795,874306.6721641645
796,916772.7619053423
797,1110058.082050778
798,876646.6426889077
799,506855.3882592991
800,1818983.8326568305
801,1284275.0311070979
802,1939087.3299069703
803,1433613.6880751625
804,133593.30054408312
805,653876.0046386197
806,347627.35256658494
807,1542533.0074161962
808,952032.3465197161
809,1137271.104453057
810,1084801.865583837
811,1429849.7775906548
812,353961.1206022054
813,181548.13042839617
814,1384695.883199051
815,777497.4097780436
816,1241350.354288347
817,1054003.4147737324
818,921848.1399922892
819,1299178.9513720125
820,1147392.30995512
821,1111768.2975797355
822,1626441.0034920871
823,10004.26591449231
824,1424737.2164053395
825,1284143.4310985655
826,1434007.5301672965
827,570967.0515874028
828,820720.362464644
829,1021571.8101443872
830,990144.6087689847
831,1304110.7277213484
832,300153.4156617373
833,1194990.5173915252
834,1282591.7199948207
835,785402.544524096
836,806930.7556395754
837,1223531.0333659053
838,1461048.0025810003
839,1409834.2063466012
840,1003374.3905348554
841,1416331.4693491012
842,2073446.353932321
843,653944.1351051554
844,1208502.476842694
845,927765.5646465197
846,676754.354219079
847,999059.1578830034
848,1063439.0256098881
849,1146869.9737815484
850,2416126.816347994
851,1164738.6832185015
852,494365.07176168263
853,1181938.5891389176
854,638733.8778239489
855,1269400.4019913673
856,844772.0159837455
857,1626191.8597047701
858,871990.5813268274
859,64111.814082592726
860,1556074.7020227686
861,2106193.807509668
862,1944123.4494725242
863,646475.6047839969
864,1834634.916981183
865,669750.2946016863
866,1138860.759910442
867,908041.8489306197
868,2054080.7402943522
869,1218625.7313571274
870,1344834.0399551764
871,1379142.1381744966
872,839255.3847502768
873,1473245.9797562212
874,1344607.9981939495
875,877889.7407862544
876,811571.5519178212
877,973818.1523473635
878,1046280.8608216271
879,1108357.436066039
880,477184.3679005727
881,1260383.9749582708
882,1197469.5524819493
883,1011.8069717288017
884,715835.028800115
885,928003.0128561407
886,1658504.4636899456
887,1035010.8665556833
888,1273429.6609302983
889,1732679.0706255585
890,1037575.281695962
891,542251.0118841529
892,1379595.8431556076
893,411204.10901955515
894,293008.77880322933
895,980076.471651502
896,492233.1440287903
897,1029582.245681867
898,925975.1673361659
899,1216457.5322804153
900,1012025.1470671892
901,1096195.0457660332
902,1049204.4837318063
903,954825.061180897
904,999151.3003938347
905,873956.1561738029
906,1200348.7978970632
907,177521.92590021342
908,933064.7853574604
909,790143.6549452618
910,1010969.2458272502
911,1315235.9181116372
912,992383.7292227522
913,1341992.5175807253
914,1166865.8172413409
915,1124887.355559677
916,860775.0475365892
917,429592.9297485277
918,1037104.7054120824
919,1165559.6250340939
920,105750.75781599432
921,1382399.2355389893
922,964449.5483456329
923,889338.266183272
924,1388954.476622492
925,1772660.4888676703
926,902178.7420484126
927,851922.9225079641
928,1267126.6911376044
929,1204287.5927299857
930,1706808.319627583
931,1101563.639442183
932,1038801.6973196492
933,1485770.3339600638
934,1541911.3044404015
935,1278487.6344719008
936,920594.5655734241
937,1465360.8099337742
938,1108736.304467149
939,46124.9945403859
940,1257688.4181441963
941,1619575.3370969817
942,899649.415952675
943,1283794.9773482233
944,1937821.1145150661
945,678592.8970765322
946,1348086.6058212072
947,1324366.8855148032
948,1518975.9154460058
949,693135.124710843
950,1127345.7500939742
951,663051.48270531
952,441313.21789342165
953,2043985.146133542
954,1224307.9867733791
955,683563.833029978
956,890729.1063878834
957,1462930.9303175583
958,731824.6024528891
959,1711587.9319953248
960,877482.5076293722
961,525403.1477863118
962,732547.0677990839
963,982063.5237990394
964,57613.00650023669
965,937762.9951676056
966,1014722.0047008768
967,969940.6266312897
968,903560.1245151833
969,1454524.769830227
970,926670.505583033
971,1923678.2684055269
972,1008541.5937836841
973,522658.41194365174
974,839481.9303212538
975,987767.7960408926
976,952733.3724023551
977,1152510.782909274
978,556335.4738749415
979,1617892.65466623
980,1472814.834770754
981,992817.0102418363
982,1165318.890152134
983,1585628.9941834435
984,868312.7188337445
985,1127929.282680042
986,1449677.7886112258
987,1124978.310652271
988,1004891.4937741235
989,135655.7355092913
990,1029461.6809238419
991,16207.239951305091
992,1353810.6440709904
993,750496.65244326
994,1202309.3269643262
995,1054525.860152714
996,1091228.952753067
997,1622012.7607741207
998,1420693.4365766123
999,950506.9243687093
1000,1091239.7345328033
1001,671230.7987940237
1002,794595.2582086623
1003,1111568.3880012035
1004,452680.8568428159
1005,1924046.8833130673
1006,1299964.4770222083
1007,18295.00832527876
1008,848830.7708072886
1009,1242285.9455754012
1010,-85180.39047159255
1011,817505.8044279963
1012,461024.6472785026
1013,1701058.8289469257
1014,1986546.4281517193
1015,843083.4190629423
1016,976058.7636403665
1017,227650.43097842485
1018,1061037.3908316717
1019,1680219.7487131357
1020,1826401.974577047
1021,571771.4864158481
1022,429360.2981189266
1023,917055.4105466232
1024,-4353.1971338018775
1025,2142711.9475954324
1026,1107638.6452731863
1027,485880.60233264416
1028,829607.4713124856
1029,1636477.0959825292
1030,-251464.80956672877
1031,2136780.2856549174
1032,754632.8334624767
1033,1325114.905257076
1034,875971.6069571897
1035,1094631.1083451584
1036,1609813.5843230486
1037,952434.5621927157
1038,945880.330278106
1039,1913474.6835023016
1040,1580546.9400436655
1041,1546095.4440225884
1042,767533.5025932416
1043,92652.00972286612
1044,301035.1572333202
1045,968534.2484002933
1046,1091837.6301445365
1047,61897.85220436752
1048,1092800.4881365597
1049,1850805.7727602571
1050,235510.6594717428
1051,1166826.2992571518
1052,322850.87326675653
1053,1537868.7615938932
1054,1129198.2761340514
1055,1092307.0756972656
1056,905633.6020164043
1057,918938.7335063964
1058,998505.3638869151
1059,1763654.1894823834
1060,1227177.3540110588
1061,1024788.4166227356
1062,384512.74491903186
1063,1024622.5347410217
1064,408500.8806177452
1065,1133053.358372338
1066,950909.3001225963
1067,952229.8724686876
1068,1529967.9617061466
1069,1626851.0821014866
1070,359525.8872377202
1071,810403.3622762486
1072,883404.1674892604
1073,400057.9759818539
1074,1008198.6236026511
1075,1460540.6779658422
1076,1737033.735036619
1077,1544191.5655477345
1078,1501787.352076657
1079,1016719.3085370958
1080,873080.2478795126
1081,1610905.9075580016
1082,2542343.1931222677
1083,790661.1550143436
1084,751734.5093434379
1085,894854.3889648616
1086,979518.7598245293
1087,2507232.8739060387
1088,1575885.94775296
1089,1017271.8746464774
1090,933968.2223251536
1091,883283.4753120467
1092,733382.374020353
1093,973335.0495232269
1094,1151921.630655393
1095,1301340.8018315658
1096,1484367.5447846428
1097,905837.2570747063
1098,1357874.8234972581
1099,745954.767595917
1100,1034729.8735555038
1101,1498058.217058599
1102,1262673.8909858912
1103,218231.4098360166
1104,1216738.472447455
1105,788297.9321249872
1106,1532430.212877363
1107,996676.7170952335
1108,464080.09289097786
1109,1195197.7972000316
1110,1684039.2106009722
1111,518753.6482703537
1112,181537.42603839934
1113,1197023.4097827151
1114,454197.6497887373
1115,1366082.2991986126
1116,1238475.8278732523
1117,1203867.3555215374
1118,1395023.2811536342
1119,1664657.2799598798
1120,1146357.4394366667
1121,666402.2806660831
1122,882574.9521731287
1123,880735.9802191481
1124,1027112.4402872548
1125,1537848.0595481023
1126,1132907.9816015065
1127,1611015.5048460737
1128,1599739.0796305835
1129,1180703.1384619176
1130,867774.9527183846
1131,1159455.1007947326
1132,1413751.369271651
1133,1846953.549502194
1134,818356.4141099006
1135,1718461.2727973089
1136,995722.1768401936
1137,1044912.0167533532
1138,1824769.0391471907
1139,875238.3053380996
1140,1567634.6281058118
1141,145913.34852473438
1142,385953.3254282698
1143,1266644.7686388493
1144,693218.9754181281
1145,1005643.8352259398
1146,747080.4891924337
1147,732124.9305458963
1148,870915.7513223961
1149,749788.2358960509
1150,1003095.7599192709
1151,1320342.3117704913
1152,1019573.827881828
1153,1355502.3381953165
1154,2156960.81540519
1155,959568.4939817414
1156,435909.7403642908
1157,355254.0337814763
1158,1689816.0509954393
1159,1322321.472754173
1160,872207.0331349149
1161,400886.9330016151
1162,1714652.8478301167
1163,882207.2688603252
1164,1099541.4751766622
1165,1040037.7633942291
1166,1237029.333179593
1167,691486.2660991624
1168,878487.956841819
1169,1200247.8255784586
1170,797457.401785396
1171,1053462.9848221838
1172,1227203.7819841653
1173,1079478.9998567998
1174,920402.7134101391
1175,1166667.7417894527
1176,945445.9426253363
1177,874182.8121564835
1178,1106556.1253717989
1179,843394.0920711607
1180,1183951.8837733194
1181,907104.2424732894
1182,1730918.0912561193
1183,1626637.7107749358
1184,1268907.0895532444
1185,1301314.7610692307
1186,1115092.4700523317
1187,888792.0241455585
1188,994131.4870866239
1189,504715.2263859287
1190,1223506.9778000936
1191,902087.574445188
1192,779769.8401117325
1193,664083.0771741197
1194,1621560.5399901196
1195,1175974.3837298676
1196,1970632.9797807261
1197,783568.6976002827
1198,1694463.1381712034
1199,989640.4652710855
1200,786217.7990817651
1201,938396.4442663267
1202,1447591.6779599935
1203,1111085.7517396808
1204,640558.0118862689
1205,1524682.920750685
1206,1270034.3179605976
1207,1122378.9380544797
1208,995838.3943318725
1209,371319.4488544762
1210,1812962.786402166
1211,1003126.4907886311
1212,1494025.549378395
1213,943636.8740677387
1214,548715.6323123574
1215,1932898.1942167059
1216,1306259.0507648662
1217,914366.885092251
1218,1245161.4290392771
1219,1172519.823128529
1220,-15548.59860638529
1221,800579.5829671025
1222,1681619.982954003
1223,1181333.3318261504
1224,931782.3289635554
1225,515217.13549848646
1226,930039.3333880082
1227,1077241.8068465665
1228,1795824.971968025
1229,317609.39624251425
1230,1092703.2705141455
1231,1129363.349487573
1232,1214818.1850144342
1233,1424693.4395239279
1234,1473280.9830703512
1235,943428.9960213751
1236,947633.7033059299
1237,1505461.751629047
1238,307000.00492260605
1239,1833669.599166885
1240,1235839.4691811427
1241,1584106.4319672212
1242,1291972.7325130403
1243,720536.2912394702
1244,742289.3619299904
1245,1288611.9068710357
1246,1762791.4760288969
1247,1822444.031590566
1248,1002767.6689635813
1249,1936084.2899532244
1250,970494.5586278662
1251,1424010.5364491493
1252,993937.4827525988
1253,246934.94849882275
1254,967448.793113701
1255,1355465.2858017012
1256,246949.83982589096
1257,1762819.316768676
1258,1022132.3601515591
1259,-106482.78759795427
1260,1046758.115961507
1261,973504.0291896015
1262,1434883.4866339415
1263,1612494.696945183
1264,275583.77877715975
1265,2322476.4591011107
1266,1486432.6934056282
1267,889791.495478645
1268,485574.123952426
1269,908441.4368576035
1270,1435486.5927692577
1271,1112223.441649869
1272,936155.7040926516
1273,1765896.1164445654
1274,932075.7872951254
1275,346753.4892389178
1276,1999479.4790381566
1277,1072056.0984623581
1278,1076470.6500154063
1279,1448590.6260214522
1280,1105472.6572068185
1281,2008557.0672897696
1282,1232204.3852186128
1283,1787308.7314296067
1284,948698.9498560578
1285,1854963.4177187532
1286,1437618.3851876333
1287,1112617.7082310244
1288,1438622.8918569982
1289,912853.8460832834
1290,1143481.9705833867
1291,1945755.6951024756
1292,987184.2346645296
1293,1156407.6795249209
1294,1324069.8913792372
1295,1040210.568330355
1296,-13978.899308599532
1297,1317301.4552280158
1298,475094.91498576105
1299,1174246.0384074822
1300,314012.73016866297
1301,1969883.9791059047
1302,1569283.4241635874
1303,1358976.8194179982
1304,2092057.1080770567
1305,1168344.0725366548
1306,1513359.1713784114
1307,782881.0524009466
1308,1394689.8428839669
1309,1024244.2213014141
1310,1075565.5641251802
1311,849430.0427486748
1312,1923740.4719612822
1313,1603326.5865352675
1314,1086128.4696575329
1315,764494.7419967875
1316,1618225.3621347249
1317,906954.0591180846
1318,972681.9277041554
1319,322418.61081206053
1320,623071.2303793877
1321,903452.8459811509
1322,325528.07883214206
1323,883476.9086991847
1324,1059197.3846311644
1325,884262.7101821676
1326,1144880.2716690376
1327,1450299.1177599356
1328,1091034.1807521954
1329,1899305.5243328959
1330,1573489.3431807756
1331,686592.332021825
1332,1757019.7907308936
1333,1049192.930782631
1334,805751.830139719
1335,1052718.8644562215
1336,1201566.162362218
1337,1709815.3972299173
1338,969241.2880605608
1339,1625512.0659837052
1340,1048282.4321679845
1341,844367.9720615447
1342,820031.13744881
1343,675185.1827621609
1344,607958.8946083263
1345,675262.6677255929
1346,1433890.4562769607
1347,1994097.0718612224
1348,878247.4701638818
1349,1047291.6561245993
1350,1502910.2312554047
1351,1827871.1911887303
1352,175445.80787795782
1353,702049.4405732751
1354,1124882.5685430095
1355,832478.5366397724
1356,1240138.2996086478
1357,708647.9456081837
1358,1295979.0801340416
1359,881791.0602694303
1360,1037847.9105321392
1361,923079.6463925838
1362,928420.1729116961
1363,1010527.1366195604
1364,1038061.7598531917
1365,1035554.6903626695
1366,1351798.2285576016
1367,1007079.8561312035
1368,1176046.3525693268
1369,1815990.7329221964
1370,985691.1268723384
1371,1304853.946412824
1372,2275491.1342314184
1373,1350479.63892138
1374,542129.7046332434
1375,901679.0937889963
1376,309184.4903681427
1377,880358.6541224346
1378,1564651.675883554
1379,1258028.0771556348
1380,239944.8707350865
1381,1525218.019797802
1382,775987.7775794864
1383,989287.9352290481
1384,1140712.9782277197
1385,400793.21482151
1386,1461683.8495873585
1387,1951356.5664151162
1388,761192.8580411971
1389,1424682.0397132784
1390,214539.16886793822
1391,1020520.0215681195
1392,1042034.07193847
1393,2226919.752426341
1394,1047774.811341174
1395,848291.5914704502
1396,2060121.5260466188
1397,884575.607175
1398,1071561.6520526707
1399,142875.21898467094
1400,982171.3989458233
1401,1007132.0136019886
1402,791896.0810566023
1403,225863.14949267358
1404,1021576.7736477926
1405,1237893.3711941913
1406,109163.04767943174
1407,973534.9331292957
1408,418853.46698485315
1409,1134519.3286775127
1410,1341824.176396802
1411,700377.451869376
1412,782533.755485855
1413,1504084.9009740353
1414,988417.0884935185
1415,2245979.610248074
1416,1205456.2997579873
1417,294933.0298064947
1418,1559736.4247198254
1419,1217744.695534654
1420,956725.4057483599
1421,1155398.5248795673
1422,2179781.821812518
1423,1488437.8363540769
1424,524204.1641159281
1425,588561.4588598013
1426,1720221.7486867383
1427,1864534.1527891755
1428,588675.3081815168
1429,1260643.1925012097
1430,1570186.0182872713
1431,792662.0935817063
1432,1140225.7997144684
1433,1223041.9298549518
1434,880356.5412283614
1435,1123199.8426990807
1436,619917.9474096522
1437,1713312.2024000138
1438,979241.5514055863
1439,2023901.9290950745
1440,325298.7319220528
1441,1676789.5266900063
1442,1514234.6783644035
1443,338538.92291300744
1444,341821.43115079403
1445,221659.33842785656
1446,2175153.7723013163
1447,904472.1241847724
1448,1486507.1148204878
1449,1418670.662821129
1450,1382745.141449608
1451,1224406.8461138457
1452,958043.7151328549
1453,842691.0065789819
1454,1146762.9823395014
1455,1720382.040420629
1456,1004260.2775837705
1457,1555213.6126185954
1458,520338.9332832098
1459,690581.1502740756
1460,873923.1393324137
1461,1000733.1109876558
1462,650000.6732480526
1463,807734.7642581463
1464,1840649.6525828987
1465,499033.9062541872
1466,629621.1771570295
1467,1043594.0630135834
1468,1009589.6344928816
1469,1689417.8036039397
1470,1266103.1734028012
1471,740964.867280826
1472,909126.7137542963
1473,1616626.2103081122
1474,1017408.5533402786
1475,1026418.3462360725
1476,894909.0943197757
1477,1296607.0525678098
1478,268016.5178989172
1479,1042463.1874888837
1480,924987.3121192902
1481,1723449.1245765835
1482,1675908.449682586
1483,1330669.6110937893
1484,660277.1348399445
1485,1085740.696402207
1486,899269.6723131686
1487,1408233.897124961
1488,1049730.8484441563
1489,400994.6844745949
1490,747960.9426456392
1491,1524805.8102615774
1492,903230.017737925
1493,958498.8718949705
1494,872000.8004860878
1495,654527.6899832562
1496,1606848.8125411496
1497,1165361.0047339275
1498,306202.3035911694
1499,1507869.8982310072
1500,2216321.155990407
1501,1145791.6600226164
1502,845197.8431643844
1503,1707674.3267558813
1504,2376178.9162265137
1505,1370826.8496316224
1506,774480.6554003656
1507,986928.8630690277
1508,827500.9505609795
1509,944508.5362340212
1510,1165454.1370987296
1511,1798919.4187979698
1512,782144.3996392265
1513,2034250.364837654
1514,784603.7408804819
1515,75797.3841239363
1516,1078887.681945458
1517,1280573.2387735248
1518,1288148.5032974035
1519,1537770.5061366335
1520,912602.0148607343
1521,985088.0830145329
1522,1277249.0434973016
1523,1368982.828708738
1524,1003667.3199788481
1525,2143529.537019804
1526,508089.97279634327
1527,783471.7004330009
1528,917249.580117628
1529,1164236.5095615163
1530,667781.6382411867
1531,632547.0905616507
1532,954432.671078831
1533,519632.31595285237
1534,964539.8911058158
1535,1546925.7479557246
1536,1245331.2703438327
1537,1724456.7059666663
1538,1292925.6871528476
1539,1253874.0695980042
1540,1663860.6680878848
1541,610123.8228135109
1542,1283469.3323820308
1543,1321436.8148569986
1544,873726.4616061151
1545,733517.2643504739
1546,987606.8854122981
1547,1675120.2892170995
1548,927457.4342899546
1549,984847.7956271991
1550,209376.8183509484
1551,687693.5697753355
1552,996017.0419393852
1553,980004.1277561635
1554,833940.8146269023
1555,1226329.9052856788
1556,782944.6757682636
1557,742401.167639032
1558,1108935.551748544
1559,895267.5476150662
1560,923981.8121588528
1561,1035604.557339102
1562,1424848.066129297
1563,936276.305106245
1564,1532960.0810262486
1565,1242030.2857477292
1566,1246334.450308539
1567,897297.689808026
1568,925682.5541000739
1569,985337.0516486466
1570,2145093.812030807
1571,1523110.9969755486
1572,1868646.462524116
1573,1258903.1413101032
1574,1618423.781915985
1575,1353003.6902031451
1576,1729363.6405592263
1577,1356559.3783839568
1578,502475.2948946357
1579,1176363.9441839755
1580,1830299.0157908648
1581,1084156.3657060415
1582,1028715.0211765245
1583,762584.4807612225
1584,1489793.6652159393
1585,633871.6408589408
1586,1295602.67215465
1587,1445413.3407998607
1588,1490406.754588157
1589,847656.17198544
1590,814122.8631562144
1591,1501403.6801095754
1592,1079947.9476866126
1593,1406280.2286045253
1594,1974063.1315685958
1595,710085.5620810017
1596,250886.84685367346
1597,1436719.0701473728
1598,718920.5806223527
1599,1935053.6652999446
1600,1249549.9944050536
1601,1746317.8308445364
1602,1791178.1678525954
1603,744241.4833792746
1604,891877.1330306306
1605,1995126.3041768372
1606,372744.9950228259
1607,949278.409815833
1608,999711.8804744259
1609,824559.8388365656
1610,395249.5751249343
1611,415247.67305534333
1612,1159254.267932035
1613,979402.645712249
1614,1172437.8799710125
1615,1930629.0751319304
1616,985427.0854829922
1617,1028609.1124971211
1618,890277.4792810231
1619,1339319.4675995111
1620,1460482.347186312
1621,1245916.3039645925
1622,1836786.5517432094
1623,1332926.0320690274
1624,1029363.2533157691
1625,692600.5592364892
1626,318568.3156633228
1627,337864.06010220945
1628,326678.37397010624
1629,895429.5304751024
1630,1308473.2564420477
1631,592717.7044950053
1632,1234482.7637514696
1633,292086.26053990424
1634,1344883.8668090329
1635,1817558.0897897035
1636,1063331.696642287
1637,1267932.6265375242
1638,887483.7856986374
1639,663829.2542207018
1640,1469689.2984260246
1641,1332331.8772275224
1642,874086.787891537
1643,1405470.747666113
1644,1004921.8363630027
1645,1010735.0988921076
1646,248378.1507203728
1647,1460910.2676286623
1648,1612261.0146020278
1649,1484095.5623946562
1650,1517875.4532204196
1651,895003.0077699348
1652,865472.5915015042
1653,1266976.927726075
1654,421000.493291378
1655,881163.3699209243
1656,1137095.539209433
1657,1896405.4231561944
1658,1713657.9191619232
1659,1053918.3608966172
1660,2168816.466728285
1661,2232577.9828213006
1662,1469764.6153811216
1663,1495575.2575998977
1664,1360073.5147705227
1665,918365.4609449878
1666,1043913.4714977741
1667,803492.3426836133
1668,1175543.545174852
1669,1624124.7213610858
1670,895474.7065410167
1671,1560745.5531267822
1672,321525.53642860055
1673,1511022.9773925468
1674,2030645.9417693615
1675,867001.715716958
1676,1072865.2259471565
1677,1935554.581959501
1678,224643.83259269595
1679,261520.01580935717
1680,2078530.0750017688
1681,990876.4449554235
1682,1118865.6998045817
1683,1353861.6042506918
1684,1990281.3777363524
1685,249898.8205025643
1686,2030941.5176600665
1687,1493571.2617010474
1688,1845204.8415812105
1689,888153.4779921025
1690,1074889.0313543752
1691,1297871.3231901824
1692,1947952.623300381
1693,1193669.1328584477
1694,1819066.207267791
1695,931002.6486420184
1696,1305643.4632819593
1697,696116.2512386367
1698,1199869.8589790463
1699,1291696.8075655252
1700,343917.6743846759
1701,1256204.7139616162
1702,1425958.518115893
1703,879055.8832930177
1704,2253905.0662551075
1705,1988956.0308712646
1706,1011335.2888265625
1707,785496.4843900874
1708,1111527.0878571495
1709,403305.3423348591
1710,1123962.0508379415
1711,877865.3441423029
1712,248324.42410886288
1713,746107.9479691312
1714,886492.5107542723
1715,552233.4566571042
1716,1068827.6136534587
1717,781593.6716851369
1718,804379.6247356758
1719,451031.06562027335
1720,962141.7649820223
1721,1605697.2088827789
1722,1307879.140703328
1723,971015.8563523218
1724,987012.1472974047
1725,2019322.854670845
1726,1022255.2945231944
1727,619457.2761177123
1728,953711.428449437
1729,587387.8708349466
1730,862799.4886787832
1731,1304493.0839474797
1732,786968.0318182707
1733,1017880.3464683741
1734,1101289.1559952125
1735,909648.0539927855
1736,1710096.332325913
1737,1434812.3220590428
1738,314914.3049800247
1739,1068355.9944326207
1740,652137.5329825953
1741,954977.4916900247
1742,103237.11756110936
1743,631538.7498794496
1744,770913.7968576401
1745,921663.7420607954
1746,1182497.3174304366
1747,406512.50352858007
1748,1019543.037204966
1749,848784.1938681006
1750,2302528.895015225
1751,1376288.6324032769
1752,1393715.268281728
1753,2042364.827375427
1754,1034537.969875373
1755,1051926.4352289885
1756,566535.6881550401
1757,1512317.1160203665
1758,1219505.7571632862
1759,671613.2984531969
1760,1372781.0959143937
1761,914266.5980018824
1762,1633772.4269156381
1763,125475.27160418779
1764,854550.9129424021
1765,768670.667791985
1766,1544647.921755731
1767,2499347.568652101
1768,947681.3518373594
1769,938332.4294589013
1770,1428966.6154388413
1771,1391511.8480578586
1772,665497.8435804546
1773,1720943.649874866
1774,1622361.4248631373
1775,1319686.704156354
1776,669447.8744294941
1777,680786.6002744287
1778,1684606.5689285994
1779,1220481.1901224107
1780,1207675.3540943414
1781,891800.1741443425
1782,272678.00782678276
1783,1618424.3259223402
1784,1014078.1147519797
1785,1137783.0761220753
1786,1182777.9237419814
1787,1303633.2576521188
1788,872545.8016472906
1789,1002961.037277855
1790,1098363.9747045785
1791,428205.60179042816
1792,438387.0023133084
1793,798051.1042653024
1794,2018246.04465124
1795,1470791.072242573
1796,1090395.4797211215
1797,960911.695828639
1798,1287430.4395296872
1799,1220127.01533819
1800,1003577.0740237758
1801,980450.0287629887
1802,381824.2981188521
1803,2266172.8064123765
1804,897502.3326879963
1805,1093725.366384305
1806,717033.9956320748
1807,1453402.9635628834
1808,941529.2719709054
1809,1353299.2716669142
1810,1406105.4513194188
1811,1109639.033861719
1812,1041575.2566198185
1813,784833.6996273845
1814,1183673.6908680797
1815,939362.5139816254
1816,1117753.7124130204
1817,1566329.6139619723
1818,492420.88161194324
1819,1256956.6612014398
1820,917709.7046897188
1821,987022.2777175605
1822,982778.3522891849
1823,1233937.4178714529
1824,969282.2919920906
1825,881498.4892258495
1826,1061919.9804816246
1827,797963.777436398
1828,1643245.0260985643
1829,323639.03714262694
1830,1092819.1378151327
1831,1332048.9115056396
1832,1895228.3614787906
1833,1064141.108637929
1834,669694.1566658244
1835,450776.1000318527
1836,1032088.665327251
1837,1272297.1685351282
1838,943110.3863083571
1839,1052663.9438656494
1840,739363.8126023039
1841,1376218.0947094858
1842,1523941.8588816375
1843,1265720.2372803316
1844,1531099.1822176203
1845,1604479.1581538022
1846,880940.2291703001
1847,1015746.035368219
1848,957253.3186567053
1849,1644898.8529486805
1850,736270.0333028659
1851,544792.3630997315
1852,1908195.874475509
1853,1496376.7831256017
1854,1299174.5659594685
1855,924540.1947644576
1856,1126086.1301072314
1857,1541387.9941064343
1858,964174.9438221157
1859,1218769.505170025
1860,1024128.8687642291
1861,946991.7874489501
1862,287713.3336255029
1863,991559.804777436
1864,1373744.7079752833
1865,992475.4065751135
1866,186788.0766241327
1867,919548.3737944737
1868,926825.4257338196
1869,1371532.915622674
1870,169663.68458075076
1871,314726.83235850185
1872,1314448.6664190888
1873,1288551.8805416375
1874,514741.99348402023
1875,872897.0376433879
1876,1031531.4583093375
1877,-46363.7718167603
1878,621982.6871881261
1879,1142110.247573018
1880,918045.2140218616
1881,416664.2017996609
1882,1239420.524301812
1883,1289789.6772146523
1884,1053705.9966706336
1885,1049857.5466567725
1886,1379198.9778248817
1887,1249983.8982045203
1888,872924.1897161156
1889,1610777.0933224633
1890,752467.9454158172
1891,289612.33369874954
1892,1298921.421332784
1893,812746.8803518862
1894,484789.519626759
1895,1016390.4046329483
1896,887789.4113539532
1897,1009721.4302863479
1898,1489788.7148850337
1899,1628963.057607457
1900,1520372.225306183
1901,1009801.4663622007
1902,530770.0749634504
1903,674686.7217889428
1904,1734615.7219749987
1905,554113.1505754516
1906,1000869.2495028824
1907,919630.6716447696
1908,392264.5430607274
1909,894510.0190405473
1910,125117.59771432728
1911,1769112.943506956
1912,1662198.8110016435
1913,931437.0162132159
1914,307154.59544541687
1915,774523.8188601211
1916,2056643.3830297962
1917,1121556.956359148
1918,810857.6561888084
1919,757740.2536318079
1920,2014848.2030945644
1921,600571.9351903796
1922,372469.2787178606
1923,1205642.1110334694
1924,800034.5876957178
1925,1472618.279929094
1926,1002578.6375520006
1927,680864.5169973224
1928,400964.37441444397
1929,510843.3033945039
1930,1562529.5314374492
1931,1941006.1697725505
1932,886251.3151301965
1933,921486.8519361615
1934,2299818.9974173903
1935,1089909.98995962
1936,963279.4002380595
1937,1186070.1651503146
1938,1185057.3047270328
1939,815101.335233964
1940,-77437.66761042923
1941,1388215.7651926875
1942,1442738.1530185193
1943,777244.256272763
1944,1101876.7680640668
1945,682238.9141594395
1946,803246.6978884637
1947,1268730.1697380096
1948,1487422.9457962662
1949,1660736.0177713484
1950,1798339.1701708287
1951,2139391.634629652
1952,1588240.6442053914
1953,1775661.2722598612
1954,888153.4779921025
1955,1739825.5333728567
1956,813006.3363876045
1957,1282483.5016828477
1958,849844.2622597739
1959,148952.39359861612
1960,906949.242977187
1961,1452825.2889693826
1962,1000949.4473706186
1963,727989.5538797677
1964,253629.3406368643
1965,286991.9455381185
1966,972216.9616606757
1967,1407217.312785536
1968,1754835.5237577036
1969,1854696.359994717
1970,890664.4289055318
1971,1153944.0735781267
1972,923543.9188848585
1973,959845.6300839782
1974,859206.2861394957
1975,940057.6479684934
1976,1041898.8454943597
1977,1487395.9367338568
1978,596460.7551619858
1979,1006678.2302916199
1980,1357612.8132859021
1981,984867.5892800987
1982,1433003.389759615
1983,790538.8512666225
1984,917242.4251743183
1985,726292.1505891606
1986,1610920.0729861408
1987,734473.3125217035
1988,763089.3343237191
1989,1040086.014881894
1990,1381320.4866644666
1991,1140980.6654818952
1992,954355.7844234556
1993,1244637.9715450406
1994,1812533.8104120716
1995,1692331.528416805
1996,942718.2649406493
1997,909630.5994668826
1998,1539486.3739659265
1999,1169192.4452221245
2000,953998.1894574091
2001,1742889.2464213893
2002,1708446.2582863271
2003,374660.55110403895
2004,747730.4810961559
2005,867737.8569378853
2006,2108106.514227852
2007,880803.770041056
2008,1618288.3950731605
2009,1024395.647226192
2010,374514.86943112314
2011,1479069.5638355017
2012,1035070.2067354247
2013,665477.7971100211
2014,1239867.3771373928
2015,2180822.4823900536
2016,803634.5899257585
2017,855443.9890167043
2018,1740349.3459529653
2019,1011975.2235561907
2020,2069438.6325321794
2021,420007.131675981
2022,835921.403804116
2023,303403.894032456
2024,1042744.8360589892
2025,853101.4250440896
2026,1961187.1681131795
2027,370069.2403743863
2028,960927.2451872155
2029,827117.3635003343
2030,997681.4099443033
2031,2029355.9970222563
2032,976241.8372243643
2033,879858.2361581922
2034,74630.48735599965
2035,455937.0237136185
2036,876160.3887202665
2037,987075.4726571068
2038,1090596.7963475585
2039,974296.2580505311
2040,698310.8212317601
2041,916049.2739099637
2042,1199521.2785596922
2043,1070025.1166079342
2044,1542277.7043128908
2045,288794.67027089745
2046,777606.513868086
2047,1243831.065400876
2048,1733593.023267068
2049,335044.5291494131
2050,720776.5230098888
2051,1066858.7982413545
2052,784234.663384825
2053,2511142.90864186
2054,2033509.464951709
2055,1633892.0390821472
2056,1644427.51516933
2057,66342.35429463536
2058,1490843.388935484
2059,876078.717934303
2060,1019814.5960463807
2061,908751.2040011287
2062,776123.616425477
2063,390496.525202699
2064,1480993.0533814505
2065,921077.2001624927
2066,808995.1851785481
2067,1068517.5444218442
2068,1205574.9467067942
2069,1802262.3265301436
2070,1666256.6876335144
2071,351247.00827105343
2072,626733.2265295833
2073,1163358.751577355
2074,1122025.686984636
2075,992882.6808006689
2076,966664.9166542217
2077,1127540.1408734545
2078,1447097.8351111412
2079,960038.4211897328
2080,996516.289983362
2081,700264.4559163526
2082,1908754.0707952008
2083,1193244.5043470263
2084,1229099.62370494
2085,401612.3834877983
2086,871225.211146079
2087,773777.9286531955
2088,1202143.303765662
2089,1697411.912372969
2090,590571.6356736049
2091,1745456.9675254673
2092,1094240.0813708678
2093,1032121.9835225493
2094,896115.1466961652
2095,899942.6861120313
2096,1203433.5918419138
2097,1217476.236287497
2098,841190.4905842841
2099,864529.8534407392
2100,1050611.2667105198
2101,763854.2267661989
2102,1018883.5397764146
2103,1133294.6826069355
2104,817836.7462381423
2105,1602362.845173575
2106,109461.10384698212
2107,1602721.7548242584
2108,1865156.670940198
2109,981567.3784211054
2110,821488.5771363676
2111,1629183.5269390047
2112,748809.7349853888
2113,834486.6788139418
2114,544319.4913398847
2115,990155.1168066934
2116,1511356.422833316
2117,740098.5849932954
2118,1239245.4148974419
2119,1267118.7888231948
2120,492039.92001475394
2121,637436.5545175076
2122,1080815.6890237108
2123,2056704.3785266653
2124,1317024.3636932
2125,956644.4415042326
2126,1089383.3821517974
2127,999660.3378148079
2128,434910.7570967227
2129,1108756.9840692729
2130,327191.61728120595
2131,796412.455921106
2132,874883.136734046
2133,1644660.649849303
2134,1056092.2840949222
2135,1038811.6840243787
2136,947566.7779020816
2137,1139678.2623681352
2138,925201.7276300639
2139,1956833.291496329
2140,1118032.9575755969
2141,935218.5072697178
2142,1005164.3437537476
2143,1447523.9256814718
2144,525491.9837255254
2145,1306072.1126174033
2146,913435.0201940611
2147,1549447.7787635922
2148,1449081.2965139896
2149,1549233.0593895689
2150,798357.9947134629
2151,1813323.178896442
2152,1243170.442574039
2153,821656.1829576343
2154,1607792.1801974922
2155,1327354.4422487468
2156,879911.5704063773
2157,932135.829639487
2158,1618897.818245098
2159,907243.8764260411
2160,903822.1725692973
2161,881470.9990087524
2162,1520609.0219457522
2163,779500.5649563372
2164,683041.8585368395
2165,1420561.6430685967
2166,1638164.6178835854
2167,985012.3076988906
2168,474699.1200052649
2169,454108.7532169074
2170,1541144.0581815913
2171,982945.6959125102
2172,1339439.3974495456
2173,756297.245520398
2174,968754.2535532936
2175,1328342.4505832493
2176,842994.0774361268
2177,327756.11826915294
2178,882251.3338514343
2179,1177215.7856020555
2180,2283628.5574959815
2181,653227.2562004179
2182,1230477.5810734034
2183,505994.2024790719
2184,1561200.2017678767
2185,668952.6920935959
2186,788341.4537504911
2187,2316945.502818212
2188,749160.0666025057
2189,956645.5792160332
2190,1462857.2305656448
2191,230991.81039264053
2192,1059771.8810576573
2193,1088633.9009341449
2194,680084.2389860302
2195,1801931.1307532266
2196,299554.4956558645
2197,830375.5429695025
2198,1581881.089783974
2199,1391424.5221567452
2200,952224.2449945435
2201,1016116.6177217513
2202,897091.9967184514
2203,1312979.072258547
2204,1259975.1799438298
2205,904945.8189914674
2206,70475.1620202586
2207,1235866.7832231224
2208,928038.3960518464
2209,831601.4625764415
2210,442986.6082645431
2211,1053287.7706707418
2212,-42495.552387066185
2213,974630.3308892548
2214,1780939.978624098
2215,372992.3594023362
2216,2024015.9941740185
2217,482163.7156060636
2218,1134412.6096675843
2219,1480050.144571498
2220,916721.096697554
2221,1208973.9560688734
2222,1448457.1892304271
2223,1625326.433617495
2224,1672667.684027344
2225,1047948.1168117374
2226,1912699.8875005245
2227,694029.1084880978
2228,1860039.6665786505
2229,693636.3133238405
2230,611787.7508753985
2231,1891903.1517726406
2232,1451767.3193689808
2233,903144.6076594964
2234,808617.326212436
2235,1180524.8082301691
2236,1932100.1285141408
2237,1239632.6893923357
2238,1336517.385073252
2239,2299886.9851112515
2240,442824.02816180885
2241,920630.8547516391
2242,-80961.20740186423
2243,1215263.1743535846
2244,1002070.6898437291
2245,1283171.459859714
2246,1526326.5854787529
2247,776004.8759291843
2248,1549967.7725770697
2249,125926.87771973759
2250,987147.6809608191
2251,836183.7582703084
2252,1357470.246280469
2253,681374.1225050986
2254,1571125.7603229806
2255,1428075.3379227966
2256,1252099.7229869291
2257,1412642.8246948272
2258,1204659.6138086915
2259,837928.651815705
2260,1314792.5436527878
2261,580434.4781024083
2262,922172.7274339646
2263,550975.4180300385
2264,757127.9541090652
2265,413674.95028826594
2266,1026900.4532400891
2267,1932643.709693849
2268,1330407.5276595578
2269,1271636.0582471713
2270,1067308.7992457598
2271,313822.9083375782
2272,1017927.3848603591
2273,679810.6319695041
2274,701999.6006148458
2275,896400.2315245122
2276,975136.2665347159
2277,1031423.0168788508
2278,1376969.442910917
2279,1097233.6630023122
2280,1845283.5332642645
2281,966677.7757662684
2282,1644416.0144120157
2283,1014535.7611464709
2284,1200590.0851693153
2285,1241625.628405735
2286,902431.3573802039
2287,473406.5194948539
2288,554657.7900833338
2289,1369293.8229447976
2290,1064253.9469280466
2291,1493159.727182202
2292,1361889.0248970166
2293,1313630.6284860224
2294,991717.314112395
2295,1048673.8246476203
2296,1061371.351158142
2297,1190604.8127110675
2298,1442861.0111755952
2299,1143704.9203143045
2300,1539288.9247572422
2301,825677.3517168015
2302,4357147.125371106
2303,774736.3670370728
2304,1458550.089173779
2305,1405157.3693542331
2306,925276.1381721795
2307,313223.24982379377
2308,1077747.927067086
2309,943511.46200753
2310,965689.6989845484
2311,1000941.9896603525
2312,966654.84676826
2313,894168.0881181806
2314,1479836.9442341775
2315,1477063.443784736
2316,1353789.8571748435
2317,1568092.1287283227
2318,1141745.7084071934
2319,957120.1122374609
2320,1511674.8313551545
2321,1264648.3874316886
2322,334269.22387542576
2323,1045091.4789278731
2324,1401678.204539016
2325,1976680.7586614192
2326,1013526.452364035
2327,900242.0841262266
2328,932642.1197387427
2329,877374.6353449672
2330,203037.64433532208
2331,1036782.2164931446
2332,1356567.490602158
2333,1011104.9480071664
2334,1486031.6065767482
2335,935321.823782511
2336,1265366.7545182854
2337,1237772.778164491
2338,1318643.2132926732
2339,804637.7718005404
2340,1159856.4797787443
2341,2031131.2217784077
2342,1515415.8670627102
2343,1203280.506790921
2344,920152.0463088155
2345,1179338.71131175
2346,1472830.7432196736
2347,1195464.9250352532
2348,581631.2940173
2349,1889680.956275314
2350,43775.44960843772
2351,904527.3953225613
2352,1242183.3161289692
2353,418109.42929136753
2354,1033535.1877943277
2355,502511.55280771106
2356,1565726.4569270536
2357,123574.82311284542
2358,797467.8218391985
2359,1457623.216185622
2360,1586393.3277847022
2361,577042.3323089108
2362,1159265.496310249
2363,2142221.9346304014
2364,223071.4060452506
2365,1817950.8891896978
2366,914325.8138430566
2367,202846.7987503335
2368,1913226.2745618448
2369,1953779.8834182844
2370,977915.8474868834
2371,1006104.4342729077
2372,1367729.0925601572
2373,1902101.4104210436
2374,662876.0743969008
2375,1152085.3807568252
2376,911401.5263976008
2377,804841.6548765078
2378,720121.6747127548
2379,934292.1906055585
2380,1388829.9939887375
2381,1103502.2976133525
2382,1081873.784738399
2383,656457.5037506297
2384,981303.5502914265
2385,1033462.8611969203
2386,1027816.4455401301
2387,1370585.1210013777
2388,1196424.5353607982
2389,756847.9321112409
2390,820627.718817614
2391,802766.7390645966
2392,1187006.8892379105
2393,1221608.2626346946
2394,1799182.664530851
2395,1738694.1679754853
2396,202677.88369827718
2397,1483767.100013733
2398,1069327.1871112883
2399,1455524.241467908
2400,1126891.4981109798
2401,1254288.9296366647
2402,1363761.7051109076
2403,1506098.296042651
2404,319458.4249643162
2405,760032.8745103925
2406,684839.4624285549
2407,560221.2406333312
2408,668209.1763990968
2409,910676.6888341159
2410,1395475.543446958
2411,835894.6019414812
2412,695397.5247591436
2413,1047108.6195555553
2414,1086047.2144400552
2415,830546.054392226
2416,468061.20540396124
2417,1601408.6874183193
2418,1587897.8384031504
2419,1447581.0679749846
2420,902351.5517388135
2421,856553.5898526832
2422,1455878.2832823321
2423,662652.8782907426
2424,1112653.122066319
2425,1506524.2881151736
2426,1293187.489481762
2427,376575.72338273376
2428,382726.86071521044
2429,2281560.0166352913
2430,1734171.877154328
2431,200446.08718934655
2432,769792.9985719547
2433,1113199.2596027255
2434,643860.1916391924
2435,1941882.8117223307
2436,1028089.0125797763
2437,657289.6573803127
2438,1837214.248469755
2439,1283926.5623512566
2440,710608.6508944333
2441,979621.058519505
2442,923192.2441829443
2443,1508317.1958090216
2444,1008309.0840788782
2445,302797.42030878365
2446,927376.3713762611
2447,625372.3566226438
2448,979054.9455529749
2449,766215.0215346739
2450,862769.0955266133
2451,1438345.6393994242
2452,914390.8189123571
2453,1432286.5379218683
2454,671600.0945095196
2455,464630.0580883771
2456,1289454.6545262784
2457,432960.75548607856
2458,829596.2966265902
2459,1521225.1473528445
2460,1056602.0175951123
2461,878503.6341396198
2462,859525.5104105547
2463,1239782.9003902525
2464,1703037.0836200938
2465,1306441.15567258
2466,1625330.8352585658
2467,379992.44080378115
2468,1344646.4570496008
2469,990831.1444112584
2470,-32195.652898430824
2471,1796579.5126416236
2472,1898898.2765924037
2473,250212.16850397736
2474,1009215.046119839
2475,1292373.4363209307
2476,2029821.2181000337
2477,1856810.371652417
2478,996102.7412142158
2479,1238710.2504839897
2480,1243720.0732140914
2481,1834310.8387357816
2482,1037476.4052970707
2483,904775.9767966568
2484,986342.0821862519
2485,1125150.3515800834
2486,320121.8512951657
2487,980971.6592022553
2488,1313142.91532325
2489,503414.83941936493
2490,1354578.3696614206
2491,894371.9186271355
2492,809620.2789212018
2493,1473498.4449197277
2494,2063466.4157296196
2495,718460.2949260697
2496,750913.6222022697
2497,798326.2864845023
2498,761828.4251922369
2499,1835064.2557402924
2500,566586.1819133759
2501,815534.4158239067
2502,1089130.099275738
2503,687549.8618846089
2504,413468.24349819124
2505,257908.69101163
2506,465904.0974483639
2507,889723.316269815
2508,1372188.1166537032
2509,954901.5598390177
2510,507545.32696163654
2511,257178.90842118114
2512,1198571.5115855262
2513,-20723.07030712813
2514,1036230.5039973035
2515,1806560.8815085217
2516,387418.30577115715
2517,1039308.350092493
2518,1058050.0514767766
2519,621545.5196894556
2520,1616853.1456026435
2521,1014976.8693501651
2522,1869413.0576067492
2523,922478.6932653412
2524,1268060.6956109405
2525,828344.6952087432
2526,570328.8006974533
2527,1845188.8447065055
2528,456177.8670381084
2529,1274103.3081026748
2530,756466.1836594418
2531,957837.8661087081
2532,1225866.5760408565
2533,1690165.4775160477
2534,1759932.1108655706
2535,1470390.432755448
2536,993207.0564653054
2537,941314.3170240894
2538,1303650.1552335992
2539,728286.5031588674
2540,958411.2220653221
2541,1068491.3034035712
2542,1736186.2884282097
2543,1322021.6590866372
2544,1227238.759131886
2545,1185315.20922897
2546,1532047.6690164655
2547,654319.9093035534
2548,1452920.0323557407
2549,1549509.2194860205
2550,434302.9735095501
2551,989714.1148677319
2552,787458.0210200772
2553,738177.4081489444
2554,1459180.531858109
2555,1339862.6450257078
2556,1433917.2274200171
2557,906930.3670418859
2558,984023.1907544881
2559,58815.3786900416
2560,209064.93756116927
2561,827445.1804489717
2562,1587331.3277130201
2563,1145170.1967023537
2564,87281.15487702191
2565,1124716.639016375
2566,1304656.6521419808
2567,827900.9630229026
2568,1176812.8042618334
2569,1024067.8350844383
2570,9972.980888016522
2571,2060408.151008509
2572,343245.7365133092
2573,1136632.348060064
2574,1744815.7433998287
2575,1628471.727015674
2576,1338630.2040783167
2577,1048972.7708656415
2578,286107.47617758065
2579,1707269.5755915642
2580,383820.1515610665
2581,1172481.213765122
2582,1028854.000941962
2583,1022368.4087904915
2584,1025821.6989965513
2585,1113124.0364776254
2586,1061214.3397801816
2587,1351686.3705481365
2588,1049777.7120090798
2589,796877.013247475
2590,1610744.632055983
2591,425380.0685372874
2592,671600.0945095196
2593,1213197.2101304159
2594,2022977.2802483141
2595,548498.5537735596
2596,904732.7830327004
2597,1563755.2275875732
2598,1502225.3484451175
2599,1439030.7616430148
2600,385975.4153251201
2601,903395.6023984328
2602,1786940.4519997016
2603,1542926.4602777734
2604,628860.1543584988
2605,1855249.2479357347
2606,1238456.0786615163
2607,873279.4860323295
2608,425782.73746263236
2609,895355.2375367656
2610,2380004.283228174
2611,1884469.1475442424
2612,981825.2358068526
2613,2109857.3442588747
2614,1004941.521994032
2615,1017051.8489626572
2616,805473.2812045291
2617,1136069.8426556662
2618,327841.86046855897
2619,685632.6396879777
2620,932996.9765749127
2621,887508.5799964666
2622,109495.86135476828
2623,875637.9652853906
2624,1036561.0615980104
2625,1697325.4911540523
2626,915059.6295573562
2627,1343863.8459546193
2628,1147789.9505786002
2629,1336563.252875261
2630,996545.4341256768
2631,1282471.6521518677
2632,876270.257769905
2633,1838983.286079079
2634,1505105.5086405128
2635,888768.5897523761
2636,1053592.0861106515
2637,690926.688236691
2638,823759.163230285
2639,718340.6124180108
2640,928369.5577276647
2641,706274.4912394658
2642,1028140.222251907
2643,2147784.0814105794
2644,819106.1597955003
2645,1320738.6166180968
2646,1406923.815004401
2647,960277.2501379251
2648,503714.0330926478
2649,280399.89079033583
2650,1587290.2753434181
2651,1199341.7168629244
2652,292803.77781407535
2653,1103688.2706501037
2654,1255106.2571242303
2655,1309934.8103635758
2656,731402.7971245572
2657,618353.2218901291
2658,1304247.3735498413
2659,1228112.4248210266
2660,2271693.5365591943
2661,1067941.5364293605
2662,1026655.8896926641
2663,1458891.3737091944
2664,438823.8748814091
2665,1612722.2887184173
2666,1901337.606951125
2667,420844.1411854699
2668,1670701.907981351
2669,-86473.11926794797
2670,1180559.4028557986
2671,942203.2572558373
2672,1508346.2021249756
2673,379751.1899011284
2674,1004499.4269089997
2675,1927514.0434735864
2676,442689.80466651917
2677,655557.6216234192
2678,1214282.6416123733
2679,906424.0066080391
2680,821421.0306664333
2681,805791.0791381672
2682,671430.9318265244
2683,2041996.0803920627
2684,1252996.577833265
2685,1222561.8097420633
2686,1019963.7752795368
2687,781405.5944963545
2688,849738.8106326535
2689,978220.7821899578
2690,974935.7309062257
2691,1345704.467668675
2692,1130405.4579617232
2693,913355.0699253753
2694,997173.6656250134
2695,1610560.935977675
2696,1001936.2808146104
2697,1538158.2163046896
2698,1879224.3166273981
2699,2452103.9017502517
2700,848471.420057945
2701,1764206.322765015
2702,1252739.263332218
2703,521735.63043414056
2704,791180.9153557867
2705,650488.7510038763
2706,1693709.5480192825
2707,812254.3920257315
2708,1926967.6133993939
2709,575727.6046169251
2710,1621564.036735788
2711,1039163.5635982454
2712,3072703.709051244
2713,1985761.4094766974
2714,1866862.30706466
2715,1112575.4987055734
2716,1262200.4259995073
2717,971802.1854465902
2718,920363.8396150321
2719,324698.90217933804
2720,1810505.5842873529
2721,1702420.3345585316
2722,1781970.7160706818
2723,2393292.3783022016
2724,2062077.28535413
2725,1316761.345844984
2726,363465.3956848532
2727,916833.1002160683
2728,1053442.9799504727
2729,1228657.2587385029
2730,1060456.273223646
2731,1121066.956008613
2732,786680.5337752551
2733,1119398.642604731
2734,798039.4020331874
2735,1491678.5226144418
2736,1445318.9195946008
2737,1026555.837692216
2738,1077112.8315262347
2739,293477.64492528886
2740,995704.7482341602
2741,1298847.612048678
2742,2128541.7846194953
2743,976387.9250796363
2744,947181.5668276176
2745,1819219.767424114
2746,1684284.2688395455
2747,1709150.0665187985
2748,1103813.5023960918
2749,832611.8816757947
2750,665414.3737479746
2751,411975.657252498
2752,561080.4656389207
2753,1209469.911927797
2754,1095733.4340679497
2755,915657.714989461
2756,924581.2005017325
2757,860490.9591348767
2758,1949777.114186421
2759,1512022.1686998978
2760,276267.8840194866
2761,1145994.2386062443
2762,901638.347033672
2763,1577672.1618319005
2764,1482574.4753069952
2765,694708.9663020596
2766,994269.0079055354
2767,2128700.57391873
2768,1327406.1356501058
2769,1048066.1739704162
2770,1533631.5327830315
2771,878358.1039761901
2772,512112.4168130979
2773,618391.0948541611
2774,1318872.7616697326
2775,711427.0900086537
2776,1153827.0188135505
2777,1002373.1771828681
2778,43804.83117329329
2779,1163852.1977219433
2780,1531125.0882436782
2781,1295370.3913999945
2782,1102954.9386945665
2783,1508377.0529634282
2784,123822.18401062489
2785,998047.3630840331
2786,1598644.9544994086
2787,729882.8159332126
2788,1053238.8044669554
2789,806748.1392700821
2790,952960.9535865784
2791,843831.8105433136
2792,1003446.200262621
2793,1867184.6386999637
2794,449412.973362945
2795,1034472.18030411
2796,1761975.2609269917
2797,1146962.4268694296
2798,1250891.118639961
2799,765349.0331223756
2800,1372323.369203359
2801,726326.1000137627
2802,1894735.7705263048
2803,1512595.7084080353
2804,328357.27226734906
2805,1589925.7254532948
2806,1491871.4257268906
2807,1240942.869928129
2808,843313.2323408723
2809,3869.247894383967
2810,369373.9755178541
2811,336569.8157180026
2812,995648.4562055245
2813,1380571.8813610151
2814,440988.8836059496
2815,1161784.8310187683
2816,829331.8926559612
2817,1323015.227619931
2818,1371096.1257934272
2819,-54659.10766515881
2820,456120.0929703489
2821,676801.024015516
2822,1314477.2120323852
2823,882267.5168088228
2824,1024599.0696368217
2825,1043120.0474399999
2826,1408651.323768735
2827,1094820.9828097448
2828,2199234.669447966
2829,757158.5679476187
2830,911786.1406896934
2831,1035480.4827358052
2832,925878.5522377864
2833,979733.5818606019
2834,905619.1170452312
2835,1617522.016362831
2836,989205.0017084852
2837,1915844.0657928512
2838,517188.8184373528
2839,740223.1853571832
2840,1206493.640751429
2841,2128282.3800879642
2842,1781653.3482933491
2843,1864014.325716637
2844,614685.8994362354
2845,927662.025235109
2846,1936180.9459550232
2847,1218291.8248768523
2848,394081.2714835778
2849,1335730.417512089
2850,1730579.7262177616
2851,810356.4198876172
2852,1052796.65633782
2853,166458.0724145472
2854,580853.8692631647
2855,1704373.543691054
2856,1606862.6535271108
2857,1110458.0761590302
2858,591163.9661502838
2859,1483004.160320744
2860,901529.8750657141
2861,1380201.4466141835
2862,1510012.3929974064
2863,2248140.3738723993
2864,691404.9302234799
2865,853401.4855626225
2866,471310.27746221423
2867,1523790.57584396
2868,547767.3748825714
2869,1241364.2611985356
2870,718011.4572049677
2871,1239767.5428411067
2872,2072276.9084388465
2873,1924950.157993935
2874,1065200.055920288
2875,1202117.9183926135
2876,1113256.2778088897
2877,2053411.6835781485
2878,1074350.3025479466
2879,679027.4469496086
2880,1025381.5332641304
2881,1080822.5808995515
2882,-278.50044622272253
2883,1075726.974880956
2884,1242599.9884330258
2885,888237.6371635795
2886,1454549.5223307908
2887,544547.5323967338
2888,379872.82557941973
2889,41032.7832775116
2890,1108143.9743291587
2891,1232554.337432839
2892,617813.9393093586
2893,792715.3211151734
2894,1600609.5632544234
2895,1956082.1986628696
2896,1011985.4503749311
2897,407373.3500780985
2898,1117232.9850095361
2899,851327.407674849
2900,911812.0980338305
2901,1505048.3931475952
2902,812258.4072382525
2903,1227136.4880932271
2904,1489643.4809658676
2905,1021601.8608999997
2906,710510.7999717146
2907,1515561.4332870618
2908,929729.132868357
2909,844370.8067501411
2910,1121209.4736078829
2911,1482783.6541561857
2912,815671.1896583289
2913,183179.5836705044
2914,891711.8980601057
2915,1143925.4779303446
2916,2130700.0212870985
2917,828838.2157192007
2918,997762.164595224
2919,952944.5821307749
2920,893469.9355145097
2921,918401.9653991163
2922,904789.1352417395
2923,477181.5193398148
2924,1279051.7289040908
2925,155681.61624314636
2926,1223327.2229246423
2927,1116377.271420613
2928,542553.4045765474
2929,879244.1825221181
2930,1298562.3028943464
2931,503811.1412081048
2932,1738662.5963068008
2933,1504976.4953223392
2934,1229510.7167283446
2935,949946.4038180709
2936,-88857.99044784158
2937,729602.889739953
2938,890486.4434555024
2939,1314256.482028477
2940,2034481.8946166635
2941,1484303.8990168571
2942,708257.1526189744
2943,1309372.5183104724
2944,1024512.8938546926
2945,1428418.9436353222
2946,1173406.0388249978
2947,344281.13217604905
2948,878883.8504132405
2949,433838.0009422824
2950,1196203.1615770906
2951,1010821.2851922959
2952,1827510.4914539084
2953,1337333.9623445794
2954,901324.6101676598
2955,423428.458807908
2956,1586169.5056275353
2957,702089.9128761888
2958,1022806.5436106622
2959,926407.16925136
2960,803574.8785372823
2961,1035202.4670470357
2962,645566.2940168232
2963,1051801.8184570894
2964,1518007.9590889215
2965,980320.1593590975
2966,1304281.7206519172
2967,1157072.0988047495
2968,1211616.2631828785
2969,1164582.8262302503
2970,899506.0159841627
2971,1023957.4282357469
2972,1668234.9345537722
2973,1228804.7910893187
2974,677483.4175890759
2975,1006365.6219100654
2976,1015032.3194889128
2977,950274.7494178638
2978,312314.68369181454
2979,1573973.6240662187
2980,1514543.3830689713
2981,1601745.150694102
2982,1524037.3355420828
2983,347391.65600830317
2984,261777.94278839976
2985,736380.333676219
2986,886324.8592322767
2987,80538.37976308912
2988,1210735.5052036867
2989,1317392.7016499788
2990,1648699.2097988427
2991,1368466.6629786342
2992,581795.4426812753
2993,456076.4184072539
2994,1217789.5025495216
2995,1004588.0994216278
2996,720123.5794600621
2997,907687.3921218365
2998,908402.8618862033
2999,736205.0311610028
3000,1832753.223944068
3001,1002361.454719983
3002,1271304.2307810783
3003,931342.7546760812
3004,1805468.3821290731
3005,667846.2589469552
3006,2259727.6620983332
3007,693952.17461548
3008,1817223.4526128173
3009,186775.4104589373
3010,358004.5348970592
3011,1305653.8299856856
3012,907325.3583192453
3013,1502222.2001874745
3014,1070192.2509094551
3015,332596.0955670476
3016,816880.3742603138
3017,1372210.6010011807
3018,296027.7567122653
3019,1134953.5328942388
3020,794760.8528581634
3021,1054617.3309461176
3022,245737.01431865245
3023,1010823.0409773737
3024,552055.9910013527
3025,1537342.6170648187
3026,1108159.1308303475
3027,1233421.17139782
3028,2209449.5825991184
3029,827924.6245827973
3030,824906.5389901549
3031,1276569.7057551816
3032,675034.596273616
3033,1198426.5760772675
3034,1721230.5904939845
3035,86030.64214604348
3036,696094.4097728059
3037,814585.7849285901
3038,2233319.303488292
3039,1469447.2631155923
3040,352175.2400645986
3041,1583445.705417566
3042,1197212.7196812928
3043,876781.3285185918
3044,564924.1778241023
3045,825695.6915826052
3046,779711.8464653939
3047,730333.9483160302
3048,780496.4638977051
3049,1418794.1961013079
3050,336171.68186279386
3051,1040228.3902601302
3052,571372.6646151617
3053,1243097.100455314
3054,951028.0823771805
3055,632117.6897804588
3056,1725949.2401155755
3057,1265041.1846137866
3058,1472951.618878156
3059,270822.19666486233
3060,945311.1876774505
3061,1104384.2563371062
3062,121416.73321668059
3063,1180590.9078048244
3064,975525.1753560081
3065,1799505.3541666418
3066,1095354.6880433261
3067,1061634.3594794944
3068,1508461.9044568762
3069,1484670.8778587505
3070,877219.6594962478
3071,1588332.127817884
3072,233760.39384754747
3073,1719000.1988177523
3074,1154955.5433105305
3075,857557.4749790952
3076,2380732.5934164226
3077,1230289.3354558796
3078,1116643.6821288317
3079,1008578.7451455593
3080,422462.63931880146
3081,284212.7961837724
3082,447849.9198199436
3083,659167.4909150377
3084,405799.42074204236
3085,1400807.7065661922
3086,764000.7142937258
3087,1173820.0633936077
3088,1842228.684573941
3089,896551.0665647611
3090,944805.610457845
3091,675559.5391669571
3092,1098207.725318171
3093,967744.0537380055
3094,999159.528252013
3095,1182038.9046868682
3096,1004286.78121645
3097,1124002.1026007086
3098,734952.7507142425
3099,1005525.608533375
3100,1421157.9390576705
3101,246040.2085358873
3102,983727.3448817134
3103,2162389.919707097
3104,1287272.796757087
3105,1455912.4129601717
3106,888816.1453480124
3107,1263010.99890396
3108,1339966.9385812506
3109,351022.7046252042
3110,667976.1337245926
3111,634274.6911683381
3112,1316248.8416690528
3113,1808019.4691563323
3114,1034447.9832573384
3115,1041450.2512315437
3116,577418.416370526
3117,1005329.5323518589
3118,1640613.4081043825
3119,816549.8978441954
3120,1156489.0323317423
3121,2141278.8884292394
3122,911431.313311696
3123,1103162.8913404793
3124,851117.2715740502
3125,1616772.0426565185
3126,886294.4077724814
3127,2143060.4877915382
3128,901730.0447341651
3129,1823167.5852729902
3130,1188796.285336703
3131,1180955.743717432
3132,1030632.7576625422
3133,1180955.743717432
3134,792218.1429028586
3135,705213.7818694636
3136,1302410.717036873
3137,1522737.7315219566
3138,1113177.824223183
3139,1804415.7416263223
3140,868282.7838547304
3141,1718684.172205843
3142,1515536.2135317996
3143,1542183.4823899195
3144,1076720.162925154
3145,1214204.1037930995
3146,1073640.9887377843
3147,1269030.6146382093
3148,672251.6992983595
3149,1429588.853450723
3150,889747.2292747423
3151,850940.1546519846
3152,828134.865897201
3153,1214840.5118826553
3154,1017003.4679502696
3155,838072.9400142431
3156,2094341.6341796964
3157,1066808.6968572363
3158,1237282.378082201
3159,1130962.0566322058
3160,1806110.3746948615
3161,2186722.1476056203
3162,1200479.617005907
3163,269261.0287287235
3164,1258736.2403774112
3165,1378258.626778841
3166,676424.2296152264
3167,581342.4299677759
3168,1293802.8079145923
3169,813815.4050969854
3170,1955430.0487581566
3171,1652658.4508989379
3172,1264074.1937083378
3173,987291.9208070338
3174,812773.1030720845
3175,1349040.5909760594
3176,258067.58317822963
3177,1005280.6625867933
3178,519990.63476394117
3179,1711335.0363910347
3180,802116.1808411106
3181,1139981.1235120967
3182,581111.6545356214
3183,1025696.8854173347
3184,836840.8614544645
3185,860009.6276765242
3186,903635.1857914329
3187,900098.9086753204
3188,1059179.3167345375
3189,1288391.4385848716
3190,802893.1550003663
3191,1057395.7670064047
3192,693445.8861280903
3193,907125.1781125292
3194,1097796.2831578925
3195,61505.86874046177
3196,1902402.663130194
3197,2028045.790156126
3198,1299967.2220913842
3199,1310519.360330917
3200,757637.9973449633
3201,857928.9289936721
3202,915406.740071021
3203,1639404.5514184013
3204,1790007.453877002
3205,1086440.4831134006
3206,848240.6080416664
3207,722610.8846139386
3208,1535643.333305411
3209,415175.1577791199
3210,278067.67179655284
3211,938045.4375475645
3212,764014.0774118155
3213,865800.0640298277
3214,1326095.8500766233
3215,1757160.2343596742
3216,1271306.1628556326
3217,1202315.5082842037
3218,2061301.3191659972
3219,1270432.5061497688
3220,1262810.527333498
3221,993910.0987107754
3222,331661.4620766789
3223,682305.2673803642
3224,939293.7361255735
3225,1866753.8040871471
3226,325304.0527069941
3227,1119503.2255460247
3228,697826.6755961552
3229,1191985.8418647572
3230,1017756.3100912049
3231,986707.0423470065
3232,1078722.1414179504
3233,1747409.8978694528
3234,846533.5711447597
3235,1302375.4480394125
3236,632214.9045237899
3237,1658768.1261038035
3238,860284.0955518559
3239,747785.3934736103
3240,500861.1191878468
3241,1294035.5324942172
3242,1962593.0236727297
3243,1908626.6996714994
3244,1572315.0202992633
3245,1196067.62257687
3246,829977.3490317836
3247,715960.5531829968
3248,73274.76574707776
3249,1223388.1882377043
3250,900490.6041939482
3251,1294486.359315738
3252,1600269.2536665276
3253,962341.1439593285
3254,2273768.735378824
3255,87822.75740838051
3256,1057483.7152930722
3257,1819279.6078189388
3258,726733.8855338171
3259,454186.3137029335
3260,901412.6645358875
3261,1134381.2614420354
3262,336895.35812431574
3263,629791.8574261293
3264,2000823.903444454
3265,1485721.1492454559
3266,918345.2569746375
3267,1172213.8118364513
3268,906240.4718801454
3269,1001885.9453951344
3270,618132.8990037963
3271,1428450.583794713
3272,1471796.9065347686
3273,2332047.031161964
3274,991527.811748378
3275,1124780.52194833
3276,1591978.377749063
3277,771168.7807217836
3278,34485.3118577078
3279,1284938.1388852596
3280,959042.7779461965
3281,1588145.4215542898
3282,853682.1454023197
3283,1389357.9503111467
3284,934332.9189406261
3285,1863621.7926322892
3286,1510978.6272902861
3287,1290697.0569306612
3288,1262412.2014610916
3289,961606.7886456847
3290,858881.0832572728
3291,1285403.1714164987
3292,1071385.268028304
3293,1046095.667878516
3294,930201.8946677223
3295,1063001.1975836828
3296,198965.02133312076
3297,1103156.2420848683
3298,1057289.9153440818
3299,819211.5175265223
3300,1347552.1528603733
3301,852228.3870336935
3302,1403534.1224117205
3303,1816965.2553266287
3304,1137810.5575838163
3305,2015671.0137161463
3306,652620.2050110921
3307,1370520.130810991
3308,1081275.4241930693
3309,959099.1498079002
3310,1331449.199953474
3311,609433.5502672493
3312,1026004.92591618
3313,1100237.0908166915
3314,2314087.123336777
3315,1251483.2015765905
3316,556306.0331003442
3317,1413689.8180288225
3318,879084.141187951
3319,1373403.4764332026
3320,1470915.1930063516
3321,1022349.6569664553
3322,982034.1727340743
3323,2038883.6836093813
3324,1168385.9974391311
3325,1881776.9046180323
3326,1580914.3915250674
3327,1828874.2625539452
3328,223684.66836770624
3329,1445062.31434118
3330,58617.2133160308
3331,868423.7528862581
3332,348961.39859785885
3333,937575.7835186347
3334,1487221.1549960896
3335,482584.6223158315
3336,169771.96784555167
3337,597488.5374254957
3338,1409755.4793995917
3339,1889887.0219352245
3340,787018.5869182572
3341,809705.5839535668
3342,961492.5053033978
3343,1067475.9470097944
3344,1041694.7913044468
3345,1296144.9215014577
3346,1135476.13655743
3347,64462.220150224864
3348,2042931.114682436
3349,1274107.6343254298
3350,316694.8729173988
3351,1448078.9883798808
3352,373233.78203195333
3353,1480871.5412881076
3354,1831847.3856319264
3355,829714.5782590657
3356,1587624.4304653555
3357,1014941.9711345881
3358,1631880.0455804244
3359,349812.7805599049
3360,1317942.5373063982
3361,1362978.6134510264
3362,1606453.2786278203
3363,437738.58200104535
3364,1253741.4345946014
3365,491879.59129149467
3366,807240.0266108289
3367,879980.7957203463
3368,1474000.1558295935
3369,1086685.3945403844
3370,649138.3695036694
3371,1103162.8913404793
3372,606736.4403395504
3373,2167152.488923423
3374,1329988.5052925795
3375,1587096.6316999495
3376,1309298.2181034014
3377,1786035.7109140456
3378,1910589.5842615217
3379,125287.40819579363
3380,1233299.718451567
3381,206133.0091177374
3382,1085919.2775208578
3383,1139806.3646323085
3384,365966.0066789612
3385,1125513.008645974
3386,1929460.7506512776
3387,1357574.370624423
3388,1306685.1297225878
3389,917534.6059432924
3390,751590.5751382709
3391,880040.0570628643
3392,1415284.792333357
3393,963173.0658540204
3394,942906.0477442667
3395,1111769.8886866942
3396,504951.9776709303
3397,577715.312772572
3398,965160.8381699324
3399,320242.05457224697
3400,1228176.664350666
3401,934762.6717336774
3402,1480432.0104089752
3403,282534.77847317606
3404,777463.8565851152
3405,1345195.3141100556
3406,765266.8573974967
3407,28238.095688469708
3408,1018937.5217437968
3409,1168611.4120494723
3410,667449.3957774639
3411,1398370.012987733
3412,1453258.290013276
3413,978780.2400390431
3414,1654234.6617504358
3415,768180.149702251
3416,1237731.6587360725
3417,1802288.3928474262
3418,921048.215434596
3419,1544993.7410902977
3420,716715.565094091
3421,1624405.0472228453
3422,732738.0766365379
3423,777277.3942944705
3424,1703343.8832893372
3425,1460699.0642854348
3426,277019.9524725899
3427,926640.5212794617
3428,1196667.2185486332
3429,1323191.006832324
3430,956950.3320263401
3431,1091422.1295285672
3432,1004449.6885239333
3433,647131.6748386696
3434,1158325.9576559365
3435,939234.2487524301
3436,863736.5237191916
3437,360978.74290689826
3438,1341707.22945825
3439,1224202.4566539451
3440,342621.93014754355
3441,1556896.4533785656
3442,868035.9482163861
3443,-26330.559369936585
3444,328783.2043210417
3445,676422.2359080315
3446,1597152.8440391123
3447,1122247.4144266397
3448,193081.34229863435
3449,1115184.3948443308
3450,1104642.705197513
3451,-4809.909733913839
3452,1097383.6682282612
3453,1747126.8637873381
3454,678213.5472142473
3455,1517147.9807867855
3456,878909.72985138
3457,906424.7671605498
3458,856366.0319227725
3459,1707643.2232539207
3460,1680040.4555452764
3461,972556.2113147676
3462,1154520.5195748508
3463,911390.4916970208
3464,343370.5897697881
3465,1747887.9904738367
3466,1062041.8192240894
3467,1138322.4224920422
3468,911163.8381704763
3469,1010559.4534646571
3470,966548.6876305491
3471,909312.2520400137
3472,1116248.697067216
3473,961520.0168958455
3474,192002.3491299674
3475,306643.14876551926
3476,1246009.6752477363
3477,1183571.742699504
3478,-113078.92977896333
3479,1527766.2669998854
3480,232536.68792310357
3481,960859.9535030425
3482,841957.5840722844
3483,1109160.9756445363
3484,802172.8144741431
3485,1011379.9223418981
3486,916443.0073874742
3487,1659718.2978717834
3488,889988.6747565046
3489,453025.8871464506
3490,1165990.6575644612
3491,880159.9538947642
3492,1259680.3133638054
3493,864505.3914586008
3494,1591505.435743399
3495,2059374.365285568
3496,1023971.6876450554
3497,1761336.8803961203
3498,1769152.8832211122
3499,187487.22624993324
3500,1683950.87654192
3501,859161.8198048547
3502,1264358.0055207834
3503,1483044.3178107217
3504,1939311.3763991967
3505,1277624.291069217
3506,810793.835052222
3507,1002985.8492410779
3508,1315031.2737107128
3509,851596.5639833733
3510,1819043.3446162269
3511,1523924.897851579
3512,636098.6971417367
3513,1645125.2273136377
3514,1319408.9713273942
3515,1428870.4649676606
3516,380080.77677258104
3517,1261325.7392984554
3518,1435522.200012438
3519,920537.4079306871
3520,2324597.0941822752
3521,983017.4874386415
3522,947636.6863862053
3523,1147853.9344902262
3524,991731.4690687209
3525,238786.74539208412
3526,934253.4648372829
3527,1331175.6658442914
3528,1381388.1848428696
3529,1561139.6401619315
3530,1184684.611336559
3531,1080032.3592215776
3532,1093459.1543516591
3533,800438.0779307336
3534,527949.6192678213
3535,1272888.9642103016
3536,1239651.9750623778
3537,1246414.5123194307
3538,911632.1422474608
3539,1004807.3822410926
3540,298580.20372427255
3541,1672007.0591164902
3542,999261.4892734513
3543,1569271.5749108493
3544,1090680.362686023
3545,1777187.4463608116
3546,780762.8607458025
3547,813927.3278912827
3548,415286.8948299587
3549,864794.5242350101
3550,1075350.0272087082
3551,2005847.6044488251
3552,690802.5633831695
3553,1583219.5037006289
3554,429224.5820996687
3555,1865401.1988607422
3556,1408168.4239603728
3557,2226920.9964770004
3558,663781.210724853
3559,824336.4462740049
3560,609442.7427623272
3561,172671.59777854383
3562,1870652.145074293
3563,685627.7864007801
3564,1273031.950876087
3565,799077.8578798026
3566,1091414.7132675573
3567,1486970.3123936206
3568,1780667.0607977659
3569,1553862.6941466853
3570,1193163.2110186294
3571,876942.381599322
3572,1918501.259845309
3573,1442884.1457664222
3574,1847006.1651313305
3575,831900.6349094808
3576,1785859.707969971
3577,846933.2254728079
3578,1140034.7067648396
3579,1264812.6296468377
3580,1342301.2672623172
3581,1141487.7455919236
3582,795429.2208581567
3583,307962.93493757397
3584,1003566.2289467975
3585,767561.424141109
3586,1043945.2959045991
3587,921885.4456559122
3588,829310.8408563808
3589,344678.7135898769
3590,1345128.1987653375
3591,1127516.2321118712
3592,176751.88284672797
3593,1602632.221026428
3594,2162937.750474237
3595,1458701.1026860029
3596,773325.368325986
3597,1601207.9786519334
3598,510537.94693152606
3599,1226172.3027970716
3600,1845255.8052304909
3601,800087.250574559
3602,570133.2080771998
3603,433385.06294712424
3604,826775.8115301132
3605,349344.97353417426
3606,940002.3998351544
3607,1217688.3134034276
3608,1309523.3693551272
3609,1292139.0873862356
3610,1045027.6136574298
3611,408291.3667176962
3612,1132569.822000973
3613,646095.7404350415
3614,1562420.8324140832
3615,367367.96351256967
3616,637803.4730340615
3617,857305.3600934669
3618,882125.3980048299
3619,802804.899864383
3620,998299.4769180194
3621,715354.951676853
3622,1191741.0126827732
3623,2043977.9369199947
3624,770113.1563478783
3625,886566.7873239443
3626,256010.73173662275
3627,893467.7643898502
3628,1114433.4285920039
3629,684934.7784826532
3630,846064.041371353
3631,2089942.03475561
3632,1085346.6530396417
3633,211181.26058652997
3634,2278270.781813346
3635,1123178.9573157728
3636,1508016.4899112135
3637,1905053.1153628007
3638,1187009.6562236398
3639,1213624.1828260869
3640,1952953.5446758047
3641,980994.2774952352
3642,800387.6872050166
3643,471509.16829588264
3644,453569.86008270085
3645,1360357.5956197232
3646,1522064.2389665544
3647,666978.1399479434
3648,1234647.1594290584
3649,1033999.4407510012
3650,1017036.244817093
3651,453754.2589129135
3652,512896.00778096914
3653,727748.775890775
3654,1007835.8554150686
3655,1227216.1427054852
3656,1008218.0592631027
3657,933359.0233691558
3658,1040811.6095512286
3659,1477982.8166548759
3660,459786.20123660564
3661,1221432.0904760137
3662,969164.6028883457
3663,363569.81980056316
3664,636315.8217319697
3665,235945.38237216324
3666,634149.2670445144
3667,370615.1909452006
3668,1285291.7681566775
3669,865821.1541200057
3670,1288077.257348396
3671,1248652.356850274
3672,975073.75624042
3673,1043315.7229608819
3674,1376441.3520464078
3675,967264.0746519715
3676,1799442.247645706
3677,1749630.9509254396
3678,1188359.2207694277
3679,1391839.1688804477
3680,431543.7072540149
3681,583272.1348405406
3682,367417.8673145175
3683,1270225.3705314025
3684,837432.3364267573
3685,1059714.4789473861
3686,1738280.249812767
3687,869998.814295344
3688,1124510.829013668
3689,1698274.513180688
3690,156606.239942953
3691,2362964.8187227696
3692,1320762.2144128382
3693,1542673.398956582
3694,1900387.1988049
3695,880088.6711597592
3696,1481975.8337170407
3697,217981.55120701343
3698,892798.3711902797
3699,1238027.4672059715
3700,186564.48572502285
3701,1391898.6373018622
3702,1337750.5354906619
3703,1801948.9434807375
3704,1821478.3032146022
3705,626896.0036695749
3706,503788.2672422752
3707,995415.5851175413
3708,1301286.2068449259
3709,1724466.7715818733
3710,1246209.9857816696
3711,1271074.9384951964
3712,1302295.7822563723
3713,175290.04547920823
3714,990048.4207833335
3715,890895.6352257133
3716,1261932.740975067
3717,815699.3647953719
3718,621162.9624333754
3719,887786.9683369026
3720,1106278.0722818226
3721,1396480.8624382764
3722,1049241.2437762097
3723,879993.0355418548
3724,2256812.1552027166
3725,1370764.8625275716
3726,863421.6465046629
3727,185974.82277030498
3728,774868.3379899412
3729,1229844.3351233527
3730,1454771.3377325684
3731,1024115.1862575412
3732,1665039.8526904956
3733,1290467.581519246
3734,981249.0022267252
3735,2172197.84805046
3736,1168638.222610049
3737,1821712.318569854
3738,1431334.2765804082
3739,1236973.6619272307
3740,1750709.965763308
3741,964110.89626766
3742,1110211.7720747218
3743,2032607.9884174466
3744,983594.2148513496
3745,2109484.077418484
3746,573354.6848926246
3747,1002853.9978274107
3748,1222257.6797842234
3749,861536.3399280831
3750,-42761.34588057548
3751,997961.7402093485
3752,904829.2847962081
3753,1227527.7038121298
3754,891157.949041605
3755,1164776.0004037842
3756,689655.268767938
3757,687019.0874604285
3758,1147301.4128100723
3759,1011000.7168193683
3760,956140.6912860647
3761,758793.2114302218
3762,941084.3392440751
3763,783333.0592792258
3764,876206.8723527938
3765,1370020.4397007078
3766,1175890.8843290806
3767,1550417.3204595596
3768,1135817.4750512838
3769,342355.92125902325
3770,987144.966183722
3771,1217912.8396239057
3772,11011.342805735767
3773,668229.7776980922
3774,529797.8496416882
3775,908042.4913793504
3776,882754.3522482961
3777,1334602.1718652844
3778,30301.039860904217
3779,1438572.6212567687
3780,1105933.489871338
3781,1536840.0852641687
3782,1716699.993809171
3783,810251.9000307992
3784,1739426.4946328327
3785,761695.497112006
3786,1132519.766178459
3787,573397.7887497842
3788,886051.2475463673
3789,2104886.5307385027
3790,1503381.5461657643
3791,1299175.8691734
3792,1081855.269085206
3793,854331.2071628869
3794,793141.6408253163
3795,239949.25886125118
3796,1193518.6441104934
3797,892133.7457965538
3798,1303614.2643544003
3799,729625.1445695013
3800,1366002.5864966065
3801,929604.6673588455
3802,710792.823797904
3803,527775.9069066942
3804,948745.0624657199
3805,1623467.9824468717
3806,504897.88285276294
3807,907476.7265128791
3808,768333.7524159104
3809,576145.4100269154
3810,1462156.8179067597
3811,1246039.7901109383
3812,1218648.9538354948
3813,307647.70426882803
3814,977310.1415470839
3815,251431.96094004065
3816,1522336.5132476613
3817,885943.1208148897
3818,1619284.1144080088
3819,810506.7870834544
3820,457958.761969693
3821,659176.210217543
3822,991930.8280851766
3823,1497114.052561529
3824,1477039.2909092605
3825,645390.9450000972
3826,810083.0734618157
3827,788541.9757499173
3828,1379552.7309578508
3829,187755.50258539617
3830,350278.93576370925
3831,1554359.7983865365
3832,919097.3619275913
3833,2513789.5088376477
3834,103252.84773184359
3835,1582862.2568779886
3836,993885.8745681122
3837,949109.7242552862
3838,970606.9155506343
3839,303137.4252634123
3840,1608636.3053753376
3841,1159175.729987383
3842,946016.066332385
3843,253062.97687028348
3844,549144.4629947245
3845,1141128.657797046
3846,1611714.1971347257
3847,356574.62805401534
3848,1807637.6405973285
3849,1458383.2520511672
3850,749794.0438356102
3851,969060.2570556551
3852,647453.2527458966
3853,309841.5296394825
3854,2072840.5572743937
3855,910420.5214293376
3856,975548.1787943318
3857,1570076.0307583138
3858,1031270.0141112208
3859,1033353.1936278343
3860,933455.642434977
3861,1137811.8967915028
3862,1039078.9628441259
3863,1006134.3331195042
3864,598673.3266429305
3865,1667807.2521033734
3866,955060.1422640234
3867,1205622.4248870611
3868,1446680.0345821232
3869,2134783.198377602
3870,1069104.8721880317
3871,870332.9167620316
3872,884520.8393902108
3873,1832507.6951482221
3874,1321667.9216745049
3875,2246085.1616236717
3876,1509472.5698617175
3877,977479.9071576372
3878,1701096.9953849688
3879,346624.0534781739
3880,623211.9781927466
3881,919366.084153384
3882,802982.3108183444
3883,959589.3059292287
3884,1056295.2484319434
3885,389085.79307062924
3886,1351541.0644653887
3887,1584861.912840508
3888,1736793.9042277262
3889,290828.7590961233
3890,1166342.6586588249
3891,1817444.585737355
3892,1272793.37355721
3893,1065393.863799572
3894,1035320.6783977747
3895,1320193.197974734
3896,657201.0480470434
3897,1006525.425167799
3898,386933.5031837225
3899,1066064.8952184618
3900,829266.332782954
3901,1137059.5900490582
3902,1279642.9548021778
3903,1147582.6732184142
3904,308014.4187443331
3905,1058434.1192616671
3906,822783.5949362814
3907,2030538.44954025
3908,1521513.221733734
3909,1429334.572252363
3910,1038383.2291499004
3911,1305334.7957123518
3912,1025913.3513715491
3913,1718200.3084029257
3914,1537191.708619319
3915,670099.0735393241
3916,1057295.9763802364
3917,842254.036201328
3918,1035437.4678433537
3919,1650103.7405543625
3920,1444642.401937455
3921,812639.8016602993
3922,888713.282466352
3923,859347.8164949417
3924,804724.7468680963
3925,1713599.9102385417
3926,661463.6533948779
3927,2010455.3014653102
3928,1048644.5011102632
3929,324488.9475603923
3930,1106659.947081916
3931,1107380.2598764151
3932,863308.410437353
3933,1647071.262432836
3934,1282974.9170670211
3935,1532518.2271286398
3936,715085.8718539178
3937,2039020.1246201843
3938,1091741.0377495363
3939,1171152.7221517488
3940,273526.91446568817
3941,1651537.709877357
3942,1086338.1748474464
3943,1084814.174055159
3944,445775.1661806181
3945,367073.5597227216
3946,893060.4963712767
3947,817556.6389704868
3948,1989695.292196095
3949,587549.2362674773
3950,822144.0746365562
3951,1957313.165112026
3952,890722.3126375899
3953,814920.6337076798
3954,265629.34443033487
3955,147646.671007663
3956,1022428.4769021124
3957,624667.0263519883
3958,1355711.4295960888
3959,152453.86454983056
3960,346128.9347442165
3961,1223152.061029993
3962,1303931.9149590805
3963,2202457.1801250204
3964,1325866.6103884652
3965,977661.4118679687
3966,999116.674515605
3967,1175832.5837247446
3968,1884284.3533149287
3969,766854.241775006
3970,1195265.2194178477
3971,1662096.444707036
3972,954249.8030843958
3973,1488226.1688441038
3974,1165104.907207407
3975,970479.7295390815
3976,1182573.4906673878
3977,1020064.474378027
3978,1800502.7650080547
3979,779327.1597814858
3980,872124.9910625815
3981,790021.1728332117
3982,477526.8008796796
3983,656657.6407316029
3984,865788.850500457
3985,1970280.0128262118
3986,806157.6079165861
3987,2042274.8128594607
3988,889594.5889478698
3989,638464.5213766173
3990,1019852.0453109667
3991,52016.70235530287
3992,668716.3557218686
3993,629555.0769739598
3994,1267929.7921192572
3995,1016211.4024516642
3996,1023974.9739611968
3997,1186688.5279618874
3998,1231768.9049216881
3999,1044770.8731808066
4000,1148526.5576954633
4001,1220331.703910999
4002,1251357.4505432546
4003,2150597.914843887
4004,1774753.1310333684
4005,1058075.7026590332
4006,1063664.836197883
4007,1200137.6381808966
4008,1254263.868842937
4009,836981.9549088627
4010,854632.6071151644
4011,1072723.4255485013
4012,1658332.2373220026
4013,1306706.0919527337
4014,838425.1257537156
4015,1328987.2364752218
4016,978613.6342094764
4017,1194150.1815643236
4018,938499.5630716458
4019,1002291.1308048964
4020,1501402.620963417
4021,1335443.5046209842
4022,974676.8556076512
4023,1501624.3724872991
4024,1457156.1819666326
4025,1124306.8339142501
4026,842471.383938618
4027,1386310.6988947988
4028,881304.4114687815
4029,1186164.126191035
4030,1286146.8300298154
4031,815938.3159531578
4032,1568145.3484051526
4033,293470.0979633108
4034,1065206.3303643912
4035,704012.1107780337
4036,195947.06668560952
4037,933789.390725188
4038,1203204.1260292456
4039,1260020.9388844296
4040,1498443.8024492115
4041,942612.5566771477
4042,1295650.225289002
4043,759852.6003093272
4044,1241371.4707702175
4045,946262.9470930621
4046,1298749.3466085345
4047,784660.7339392379
4048,1123596.719694376
4049,1576380.1851166934
4050,795695.1054439843
4051,122345.42142735422
4052,1183775.6226304695
4053,866834.2209549621
4054,362684.2708617151
4055,1474089.5285289958
4056,1135746.1972533166
4057,884612.2353171185
4058,1426619.2996579036
4059,535068.326187551
4060,1546428.681235738
4061,396941.04056770355
4062,369422.1974300891
4063,997057.341939874
4064,1470408.7987359166
4065,1494438.0540770516
4066,1077467.8181131557
4067,1903357.1959684566
4068,1374991.9774706885
4069,898797.0234552547
4070,1861653.5011080503
4071,633443.5038866773
4072,503011.14474987984
4073,1939340.55990462
4074,1839697.8846322075
4075,1809035.0791892856
4076,1820485.9997952655
4077,1752705.3578893244
4078,982032.3883402348
4079,422522.78158893436
4080,763983.468580991
4081,959787.5444784835
4082,1037433.0084734708
4083,1197528.1928447187
4084,895767.6719428748
4085,678440.1165691465
4086,2385996.816028498
4087,871892.1533838883
4088,957808.5785516351
4089,-80936.68251281977
4090,1498114.8406983986
4091,945577.7419752479
4092,1038999.7600499243
4093,1698341.3132655546
4094,930941.7827299163
4095,406562.74258571863
4096,578383.235661529
4097,1340969.3559200838
4098,-7269.0380192101
4099,1045622.0565169975
4100,1333036.3848895058
4101,1111631.224950835
4102,1576552.7736740038
4103,1494702.16767665
4104,1057608.010357909
4105,1486489.7058558092
4106,1376860.452291295
4107,1014332.4197707921
4108,833468.5062793344
4109,299171.60937737674
4110,1090454.119170487
4111,1377281.058253929
4112,962824.3796300516
4113,716784.2994179428
4114,1476235.9441300258
4115,1945705.0820798725
4116,1390851.3019710332
4117,1971113.8608695418
4118,743116.1782007515
4119,308383.00346847624
4120,1905495.8526993692
4121,2393680.938802205
4122,1009676.7730551437
4123,885753.9630390033
4124,1518801.126243174
4125,962312.6965827644
4126,228174.8570426181
4127,1494842.8330130428
4128,1085413.4387790635
4129,810441.336139515
4130,1103476.7878007516
4131,740243.203221105
4132,797457.401785396
4133,2110111.5030146614
4134,1140818.862353392
4135,1159142.8558720946
4136,1388653.6772349924
4137,101512.55633246154
4138,1272301.3954675123
4139,1362563.933344774
4140,203062.6453922242
4141,559472.3931661099
4142,534279.2956170514
4143,1462219.3147204444
4144,889925.608151786
4145,1132795.2262422144
4146,1623955.3380417898
4147,1313910.111026749
4148,2040013.2686785161
4149,808903.4871472791
4150,676302.9415985644
4151,829517.5808586776
4152,813634.2230012789
4153,1702415.723723054
4154,1085165.148723185
4155,1253730.902149111
4156,1618064.1625165343
4157,961924.2898531407
4158,619090.8279268146
4159,1060067.2266463414
4160,1672295.2766372934
4161,860185.4901291505
4162,917802.6962834969
4163,878133.7700266689
4164,1155430.3579074442
4165,885005.9619125575
4166,1183254.0807141885
4167,1899021.5686882213
4168,1602933.959291637
4169,650683.9201139882
4170,1864657.3963242173
4171,1280506.3286653683
4172,734544.3019770458
4173,1029053.7938556224
4174,1322167.5016378611
4175,1782018.3004576787
4176,1028734.6825914383
4177,947638.2081606612
4178,870384.3410544619
4179,555035.7232837677
4180,1828216.5160681605
4181,1078126.501912482
4182,987970.9435876012
4183,1633520.746026203
4184,1282451.4933298826
4185,666997.0848451853
4186,-39892.917945571244
4187,1268853.2640869245
4188,1702167.811973311
4189,844389.3712670505
4190,694627.2540876344
4191,662280.5884234458
4192,1468530.9276391119
4193,1490382.770766221
4194,646876.693874158
4195,800781.235450618
4196,1340775.9598760828
4197,989011.6743743569
4198,1377763.222582832
4199,355843.6740389094
4200,1559319.3396925256
4201,1368965.7734925002
4202,924684.8587745428
4203,2106066.7379841506
4204,450461.6841105446
4205,1118500.3986788616
4206,699692.1683383286
4207,784181.1704907417
4208,1494756.259955071
4209,1210089.68994461
4210,1019883.4344597161
4211,655150.3778666928
4212,851293.825842984
4213,1300811.9341986254
4214,488186.4360338375
4215,1110575.3705696315
4216,1323701.3358589783
4217,625059.2444580495
4218,974130.6545405984
4219,1226640.6434554383
4220,1262070.3023740277
4221,165717.12097413093
4222,874029.7247466072
4223,1037498.2458273247
4224,1546589.8396760598
4225,817834.9200046137
4226,888668.5035003573
4227,1296767.6177608743
4228,1071444.385901302
4229,1315739.7816547602
4230,1117174.4213281423
4231,507271.5365232229
4232,728484.8954129964
4233,1611848.8662042394
4234,874523.1731662825
4235,1021581.1750484407
4236,941817.2117980421
4237,1227169.9523893222
4238,263054.7807227224
4239,1665184.891473271
4240,818817.0834161043
4241,968460.7201967165
4242,791003.5622814447
4243,847571.1652099639
4244,904445.7610022053
4245,1696468.1186935678
4246,1222472.3404845372
4247,1920360.844462581
4248,348239.86249123514
4249,1822434.7014410198
4250,630199.3202805296
4251,590303.084354803
4252,1264154.4136351943
4253,629690.5545545146
4254,286349.73353166133
4255,711789.589965798
4256,1034322.0535027981
4257,32694.44343433529
4258,1136387.4649455994
4259,1162920.4197622463
4260,1003978.7194114476
4261,509026.0832814425
4262,212033.88508474827
4263,1828261.08754538
4264,692040.6205640063
4265,684464.475920856
4266,1164771.827915281
4267,737394.8645918742
4268,1040341.0474056602
4269,1308213.0860025361
4270,1419774.058241181
4271,363547.4322913289
4272,1238319.5443671271
4273,1647230.303333193
4274,939384.3026186824
4275,1370356.6774685234
4276,-42357.71877644956
4277,765276.8834983334
4278,808313.2262810767
4279,715104.6312687322
4280,1139226.2360875532
4281,917892.5051609501
4282,1170905.0253925547
4283,2211048.018378675
4284,1562722.283792019
4285,674749.9717120081
4286,53643.87194998562
4287,942384.7827602476
4288,917969.5464080945
4289,708681.5349270701
4290,1499085.193260476
4291,1213250.2866708562
4292,958921.7835602462
4293,1376753.9480173439
4294,1464552.028034635
4295,1605843.049603425
4296,1479499.9340493083
4297,799747.6004119143
4298,658426.2834004238
4299,2430418.4848160446
4300,1170668.106454134
4301,804355.6814330667
4302,885177.2744964436
4303,1165195.6110089794
4304,888795.0657803714
4305,985721.9209697768
4306,1094979.138211064
4307,1402374.606840022
4308,183358.94218495488
4309,749901.6060491428
4310,1125841.2259681001
4311,1476274.343867585
4312,696264.9194362164
4313,1126550.1611785889
4314,-8017.075393296778
4315,450514.31568358094
4316,679197.5411840826
4317,786292.3648530468
4318,510914.60825983435
4319,864861.6287285686
4320,1342522.951849863
4321,895961.2093398944
4322,1552021.8666765764
4323,939826.3402701169
4324,1549360.8266382068
4325,473852.37948473543
4326,1323045.9739102498
4327,729339.8507697806
4328,233633.9891797155
4329,798167.0332968011
4330,902477.9638039768
4331,1017455.8974730372
4332,1024943.3533835113
4333,734472.9989939332
4334,1204121.0330731794
4335,1300796.7462372705
4336,1237227.9405834451
4337,1206961.7588994876
4338,1240287.783767879
4339,1043986.2902946621
4340,1243600.6326090768
4341,146262.12852083147
4342,1725026.2666482776
4343,1511631.957321614
4344,947594.9877278954
4345,1008627.2771759927
4346,946666.1237890199
4347,853167.4403136969
4348,1804114.1666928753
4349,976823.3936084062
4350,957374.1023771092
4351,853457.606632404
4352,1236528.569688797
4353,775515.2479954138
4354,697126.4388686344
4355,774805.0243340805
4356,511525.95129770786
4357,1404305.2897750288
4358,923020.2839874029
4359,502338.7283185199
4360,1105394.9048322514
4361,928512.3119025975
4362,1549280.4816215262
4363,969514.7562438846
4364,802946.5816755593
4365,707628.1317648888
4366,1414525.1553032324
4367,900306.9071938396
4368,1327617.9822929576
4369,1203642.5867765397
4370,1391885.2342606932
4371,336469.34020473063
4372,921075.3439971432
4373,721991.8346160501
4374,808240.0569786429
4375,1222699.943974845
4376,1306587.8284365237
4377,1655106.7798236832
4378,1348797.0199767575
4379,1015085.2667632923
4380,707780.7711552903
4381,1185786.7978795692
4382,1049955.5029218122
4383,1029943.536535129
4384,850873.0017977133
4385,1100395.4114909694
4386,153703.0998780802
4387,1094422.4925677702
4388,917982.6045701504
4389,1735795.653959401
4390,886971.2066250667
4391,1259614.414699547
4392,1103231.0992774963
4393,893345.0409136862
4394,1437622.1075160652
4395,356855.2233345583
4396,913530.7193277255
4397,1199780.15054553
4398,729704.8376961052
4399,1080843.8277597278
4400,559049.1004190147
4401,1170006.9221617505
4402,922032.0623431206
4403,1141756.17444963
4404,1361108.6910710335
4405,625069.1861050203
4406,891252.0600371584
4407,1131014.5137915388
4408,980502.9634761065
4409,1304451.2768554613
4410,663496.8651274368
4411,1282046.1865787804
4412,1934164.64876429
4413,912496.4955439046
4414,1290938.4839777127
4415,906815.4965346977
4416,2127512.981772639
4417,1055481.7114179581
4418,846982.8895178065
4419,1174203.119561389
4420,1413084.4003194273
4421,1837725.474539861
4422,897778.9927779064
4423,154706.88029828668
4424,536833.6057263091
4425,1028466.6512627602
4426,899261.8913180307
4427,505176.26007092744
4428,1364197.0598409548
4429,976086.1180142537
4430,1089512.3614434302
4431,912023.653906174
4432,1126698.4156781882
4433,1724954.616967626
4434,475223.8992914483
4435,894510.0190405473
4436,218409.5602869317
4437,1333803.8005524054
4438,1518648.259913683
4439,1247960.9994451776
4440,989615.6901588067
4441,607457.6507937536
4442,779426.3169691414
4443,1552155.317396462
4444,401312.3624766767
4445,914156.4145974293
4446,2188590.260065399
4447,525236.5037094951
4448,1008057.4005296007
4449,976211.4328199327
4450,967737.4743867144
4451,906545.5753889754
4452,514884.74870624393
4453,624188.7596718445
4454,1213912.9206204563
4455,986618.435388349
4456,1893560.6094728634
4457,1847411.5067596808
4458,979379.0431793407
4459,983729.3641671762
4460,1081024.6047527194
4461,1786004.8692691922
4462,1382928.72600393
4463,919844.8311970904
4464,305669.3735507205
4465,1118119.762064226
4466,913301.6415478885
4467,1070264.6185757741
4468,458575.2403534651
4469,1155769.9092826769
4470,820375.8675039113
4471,1347978.7028556168
4472,1028194.9263984933
4473,713977.0541535765
4474,1541277.7889987081
4475,1106908.7356921658
4476,96450.38119590282
4477,473768.9532404393
4478,1461715.5658896044
4479,1774600.4997281954
4480,1598589.9801526293
4481,775262.3752183989
4482,663763.1605377644
4483,1244173.3799476996
4484,1002725.6411361918
4485,2177103.084014997
4486,982726.4510163218
4487,1322799.209734425
4488,717099.6050462499
4489,1502308.8763323203
4490,2444049.1399205923
4491,1223128.4767817408
4492,981828.1231636703
4493,859334.0515233129
4494,974045.0600470379
4495,899233.3734515607
4496,1394335.4269977584
4497,-235210.44513003528
4498,1087313.696056813
4499,1507841.644997798
4500,983942.7973695397
4501,1198652.7785693705
4502,1287971.0149606764
4503,1526181.184579432
4504,801985.0857415199
4505,1392198.9083140716
4506,798985.3342107087
4507,601719.141167283
4508,1735121.7757919133
4509,645986.2198994309
4510,1300307.5454391092
4511,2077787.1969779804
4512,321342.4801810309
4513,1665235.5128370747
4514,2350364.5079629496
4515,1007654.0423036441
4516,896148.3978489116
4517,313559.01281762123
4518,2166375.7633780986
4519,1946931.814692974
4520,1885327.7100557983
4521,1196391.7966375947
4522,1458898.1962063462
4523,4675.436601981521
4524,707480.2963009104
4525,894195.327634573
4526,1153584.3677529395
4527,1613656.1817932352
4528,1719449.2020812854
4529,1498329.8076261505
4530,1597843.009753719
4531,2009679.8806344867
4532,1480092.5901994854
4533,982026.6613223329
4534,1133596.4800709486
4535,1198317.5594386756
4536,890145.583894752
4537,1648996.4450015575
4538,909872.2828702927
4539,1576319.1238426566
4540,938235.1244863421
4541,1933011.82195846
4542,680417.9084878415
4543,1176583.019664906
4544,914972.8829598501
4545,785768.0098017603
4546,965463.980271861
4547,857812.9466785043
4548,970550.2366008237
4549,1041673.3386040255
4550,1150900.1457120255
4551,1329115.7249271348
4552,1051721.210315667
4553,1453608.1236032993
4554,545136.3283019364
4555,1017334.1985625774
4556,1426425.3216858134
4557,1208793.636006482
4558,930270.685842216
4559,1594876.022270389
4560,1339230.6707153171
4561,880735.7746600285
4562,791714.4520665854
4563,912228.3369351998
4564,1853239.1481033638
4565,1324310.096901767
4566,1606545.711800158
4567,1026063.1731697768
4568,759712.0414573029
4569,-92038.43207882345
4570,1155808.7660642862
4571,1826720.3836839944
4572,1425450.2913012877
4573,1472314.424209267
4574,1795748.21021197
4575,2215819.6582776085
4576,1646637.9660825878
4577,1098284.9668843523
4578,1356079.241528362
4579,1688388.629684411
4580,972813.1592679322
4581,468231.85717030615
4582,967720.9747577384
4583,374670.4428200051
4584,102957.65652292222
4585,1649270.6065727547
4586,429477.1984819621
4587,662790.6051748767
4588,916869.769003272
4589,1358773.6237139031
4590,1064176.337732017
4591,362480.7080519274
4592,1031497.9852753729
4593,2196017.486022927
4594,1029924.354018636
4595,70708.35769467056
4596,318820.6322475001
4597,989446.8941869661
4598,1021901.7747266069
4599,661016.0480147228
4600,514532.0621070564
4601,815603.4350937232
4602,1451082.1868437082
4603,229973.31868744642
4604,1633455.5063134655
4605,862488.8885117844
4606,1349074.048503168
4607,1944256.861015454
4608,1147296.020190142
4609,661327.5787354484
4610,732151.8507536724
4611,915152.2753209695
4612,1672686.871791765
4613,1266623.3549536318
4614,827687.9042388946
4615,1061379.5886135772
4616,1866292.3605049625
4617,847611.4904357269
4618,1423230.0411284864
4619,1247941.781841524
4620,1110476.4559096992
4621,1531693.060979426
4622,310690.34254969656
4623,2198295.800739914
4624,1868275.0006727949
4625,874155.992385216
4626,1921713.0845400617
4627,1277612.8775021583
4628,1012154.8968866095
4629,1818254.0032150596
4630,223029.3514907956
4631,986662.2155784965
4632,1283401.9191369638
4633,946214.1657730862
4634,674347.5251340941
4635,841187.4724951163
4636,1780463.190215245
4637,607467.494309552
4638,934893.3261050358
4639,428754.81781320274
4640,1255904.5146571398
4641,1144751.0892031714
4642,677317.0256393179
4643,909989.6922042221
4644,1185165.9055785015
4645,1057754.1004519388
4646,1812744.0816130042
4647,1643567.915205583
4648,956593.537764959
4649,1588140.4456693307
4650,1482469.4782047793
4651,1024569.844018206
4652,1239810.132668063
4653,1046505.3210113719
4654,1010500.5891966596
4655,1941294.5497647822
4656,231137.28649175167
4657,1057065.121853903
4658,1694819.170727551
4659,752506.3541332558
4660,817523.7317607775
4661,895802.9365289435
4662,849589.9379573017
4663,1413014.366418071
4664,803575.4684812427
4665,273302.97049372643
4666,799964.8894178718
4667,813562.5106028989
4668,1638181.2556037083
4669,1011256.154434897
4670,1425579.3767480403
4671,1174564.943387866
4672,982131.0476626977
4673,1155274.683197841
4674,286980.866964899
4675,722916.900664784
4676,393261.3527966663
4677,1739190.0880845934
4678,1236245.510630317
4679,1032751.5760646537
4680,1088855.062241204
4681,676839.7117039263
4682,1474233.7074618489
4683,993789.430642344
4684,1162142.4227487892
4685,403334.87851160765
4686,1085843.8398666605
4687,1624399.0984855145
4688,482526.1997855902
4689,648510.7257134393
4690,2035711.2971299514
4691,1753255.7688457072
4692,1288883.2495717034
4693,1167285.2774405181
4694,1219190.4990098402
4695,2046957.5738127902
4696,1507044.3094901443
4697,1379008.870402865
4698,933898.5667492598
4699,1213823.2871025056
4700,904984.2817221954
4701,1164618.8912211657
4702,1288232.196337156
4703,792856.2738925666
4704,1422240.650988534
4705,241469.33485929668
4706,290153.741907835
4707,911705.2835197151
4708,1062694.2092508525
4709,954369.1497544944
4710,760145.268531695
4711,628735.9905653074
4712,1528493.5607381463
4713,747508.4382945895
4714,1091837.537163809
4715,1669630.142184727
4716,1276187.4623523206
4717,380916.15598686785
4718,1811902.8218814507
4719,1240999.4879616722
4720,662769.8769810721
4721,1174836.4525347129
4722,1679813.5873268545
4723,1337065.7419640124
4724,888306.2778564095
4725,1039491.7143345401
4726,1131927.1105438694
4727,995892.870867148
4728,1546903.2076196745
4729,1267135.6215785742
4730,980554.5727942586
4731,1405184.2645523995
4732,448694.0987694487
4733,1805226.2019671202
4734,701679.8961592391
4735,1425503.130211778
4736,601604.2079343796
4737,880056.4165806323
4738,1518663.3261840641
4739,944462.956568718
4740,451699.7925155163
4741,558796.9665742442
4742,929236.9119730964
4743,1619383.5306092203
4744,1244938.165882364
4745,1425283.7546514273
4746,803594.9809888825
4747,338205.6699652076
4748,1376183.3432473838
4749,1600194.6156304926
4750,877549.4683729783
4751,1215021.0559084266
4752,1485014.132202156
4753,890896.9460067898
4754,1120469.0925541297
4755,1320717.1326223314
4756,670054.4193850979
4757,1099550.3262547106
4758,1590738.1326971352
4759,1425677.1086624563
4760,915089.9106060714
4761,527574.0888377875
4762,1078283.1908294633
4763,1744707.1585233063
4764,1424282.6149882749
4765,1522180.237679571
4766,1189892.635326378
4767,1215354.9680771232
4768,377305.88915126026
4769,1001935.6712035462
4770,775083.6844413728
4771,1028694.9349290729
4772,1436510.5224864185
4773,960721.121720776
4774,820324.5303797424
4775,1012597.5814700648
4776,1430396.1662138477
4777,1024729.1191130057
4778,1110918.8479904607
4779,1064136.1120352075
4780,598503.0018112585
4781,1291663.4826617762
4782,489058.49330092967
4783,814366.0556366295
4784,1249142.566313088
4785,1424916.5143352821
4786,862844.401427798
4787,1086730.1777252555
4788,942594.4328526855
4789,910439.1382406503
4790,1232505.1497493535
4791,746790.9258619547
4792,451591.78060133755
4793,788113.6076434329
4794,671416.1177892983
4795,884393.9645016938
4796,1147899.8185555786
4797,1504586.1500427052
4798,1230258.5130660012
4799,682326.6432894319
4800,1737274.3944208175
4801,807656.470622547
4802,2248390.248511888
4803,515968.9304725081
4804,797773.0887097493
4805,1016874.1809357703
4806,1193280.6633293256
4807,2068785.3547212407
4808,2146081.1706083715
4809,875439.9899464324
4810,2055530.742111951
4811,1171841.6140540242
4812,776247.7335456237
4813,1323685.9034537897
4814,1153081.0120141208
4815,969824.1014372781
4816,284440.77612651885
4817,80418.68655358255
4818,880249.7660062611
4819,1443696.251203306
4820,935102.5250341892
4821,1745714.9416468143
4822,601567.0621195808
4823,1396749.2975584045
4824,101722.24977906048
4825,1253115.0140724555
4826,657381.3234212846
4827,919218.8112109229
4828,1141988.9862440303
4829,1013782.2023612484
4830,711770.4838983417
4831,1750811.18346446
4832,1009204.2480372265
4833,739216.1295942962
4834,1320071.7609769553
4835,386622.20926401764
4836,1542618.2212320566
4837,862060.9343212694
4838,1734730.6767230183
4839,528106.0366132259
4840,1132562.8327875733
4841,1807433.925805159
4842,1225561.182270512
4843,558419.5390736759
4844,1090372.0972895697
4845,1849349.2758402675
4846,1262392.3395834863
4847,1481545.7758446857
4848,1020875.6707571149
4849,599847.1262118071
4850,1793435.8183545992
4851,1629084.50584881
4852,1197185.106525518
4853,1325693.167417556
4854,977316.2464125678
4855,1071654.9342755154
4856,1284028.1407368407
4857,339674.9044000283
4858,1462881.8574383855
4859,642153.5096882284
4860,898377.06792368
4861,373343.0916855037
4862,921984.0488754436
4863,753820.0544631109
4864,615210.013311483
4865,1605584.616361916
4866,864540.4544160888
4867,705301.4860928431
4868,1145290.5584361926
4869,-120895.24081837386
4870,1451642.128620334
4871,461752.35212440044
4872,1630718.216967672
4873,694754.1419311985
4874,347198.2733189389
4875,813991.4119405672
4876,1185051.1318649277
4877,1196299.6244976223
4878,425797.4281592369
4879,816369.7978177741
4880,1833232.8560832962
4881,2097648.404090233
4882,936576.2207034528
4883,873556.8297772557
4884,1917980.3926369771
4885,1074696.829260014
4886,1671567.4822467119
4887,984981.3785483092
4888,901213.4615314677
4889,1016153.2361065969
4890,1354182.1675431281
4891,1457666.1214195564
4892,1184452.8940197974
4893,1109779.6178836152
4894,825226.6288415194
4895,935492.0159717351
4896,1671736.7306827158
4897,313284.26001467556
4898,889741.8371274844
4899,382664.61770761013
4900,-43964.837099947035
4901,1037489.9012917504
4902,1347269.390708521
4903,1973936.7301778495
4904,868035.1936115175
4905,861181.8841952384
4906,916218.1218616366
4907,1072769.77677124
4908,1030791.0947811604
4909,1255238.4186395332
4910,229157.28485533595
4911,1153584.3677529395
4912,874902.4314057305
4913,612291.6553528607
4914,375408.9342558235
4915,1284543.6026503146
4916,1186398.7252147198
4917,979749.1153450534
4918,1207053.2178989947
4919,936804.4541543722
4920,480673.72854192555
4921,549923.7117682621
4922,1179478.444532305
4923,1156757.7375970334
4924,945932.7770796642
4925,427507.0869331062
4926,1355454.4315407723
4927,2113600.6107560545
4928,1239329.2379773706
4929,1977736.4789978936
4930,1107130.7496662214
4931,391065.1173558384
4932,1115831.529742688
4933,882210.1141070426
4934,929427.8659107983
4935,755372.7138825506
4936,849709.5969913602
4937,1197823.3646728322
4938,939613.5898438916
4939,1168640.3163793236
4940,2072449.0103711784
4941,1023074.4517668039
4942,1059578.8143497854
4943,1031835.0438740999
4944,1615615.9786482006
4945,1222364.426126808
4946,1018440.5388443619
4947,2162551.7427242845
4948,816791.0041125938
4949,1009197.9669742063
4950,1339994.9348276928
4951,2160456.733744532
4952,1082253.448023878
4953,1203165.43701794
4954,1018322.7353420556
4955,1169111.1082789302
4956,644544.6219438165
4957,793433.0550436527
4958,1022248.4070841447
4959,2088856.9376205355
4960,1278863.2522152886
4961,1114907.7008166686
4962,1022353.0456697792
4963,1620507.9428981915
4964,940061.4776260778
4965,1230113.980773896
4966,871976.8922685236
4967,794408.576114215
4968,2088368.7503849044
4969,1250114.7932180017
4970,230690.85882869363
4971,1339227.1650474593
4972,1067018.4656128287
4973,2040241.6331403255
4974,871375.9810271263
4975,190371.2378537655
4976,1063353.8302985355
4977,1003415.3941855505
4978,1252458.5945388526
4979,1023012.5763424784
4980,1059821.43341057
4981,1238353.4556077272
4982,1356748.917572938
4983,1248442.7936511338
4984,1660831.4105975553
4985,823385.0896997377
4986,1257404.338094227
4987,1585860.6305392385
4988,926623.0547400191
4989,875423.2375174612
4990,692947.8132221997
4991,1125196.636160545
4992,1423237.3849712908
4993,348759.2741656974
4994,167172.80375855416
4995,599060.5912870914
4996,893123.9682473019
4997,892423.2439650595
4998,1591596.1336599141
4999,1261785.5754929334
5000,887145.135937646
5001,1214238.9356870875
5002,1645698.9599523693
5003,1354868.9065461382
5004,1370015.4723701105
5005,1633142.6877938807
5006,1041115.1429291591
5007,1017666.6575594097
5008,1238421.5777704418
5009,960168.5637066513
5010,1450195.5473903343
5011,1714979.8094911426
5012,303721.4652113691
5013,926025.8365544081
5014,1579949.7165548801
5015,2256151.0383473635
5016,652307.0148996934
5017,1475089.093528688
5018,1199055.151776962
5019,1983748.6477706507
5020,1604953.2340561822
5021,1825587.1795209348
5022,1449675.652516134
5023,1686773.1027731523
5024,490423.6894575432
5025,1220124.2471784204
5026,1223843.3217606246
5027,164900.3582597375
5028,885768.5299180672
5029,1012667.301436089
5030,925450.3469851837
5031,997006.7942856178
5032,1369570.7881051078
5033,911074.6941191554
5034,969456.7279047817
5035,236818.0777156651
5036,-70956.88157524914
5037,886888.9466263354
5038,2006646.7440365776
5039,2088095.335649863
5040,1015662.6541154608
5041,320166.78071228415
5042,1025488.4468421265
5043,1198027.1085085347
5044,1493937.8105961308
5045,918516.9658123478
5046,2232399.677747324
5047,1045990.6516043544
5048,1312325.7543520331
5049,694489.9716734067
5050,1236946.420513317
5051,1275701.3573195636
5052,2069443.3142724708
5053,717106.9296572283
5054,1553026.8861518651
5055,1010120.1567472816
5056,1232924.0714439675
5057,1132838.5984437764
5058,541573.1975235566
5059,1848552.9317528233
5060,942277.1240334064
5061,980194.0565834492
5062,1312848.8110559061
5063,1695934.431736417
5064,1648075.522951737
5065,901922.1376370192
5066,199940.90644409508
5067,1114098.01333189
5068,1335399.964711517
5069,670787.6606682912
5070,1363619.4593460485
5071,170343.35680568218
5072,685415.4760461748
5073,670698.5931034461
5074,470272.9285492599
5075,263768.8186828792
5076,1087942.5766517967
5077,969867.9360155091
5078,879454.159018524
5079,1086818.3292560652
5080,903352.1027568504
5081,1277497.2978622466
5082,828121.7688031793
5083,1925326.2834029794
5084,552693.0127937421
5085,1014908.5912441239
5086,980854.4459826425
5087,937970.0288194641
5088,1868999.1557676867
5089,649627.0871679783
5090,393499.15261515975
5091,902373.9302118495
5092,510537.94693152606
5093,479064.96915847063
5094,1125592.7428519875
5095,1644755.975850366
5096,1744606.8539297953
5097,1023707.9804222882
5098,812099.2012162879
5099,1327835.0323546976
5100,782921.6437646672
5101,1707804.7428971753
5102,1513540.870328866
5103,1218763.2573760748
5104,1243513.482278362
5105,648765.8822855428
5106,761240.110310398
5107,260927.71065422893
5108,1040299.9561068788
5109,881291.3390728608
5110,1032219.5617319047
5111,790234.0467312112
5112,895943.2101798952
5113,911257.472157158
5114,301640.12311021984
5115,1535484.9120343477
5116,983479.0820305943
5117,1004958.6765858755
5118,943366.4683532491
5119,1523082.3337517977
5120,1782330.9643354565
5121,1306031.1658910438
5122,399234.9868407473
5123,1310990.636331439
5124,859111.6741443351
5125,557761.9307833463
5126,168691.524722524
5127,823071.3745192736
5128,1064966.082595013
5129,1263658.5444155857
5130,1120703.295665376
5131,1326972.5008272752
5132,1143375.3045225367
5133,2245823.1158705726
5134,932283.2851684168
5135,1099062.9360837936
5136,1851516.7116018385
5137,960431.747831367
5138,1486740.7268832847
5139,1862576.240826115
5140,936946.6174177304
5141,1224614.192514211
5142,2286190.3163907975
5143,1326840.5988352671
5144,991513.501747407
5145,782961.4197390229
5146,675307.9228080884
5147,677299.5573492497
5148,1373410.837702036
5149,1008912.760989882
5150,1590830.7557638139
5151,888571.3512641266
5152,1433345.7290109992
5153,1434784.628270574
5154,1653128.4461194053
5155,955270.7764939219
5156,1180116.5855412185
5157,1933223.4565735534
5158,945283.3764308244
5159,1556668.4112747163
5160,1836793.9908592105
5161,332523.79660753906
5162,909620.0094615221
5163,1451145.8834585622
5164,398201.2799511254
5165,1702963.1045229733
5166,1205549.0430167392
5167,1731174.5643027052
5168,1032870.2464342788
5169,1522800.4231023714
5170,1117786.2118432
5171,815012.1241775379
5172,1028921.9053648636
5173,1031692.1407056525
5174,906795.4901150689
5175,1007769.4077317417
5176,1258911.1664846689
5177,636676.180275552
5178,862579.1022733822
5179,951651.0339548364
5180,921589.9654732496
5181,1017284.120653823
5182,1207348.496969767
5183,559342.9931202456
5184,1435585.0462081954
5185,815632.1400175691
5186,1214659.621636346
5187,801674.113378644
5188,1095282.4647283182
5189,1068521.874266073
5190,801871.712156333
5191,1032019.6653643101
5192,1647840.6275761202
5193,1615402.5832485333
5194,222536.18928079307
5195,318570.0537779853
5196,1032838.4891636148
5197,1618251.1604581475
5198,1472623.2575817257
5199,1011190.3972928748
5200,1356798.88198746
5201,1826472.2786906809
5202,1195595.415033795
5203,2152948.245318413
5204,1100540.9507636055
5205,1127918.2989063337
5206,1207851.2746200562
5207,612290.8222041428
5208,1036811.3549467698
5209,2084494.0477483943
5210,1106879.7897186652
5211,1445188.4461861178
5212,1485114.6654800177
5213,1059207.3419305831
5214,897349.4188597798
5215,1019802.2432448268
5216,1146869.9737815484
5217,1233532.3751798272
5218,906000.1377140507
5219,793186.6321973503
5220,971321.1548236609
5221,141857.5997209549
5222,1095715.0474911928
5223,1416429.2585891187
5224,1722149.8263407499
5225,1689661.8876971155
5226,894396.6309241429
5227,2131159.9744464085
5228,1108844.6511925533
5229,1032193.2027006075
5230,1488266.1487446874
5231,1486827.0943107307
5232,467702.5944166407
5233,2572286.702409804
5234,1265867.3349911124
5235,482481.17574831843
5236,1224995.8495692983
5237,466073.0802882165
5238,802134.0359799713
5239,306040.56159295887
5240,660870.1011253968
5241,1139513.9912532195
5242,1194930.6257165745
5243,1061958.5515394956
5244,188038.20112522691
5245,600590.2266071513
5246,1853040.45449733
5247,1397995.3105578497
5248,1463557.526894033
5249,43776.512862838805
5250,1653360.79166241
5251,906284.8870139718
5252,1152328.0756050646
5253,1278894.4794158265
5254,1349309.112466991
5255,1606688.3691640794
5256,163425.9925320968
5257,1118203.5895361155
5258,1050478.502767861
5259,1823660.8859360293
5260,1136429.6043747962
5261,1494334.9898608848
5262,1559890.0465115681
5263,1008247.5929315761
5264,1442899.5471302047
5265,951827.2653626353
5266,1005796.6403488293
5267,1047571.3503118455
5268,1386128.8315787464
5269,992752.7220639214
5270,1353492.415572852
5271,1504612.0306950212
5272,1495854.3343136683
5273,1809072.2213211805
5274,1240876.2920170128
5275,1426288.9046180919
5276,1077794.5831856355
5277,1433390.2906485498
5278,784367.4898667261
5279,764822.7456927374
5280,724894.380015701
5281,1503671.1548499241
5282,558533.5495836586
5283,759149.0223201811
5284,1141383.899840355
5285,1016110.8546809852
5286,375372.1917486936
5287,1536710.4540621936
5288,926382.7774209678
5289,1054941.6814313233
5290,900079.3312415555
5291,983187.6677932739
5292,798857.7600536048
5293,892945.1495513171
5294,55984.995104938745
5295,1522110.4709678814
5296,1198469.0828409344
5297,1305557.584409617
5298,1180948.0400829092
5299,1639700.6904524192
5300,493907.9607995525
5301,733351.322223328
5302,418566.15176730603
5303,1151679.1957131103
5304,1662944.763021864
5305,1495632.155439213
5306,783017.0413579866
5307,1093735.740317978
5308,998599.271472469
5309,967195.1830749214
5310,873867.9301916808
5311,1121908.1146330908
5312,1084560.999390103
5313,1279756.716766946
5314,872765.0372575372
5315,998654.2913234383
5316,1116780.6944243535
5317,250290.47654960304
5318,428815.3650607541
5319,896510.4560766146
5320,994650.109364681
5321,691790.1039893329
5322,804561.778903015
5323,2713000.6054669395
5324,707414.0525327772
5325,1483908.8247252256
5326,448124.9815848917
5327,575907.5614752322
5328,1848773.6344748363
5329,937053.9616800323
5330,1923053.3221105784
5331,349130.3129504323
5332,570539.0613811165
5333,841522.1043936685
5334,1070338.6242589727
5335,908618.3401294127
5336,2038301.0539633557
5337,789848.9245943651
5338,1446901.853212677
5339,1040909.9200624675
5340,1448603.5172484964
5341,1314460.7159836218
5342,2048687.7900752574
5343,1281089.2207684368
5344,967866.7578612417
5345,1471588.5851831958
5346,594614.5186412781
5347,909620.1435548067
5348,1608454.7024592906
5349,727572.6742986441
5350,459671.8576378748
5351,780968.6937226877
5352,1613549.5308022723
5353,776716.6102949977
5354,962072.1323472634
5355,670283.6441616043
5356,1022135.1889559999
5357,1250586.303088501
5358,312712.615701139
5359,354126.3920925036
5360,1179484.4806204587
5361,320223.9075739533
5362,1276911.7347823232
5363,843174.618141368
5364,19487.45061122626
5365,1617333.9097323418
5366,1208490.169894427
5367,583369.1614774242
5368,683466.6563107148
5369,576783.3531690314
5370,2083242.4400999397
5371,1215170.3866622224
5372,808020.428266257
5373,936131.4914497137
5374,1236678.3404021412
5375,1574075.6448813379
5376,695136.9363908246
5377,848395.4134018198
5378,927717.9284651801
5379,1104954.7002556995
5380,1239568.906279713
5381,997102.2304133624
5382,772875.5130137429
5383,1020190.5343158469
5384,1312646.6464452818
5385,1229816.0264155194
5386,1806637.6110572144
5387,1326512.0420637727
5388,1372697.1196125299
5389,481476.14137821645
5390,1599153.5389482006
5391,1471916.453978911
5392,804816.1778471991
5393,1167839.7602403238
5394,1049141.8819486573
5395,1571221.0192075968
5396,1252616.7755016834
5397,1037752.538571097
5398,1037477.4978695139
5399,1146914.790845856
5400,986146.3558618575
5401,803357.5178069696
5402,879913.2626297921
5403,1197330.6123833358
5404,972887.9456690475
5405,215062.27295415103
5406,840108.4648646861
5407,1310979.524790302
5408,1287243.6518149078
5409,1584038.588390924
5410,1061176.6946845055
5411,1011306.5282370299
5412,857329.9802415892
5413,1963402.427016884
5414,474756.2744818926
5415,764023.7391207367
5416,906059.5582412854
5417,1203140.5866067186
5418,1451245.4162284955
5419,586566.7242519483
5420,1223739.6236454025
5421,1952589.9012138918
5422,1268453.8496033102
5423,700433.2160072178
5424,1108985.5790366307
5425,1031111.520528771
5426,1744754.96026586
5427,1556550.631914571
5428,1610472.5550055504
5429,809644.9140038192
5430,779903.128156811
5431,1575833.3939648047
5432,1982020.5205362663
5433,590447.0845865831
5434,1363974.0171113387
5435,1434160.4815749377
5436,1033113.8768974766
5437,914476.5578127205
5438,1532435.8501491398
5439,1202974.460821405
5440,1582024.910190463
5441,893015.9956068248
5442,328601.4971860945
5443,565735.5562811941
5444,1991917.8074846566
5445,1796690.2426459268
5446,949696.6427243277
5447,720776.5230098888
5448,479316.3916497454
5449,863966.146290943
5450,1620880.4236603081
5451,1573970.902348198
5452,680018.1988613904
5453,711474.8705777004
5454,825448.6983880848
5455,103989.29365037382
5456,1105681.43296168
5457,875658.5564268455
5458,911626.9395851046
5459,796069.2351309136
5460,471379.22575874627
5461,888816.1098019108
5462,267523.6038212031
5463,869722.7611826211
5464,387935.13588591665
5465,1332889.4736902341
5466,903362.2811782658
5467,1395798.0063451678
5468,991876.4179634228
5469,421082.4899659306
5470,900598.4026230425
5471,1061750.1479696631
5472,1293710.0809438825
5473,1740924.2695562392
5474,1113976.0472002476
5475,1012558.6771031097
5476,1157623.2227815688
5477,938656.3307941109
5478,1656506.6909232214
5479,1285709.426053509
5480,1032904.7291430011
5481,1705856.8200692087
5482,1045147.4537141696
5483,655267.162786603
5484,781168.9155883491
5485,1285991.6388607174
5486,1032520.9422398806
5487,1111479.6054621115
5488,969882.2915615439
5489,1363421.4105543718
5490,2345380.722040601
5491,424510.72890502214
5492,-117381.88015025109
5493,1006483.2137095332
5494,883312.4139842317
5495,1152423.1061902568
5496,650247.5034217536
5497,1524261.5446545184
5498,845359.2542245686
5499,1485833.8501030356
5500,1151471.7184904963
5501,1017937.1215436831
5502,1109266.9689762518
5503,1196073.5899079368
5504,1352310.4565120116
5505,1929833.3368015885
5506,1127556.7913611457
5507,242632.22164851427
5508,1668462.5798591822
5509,2007452.3947912008
5510,1056518.78653536
5511,1017126.8624470681
5512,1245914.5154255033
5513,1515548.8351925164
5514,1202344.6923303157
5515,1021320.6542220414
5516,1311279.2737915218
5517,1160309.7504543886
5518,1251136.2304807305
5519,1150236.7519422993
5520,1604799.1528775617
5521,1163329.3395488039
5522,662073.2929002568
5523,1002710.9347327724
5524,1013275.531510666
5525,1142807.8908339366
5526,1463569.1527877823
5527,1615870.8711582124
5528,1148623.5789890885
5529,362807.0874393359
5530,902227.3035159707
5531,1509478.6231879592
5532,1847868.7464906424
5533,555133.7719164938
5534,510481.8653814867
5535,439208.9071186334
5536,1054735.207156852
5537,2284500.328342378
5538,1148214.1604969203
5539,674420.2632898092
5540,616313.6922048479
5541,1084348.615421176
5542,790216.3569502756
5543,2106986.6064045876
5544,2060420.7635947913
5545,993737.5847237781
5546,1439447.1276030764
5547,649736.0819252729
5548,209678.0540438667
5549,1271181.5771157816
5550,351066.2620946616
5551,-44764.648904815316
5552,910996.4905417785
5553,1824850.7714910135
5554,1455966.0484078005
5555,816720.5744815171
5556,358322.9512879327
5557,926917.5307589099
5558,1025653.9344139993
5559,953429.6343630031
5560,1720722.8360839188
5561,964700.9113111496
5562,1350583.7168943733
5563,345134.4184953198
5564,312338.4259373769
5565,802533.5509865433
5566,920696.4708829746
5567,1937186.2000376135
5568,1153706.9896483123
5569,1312707.1885358617
5570,1277964.0511889458
5571,1877935.7653244063
5572,371874.9499663487
5573,983270.8313237131
5574,1547206.270183593
5575,1459758.9059836194
5576,1209677.6842343062
5577,1737889.5221811086
5578,423388.5265342295
5579,1343166.3721897528
5580,966958.0305182263
5581,1830767.6306025386
5582,1442704.5648368895
5583,601586.283992298
5584,1199747.6604423895
5585,1344521.8249690905
5586,1237239.4000895768
5587,1218798.441092506
5588,1285185.4424112365
5589,805601.8416357487
5590,923424.2829185128
5591,1201315.8597086444
5592,1268504.1084453464
5593,920618.912647061
5594,1003124.3783919886
5595,1015891.4004179761
5596,1176630.3378022313
5597,1853116.9349997416
5598,556117.3705217391
5599,904320.3299791589
5600,984270.1087281182
5601,146062.99507433176
5602,2351425.429717414
5603,470082.2942899838
5604,450683.34463718534
5605,1785169.6449183226
5606,1188991.0909248963
5607,749087.2119043842
5608,1101601.5842143
5609,1737367.3306504712
5610,700670.7124190778
5611,1735877.6885042265
5612,1835329.873311095
5613,1299816.1994656175
5614,1116231.1666310355
5615,1705345.549465552
5616,1620194.1515903324
5617,1020923.7653326988
5618,190435.58086115867
5619,437999.63333564997
5620,1595473.9928680137
5621,928677.5874156654
5622,627867.6564016491
5623,1229702.5837584957
5624,1004953.1404880807
5625,1016578.6578350514
5626,1409971.1167161092
5627,658911.7048167959
5628,1828854.8122720718
5629,2593387.9640785605
5630,335104.233299084
5631,1521384.5180878341
5632,870051.3920817301
5633,964659.8010356501
5634,640330.4911622629
5635,962026.6778539792
5636,1557750.6855435818
5637,1001984.1949356273
5638,842554.3565734029
5639,947325.793699868
5640,905377.2347943857
5641,1094217.3518875167
5642,181520.66425009072
5643,1162526.2786145657
5644,564797.5861511007
5645,177933.04083420336
5646,973893.2333385348
5647,1435777.440691024
5648,637516.9552053958
5649,2027285.7927087694
5650,827326.9244372472
5651,1418396.7330402508
5652,658865.1419772506
5653,1407605.90351139
5654,559912.5193016976
5655,905507.7167458832
5656,556266.0189593211
5657,313646.6194520071
5658,1635310.6596264988
5659,740809.5597825348
5660,676378.12088269
5661,588139.8275644481
5662,1292348.3775277361
5663,897474.4818639085
5664,990784.2220764309
5665,272095.7614039779
5666,1066621.6335444003
5667,2285661.2710263133
5668,1165433.553861186
5669,1668037.1915342286
5670,1830312.5570791885
5671,511245.8640559837
5672,1241926.5181603953
5673,1834033.4978099167
5674,856206.4869370311
5675,796385.7609566823
5676,1242112.4014690667
5677,1921110.885901317
5678,1329468.1461500525
5679,1522701.8909209073
5680,926576.5272469595
5681,1215952.4761511385
5682,2149251.2190501913
5683,1677732.163332954
5684,699478.5570458099
5685,1067626.7786273956
5686,587956.8659389615
5687,899737.4392748177
5688,1505084.5027084649
5689,1338409.0914554074
5690,1506431.7907706723
5691,662197.6838780642
5692,2101081.525939502
5693,1671421.3968292996
5694,1191146.137823023
5695,856433.7298294976
5696,846756.4640006125
5697,881053.7141999155
5698,799002.4399489686
5699,820317.6911728382
5700,940345.5572510362
5701,739588.0688953549
5702,805658.6973591596
5703,768444.1210251376
5704,539069.4559792876
5705,1673622.4969734848
5706,1046372.0896193609
5707,1423251.714207314
5708,1812239.6168600246
5709,1275695.6364863813
5710,895218.2397482619
5711,1022250.7368399426
5712,1413159.412285149
5713,1236526.9968766123
5714,934759.4150430039
5715,2057045.1393916607
5716,1150117.0809600204
5717,619447.0020469502
5718,1919492.3566961437
5719,1289439.9455263987
5720,1393375.8491280451
5721,723459.2129909843
5722,1510847.3055132255
5723,948745.0033217221
5724,638011.1787168756
5725,532247.6721377671
5726,897801.275350757
5727,814396.4315292612
5728,1377259.0447068363
5729,158667.6892010197
5730,1137561.9486632794
5731,1146376.5607885197
5732,646882.6575268283
5733,734872.5110650137
5734,1019927.2763245255
5735,1479379.1715729758
5736,1018146.7407217249
5737,943367.8606182337
5738,997686.1837211773
5739,797030.2616889551
5740,1354414.4442322329
5741,917816.9419864789
5742,902746.3359241858
5743,1623329.2031279355
5744,903524.1827315167
5745,1053902.844134368
5746,2201120.4070759043
5747,886805.9224361181
5748,790368.3179173917
5749,1089872.8490663841
5750,1540079.998351954
5751,838053.9958695024
5752,1021419.0475875661
5753,973848.9763502106
5754,1510374.8812683597
5755,735925.998325251
5756,907342.1783307046
5757,1158897.942167379
5758,1001146.2157366574
5759,1060503.1430030316
5760,968359.5678882226
5761,1133547.8553738073
5762,1025579.2352365404
5763,887516.0427096635
5764,947824.4887014553
5765,865974.4078894407
5766,461360.8429712653
5767,1229155.1922785938
5768,844683.095001027
5769,1564802.676139295
5770,1028760.8674356937
5771,1498216.2970807701
5772,1200953.7465894818
5773,1689376.0566707104
5774,1153489.01858031
5775,2038376.5358301103
5776,1269546.5116325393
5777,1506048.8592697382
5778,237111.76854910702
5779,863185.6306794956
5780,922317.8862059787
5781,985980.988472946
5782,1006652.7780391723
5783,580756.0089309886
5784,505819.82472290844
5785,902833.1938899904
5786,1032688.6410393715
5787,403466.9685808942
5788,561937.4434153065
5789,1512999.3356280774
5790,830350.7832695842
5791,449524.3719763309
5792,697521.162593022
5793,1042730.5167566389
5794,868204.0484568179
5795,916621.2049648464
5796,330301.8390282318
5797,1635860.8815365508
5798,1336070.477655448
5799,1805964.7345693484
5800,742545.6173696145
5801,1141687.1198523864
5802,1309952.012779452
5803,1239425.155543372
5804,860139.5174293295
5805,872799.7634522989
5806,968358.6050342321
5807,1507860.8052978665
5808,1035445.9373703375
5809,1500561.5856988207
5810,562725.2756694034
5811,1243820.4266749248
5812,1462747.1560823023
5813,830779.5357052907
5814,1788764.3945156634
5815,1823960.812414512
5816,770582.2345121279
5817,870023.1499966383
5818,1074762.686403893
5819,881738.0404613242
5820,1216043.585989736
5821,809388.0322333053
5822,1244592.4147356525
5823,1866053.2003533691
5824,1113295.1766128987
5825,1104011.1388179436
5826,415871.81760206074
5827,826825.6778766662
5828,1880071.0143758655
5829,1936017.4908535182
5830,1639961.7902385518
5831,865278.7652942091
5832,1139117.6335785985
5833,1622380.3846366107
5834,870771.3944912329
5835,591864.4227376506
5836,100656.64386647195
5837,1200972.5307704732
5838,1141199.01789587
5839,1882937.9588067457
5840,323459.150110133
5841,1168871.479726158
5842,1037922.6778386831
5843,26379.443961307406
5844,932577.7734897733
5845,646443.6498326138
5846,1584842.3937138766
5847,1126417.332442686
5848,923623.882688418
5849,1842349.2379446775
5850,1055660.1622214988
5851,1193368.220116511
5852,1401653.1361303031
5853,766004.082090944
5854,399134.1107891053
5855,1524070.8964398876
5856,1188487.670470804
5857,1931940.0353281945
5858,1015782.1458683163
5859,1125520.1302167997
5860,2060379.994497329
5861,1221994.9066073895
5862,1022385.1834845021
5863,1027114.0961204544
5864,815928.3654763028
5865,667169.5147483721
5866,675530.6316502243
5867,217856.36645711958
5868,711101.4178365096
5869,870926.4797044098
5870,884645.7421448082
5871,1356407.7541103289
5872,868218.2563175187
5873,1527993.8863590807
5874,1217274.7766562253
5875,1015393.690839313
5876,886809.6027598903
5877,959575.9868450239
5878,875734.3695434481
5879,241664.99983347207
5880,1420349.6320743933
5881,916647.1996071115
5882,1216099.4479364827
5883,2142070.4574146494
5884,1745585.472022824
5885,1002763.2964508012
5886,1368776.1682180837
5887,2178045.614815913
5888,1134612.1866523102
5889,343177.4472242147
5890,2045295.0629768372
5891,1028959.3282583505
5892,2025490.6998768747
5893,1029589.8846352845
5894,838897.2687659636
5895,999161.014891997
5896,581439.860447377
5897,1165630.154759191
5898,204945.7031781301
5899,725166.4818550199
5900,376669.5146798268
5901,773936.8937317505
5902,916801.5858641639
5903,1169965.689369984
5904,1339808.5052644834
5905,1639264.372107774
5906,976494.8773391694
5907,2122014.3634916395
5908,904157.8264777362
5909,2140484.2376822084
5910,829005.1737143546
5911,971801.8267993927
5912,215549.84236184508
5913,1822504.6217104197
5914,12812.525721229613
5915,963942.3165503219
5916,1233188.7631902173
5917,1842374.409769319
5918,933632.8353790641
5919,1659149.7306186855
5920,384243.8763906956
5921,874891.2279197052
5922,723105.0198725462
5923,1049725.2540296987
5924,967066.9872291461
5925,953998.077037327
5926,901127.853606984
5927,1824937.5228235647
5928,429844.36511354893
5929,819576.7479096353
5930,1605164.3712950498
5931,767846.377073735
5932,1019071.7106312066
5933,1049455.7545872182
5934,1542182.1414145902
5935,678667.4228761271
5936,928233.1960910484
5937,819940.1750311181
5938,1653264.2622828707
5939,1244584.3749476075
5940,1555003.861449398
5941,796934.3629111424
5942,1819711.507380709
5943,903948.1926577538
5944,252460.4334379956
5945,1911768.4753144756
5946,1242033.3493090495
5947,1078459.994363442
5948,1028903.4098383188
5949,1730017.741146639
5950,1106030.918626517
5951,1638341.2632326484
5952,878951.8162652478
5953,874030.7931821048
5954,414915.41748354584
5955,1686056.9759398475
5956,960842.3326019868
5957,678078.7466654256
5958,1135571.4300110638
5959,833735.0320134833
5960,1147287.0785975084
5961,1905456.1919154003
5962,1227005.8937203512
5963,1247866.0891159102
5964,1957445.2345494777
5965,1497369.975843452
5966,838072.9400142431
5967,507497.4531524703
5968,1417496.333669506
5969,998340.6254324466
5970,783294.6785801426
5971,1388685.4799102396
5972,1622461.967074819
5973,1499056.8898078203
5974,950750.8938487545
5975,1414978.5132537484
5976,1543201.0101408437
5977,1601358.0512916297
5978,652124.7610963657
5979,1479028.6348863915
5980,423300.22763017565
5981,1016490.4205388352
5982,1134875.887224242
5983,1122877.0851027519
5984,1173513.208905436
5985,498420.26823310554
5986,989826.2949014232
5987,919241.1174548864
5988,1502236.6517499834
5989,2194040.1644790247
5990,893766.052329503
5991,1802493.5798762888
5992,1034061.6131497845
5993,1526409.2893271744
5994,840856.6260999814
5995,1144382.7236646041
5996,2362038.6413563862
5997,1551279.719043471
5998,274074.8213134259
5999,851567.715626508
6000,1399701.3468843028
6001,1027674.2069187984
6002,1327642.8113068193
6003,810036.2088252082
6004,839154.3724762425
6005,1605608.48203554
6006,240273.33724925667
6007,1010638.6549158916
6008,732966.4657469317
6009,982396.1477548629
6010,996769.6668833122
6011,-76001.885741584
6012,674210.1763045043
6013,1117348.416459456
6014,181513.18701291084
6015,1051616.6134645343
6016,1089377.9740742669
6017,1347826.8494133428
6018,1053633.926460527
6019,1012051.8057783097
6020,1013795.5229328275
6021,630541.0695446432
6022,569717.8605558872
6023,448267.0605425015
6024,878441.5177105218
6025,1399140.69048585
6026,700322.8837108463
6027,341074.26144782454
6028,657917.5865103751
6029,995431.4251856282
6030,2002376.9484437928
6031,1060224.070453614
6032,306896.56510320306
6033,1528779.8052242324
6034,319619.2239252329
6035,160386.75138699263
6036,1907020.4483762607
6037,1928190.2894761413
6038,842601.9950877801
6039,1006140.4638537988
6040,833380.4909264222
6041,793667.9171889797
6042,1004542.0224153548
6043,1157297.920350939
6044,189654.94946341962
6045,487514.29057358205
6046,1676740.8248718008
6047,1262350.9291579276
6048,1199142.0344460905
6049,889492.1457148492
6050,944403.5887283981
6051,1030903.9104390964
6052,969334.4382435456
6053,987623.6314410567
6054,831959.1096459478
6055,1551440.7628471404
6056,680378.415561147
6057,393325.193541795
6058,859613.3353223354
6059,1359347.3727234527
6060,1511180.4393566698
6061,275064.16160568595
6062,1496937.8243434057
6063,716215.8039312214
6064,185095.12747079134
6065,224961.38376090676
6066,1779420.4201466516
6067,1168048.4999085963
6068,225466.71306359023
6069,755277.9004729837
6070,1746402.590442337
6071,1184005.37230248
6072,1492584.7461856976
6073,885770.2872833982
6074,1399290.50466834
6075,1193895.158376649
6076,1205421.9521627799
6077,1164937.7474896982
6078,1297763.3008069918
6079,990639.6752407327
6080,1837105.1622357965
6081,570239.7209948525
6082,760178.9789949954
6083,716729.3483111784
6084,217577.62833692878
6085,645892.0359268114
6086,926043.6862406954
6087,961724.2978695184
6088,1359267.0210612714
6089,1505712.9662875235
6090,907358.9342054874
6091,1331946.9564917237
6092,2348654.342068404
6093,221461.9756707251
6094,240815.1678437963
6095,1070046.8410682231
6096,1158099.7570857853
6097,1059898.1810333282
6098,1296970.818007931
6099,1540577.5624510273
6100,759979.3177785948
6101,456091.9768819511
6102,1473562.6457233801
6103,1117722.4907069579
6104,1693644.8379842862
6105,707256.0930047631
6106,978121.5525154099
6107,752452.6249511167
6108,956333.2810768485
6109,723333.9264670089
6110,673482.4848691002
6111,1306819.2517712712
6112,1076132.5511085913
6113,2283045.3985754102
6114,2091402.7315185815
6115,984555.0627972558
6116,606721.5166189745
6117,1447884.3587506264
6118,1112412.0756339878
6119,1142974.1113748997
6120,1326458.101849094
6121,980594.9827611893
6122,1354363.6029947326
6123,564622.7036022097
6124,1318153.8040044606
6125,894555.4918007925
6126,866026.4495437071
6127,751160.0064649433
6128,1038234.4135158211
6129,993744.9341783375
6130,809669.4844768867
6131,908583.0413873345
6132,1473030.0602656081
6133,531888.0208212137
6134,1624036.0852915272
6135,1010352.9799805805
6136,1365038.0069809183
6137,1089547.9313170314
6138,1645195.0643573254
6139,2434278.5849253237
6140,729354.3654896617
6141,1470251.31987416
6142,1111057.7756183818
6143,824616.9429054931
6144,1404075.7481342554
6145,339620.13764760643
6146,343856.274902083
6147,33287.046127296984
6148,1036713.2287185267
6149,2149000.8997125104
6150,1277113.9080218747
6151,945349.3174011186
6152,1304115.1255846173
6153,351804.3012428731
6154,916310.7590460777
6155,1225668.9219886437
6156,1497179.8253089264
6157,834181.6786351576
6158,1530018.376605168
6159,888343.4200177342
6160,420830.42131661624
6161,837696.1471180767
6162,962267.7652172223
6163,1724544.0682132915
6164,1217267.2643605843
6165,1008044.8638215885
6166,85082.33535644412
6167,827208.4001599997
6168,1380480.0288410932
6169,884193.3243034407
6170,547040.6053161249
6171,1780455.9360968918
6172,1557630.588924542
6173,1886553.9287521467
6174,1864045.0926526785
6175,1956774.5633094162
6176,1311561.815896675
6177,1034451.3104377016
6178,1153950.2389491424
6179,931185.5223281682
6180,1108482.5061981007
6181,869447.6958468929
6182,913589.5779700205
6183,1010974.2246990204
6184,1215944.650591828
6185,869233.2728394568
6186,903331.9952439368
6187,517660.48130241036
6188,938510.9792717695
6189,775269.901362896
6190,636661.5501791537
6191,793111.8161521032
6192,909867.3835393935
6193,990605.500568077
6194,573449.9753999338
6195,1333969.6406226456
6196,1258924.3874069005
6197,994632.31610962
6198,926020.2926332951
6199,1088098.5160300434
6200,1005469.4070171043
6201,986901.4779131785
6202,1297956.3899991289
6203,933003.8611940965
6204,1100152.9195832089
6205,1023797.1544008851
6206,1013201.4395463094
6207,429397.3381746039
6208,2402220.9989406317
6209,981590.8502715081
6210,969665.730396457
6211,965568.2635172904
6212,1071621.0350421593
6213,1033174.3163109124
6214,1221288.4003420323
6215,720597.3705397397
6216,991710.3912186101
6217,1628557.3116959557
6218,877872.4357004315
6219,1718609.5848643035
6220,953468.2710488737
6221,1060268.8321220577
6222,770352.7741343379
6223,791996.9237169623
6224,919536.788219139
6225,841617.6892724931
6226,882967.4508799613
6227,1651916.4836022854
6228,831384.3725956678
6229,643640.610545814
6230,2038910.260603577
6231,473298.62539982796
6232,1017803.1846530735
6233,671727.7679266557
6234,1517192.0103994384
6235,893701.6998601481
6236,1025422.3553833589
6237,826571.2237938195
6238,1456299.2681808248
6239,684912.606115222
6240,1195238.3263792172
6241,993226.0896788538
6242,668001.7492927387
6243,1489509.2826334685
6244,1020113.8659443557
6245,1494198.9961227626
6246,1362004.911210388
6247,680135.0117891878
6248,859240.6938866302
6249,1405466.6485447064
6250,1533803.7865786478
6251,938287.3656130359
6252,451031.06562027335
6253,929198.4135496467
6254,1108460.6857691929
6255,1579643.0269495398
6256,664229.363585636
6257,300263.50340244174
6258,421792.25965347886
6259,1275022.2147449628
6260,669946.5958182067
6261,1035313.3100351915
6262,804257.7655395418
6263,984117.8593411967
6264,1224172.9124744534
6265,2399779.8608034104
6266,769288.2761528492
6267,1562963.339371778
6268,647379.4816160947
6269,679243.2040808424
6270,1394607.5827344656
6271,871116.1754782498
6272,1418869.6925613657
6273,1444165.648385547
6274,824723.4357566908
6275,1109449.868619375
6276,1392073.2070279643
6277,706191.3967942
6278,1294865.930813752
6279,673827.1126024798
6280,1027410.7050405368
6281,835152.1311910152
6282,490314.95645803213
6283,327424.51631753147
6284,998086.5502284691
6285,584075.9954246953
6286,2123674.324903518
6287,791789.4440393373
6288,908988.1054418758
6289,1684602.8399885967
6290,999878.950019978
6291,414278.22531790286
6292,2037896.7843633145
6293,984332.120159708
6294,829326.4132599235
6295,936272.395054102
6296,1835481.6746953279
6297,1476577.0278978199
6298,2024123.5701088458
6299,1411056.8996421322
6300,1531504.823299326
6301,1011155.2202580646
6302,42369.16679625958
6303,953166.6856514215
6304,972459.0115325302
6305,676524.1394124702
6306,1406281.461782828
6307,1492074.5320279598
6308,652381.0049004108
6309,1547697.8381003514
6310,1896477.4386111647
6311,1019978.4319676235
6312,783169.1678082123
6313,1826532.2042689398
6314,1405715.940832585
6315,1301426.2391471416
6316,1353872.4369800016
6317,254676.48568154126
6318,1862715.727811329
6319,993063.3487672433
6320,1724941.1973154545
6321,71784.23927643895
6322,959227.5751689225
6323,1715000.614806898
6324,988486.5730143711
6325,504053.90466117114
6326,2209961.563820578
6327,291556.61438666284
6328,832460.2730299756
6329,669929.7012714297
6330,1106676.0703081936
6331,1242822.3627459705
6332,1941002.4002280086
6333,951383.6714152247
6334,880870.2777359635
6335,873156.5415536687
6336,1363001.091908671
6337,792774.8005223796
6338,938654.1333629861
6339,1134121.9635452405
6340,948974.757019259
6341,739512.570254676
6342,2009552.7910778746
6343,941317.3280598521
6344,1799797.0018532798
6345,809353.1575511843
6346,1235379.351463236
6347,626743.649506636
6348,759650.2260308117
6349,369927.39918249846
6350,2378133.345875047
6351,1061827.3676467612
6352,2114582.2088100016
6353,1607343.5049630404
6354,559820.6634942889
6355,1497977.7107763365
6356,1120273.764959164
6357,2036095.9196160585
6358,995366.3197504953
6359,350386.6923015043
6360,1118746.9722058848
6361,302660.31115134805
6362,1136665.9037374482
6363,1064306.5888817683
6364,222850.16178750247
6365,719268.5389132127
6366,1130878.2849997059
6367,1087321.0114389807
6368,380818.0828691423
6369,1035612.6869010702
6370,1475654.349040851
6371,523996.18996050954
6372,121790.06818766892
6373,951007.7340092659
6374,731770.9556084946
6375,1310823.3026275933
6376,693052.5952627286
6377,423503.9284473881
6378,736286.4460129365
6379,899791.7579762116
6380,1385305.3239561692
6381,1207232.811756432
6382,623123.2086587921
6383,667625.9280771762
6384,964361.5878226906
6385,1988220.7192651406
6386,1644637.8555067927
6387,980076.0591029376
6388,1196959.6764418185
6389,998761.326635167
6390,770175.8604793698
6391,1183065.9681297913
6392,837446.3043586761
6393,1120602.761040844
6394,1197032.2836947069
6395,1245498.5787856206
6396,700881.1351406872
6397,823996.6596283764
6398,1108479.4890205264
6399,1411423.3175046965
6400,440738.5840909779
6401,1006730.7131980583
6402,1182388.996619068
6403,896776.1910421848
6404,1434755.2371465564
6405,698688.7593236566
6406,1523995.8649145514
6407,365460.8781690821
6408,1517389.7542153671
6409,1427829.8602206185
6410,263405.1221099496
6411,1567431.2436212301
6412,931214.6488651559
6413,780418.0344623774
6414,786215.747183539
6415,1023635.1158995852
6416,871151.884575516
6417,970314.5258691534
6418,853093.9361490235
6419,1477811.291677706
6420,1319595.603699617
6421,2144875.249042928
6422,1063513.8928725272
6423,994511.4548357278
6424,1072536.684653066
6425,871172.109296672
6426,515733.8675284758
6427,1909242.0430639684
6428,1285932.4570926204
6429,738694.6580070779
6430,686071.0635921136
6431,453178.869396694
6432,1680147.949339509
6433,2069809.8292404562
6434,861677.9322404861
6435,347439.60484228283
6436,947400.49032823
6437,286059.21328391135
6438,890537.2909888476
6439,822539.2148388699
6440,1402051.7791445628
6441,1485190.3377333954
6442,689662.3623879328
6443,1072734.316213645
6444,766426.6402348131
6445,1526266.8211743906
6446,1668652.6492737532
6447,465601.528992407
6448,1147421.5983293504
6449,949519.7048553377
6450,831275.6448153332
6451,1163941.3573782966
6452,187449.30558416247
6453,1009438.2674086466
6454,261446.24525704235
6455,1202534.859866172
6456,122974.28956713527
6457,1017186.8860597685
6458,1780597.2046177909
6459,954679.2548695877
6460,1430520.8414386287
6461,419216.4588170126
6462,680997.0219742879
6463,502754.1298878789
6464,1195628.05564294
6465,1356319.1989980116
6466,730136.1025401354
6467,1005218.7895711511
6468,789636.5530857071
6469,1328865.5028347522
6470,523542.67381509393
6471,1437276.3223062232
6472,957869.6821290255
6473,969979.2973726913
6474,506558.9767181352
6475,1032496.8131749928
6476,924696.4636449441
6477,1137902.6026628986
6478,1509190.5374287367
6479,281668.3678086847
6480,982635.0137674063
6481,779456.737836346
6482,110898.81227841973
6483,1172965.8239474148
6484,1485240.3164842501
6485,849952.0931958035
6486,1004867.03326267
6487,1090325.6499169245
6488,241697.64334356785
6489,1463874.8586882278
6490,1109354.3224505112
6491,1580058.5831832513
6492,893468.9883193448
6493,1164807.3935037553
6494,1628013.7099235058
6495,303486.71477138996
6496,544246.729821682
6497,319378.52493741363
6498,1527105.5646559447
6499,839939.6616872475
6500,789433.5718907341
6501,1765012.586144194
6502,878183.6746494696
6503,1384207.4064326808
6504,1010495.6469915584
6505,1222516.9783600643
6506,1270818.000558488
6507,1263639.1558465213
6508,1685241.6963043287
6509,905153.5851378664
6510,550666.1519507989
6511,679272.5414039269
6512,2134961.2522602826
6513,1260823.4643884823
6514,1600447.5824037865
6515,886461.7511532232
6516,1786054.475045547
6517,802606.1594909132
6518,902109.5178381875
6519,1696768.1663281545
6520,759863.9565055519
6521,1460647.8651162684
6522,1040732.5255217254
6523,1869034.7144176066
6524,879629.0141964406
6525,774313.3111141548
6526,1278461.5087701231
6527,1213059.3837450743
6528,1561139.6401619315
6529,1864082.007558249
6530,906167.6704252362
6531,656463.2634192035
6532,322259.209075734
6533,1249531.4497888982
6534,1048871.485171035
6535,1053300.6979635581
6536,1358910.6529414505
6537,1275950.1642347947
6538,830635.0544440746
6539,799876.638486363
6540,29391.855165034533
6541,643563.9437636882
6542,600405.8929912746
6543,309434.475793235
6544,785143.4697424695
6545,1608385.6847299114
6546,981146.1888543442
6547,483329.5289522633
6548,979144.3341904581
6549,308365.39557787776
6550,621981.6069085672
6551,1103272.9919441044
6552,1554396.1917175725
6553,713785.2255379856
6554,862432.0377014577
6555,1318509.5700518265
6556,1414709.7466077805
6557,2260113.040041454
6558,1001625.0881498754
6559,360356.0953944996
6560,1195223.6537430286
6561,1001512.5216590241
6562,263099.79609463364
6563,919453.802757822
6564,845382.2314108089
6565,1964458.1933045238
6566,535734.8982603177
6567,872926.4314032793
6568,558371.0913169831
6569,786121.2886339724
6570,1307521.2427936792
6571,1505582.809373103
6572,758371.0536122397
6573,1060568.911700964
6574,701966.4021760225
6575,1010440.799297981
6576,1330431.0211078003
6577,1346804.1009127349
6578,1621129.0242464766
6579,1716036.0359879658
6580,923307.4650264233
6581,1019499.1995125487
6582,1330489.9480179474
6583,1548259.1802929938
6584,1649115.681400068
6585,375644.87612021714
6586,744139.605265528
6587,1143342.2728164792
6588,285428.4092120379
6589,495931.8115885854
6590,965382.7376374826
6591,192002.3491299674
6592,1790985.8897873536
6593,1426888.0457138643
6594,1934118.2289376184
6595,1001568.2255565748
6596,947611.4509635046
6597,1383405.1971024722
6598,950628.7259323299
6599,1017976.4281145632
6600,938287.4142652005
6601,1797203.9323672801
6602,890833.2175009996
6603,2366151.938784115
6604,622136.8263031021
6605,899040.5869103745
6606,1299101.5174040943
6607,1133525.2951366156
6608,1244263.6031377017
6609,1519589.5328809991
6610,191175.3460996598
6611,999317.7610002011
6612,2252434.775960386
6613,865386.2474304885
6614,1650627.0089200288
6615,1511349.2381715253
6616,634444.8982493207
6617,831742.6326433346
6618,1524208.271125503
6619,646305.6619078964
6620,625640.1014115512
6621,1126676.873971194
6622,904820.4103795141
6623,1248849.0767767504
6624,659165.0690933615
6625,1249159.5033048093
6626,1002664.1167076603
6627,1806606.861228004
6628,684122.368445076
6629,2374113.3653695285
6630,504363.67711187154
6631,2150350.728406124
6632,1037104.7054120824
6633,1851987.936782837
6634,550298.217602253
6635,1211460.9070426375
6636,2092830.1693947092
6637,1218361.1119210348
6638,1523162.3263671324
6639,1014353.2236552164
6640,1823690.2732734978
6641,986812.0093289763
6642,351312.2940561101
6643,994744.7850087285
6644,1297377.7992148548
6645,1192018.7258977294
6646,1043651.8860655874
6647,638987.6287511811
6648,778558.6119975373
6649,942183.5341830775
6650,1182285.5314434022
6651,1116634.7374304608
6652,271687.4703319743
6653,1148285.459437564
6654,1779266.2316662595
6655,884439.1245343015
6656,1437414.2843168452
6657,339132.03846761584
6658,1221981.1998380572
6659,905768.7092110366
6660,1069789.6781054512
6661,597055.3499447778
6662,743006.7640419751
6663,232003.60385025293
6664,882718.9395225495
6665,946578.0900606066
6666,1049556.2647218406
6667,1200568.2253115922
6668,1027380.4789065048
6669,1490880.961008802
6670,2023759.1831832826
6671,1017573.8751587421
6672,849264.6211060509
6673,1055153.1958874762
6674,639545.9532487988
6675,1184388.9700109363
6676,894881.6893404424
6677,1619077.715392232
6678,955794.6762281805
6679,1029237.2346636727
6680,-133740.3399271369
6681,963534.5074187592
6682,2136174.904084362
6683,1535781.9160741419
6684,1500028.6388019025
6685,248861.15073278546
6686,1750292.25158564
6687,1156428.091152005
6688,1030475.1569067389
6689,1197798.572317563
6690,1241658.6262607276
6691,929063.4367132336
6692,1445632.925040163
6693,897960.1125517637
6694,1221409.92904599
6695,922338.491118595
6696,1747778.6753223166
6697,908557.9112213925
6698,1301920.3407758847
6699,1040536.75169079
6700,676176.5973915979
6701,1539822.14466317
6702,337127.3600943312
6703,721942.778794691
6704,1592684.777848877
6705,1569761.8316742852
6706,576775.7138332352
6707,765115.2979871258
6708,1245995.3689635023
6709,1618227.4034262672
6710,1445508.7651027963
6711,672254.9143664241
6712,1757848.4966957122
6713,1353264.1995734647
6714,1283155.6579266787
6715,1139296.2818868458
6716,1494543.8167084306
6717,970943.2119678855
6718,1494592.4210522175
6719,1503898.5480462387
6720,473588.84426838905
6721,1182830.9379186481
6722,1470643.9025317281
6723,173141.51036233455
6724,994839.0142513141
6725,260995.79451929778
6726,229846.67934391648
6727,994728.594785139
6728,1321963.9700823575
6729,1090742.1540913656
6730,1113083.3970967904
6731,1854324.1155877486
6732,991580.1817398891
6733,947922.8445442468
6734,573177.9703006446
6735,2172712.5262973383
6736,881610.838172771
6737,823972.5883446857
6738,1335178.3024141043
6739,863532.3224446625
6740,1531058.016423434
6741,705234.6210641712
6742,1511678.610411711
6743,830435.7393213809
6744,795651.8656353056
6745,1462375.2749046385
6746,875808.169823885
6747,1346207.8895856738
6748,603034.0516690314
6749,945203.5453487262
6750,626089.609964639
6751,1099893.657864675
6752,754991.3773582876
6753,1012242.5955404192
6754,-47774.73969925195
6755,1520017.11205706
6756,1592560.9561677352
6757,1618466.1346609518
6758,1283260.669163324
6759,1575309.9143541232
6760,793551.6615877599
6761,1090506.317213349
6762,927953.7416578606
6763,1326264.7342564836
6764,1155316.0726396143
6765,575573.6375137717
6766,908377.1203209162
6767,2270753.4504059926
6768,1502759.0527933687
6769,1242856.482754387
6770,669112.9273560122
6771,1601421.1773970425
6772,452027.7436920479
6773,881561.4235086069
6774,1648726.1470827386
6775,1097985.6732493117
6776,539921.4325847626
6777,1459911.7254796624
6778,1555575.164464511
6779,883928.0619649142
6780,916102.5460166261
6781,389497.10085814446
6782,880724.0931558385
6783,1219026.3582476303
6784,945996.5702523366
6785,433103.8767267838
6786,1046819.088487111
6787,670693.3230683133
6788,812143.6305067167
6789,887551.1151959747
6790,935466.0284947902
6791,820746.085129194
6792,185351.5785413459
6793,1007552.407073468
6794,2037535.244588457
6795,910944.6158758849
6796,1513534.83656054
6797,1059809.5319671333
6798,949977.9099241048
6799,1015150.2738400698
6800,1004361.0052370206
6801,809319.6557695791
6802,619668.5930780247
6803,915738.1430006176
6804,1764728.485600397
6805,1512765.1132561862
6806,201304.7865852788
6807,1404263.8304261267
6808,940332.2896225378
6809,1108179.438881673
6810,501229.91471104324
6811,836976.6811726913
6812,1530496.705019042
6813,1209775.0956287682
6814,1210549.9704134762
6815,789940.5687305778
6816,2041490.7422994375
6817,168906.9052427858
6818,1020890.7194448933
6819,771303.0199919194
6820,941723.0954810381
6821,1705098.1500063986
6822,1285884.4920449108
6823,890102.4375027418
6824,1566172.8955847993
6825,1028893.8871125579
6826,981568.887505725
6827,682978.3760455698
6828,442307.9400766492
6829,1757114.0808670223
6830,76352.36563907564
6831,1292179.7555679455
6832,1023700.829996638
6833,4671.095524579287
6834,1819374.4680179954
6835,619787.5529972836
6836,1620937.9312881306
6837,1583869.9591284022
6838,563376.2858778462
6839,920377.4573791549
6840,1008014.9621136859
6841,671105.0564779937
6842,353918.01229000837
6843,673280.3405650333
6844,1308208.0593434423
6845,1201193.2951513082
6846,995399.3631675392
6847,874377.5856084526
6848,474906.68814341724
6849,1025283.5381503403
6850,1187169.397281088
6851,1120922.5142138004
6852,1237646.395386286
6853,1020703.6595366001
6854,946143.1360423714
6855,996171.0538023636
6856,433922.3646989167
6857,1478820.9947197363
6858,1702250.0487973094
6859,970141.7805855274
6860,897166.3411217108
6861,264550.8258939013
6862,768826.0486059487
6863,522213.876297459
6864,755004.8621950895
6865,880778.8187984079
6866,1239664.01679568
6867,1003938.5780811533
6868,1280834.6648266762
6869,342292.1933346987
6870,998948.9992607236
6871,1224925.6244145483
6872,1040201.7998352125
6873,1034400.2781046629
6874,1009962.9589940831
6875,726002.1791311279
6876,652721.6994905099
6877,868636.4555654973
6878,1007614.7201489881
6879,910330.5959198922
6880,1013036.8770254701
6881,1329160.3252243996
6882,2205337.7590787783
6883,990448.8533118069
6884,1134666.7495780364
6885,1264068.8710241467
6886,1475405.423807606
6887,1602281.4682810754
6888,991433.8763241917
6889,1532999.7708307356
6890,1032976.093731612
6891,1134927.032286495
6892,243089.88995637745
6893,1039951.2396807969
6894,804984.3819547147
6895,807259.4499633312
6896,421630.5381124988
6897,1993641.654710956
6898,971830.7207862139
6899,1217629.511636041
6900,364928.15851414204
6901,1466614.4315479472
6902,1009465.0406047627
6903,1008917.2086493224
6904,413053.20609743893
6905,820722.8241201937
6906,1741546.6364330277
6907,1317484.6201864928
6908,1625237.305896096
6909,709294.254733868
6910,900030.6316317543
6911,1690818.1473988667
6912,1087636.2103105262
6913,142715.0882390514
6914,1043388.0098327249
6915,1803179.1168207526
6916,1551093.0792793408
6917,2024166.1910802275
6918,250886.84685367346
6919,1849547.4130516052
6920,892660.0062207729
6921,1874974.7415328994
6922,702425.3618666381
6923,1229473.6440873519
6924,895189.676446937
6925,1454959.9175260365
6926,1565947.2943337932
6927,1988398.9361048862
6928,1520061.40982534
6929,522367.99834544957
6930,963865.5234468877
6931,570339.266574733
6932,662228.7788265944
6933,1475982.0251378343
6934,1629040.8729416728
6935,691734.4296577126
6936,613892.5460766852
6937,99527.44821246713
6938,1845482.358914718
6939,90128.1485062167
6940,1545260.9753693044
6941,299260.3865683079
6942,885844.809745796
6943,254505.26982182264
6944,895768.7562415078
6945,1064967.0636618137
6946,858761.9102834612
6947,879279.7818613201
6948,1159000.5270020291
6949,1036832.0751071349
6950,668995.858972691
6951,475873.6489395276
6952,328817.96130470186
6953,1485276.501814559
6954,979133.7583598271
6955,1061411.6815530583
6956,1034424.8808707148
6957,1072061.0098205283
6958,971498.6691072211
6959,919508.0441709459
6960,1335903.653805241
6961,1069491.9892819226
6962,1095399.8858197927
6963,1162765.9945300072
6964,1003654.0735748559
6965,1305417.2746839821
6966,1386066.6375493184
6967,1419224.083378099
6968,1465384.0908632055
6969,589757.4384001046
6970,880950.9026361555
6971,1548323.7574494705
6972,1517988.589899473
6973,677517.8318345919
6974,-149085.49755829573
6975,1287457.3984150738
6976,889836.8216733709
6977,2014195.606755063
6978,1076301.6292625293
6979,1023350.8060627878
6980,466835.74274947494
6981,666996.2736436203
6982,384630.8177623302
6983,1943197.0059511662
6984,1259334.2974741384
6985,530956.6693084389
6986,908401.1717223153
6987,2038212.1181679815
6988,1279898.9948533103
6989,1360307.3143040314
6990,1471125.163926512
6991,1032430.0502249151
6992,1222583.949862726
6993,951591.0073693171
6994,809980.3437020853
6995,218540.85789693147
6996,1330274.6886393577
6997,1309492.331242822
6998,727996.4139081091
6999,947617.9247673079
7000,337928.7712087706
7001,1114108.401404433
7002,1440122.5642431676
7003,1563534.1682687998
7004,820490.209900111
7005,774409.3138600811
7006,1504150.9589062184
7007,1780180.2171505988
7008,1521305.0112834275
7009,1178731.9164646938
7010,952272.1242699772
7011,234191.92698744684
7012,1071837.8613456786
7013,1686862.420647055
7014,1062494.5149455816
7015,1523596.6688132435
7016,1624523.7679648474
7017,1827219.0979337469
7018,1105228.5426210314
7019,983432.0782014206
7020,1014051.2306508273
7021,935473.0268166959
7022,730703.4496900216
7023,876498.9521462396
7024,384111.0568557009
7025,760758.3747778907
7026,1052202.8781231865
7027,1497553.0183626637
7028,408125.3499136865
7029,857498.2378272042
7030,1045463.5229012072
7031,1028125.2883620635
7032,1587652.7461544871
7033,1093075.3479633778
7034,660525.4297316223
7035,810648.2256361842
7036,1312515.041931264
7037,809255.2563572004
7038,1040333.8114869222
7039,1140589.7059860379
7040,817962.34414424
7041,802871.6055895537
7042,757764.0215394497
7043,639592.437320739
7044,1213005.9221487045
7045,939436.3257875293
7046,848978.6816086918
7047,675858.1788808331
7048,870197.6531186104
7049,1038153.2164537758
7050,470108.4216553122
7051,783976.3272563517
7052,1022924.2439840436
7053,813147.0919765085
7054,1911400.2014134824
7055,809015.307767503
7056,881761.5715357438
7057,889271.7076312006
7058,1549767.205884412
7059,2081854.5422262922
7060,1792445.2833651006
7061,1670549.132232964
7062,814760.4387547225
7063,1573177.963886246
7064,795898.4835166708
7065,888972.239664048
7066,809449.3083529398
7067,1135754.891616486
7068,1119032.440445438
7069,1144843.7163069695
7070,1253898.3920412585
7071,1417341.7058148086
7072,812590.7200463563
7073,669412.7417421713
7074,1237430.8761639372
7075,897967.0174470097
7076,1504162.0919659138
7077,270088.0715010464
7078,585472.1933889687
7079,1132053.9073975682
7080,1567158.8714151531
7081,2258987.1375788897
7082,2108696.916580528
7083,959903.9672696665
7084,516078.34416140616
7085,576518.1864868551
7086,878405.9286533743
7087,516853.3201947659
7088,1280778.3178757802
7089,1054602.2384304255
7090,1316637.291427955
7091,1643929.1323764175
7092,876963.6538002491
7093,1126896.8951446712
7094,647556.3290246427
7095,1123462.374648802
7096,2215036.4675207883
7097,1322034.1409820244
7098,553413.5133685395
7099,996177.9245132953
7100,13335.509957842529
7101,1553212.2697422355
7102,896108.5823147595
7103,965450.43708428
7104,612990.1251192316
7105,967178.5558576435
7106,1265136.9949298277
7107,932276.9986134768
7108,1034309.933470577
7109,906592.2811344713
7110,692573.3510766998
7111,1922424.1183255538
7112,1483158.7953027934
7113,945938.9523311928
7114,1129183.4343742803
7115,898157.9925682023
7116,480303.2649662867
7117,981420.5268931836
7118,896159.3953841999
7119,1507419.8047703356
7120,1045332.0207881406
7121,314951.27034415305
7122,1006593.6197669953
7123,897629.1598190516
7124,1965334.2604378015
7125,755822.1331330463
7126,1306942.5961538032
7127,1008668.3782641143
7128,1821368.1666320637
7129,845808.8343572393
7130,988572.5802950412
7131,1340646.8064356148
7132,1222599.6917598546
7133,818737.9922622815
7134,268824.48427592963
7135,1311818.545603186
7136,2076448.1340499297
7137,958085.3445753753
7138,1014514.8958140239
7139,829924.6135135219
7140,762213.6691311821
7141,405795.17205378413
7142,1074624.8485947847
7143,801179.117015779
7144,1130299.37442521
7145,969757.3017958179
7146,1510281.4471701756
7147,1203309.1354756057
7148,474649.1396871507
7149,1331029.4620524123
7150,971670.7689419687
7151,1314780.7955565304
7152,784023.2539434806
7153,874674.7553026825
7154,680344.253360264
7155,1872578.1809383258
7156,1135492.3674508482
7157,943418.6879064292
7158,1239450.643728897
7159,1956503.747357145
7160,1282248.2785334885
7161,447635.9025084302
7162,791592.670920968
7163,617397.788172923
7164,2082291.5876507908
7165,2036181.136471115
7166,312135.39160081744
7167,1527035.074033454
7168,1596999.001641497
7169,141557.0288541615
7170,920341.9620251507
7171,1437198.7672816291
7172,872640.6260105446
7173,1567874.7011073232
7174,1917967.372845292
7175,805128.0024722517
7176,1624055.335224688
7177,996136.5875838697
7178,1146604.6074111313
7179,638621.2126582488
7180,1419224.9773319885
7181,918889.2924659848
7182,1657565.0065981671
7183,707414.0525327772
7184,808725.9473073184
7185,984559.0679605082
7186,985202.4659026861
7187,738232.809649989
7188,668219.4369294196
7189,705179.7520041019
7190,391994.53572900593
7191,526189.0565739647
7192,1219585.9823683575
7193,1911626.8662213162
7194,1106662.5933993459
7195,1015270.9201234952
7196,1221076.5956474766
7197,1079661.6837750152
7198,1114282.5177413374
7199,837755.3058113232
7200,887319.3844585195
7201,1501989.7484466583
7202,895365.222282201
7203,1519302.9262121916
7204,875396.3474171907
7205,1789391.2461296096
7206,779328.4625302032
7207,1244978.4855690673
7208,1318162.048937574
7209,337706.57818911225
7210,1005312.8032317385
7211,1179945.1136396602
7212,1467540.3370268494
7213,362443.78583500534
7214,441367.74466370046
7215,1162824.9325536638
7216,1031170.7821564525
7217,1319667.717030272
7218,1029761.9450840876
7219,1624861.2603001893
7220,856914.8367016539
7221,1280952.360814333
7222,820079.1669872776
7223,1023266.9103531465
7224,1446249.1801531091
7225,788297.007614918
7226,1451936.628394492
7227,987328.840303041
7228,821244.0623133779
7229,1962655.3764918223
7230,1335559.8831667826
7231,648381.2251118198
7232,300019.8977312222
7233,2217457.0544671267
7234,937483.4746444523
7235,299200.0798757151
7236,987666.7846132144
7237,699424.0720755532
7238,761317.5044302717
7239,1112933.3253522888
7240,909923.7002172396
7241,1034200.5250540301
7242,194673.0389655307
7243,1158318.145078145
7244,1238680.4234140888
7245,837797.5922003537
7246,527619.9386481792
7247,866070.3255096301
7248,1464529.183171384
7249,2038448.6366060674
7250,900863.0762797967
7251,1538663.2571478486
7252,1624580.269625917
7253,1534989.2612395734
7254,1949414.018129751
7255,777452.6189740747
7256,1438699.006934017
7257,833660.5039008111
7258,904046.7127617747
7259,745979.6716964617
7260,1101166.782980986
7261,995791.0138405785
7262,936542.2480527684
7263,1052969.6386762857
7264,928051.2372889668
7265,922754.6262441725
7266,1622488.5594527721
7267,1655361.7279107794
7268,860798.2778334618
7269,244940.75512878597
7270,892856.2922513783
7271,927584.7127251476
7272,1245920.110632807
7273,906523.8981587216
7274,1413998.347024098
7275,1135421.0426309258
7276,991558.8131774515
7277,1554880.9194214419
7278,1070047.443435736
7279,1444126.0535050854
7280,779616.0096438229
7281,1453491.2596098483
7282,540305.5277588964
7283,1011397.8771041557
7284,431924.09466840327
7285,401910.85813601315
7286,236721.31910912693
7287,1910006.0335686058
7288,843574.1437137797
7289,1604854.5116532445
7290,673359.0011175722
7291,1220989.7406276911
7292,1056921.6074731126
7293,953738.3372966945
7294,770855.9528133273
7295,573424.9329131991
7296,-49371.085889317095
7297,1333358.21302595
7298,971932.5142375305
7299,1020807.8927229568
7300,1212070.395175159
7301,888364.2814341486
7302,1820435.6648271605
7303,-291304.2143855542
7304,1232017.1570135355
7305,1090463.740718849
7306,1506793.0505861863
7307,1243098.2816756964
7308,683240.6937401295
7309,1346099.7308242917
7310,669430.1852150187
7311,897441.2627874091
7312,1435305.0099106878
7313,845236.4534323663
7314,1149804.2397684082
7315,1581067.4252025783
7316,1355225.088114053
7317,1093445.7626911923
7318,368136.0927367136
7319,478773.08575981855
7320,1323278.7946492136
7321,804687.1824296117
7322,1446790.7707161233
7323,1557337.04492601
7324,1377101.9296346903
7325,1669701.8445762396
7326,1049791.3706903234
7327,677663.1265018731
7328,879777.5906090438
7329,1148416.000707619
7330,1073271.5576772317
7331,837187.6895661056
7332,1021961.58469785
7333,1607606.030820191
7334,1248334.8542638868
7335,1150752.6694737375
7336,1278067.8745221645
7337,896347.4718384594
7338,141449.40554356575
7339,1152069.888007827
7340,1626951.289643228
7341,1560390.7194007263
7342,1212894.6683049127
7343,1044188.953935571
7344,706113.3765035346
7345,925830.2823166996
7346,687544.749105297
7347,787572.4141700715
7348,790224.010965094
7349,1152461.7178958282
7350,1026027.5802895054
7351,396570.1291648075
7352,1495195.683243923
7353,791211.5933248252
7354,1146877.1838425994
7355,675100.9550877884
7356,1569297.3003606796
7357,780419.6961170733
7358,1320382.8175514191
7359,763952.9645456821
7360,1476170.7865825966
7361,1295383.011766024
7362,535570.6792537868
7363,2015567.7464579865
7364,1486920.172434777
7365,1036131.5851578489
7366,1008846.438367635
7367,892882.9802995622
7368,697758.1707960293
7369,2114958.527402304
7370,955571.492193222
7371,1271219.5833450183
7372,1389019.7288280055
7373,1474490.5484191477
7374,1101747.9851469994
7375,408156.4438823536
7376,899026.8436662257
7377,1740800.1271334738
7378,544865.4769657701
7379,699543.9749061167
7380,1038961.0826182663
7381,913727.0156396776
7382,1250053.884518452
7383,895444.718794316
7384,1407644.345397167
7385,1091136.70249746
7386,1419140.735646844
7387,1782958.987350434
7388,1190027.211033985
7389,1135525.788545318
7390,574240.6463955417
7391,890371.3732779697
7392,1726983.459692806
7393,580269.5014059693
7394,658926.900256142
7395,2071393.365668565
7396,978830.2211926281
7397,886903.9672652557
7398,972059.9412610978
7399,2025115.3806097656
7400,957904.2313976735
7401,663432.0930033624
7402,1031243.8853211105
7403,766052.5948892236
7404,1205630.7677732408
7405,1312024.645982474
7406,1237026.3452553898
7407,1848817.0207011774
7408,270697.68213300407
7409,895001.5528886914
7410,1312057.6515443623
7411,884948.0876049921
7412,1885188.328690812
7413,1071834.0444862768
7414,874916.1315051541
7415,379355.62271853536
7416,1769267.2607398778
7417,973224.7911769524
7418,1014912.1543972269
7419,1717440.8029269427
7420,588731.2308556512
7421,1052601.4274339005
7422,1288683.525072366
7423,900457.3599619046
7424,2748298.731637247
7425,1878367.6759391576
7426,1208436.854097806
7427,449032.3537186086
7428,1055822.0963943675
7429,993299.6263061762
7430,530331.9446715564
7431,690709.6025950834
7432,39298.90055894852
7433,972083.8243303895
7434,400884.9270287156
7435,1569648.7916622981
7436,406690.4453311488
7437,1578046.59737999
7438,609451.9515346065
7439,694299.0410567969
7440,599798.1947705075
7441,1013546.500026837
7442,1171081.5765633509
7443,436370.995587185
7444,827332.1969308481
7445,1214735.5530418307
7446,870541.3056954667
7447,1279467.8932865933
7448,1094630.1935865805
7449,1328726.399733968
7450,1143114.9457024485
7451,2519946.3817745596
7452,1738282.9480260387
7453,493407.2736052722
7454,557644.69508636
7455,195210.05287981033
7456,800686.4663672522
7457,1571042.7188707069
7458,1000949.3273535445
7459,311260.8003895208
7460,925476.1985436678
7461,411902.1157823652
7462,1834130.4188571721
7463,1143753.3639224246
7464,1323801.0126202777
7465,1433474.8416830823
7466,250663.3189854324
7467,386161.58056323975
7468,1041621.3873994723
7469,1297567.592118062
7470,2560728.4130028784
7471,1526127.7978129983
7472,99396.05431365222
7473,1037409.9844212085
7474,757720.548401691
7475,994779.0630580187
7476,778642.4389193282
7477,995673.3138642535
7478,1832729.6421426386
7479,1267083.7151733413
7480,110862.35612562299
7481,790150.2900653854
7482,1183845.208119832
7483,324272.40288417786
7484,1025462.6231413335
7485,1193346.7461731136
7486,1389428.2188714743
7487,1232535.8319911063
7488,988553.8347088173
7489,1081282.2980889007
7490,560674.7054600641
7491,887506.1079454124
7492,833746.1540547758
7493,1669177.5668898895
7494,362158.80905053765
7495,780218.3074276373
7496,662574.6827443391
7497,809539.7135477364
7498,301864.72324736416
7499,1532037.7355750352
7500,248295.45021209866
7501,964999.903927736
7502,1821812.362782076
7503,881769.5461502969
7504,891472.1933789849
7505,1146908.6144743636
7506,1011196.2884458825
7507,1655118.6606455818
7508,494563.97668629885
7509,441693.9569326937
7510,998997.122657232
7511,1047844.312240161
7512,1878423.9310885966
7513,1122936.860006243
7514,1679864.4225389063
7515,1824125.6069210768
7516,1219970.415518634
7517,1084616.1653957441
7518,1303110.2670475096
7519,334033.11176935583
7520,1735749.8316624463
7521,309047.507096149
7522,1612933.1287370175
7523,1130503.4493139312
7524,1634885.2616085112
7525,1100207.612916626
7526,1652578.545535922
7527,1274637.8799192235
7528,229130.43321432918
7529,1307878.0011062473
7530,343515.0449666977
7531,471440.93141322583
7532,1609626.5270342454
7533,1243556.8984073326
7534,1031565.402078487
7535,2248451.0763081685
7536,2339990.058868505
7537,634315.7189668044
7538,387741.49548251927
7539,1723171.6040872931
7540,1583024.2246316746
7541,1033400.6743142158
7542,1134027.8922363743
7543,1260250.9696479812
7544,1479082.0067939758
7545,758911.731413722
7546,1243109.4919904098
7547,1135795.8465342298
7548,742116.7036293074
7549,713733.1729736477
7550,887390.7709714025
7551,990609.1899160519
7552,795341.0302762389
7553,1458200.578181751
7554,1590058.0191490352
7555,1243372.3228552416
7556,881805.3177858666
7557,290556.02171666175
7558,904115.4011401981
7559,1149471.5207480863
7560,1912708.4527367651
7561,1526244.2128704637
7562,1015599.5833954066
7563,357849.07098878175
7564,1053684.5934673995
7565,215627.75245583802
7566,1927575.8352805525
7567,1711829.5943187252
7568,1593219.7792567387
7569,1668119.650018409
7570,1657398.5265742019
7571,409584.55184394866
7572,1127840.3355643451
7573,864511.2547386959
7574,772812.2329120263
7575,376887.1192275956
7576,1398030.1639836207
7577,1180636.6835249364
7578,1353102.771155715
7579,813440.869434908
7580,1134085.7521943152
7581,559546.0714040548
7582,441407.05130342394
7583,1248559.0909511
7584,1005392.7544448674
7585,1113492.9878389165
7586,352818.12057471275
7587,1176977.6859192848
7588,536219.02065631
7589,863493.4465978816
7590,1187189.5161173865
7591,1336668.2766961604
7592,830584.300992772
7593,1393130.6634642258
7594,957865.6719311327
7595,1407593.3646736667
7596,-8392.080778487027
7597,226481.63377384096
7598,906473.2831140459
7599,1207428.6109477505
7600,307019.91195412725
7601,1284889.5357999206
7602,1214004.0528649613
7603,1004733.597699061
7604,550404.0442860797
7605,783738.9707478359
7606,1032094.2771575004
7607,1471027.4324287102
7608,1247278.8526718318
7609,984868.9767857268
7610,266880.77018313855
7611,933546.7579816282
7612,354021.15495702624
7613,688030.4820502773
7614,1446172.311897114
7615,1008628.2925090045
7616,1393677.5055075884
7617,423442.5198007226
7618,1794092.3149403557
7619,517648.2564433962
7620,1009558.4890058935
7621,601142.7628277615
7622,1013946.393212147
7623,1003336.8641035557
7624,1484082.5223540366
7625,1832506.5459174812
7626,1518802.1128588244
7627,1532788.7007905021
7628,302690.7886151895
7629,1204063.5015689582
7630,1698717.5071957335
7631,1056604.8022194877
7632,1224784.016152516
7633,1932347.0249373615
7634,920722.2499890104
7635,-16957.274822585285
7636,-26320.784380227327
7637,752391.8347048014
7638,973881.4620873705
7639,531055.2979951128
7640,1238307.014798209
7641,1668085.5476950034
7642,1500889.2083964348
7643,1017630.2827341631
7644,1304680.02916044
7645,1265707.91813799
7646,1835375.399318792
7647,572415.7945534065
7648,1699935.9264242128
7649,1286940.4525099546
7650,1012866.8463646024
7651,1539130.025558129
7652,961052.5295743719
7653,1409755.4793995917
7654,600819.0629583374
7655,798003.399792932
7656,903525.0175165161
7657,1476532.6179931834
7658,351703.92814780027
7659,429810.6439183876
7660,1786804.631282784
7661,831014.4367555231
7662,1245435.0278269202
7663,1569967.1011150852
7664,2131651.567666568
7665,499717.36936763674
7666,958817.4913076758
7667,812846.8288180232
7668,1389292.2202817723
7669,970632.2817014158
7670,539289.2638074905
7671,894385.8220401704
7672,1030798.1329049692
7673,1829165.234057635
7674,822555.1996730566
7675,1439316.3309015483
7676,1149833.2531851456
7677,671658.4945942387
7678,1524970.702256769
7679,1008681.5817038342
7680,650440.2321273908
7681,1098659.7821350172
7682,976264.0005556345
7683,1097729.137780644
7684,977989.0023328587
7685,1768944.245078303
7686,882579.4863412827
7687,373681.1222307831
7688,364037.82744992524
7689,1092839.609169826
7690,1491568.764033012
7691,977232.5987705365
7692,814547.617881082
7693,1369855.4407561347
7694,1593428.866191946
7695,170621.33629158884
7696,1147487.5979871005
7697,875761.2946630642
7698,465553.3964966461
7699,917961.9463330805
7700,550531.0591128543
7701,586897.4669816718
7702,1402320.322713606
7703,988774.3166934848
7704,1833189.1005863398
7705,580011.7010380849
7706,802340.8222984374
7707,1399716.1085496321
7708,1916699.1175352782
7709,1018856.25220377
7710,1220393.243690297
7711,752059.8231107071
7712,2139608.491584316
7713,1131654.1323995367
7714,574952.2091438845
7715,1480032.267340839
7716,214430.3575214669
7717,1499605.2536171898
7718,516135.99646718055
7719,1080814.5615176335
7720,740008.2417094857
7721,2227966.856350735
7722,916190.1144033745
7723,1119486.4790421799
7724,1541564.1736730784
7725,1355378.4827512875
7726,1004040.2633948028
7727,640599.4976290762
7728,1312955.3665602654
7729,1235960.60705892
7730,1327797.7171875313
7731,1513908.884761013
7732,583127.7845246121
7733,1042426.0343428329
7734,897403.1510677859
7735,1427588.4049756825
7736,1498824.8064442128
7737,-230372.50911273807
7738,1092461.3577658385
7739,923053.6451280415
7740,639663.6797009334
7741,1513819.556912683
7742,923623.3871151432
7743,1497090.3733370602
7744,884122.9781256244
7745,339241.68415591866
7746,520659.4938591942
7747,1270628.9170983508
7748,955784.2651308477
7749,1865376.402047716
7750,1544246.3357905447
7751,1259636.0950208753
7752,1006369.1091623679
7753,859607.9493803084
7754,1172335.1138103977
7755,807770.8729573786
7756,1041134.0650589317
7757,1963979.557980217
7758,127818.95074894279
7759,668909.202991508
7760,1455310.6941711605
7761,1309398.2103140578
7762,893397.4801652282
7763,981326.0797764733
7764,1239902.296554409
7765,1498578.510294184
7766,3327704.8489214405
7767,1840333.7864519507
7768,1604600.1983446553
7769,874689.7360069677
7770,1583990.5684296936
7771,296199.48070308566
7772,92748.77153660357
7773,1017355.720776014
7774,526916.1008034497
7775,679694.6103027016
7776,2363164.9384343997
7777,1007810.096997641
7778,259431.5182370618
7779,691537.1643940806
7780,1078714.9161569178
7781,1053329.5957082734
7782,1609408.05400268
7783,543813.8038718998
7784,1587493.5700910464
7785,1468089.95380719
7786,887477.908422105
7787,1021531.5574519038
7788,873210.4128441364
7789,700485.9810711294
7790,696472.0621027276
7791,814539.1654429659
7792,911708.5360284895
7793,620964.0370536223
7794,1449955.2803639919
7795,1045632.1649307907
7796,879743.3242696226
7797,885985.1822996438
7798,1232475.5330837518
7799,668516.7007240131
7800,1383647.5360594764
7801,1573241.5345301107
7802,1261580.7091296613
7803,818493.5603691861
7804,1715571.8486206457
7805,819530.9475068897
7806,2025563.410595663
7807,1027206.6691674888
7808,1329272.5556521192
7809,1285443.8529843017
7810,665462.0455106571
7811,771774.8567140102
7812,870560.306270577
7813,487467.0648943931
7814,1292662.957634315
7815,1059770.4746980816
7816,941217.1988299713
7817,1991954.8755501732
7818,780330.9800921902
7819,1949437.2323292196
7820,1337325.3698689118
7821,706586.1732227877
7822,1234720.2484126836
7823,2014264.5863439813
7824,1836569.3292412013
7825,990032.2348330393
7826,1351484.428922452
7827,508098.8566131294
7828,1009840.7572932839
7829,1452793.151273556
7830,929751.0965722576
7831,2330076.8670137227
7832,1153169.408227168
7833,1514132.5542444661
7834,1136423.887734905
7835,890395.2701523453
7836,1765364.869967401
7837,1273981.6281316876
7838,1026451.8921654448
7839,675831.1400385126
7840,1504336.9524201825
7841,984230.8813685775
7842,1972614.9880356416
7843,867087.4930515587
7844,672246.0708941817
7845,1692579.4849968776
7846,1307501.4499269426
7847,1277265.9704462811
7848,1310452.6735910103
7849,862175.5902074724
7850,1329550.4312391505
7851,1025984.5826754197
7852,453742.7860426158
7853,1536687.913807705
7854,1059604.0710559487
7855,870193.6787317544
7856,798384.2176642865
7857,1095609.7396899536
7858,1614165.9427222684
7859,1060405.9936616346
7860,1297868.2621594295
7861,1728486.3150644228
7862,831750.7439530045
7863,1477280.7202001289
7864,963448.8933936357
7865,357169.3842557743
7866,1451095.8864183277
7867,536955.6567030475
7868,881047.9689380974
7869,494329.1700005904
7870,442940.0000523105
7871,2334746.053566195
7872,1030513.5566689819
7873,861156.5658214092
7874,1003753.6635480821
7875,873395.0856657326
7876,859174.474255234
7877,930129.0955092162
7878,981195.380837664
7879,820385.0986246318
7880,515441.065304257
7881,1005015.640543215
7882,1233179.9739214107
7883,904376.1371341124
7884,1028326.6983728707
7885,103237.11756110936
7886,1273058.2843936384
7887,667109.7020744383
7888,1143530.417019032
7889,1902034.8945550323
7890,1451693.4622941837
7891,1377438.0070397928
7892,1866544.5016706586
7893,1458231.017998308
7894,1806414.0741082355
7895,1788768.0690376759
7896,1841858.2878977358
7897,483548.3941273689
7898,59933.880887784064
7899,1761707.9349841177
7900,262788.19790969044
7901,1665639.940228939
7902,1260871.599853076
7903,1412939.4810259044
7904,1034655.6814241633
7905,1033838.401162602
7906,910965.2852734849
7907,1866370.5637268126
7908,1559586.1852001473
7909,1430606.6429846063
7910,1550196.257291019
7911,1231143.6275690198
7912,1166958.6278632805
7913,1932401.0325326324
7914,1047236.8594102189
7915,-47557.53485312313
7916,1305314.957379073
7917,856947.0829726309
7918,533405.3158827648
7919,1082354.781762503
7920,438499.1601576954
7921,1935896.4670242146
7922,119013.95263454318
7923,1693066.4519422352
7924,1910959.2269109935
7925,680081.5534110963
7926,1816335.3086382374
7927,1737825.934012346
7928,1001324.1877976656
7929,624239.9668041617
7930,1649595.4875496626
7931,1185462.4172579125
7932,811017.127595149
7933,1299889.1526746154
7934,1876382.051905483
7935,302489.85869172215
7936,873991.2300017253
7937,1439358.3164493144
7938,799216.1017139405
7939,1040743.2746653706
7940,1331588.7584850192
7941,928745.1961006895
7942,1125781.5428931415
7943,858196.4271371365
7944,996522.0757516176
7945,1794960.5781695545
7946,1137338.6933433637
7947,846819.2699644342
7948,1439528.3521225601
7949,1343539.9645058215
7950,1255254.0812185258
7951,413271.9346081987
7952,1156571.085825242
7953,1468507.3169574812
7954,1297340.3549550772
7955,932360.7821112573
7956,774285.1971540302
7957,1326043.9798547402
7958,252021.19180598855
7959,908925.3585392684
7960,1190900.127865307
7961,1573739.716443874
7962,1442828.7133717835
7963,1679357.8845710382
7964,869068.2770026699
7965,761738.9804715812
7966,890504.3584880605
7967,429183.43285562843
7968,1325076.4126348868
7969,1164925.7304264903
7970,911263.5348914415
7971,1097707.20865307
7972,1345647.7966060787
7973,2785436.4628183693
7974,1649316.6278297976
7975,1025542.1258401796
7976,780355.4694680944
7977,2032136.5815206617
7978,1294778.7738553956
7979,1124296.2574604303
7980,883075.385810785
7981,310130.6947096139
7982,2026830.8143358529
7983,1062722.9882466123
7984,2127456.5060414225
7985,453140.1798990965
7986,1766174.1581410915
7987,986823.3868144378
7988,839644.7541995049
7989,998128.4996076524
7990,1021414.862290591
7991,1502544.0644122213
7992,1514690.7331625521
7993,1153917.6441103593
7994,528471.4019523263
7995,774854.4083302394
7996,149474.60318151116
7997,1339997.642107606
7998,1660430.9217482135
7999,628703.7169864625
8000,1718645.8711068928
8001,800712.5473622754
8002,1101755.8126684278
8003,1038216.091455251
8004,25501.871983282268
8005,1049526.140114002
8006,672620.5542529747
8007,1830160.450394988
8008,352691.4410695806
8009,1256720.895099312
8010,870565.3716295362
8011,956757.8307666257
8012,882557.84028662
8013,1935376.1342490613
8014,811408.4859894067
8015,399068.9797764048
8016,888916.1755583063
8017,1255954.4699903503
8018,1844387.5053835064
8019,1605333.3461502194
8020,786075.7945854291
8021,542642.442326352
8022,2347836.1328244135
8023,2020229.2577241808
8024,1182493.3011094928
8025,746904.0822739005
8026,368243.02279949933
8027,1420126.3087187335
8028,750182.0312011391
8029,686988.5013167188
8030,106964.43547862023
8031,934403.3086461574
8032,698823.670116365
8033,1040834.0674327314
8034,1301070.1435779557
8035,941862.0982383266
8036,1171829.5435773581
8037,1022502.1795647815
8038,1629908.2904751822
8039,1036157.6989123449
8040,1255130.2957593873
8041,2140179.6654265225
8042,1272074.5388092473
8043,2151768.2152061537
8044,1097707.20865307
8045,1845897.9491681755
8046,1340651.9505678862
8047,1303212.0223430768
8048,1564106.014351137
8049,1093230.390226677
8050,1807743.9280827716
8051,1304235.3419162184
8052,1329003.4709878564
8053,1903935.5078230128
8054,909170.8334521204
8055,1870824.882524766
8056,1535519.718937017
8057,-40342.08129186183
8058,1330237.620852299
8059,659851.879041642
8060,1039159.2170881927
8061,1005025.5793705732
8062,444911.3915435672
8063,1664944.1978784949
8064,501415.3677919656
8065,144890.17958928645
8066,904501.2145336047
8067,890770.3740121946
8068,802232.3954432234
8069,375191.8063921407
8070,998164.4710794836
8071,1230328.3111138865
8072,1148307.8967033625
8073,939719.870721221
8074,230148.3036709875
8075,1431680.405133821
8076,882852.214191787
8077,1824248.337839909
8078,1915790.675625503
8079,550304.0778537765
8080,360828.8688957989
8081,537844.3593819365
8082,370680.1155148074
8083,1249618.4828081578
8084,1315420.3781505078
8085,1068235.8420837522
8086,873592.9569444731
8087,1229351.7570074648
8088,997600.9897556901
8089,824140.1126006916
8090,1084373.3514755294
8091,167858.6519721523
8092,923172.312961109
8093,987715.1742289141
8094,670456.3965327367
8095,1789269.7106310576
8096,906359.918171376
8097,206170.62488982826
8098,1272418.4675829634
8099,1908379.9595028907
8100,1019166.4643681124
8101,826957.0662764683
8102,681544.8449123576
8103,1181403.224577047
8104,1988185.2952274308
8105,1241338.8482062668
8106,191451.82404397428
8107,2077779.162010774
8108,883506.141175054
8109,828937.1258295029
8110,978205.7599397823
8111,872672.6813054308
8112,2060380.0341534987
8113,429056.88552236557
8114,1276376.7039378136
8115,1519412.3898977563
8116,-82002.62884721905
8117,1100766.5400453657
8118,997887.4655873924
8119,676515.3448875323
8120,889717.3973090798
8121,921980.8060217947
8122,946605.175987862
8123,82727.87972135097
8124,1689787.9860854074
8125,761459.0668156296
8126,1717915.8246240914
8127,82917.02707140893
8128,600590.2266071513
8129,785702.7005186081
8130,990290.1747318208
8131,1483396.9667177498
8132,1198891.0604868308
8133,1066310.4564276636
8134,1982941.7126047462
8135,882301.4334518984
8136,1459203.8671882227
8137,670478.9287722409
8138,980603.9990833998
8139,1733083.7189514488
8140,1127050.3720160425
8141,57539.47210165113
8142,1211875.5509174392
8143,897514.5589743108
8144,875866.6598217189
8145,728953.6489876211
8146,998085.2235155851
8147,884821.6573220417
