index,Price
0,1278333.3333333333
1,572000.0
2,782333.3333333334
3,533333.3333333334
4,633166.6666666666
5,803333.3333333334
6,504166.6666666667
7,1684333.3333333333
8,578000.0
9,1229500.0
10,2366666.6666666665
11,626500.0
12,1272000.0
13,694666.6666666666
14,623666.6666666666
15,708666.6666666666
16,556666.6666666666
17,632000.0
18,2602000.0
19,343666.6666666667
20,580166.6666666666
21,1149333.3333333333
22,890166.6666666666
23,1246166.6666666667
24,1575000.0
25,798333.3333333334
26,695666.6666666666
27,807333.3333333334
28,785666.6666666666
29,1080666.6666666667
30,750333.3333333334
31,1553333.3333333333
32,315666.6666666667
33,532333.3333333334
34,828333.3333333334
35,519666.6666666667
36,2096666.6666666667
37,561333.3333333334
38,957333.3333333334
39,604166.6666666666
40,1111666.6666666667
41,1175666.6666666667
42,1437000.0
43,255166.66666666666
44,878333.3333333334
45,1406666.6666666667
46,619333.3333333334
47,741666.6666666666
48,444333.3333333333
49,950000.0
50,906066.6666666666
51,2127666.6666666665
52,611166.6666666666
53,879333.3333333334
54,2358333.3333333335
55,499333.3333333333
56,670666.6666666666
57,1671666.6666666667
58,1256000.0
59,1278333.3333333333
60,653666.6666666666
61,1031666.6666666666
62,987566.6666666666
63,1280000.0
64,2075000.0
65,937000.0
66,1938333.3333333333
67,618333.3333333334
68,804000.0
69,836333.3333333334
70,555000.0
71,1548333.3333333333
72,1182333.3333333333
73,1620000.0
74,1514000.0
75,1535000.0
76,537700.0
77,863333.3333333334
78,765000.0
79,2725000.0
80,704333.3333333334
81,733333.3333333334
82,502000.0
83,1741666.6666666667
84,1075000.0
85,695666.6666666666
86,1085000.0
87,1604500.0
88,648333.3333333334
89,469000.0
90,616000.0
91,1948333.3333333333
92,1324333.3333333333
93,1887000.0
94,1112000.0
95,2293333.3333333335
96,446166.6666666667
97,3516666.6666666665
98,1553333.3333333333
99,1008333.3333333334
100,764333.3333333334
101,1243333.3333333333
102,1951666.6666666667
103,1418666.6666666667
104,253333.33333333334
105,601666.6666666666
106,1673000.0
107,1736000.0
108,599333.3333333334
109,1375000.0
110,2671666.6666666665
111,1324000.0
112,566666.6666666666
113,1152333.3333333333
114,3083333.3333333335
115,625333.3333333334
116,1147500.0
117,3461833.3333333335
118,1290000.0
119,1221666.6666666667
120,1598333.3333333333
121,380000.0
122,1368666.6666666667
123,729000.0
124,855333.3333333334
125,1436666.6666666667
126,2275000.0
127,503333.3333333333
128,955000.0
129,821666.6666666666
130,574166.6666666666
131,1028333.3333333334
132,1280833.3333333333
133,2613333.3333333335
134,826666.6666666666
135,825000.0
136,858166.6666666666
137,633666.6666666666
138,955000.0
139,545000.0
140,1713333.3333333333
141,1841666.6666666667
142,795500.0
143,1056000.0
144,1253833.3333333333
145,1988333.3333333333
146,1868333.3333333333
147,647333.3333333334
148,818333.3333333334
149,1378333.3333333333
150,565000.0
151,869000.0
152,530000.0
153,908666.6666666666
154,1431733.3333333333
155,1716666.6666666667
156,1997500.0
157,1398333.3333333333
158,658333.3333333334
159,1083666.6666666667
160,1210333.3333333333
161,1872666.6666666667
162,1553333.3333333333
163,768000.0
164,1138333.3333333333
165,2678666.6666666665
166,1342666.6666666667
167,690000.0
168,562333.3333333334
169,663666.6666666666
170,1781666.6666666667
171,1294166.6666666667
172,1074666.6666666667
173,750333.3333333334
174,510166.6666666667
175,1206000.0
176,613333.3333333334
177,506416.6666666667
178,1134500.0
179,871666.6666666666
180,2118333.3333333335
181,1406166.6666666667
182,791000.0
183,910666.6666666666
184,1323333.3333333333
185,1133333.3333333333
186,2027333.3333333333
187,1260000.0
188,974166.6666666666
189,776666.6666666666
190,626333.3333333334
191,727666.6666666666
192,641000.0
193,1138333.3333333333
194,623333.3333333334
195,1135000.0
196,861666.6666666666
197,602166.6666666666
198,813000.0
199,953666.6666666666
200,529000.0
201,759933.3333333334
202,766000.0
203,1073000.0
204,1112000.0
205,3093333.3333333335
206,728333.3333333334
207,1766666.6666666667
208,955000.0
209,1197333.3333333333
210,818333.3333333334
211,691333.3333333334
212,1573333.3333333333
213,1053333.3333333333
214,625000.0
215,555333.3333333334
216,1347333.3333333333
217,919000.0
218,1053333.3333333333
219,465000.0
220,950000.0
221,1266666.6666666667
222,2276666.6666666665
223,2255000.0
224,813666.6666666666
225,1299666.6666666667
226,1138333.3333333333
227,768666.6666666666
228,676833.3333333334
229,369000.0
230,524351.6666666666
231,813166.6666666666
232,814166.6666666666
233,1641666.6666666667
234,1557000.0
235,1068333.3333333333
236,946666.6666666666
237,1074333.3333333333
238,2096333.3333333333
239,1933333.3333333333
240,863666.6666666666
241,810000.0
242,1291666.6666666667
243,1473333.3333333333
244,2671666.6666666665
245,326666.6666666667
246,646666.6666666666
247,1208333.3333333333
248,1427666.6666666667
249,1590000.0
250,474166.6666666667
251,823333.3333333334
252,1161666.6666666667
253,580000.0
254,732000.0
255,765333.3333333334
256,1393666.6666666667
257,570000.0
258,870000.0
259,571000.0
260,592333.3333333334
261,1042666.6666666666
262,1582000.0
263,1250000.0
264,1539166.6666666667
265,1177500.0
266,1160000.0
267,1411666.6666666667
268,843333.3333333334
269,1296666.6666666667
270,749500.0
271,868333.3333333334
272,993666.6666666666
273,2013333.3333333333
274,405666.6666666667
275,1084500.0
276,895333.3333333334
277,1001333.3333333334
278,698000.0
279,1436666.6666666667
280,1283666.6666666667
281,489000.0
282,630500.0
283,748500.0
284,694000.0
285,1400000.0
286,862500.0
287,1305333.3333333333
288,990000.0
289,549433.3333333334
290,2260333.3333333335
291,3160000.0
292,1368166.6666666667
293,2412666.6666666665
294,1193333.3333333333
295,1400833.3333333333
296,619666.6666666666
297,569000.0
298,689333.3333333334
299,634333.3333333334
300,640000.0
301,950333.3333333334
302,2183333.3333333335
303,295000.0
304,2461000.0
305,801666.6666666666
306,780000.0
307,673333.3333333334
308,785000.0
309,643333.3333333334
310,635666.6666666666
311,602666.6666666666
312,484333.3333333333
313,3370833.3333333335
314,1127000.0
315,958333.3333333334
316,838000.0
317,1762133.3333333333
318,779166.6666666666
319,517333.3333333333
320,727666.6666666666
321,808666.6666666666
322,604333.3333333334
323,747666.6666666666
324,1303333.3333333333
325,549333.3333333334
326,280833.3333333333
327,893000.0
328,3516666.6666666665
329,734500.0
330,884666.6666666666
331,960000.0
332,779000.0
333,1245000.0
334,695333.3333333334
335,540166.6666666666
336,831666.6666666666
337,1566666.6666666667
338,970333.3333333334
339,1176666.6666666667
340,1149833.3333333333
341,658000.0
342,1274000.0
343,1490000.0
344,870166.6666666666
345,800666.6666666666
346,2711666.6666666665
347,593500.0
348,346666.6666666667
349,635666.6666666666
350,843000.0
351,1036666.6666666666
352,1142000.0
353,800000.0
354,679666.6666666666
355,578333.3333333334
356,403333.3333333333
357,1328666.6666666667
358,891666.6666666666
359,904666.6666666666
360,698333.3333333334
361,891666.6666666666
362,1374333.3333333333
363,1141666.6666666667
364,790000.0
365,493333.3333333333
366,487000.0
367,463333.3333333333
368,1003333.3333333334
369,788666.6666666666
370,1345000.0
371,1454333.3333333333
372,1866666.6666666667
373,1120000.0
374,1785000.0
375,1390000.0
376,1971666.6666666667
377,334000.0
378,607666.6666666666
379,681666.6666666666
380,387666.6666666667
381,1192666.6666666667
382,881666.6666666666
383,354000.0
384,896666.6666666666
385,652500.0
386,1067000.0
387,1163333.3333333333
388,570000.0
389,571000.0
390,955000.0
391,439166.6666666667
392,1791666.6666666667
393,1328400.0
394,1108333.3333333333
395,1995000.0
396,1268333.3333333333
397,687833.3333333334
398,950000.0
399,761666.6666666666
400,817666.6666666666
401,3200000.0
402,864333.3333333334
403,408333.3333333333
404,696666.6666666666
405,1355333.3333333333
406,888333.3333333334
407,1720000.0
408,487000.0
409,576000.0
410,1111333.3333333333
411,1252000.0
412,730833.3333333334
413,926666.6666666666
414,2501666.6666666665
415,774500.0
416,983333.3333333334
417,1125000.0
418,868333.3333333334
419,854000.0
420,897000.0
421,1160000.0
422,1234166.6666666667
423,991666.6666666666
424,1085666.6666666667
425,1160000.0
426,888333.3333333334
427,1758333.3333333333
428,497083.3333333333
429,457000.0
430,740666.6666666666
431,1299000.0
432,3083333.3333333335
433,1642333.3333333333
434,490333.3333333333
435,1069166.6666666667
436,991666.6666666666
437,741666.6666666666
438,1137833.3333333333
439,1656666.6666666667
440,596333.3333333334
441,891666.6666666666
442,571000.0
443,868500.0
444,320333.3333333333
445,1066666.6666666667
446,648500.0
447,1494166.6666666667
448,1146666.6666666667
449,881333.3333333334
450,971166.6666666666
451,749166.6666666666
452,1532666.6666666667
453,1003000.0
454,755000.0
455,938333.3333333334
456,800333.3333333334
457,1034666.6666666666
458,1344000.0
459,1953333.3333333333
460,942666.6666666666
461,955666.6666666666
462,1141666.6666666667
463,635000.0
464,567000.0
465,818333.3333333334
466,555962.6666666666
467,490333.3333333333
468,832666.6666666666
469,1598833.3333333333
470,928333.3333333334
471,473666.6666666667
472,1123333.3333333333
473,737333.3333333334
474,702500.0
475,1403000.0
476,2050000.0
477,613833.3333333334
478,1371666.6666666667
479,572666.6666666666
480,501666.6666666667
481,798333.3333333334
482,2361666.6666666665
483,1586666.6666666667
484,406666.6666666667
485,1728333.3333333333
486,940000.0
487,506000.0
488,460666.6666666667
489,908333.3333333334
490,1284666.6666666667
491,1819333.3333333333
492,906166.6666666666
493,1093666.6666666667
494,1005000.0
495,743666.6666666666
496,2978666.6666666665
497,795666.6666666666
498,573333.3333333334
499,1288333.3333333333
500,1237500.0
501,619333.3333333334
502,2013333.3333333333
503,418333.3333333333
504,695833.3333333334
505,490833.3333333333
506,720000.0
507,1271000.0
508,806500.0
509,1260000.0
510,478333.3333333333
511,1295000.0
512,1031666.6666666666
513,678500.0
514,632000.0
515,1624666.6666666667
516,635433.3333333334
517,871666.6666666666
518,1657333.3333333333
519,2660000.0
520,685333.3333333334
521,1088333.3333333333
522,1176666.6666666667
523,1052666.6666666667
524,667333.3333333334
525,1235000.0
526,1022000.0
527,1395000.0
528,456000.0
529,953333.3333333334
530,3124333.3333333335
531,1157000.0
532,1188333.3333333333
533,855000.0
534,1083333.3333333333
535,1032000.0
536,546500.0
537,905666.6666666666
538,662333.3333333334
539,314833.3333333333
540,1517833.3333333333
541,994500.0
542,1548833.3333333333
543,257500.0
544,1640666.6666666667
545,1258333.3333333333
546,1428500.0
547,736666.6666666666
548,1071666.6666666667
549,1099000.0
550,788000.0
551,1203666.6666666667
552,1422333.3333333333
553,1035000.0
554,911000.0
555,2060333.3333333333
556,1679666.6666666667
557,685666.6666666666
558,551666.6666666666
559,2145000.0
560,615666.6666666666
561,1178000.0
562,1173333.3333333333
563,1598833.3333333333
564,1296666.6666666667
565,1178566.6666666667
566,545233.3333333334
567,807333.3333333334
568,1203666.6666666667
569,1410000.0
570,829000.0
571,376666.6666666667
572,315333.3333333333
573,1995000.0
574,2030833.3333333333
575,578333.3333333334
576,813000.0
577,980666.6666666666
578,344666.6666666667
579,1863333.3333333333
580,591000.0
581,687500.0
582,1784000.0
583,854666.6666666666
584,1199000.0
585,654000.0
586,3245000.0
587,1909000.0
588,1083666.6666666667
589,3018333.3333333335
590,672250.0
591,904000.0
592,1166666.6666666667
593,1466666.6666666667
594,521666.6666666667
595,1560833.3333333333
596,515333.3333333333
597,881000.0
598,2959333.3333333335
599,512666.6666666667
600,862666.6666666666
601,1405000.0
602,695333.3333333334
603,919333.3333333334
604,634000.0
605,1302666.6666666667
606,480666.6666666667
607,1006333.3333333334
608,1865000.0
609,928666.6666666666
610,291366.6666666667
611,462500.0
612,1308333.3333333333
613,1563333.3333333333
614,768333.3333333334
615,629333.3333333334
616,413333.3333333333
617,670833.3333333334
618,1080833.3333333333
619,1043666.6666666666
620,344833.3333333333
621,2148500.0
622,407833.3333333333
623,560666.6666666666
624,279000.0
625,1625000.0
626,785000.0
627,1620000.0
628,2065000.0
629,1123333.3333333333
630,738000.0
631,896666.6666666666
632,1485000.0
633,828333.3333333334
634,2336666.6666666665
635,865333.3333333334
636,1285000.0
637,343666.6666666667
638,1073500.0
639,956666.6666666666
640,1508333.3333333333
641,687333.3333333334
642,1240166.6666666667
643,1181666.6666666667
644,1072166.6666666667
645,3725833.3333333335
646,573000.0
647,433666.6666666667
648,779666.6666666666
649,444333.3333333333
650,1686333.3333333333
651,883666.6666666666
652,552333.3333333334
653,784166.6666666666
654,1386666.6666666667
655,580000.0
656,2127666.6666666665
657,613333.3333333334
658,973333.3333333334
659,1288333.3333333333
660,1203333.3333333333
661,796666.6666666666
662,895666.6666666666
663,962333.3333333334
664,414666.6666666667
665,630000.0
666,408333.3333333333
667,512333.3333333333
668,1685000.0
669,904000.0
670,2100000.0
671,505200.0
672,1528333.3333333333
673,526666.6666666666
674,563666.6666666666
675,585000.0
676,651666.6666666666
677,1582000.0
678,586666.6666666666
679,970833.3333333334
680,929333.3333333334
681,1294166.6666666667
682,778333.3333333334
683,523666.6666666667
684,556666.6666666666
685,1229000.0
686,857000.0
687,1806666.6666666667
688,848666.6666666666
689,1041666.6666666666
690,1332333.3333333333
691,1768333.3333333333
692,655000.0
693,1108333.3333333333
694,895333.3333333334
695,683333.3333333334
696,465166.6666666667
697,1758333.3333333333
698,691833.3333333334
699,1141666.6666666667
700,1085333.3333333333
701,1195666.6666666667
702,2431666.6666666665
703,1240666.6666666667
704,1378333.3333333333
705,1426666.6666666667
706,1632666.6666666667
707,929166.6666666666
708,1180000.0
709,1800000.0
710,446666.6666666667
711,1020000.0
712,1161166.6666666667
713,868833.3333333334
714,961666.6666666666
715,875000.0
716,646583.3333333334
717,1166666.6666666667
718,717000.0
719,552333.3333333334
720,1006333.3333333334
721,867833.3333333334
722,1593333.3333333333
723,570000.0
724,682000.0
725,1028500.0
726,828333.3333333334
727,1259000.0
728,1297333.3333333333
729,2241666.6666666665
730,757666.6666666666
731,993333.3333333334
732,2039000.0
733,1371666.6666666667
734,330000.0
735,1225666.6666666667
736,921666.6666666666
737,1374629.3333333333
738,746333.3333333334
739,1818666.6666666667
740,836666.6666666666
741,654333.3333333334
742,513333.3333333333
743,2358333.3333333335
744,1181666.6666666667
745,1169333.3333333333
746,2991666.6666666665
747,884666.6666666666
748,635000.0
749,933000.0
750,1054333.3333333333
751,1066166.6666666667
752,1566666.6666666667
753,825666.6666666666
754,875000.0
755,1168333.3333333333
756,736666.6666666666
757,408500.0
758,480000.0
759,891666.6666666666
760,1640000.0
761,728833.3333333334
762,967000.0
763,648333.3333333334
764,380000.0
765,559166.6666666666
766,1150000.0
767,2983333.3333333335
768,556833.3333333334
769,962833.3333333334
770,459333.3333333333
771,757666.6666666666
772,694333.3333333334
773,1002833.3333333334
774,1083000.0
775,1171333.3333333333
776,813166.6666666666
777,1248333.3333333333
778,1123666.6666666667
779,1435666.6666666667
780,1046000.0
781,363666.6666666667
782,2008333.3333333333
783,635018.3333333334
784,690333.3333333334
785,796666.6666666666
786,1150000.0
787,1167000.0
788,835166.6666666666
789,518333.3333333333
790,1048833.3333333333
791,626500.0
792,1378333.3333333333
793,974333.3333333334
794,1444166.6666666667
795,825500.0
796,837000.0
797,751333.3333333334
798,890666.6666666666
799,608666.6666666666
800,1655000.0
801,1083000.0
802,2316666.6666666665
803,1389333.3333333333
804,475000.0
805,1071666.6666666667
806,473333.3333333333
807,1216666.6666666667
808,626166.6666666666
809,1176666.6666666667
810,1483333.3333333333
811,2041666.6666666667
812,660666.6666666666
813,514666.6666666667
814,1552333.3333333333
815,777333.3333333334
816,1075666.6666666667
817,760000.0
818,692666.6666666666
819,1386666.6666666667
820,1027333.3333333334
821,1194666.6666666667
822,1892000.0
823,551666.6666666666
824,1505000.0
825,1298333.3333333333
826,940333.3333333334
827,1158333.3333333333
828,1110666.6666666667
829,2115000.0
830,862500.0
831,1023333.0
832,574166.6666666666
833,926666.6666666666
834,2103000.0
835,732666.6666666666
836,606500.0
837,1296666.6666666667
838,1340166.6666666667
839,1203666.6666666667
840,781833.3333333334
841,1171666.6666666667
842,2028333.3333333333
843,459166.6666666667
844,1675000.0
845,983333.3333333334
846,779500.0
847,679000.0
848,1086666.6666666667
849,1276666.6666666667
850,3078333.3333333335
851,1698333.3333333333
852,665333.3333333334
853,784000.0
854,683666.6666666666
855,1337333.3333333333
856,511666.6666666667
857,1508666.6666666667
858,731666.6666666666
859,400000.0
860,1800933.3333333333
861,3574166.6666666665
862,2485000.0
863,925000.0
864,1748333.3333333333
865,372000.0
866,925833.3333333334
867,1102333.3333333333
868,1635666.6666666667
869,631666.6666666666
870,1513333.3333333333
871,949333.3333333334
872,1219000.0
873,631000.0
874,1229000.0
875,859000.0
876,983666.6666666666
877,711666.6666666666
878,731000.0
879,975000.0
880,380000.0
881,1103333.3333333333
882,815000.0
883,343833.3333333333
884,780833.3333333334
885,594000.0
886,1278333.3333333333
887,715333.3333333334
888,1054333.3333333333
889,2550296.0
890,679000.0
891,865000.0
892,1461666.6666666667
893,427500.0
894,575666.6666666666
895,1107166.6666666667
896,785333.3333333334
897,1125333.3333333333
898,905000.0
899,891333.3333333334
900,825666.6666666666
901,739000.0
902,1261666.6666666667
903,650833.3333333334
904,896666.6666666666
905,660333.3333333334
906,903666.6666666666
907,660666.6666666666
908,1983333.3333333333
909,576333.3333333334
910,707166.6666666666
911,1393666.6666666667
912,775333.3333333334
913,1196666.6666666667
914,1034500.0
915,1111666.6666666667
916,612833.3333333334
917,456666.6666666667
918,914000.0
919,751666.6666666666
920,373666.6666666667
921,1548333.3333333333
922,1116333.3333333333
923,580000.0
924,1624666.6666666667
925,2110000.0
926,751500.0
927,760000.0
928,1790000.0
929,708666.6666666666
930,1966666.6666666667
931,1163000.0
932,870333.3333333334
933,1081833.3333333333
934,910000.0
935,1008333.3333333334
936,711666.6666666666
937,1100000.0
938,1117333.3333333333
939,330000.0
940,1001666.6666666666
941,1520000.0
942,785333.3333333334
943,855000.0
944,1563333.3333333333
945,968333.3333333334
946,1105000.0
947,1829666.6666666667
948,1212500.0
949,825000.0
950,1432000.0
951,793333.3333333334
952,384000.0
953,1365000.0
954,1385000.0
955,937333.3333333334
956,904666.6666666666
957,1076296.0
958,698000.0
959,1914833.3333333333
960,680333.3333333334
961,686666.6666666666
962,555962.6666666666
963,792250.0
964,476333.3333333333
965,575333.3333333334
966,762666.6666666666
967,571833.3333333334
968,1000500.0
969,1254500.0
970,566666.6666666666
971,3520000.0
972,1223333.3333333333
973,595333.3333333334
974,658000.0
975,937833.3333333334
976,878333.3333333334
977,915666.6666666666
978,841666.6666666666
979,1176000.0
980,1715000.0
981,811666.6666666666
982,1151666.6666666667
983,1390000.0
984,655000.0
985,1181666.6666666667
986,1243333.3333333333
987,907333.3333333334
988,1027333.3333333334
989,407333.3333333333
990,1267000.0
991,420000.0
992,1075333.3333333333
993,719833.3333333334
994,817333.3333333334
995,944166.6666666666
996,865666.6666666666
997,1676333.3333333333
998,1541666.6666666667
999,1199000.0
1000,724000.0
1001,598333.3333333334
1002,598666.6666666666
1003,1025666.6666666666
1004,429500.0
1005,2361666.6666666665
1006,821666.6666666666
1007,344333.3333333333
1008,795833.3333333334
1009,1175666.6666666667
1010,451333.3333333333
1011,1110666.6666666667
1012,433666.6666666667
1013,1708333.3333333333
1014,1651666.6666666667
1015,653500.0
1016,476666.6666666667
1017,780333.3333333334
1018,682000.0
1019,1446666.6666666667
1020,1766666.6666666667
1021,361833.3333333333
1022,593333.3333333334
1023,882000.0
1024,244666.66666666666
1025,2685166.6666666665
1026,888333.3333333334
1027,545666.6666666666
1028,787000.0
1029,1266666.6666666667
1030,408500.0
1031,2991666.6666666665
1032,635666.6666666666
1033,1575000.0
1034,820000.0
1035,1297666.6666666667
1036,1594166.6666666667
1037,1398333.3333333333
1038,862500.0
1039,2618333.3333333335
1040,1378333.3333333333
1041,1458333.3333333333
1042,748333.3333333334
1043,323333.3333333333
1044,691666.6666666666
1045,2090000.0
1046,797333.3333333334
1047,498333.3333333333
1048,690333.3333333334
1049,1990000.0
1050,426666.6666666667
1051,821666.6666666666
1052,515333.3333333333
1053,1068266.6666666667
1054,1204000.0
1055,865000.0
1056,610666.6666666666
1057,846666.6666666666
1058,1087333.3333333333
1059,2036666.6666666667
1060,1567000.0
1061,836666.6666666666
1062,513666.6666666667
1063,755000.0
1064,610333.3333333334
1065,1361000.0
1066,790333.3333333334
1067,1727666.6666666667
1068,1400833.3333333333
1069,1810000.0
1070,838500.0
1071,525333.3333333334
1072,1145000.0
1073,630000.0
1074,1246666.6666666667
1075,1272666.6666666667
1076,1170333.3333333333
1077,1082000.0
1078,1548833.3333333333
1079,540666.6666666666
1080,717333.3333333334
1081,1820166.6666666667
1082,3502000.0
1083,1006333.3333333334
1084,861666.6666666666
1085,765333.3333333334
1086,615000.0
1087,4150833.3333333335
1088,1541666.6666666667
1089,568000.0
1090,1087333.3333333333
1091,521500.0
1092,1134333.3333333333
1093,940000.0
1094,754000.0
1095,1195000.0
1096,925000.0
1097,1025333.3333333334
1098,1255000.0
1099,1078333.3333333333
1100,857333.3333333334
1101,1837333.3333333333
1102,606666.6666666666
1103,783666.6666666666
1104,943333.3333333334
1105,996666.6666666666
1106,1207333.3333333333
1107,1356666.6666666667
1108,646666.6666666666
1109,863666.6666666666
1110,1157000.0
1111,690000.0
1112,515833.3333333333
1113,1016666.6666666666
1114,444333.3333333333
1115,980333.3333333334
1116,1345666.6666666667
1117,544666.6666666666
1118,1415333.3333333333
1119,1491333.3333333333
1120,1624333.3333333333
1121,767666.6666666666
1122,598666.6666666666
1123,2125000.0
1124,924666.6666666666
1125,1548833.3333333333
1126,1062666.6666666667
1127,970000.0
1128,2367000.0
1129,826666.6666666666
1130,1053666.6666666667
1131,655333.3333333334
1132,942333.3333333334
1133,4330000.0
1134,795500.0
1135,1798333.3333333333
1136,717000.0
1137,1602000.0
1138,1583333.3333333333
1139,626500.0
1140,1551666.6666666667
1141,482500.0
1142,515333.3333333333
1143,1161166.6666666667
1144,536666.6666666666
1145,1136666.6666666667
1146,466666.6666666667
1147,521666.6666666667
1148,621933.3333333334
1149,873333.3333333334
1150,728333.3333333334
1151,928333.3333333334
1152,965000.0
1153,1227333.3333333333
1154,2490000.0
1155,650000.0
1156,602333.3333333334
1157,540666.6666666666
1158,1808333.3333333333
1159,1178566.6666666667
1160,871666.6666666666
1161,556666.6666666666
1162,1825666.6666666667
1163,913666.6666666666
1164,1224666.6666666667
1165,716333.3333333334
1166,768666.6666666666
1167,737833.3333333334
1168,928333.3333333334
1169,938166.6666666666
1170,751666.6666666666
1171,924666.6666666666
1172,1335000.0
1173,1373333.3333333333
1174,685666.6666666666
1175,570000.0
1176,706666.6666666666
1177,1017333.3333333334
1178,1502333.3333333333
1179,638333.3333333334
1180,725500.0
1181,670000.0
1182,928333.3333333334
1183,1238333.3333333333
1184,1366666.6666666667
1185,689333.3333333334
1186,1313666.6666666667
1187,833333.3333333334
1188,640000.0
1189,518666.6666666667
1190,880333.3333333334
1191,596666.6666666666
1192,535000.0
1193,608333.3333333334
1194,1865666.6666666667
1195,1260000.0
1196,1674333.3333333333
1197,968333.3333333334
1198,1436666.6666666667
1199,902000.0
1200,722000.0
1201,887666.6666666666
1202,1730666.6666666667
1203,1397000.0
1204,666000.0
1205,1234666.6666666667
1206,1083666.6666666667
1207,899000.0
1208,653333.3333333334
1209,533166.6666666666
1210,1635666.6666666667
1211,777000.0
1212,1173333.3333333333
1213,594333.3333333334
1214,739666.6666666666
1215,1626666.6666666667
1216,943333.3333333334
1217,862500.0
1218,1414000.0
1219,925000.0
1220,315666.6666666667
1221,590833.3333333334
1222,1456666.6666666667
1223,848000.0
1224,902000.0
1225,692666.6666666666
1226,779166.6666666666
1227,939666.6666666666
1228,2112333.3333333335
1229,530000.0
1230,1745000.0
1231,1022000.0
1232,1451000.0
1233,1220000.0
1234,1513333.3333333333
1235,588666.6666666666
1236,543333.3333333334
1237,1201833.3333333333
1238,444333.3333333333
1239,1353333.3333333333
1240,1018333.3333333334
1241,703333.3333333334
1242,1333333.3333333333
1243,687666.6666666666
1244,591666.6666666666
1245,741666.6666666666
1246,2289333.3333333335
1247,1334500.0
1248,998666.6666666666
1249,2978666.6666666665
1250,792250.0
1251,1566666.6666666667
1252,641666.6666666666
1253,438166.6666666667
1254,736666.6666666666
1255,1295266.6666666667
1256,293666.6666666667
1257,2616000.0
1258,818333.3333333334
1259,466833.3333333333
1260,745000.0
1261,1018666.6666666666
1262,1633833.3333333333
1263,1478333.3333333333
1264,513333.3333333333
1265,2945000.0
1266,1384166.6666666667
1267,871666.6666666666
1268,446333.3333333333
1269,711666.6666666666
1270,806333.3333333334
1271,556333.3333333334
1272,1261666.6666666667
1273,1766666.6666666667
1274,523333.3333333333
1275,547333.3333333334
1276,3462000.0
1277,720000.0
1278,1016166.6666666666
1279,1266666.6666666667
1280,847000.0
1281,2296666.6666666665
1282,1301666.6666666667
1283,2466666.6666666665
1284,724000.0
1285,2828333.3333333335
1286,1698166.6666666667
1287,750000.0
1288,1170000.0
1289,1370666.6666666667
1290,1336166.6666666667
1291,2127666.6666666665
1292,716000.0
1293,1201666.6666666667
1294,860333.3333333334
1295,1080500.0
1296,315666.6666666667
1297,1199333.3333333333
1298,641666.6666666666
1299,1277500.0
1300,467000.0
1301,2285000.0
1302,1746500.0
1303,841333.3333333334
1304,2416666.6666666665
1305,1002333.3333333334
1306,1638333.3333333333
1307,542166.6666666666
1308,970000.0
1309,635000.0
1310,1134166.6666666667
1311,1106000.0
1312,2133666.6666666665
1313,1889000.0
1314,927833.3333333334
1315,637833.3333333334
1316,673333.3333333334
1317,563666.6666666666
1318,579166.6666666666
1319,808333.3333333334
1320,986666.6666666666
1321,1057666.6666666667
1322,383781.3333333333
1323,913666.6666666666
1324,1135333.3333333333
1325,814333.3333333334
1326,705166.6666666666
1327,1384166.6666666667
1328,1200666.6666666667
1329,2070666.6666666667
1330,1758333.3333333333
1331,918333.3333333334
1332,1681666.6666666667
1333,1045000.0
1334,807333.3333333334
1335,1217333.3333333333
1336,680333.3333333334
1337,1348666.6666666667
1338,1633333.3333333333
1339,1356666.6666666667
1340,668333.3333333334
1341,718333.3333333334
1342,580166.6666666666
1343,1043666.6666666666
1344,865666.6666666666
1345,536666.6666666666
1346,1081833.3333333333
1347,2683333.3333333335
1348,786333.3333333334
1349,1505333.3333333333
1350,805000.0
1351,1851666.6666666667
1352,436333.3333333333
1353,527333.3333333334
1354,691000.0
1355,787833.3333333334
1356,1238500.0
1357,825000.0
1358,1071666.6666666667
1359,660333.3333333334
1360,1306666.6666666667
1361,813333.3333333334
1362,633333.3333333334
1363,919833.3333333334
1364,963666.6666666666
1365,697000.0
1366,1116666.6666666667
1367,635000.0
1368,964500.0
1369,1758333.3333333333
1370,1083833.3333333333
1371,1019333.3333333334
1372,2325000.0
1373,1171666.6666666667
1374,430500.0
1375,837500.0
1376,478500.0
1377,758166.6666666666
1378,1150000.0
1379,1035000.0
1380,528166.6666666666
1381,1206666.6666666667
1382,952000.0
1383,593666.6666666666
1384,702833.3333333334
1385,750333.3333333334
1386,1586166.6666666667
1387,1563333.3333333333
1388,889000.0
1389,821833.3333333334
1390,368500.0
1391,620333.3333333334
1392,609333.3333333334
1393,1948333.3333333333
1394,1803333.3333333333
1395,506416.6666666667
1396,1563333.3333333333
1397,880666.6666666666
1398,1268500.0
1399,457000.0
1400,862666.6666666666
1401,536666.6666666666
1402,1107000.0
1403,1023333.3333333334
1404,780666.6666666666
1405,870000.0
1406,781666.6666666666
1407,1127000.0
1408,668333.3333333334
1409,955000.0
1410,1119666.6666666667
1411,980000.0
1412,1006333.3333333334
1413,1661166.6666666667
1414,1473333.3333333333
1415,2883333.3333333335
1416,690133.3333333334
1417,589500.0
1418,1506666.6666666667
1419,925666.6666666666
1420,684000.0
1421,537666.6666666666
1422,2740666.6666666665
1423,1637666.6666666667
1424,544666.6666666666
1425,700066.6666666666
1426,1491333.3333333333
1427,2828333.3333333335
1428,577666.6666666666
1429,1295666.6666666667
1430,1273333.3333333333
1431,578666.6666666666
1432,1120000.0
1433,1665333.3333333333
1434,749166.6666666666
1435,733000.0
1436,813333.3333333334
1437,1859000.0
1438,970000.0
1439,2371666.6666666665
1440,557000.0
1441,1825666.6666666667
1442,1243333.3333333333
1443,502000.0
1444,630000.0
1445,541666.6666666666
1446,2603666.6666666665
1447,804333.3333333334
1448,1767666.6666666667
1449,1513333.3333333333
1450,1291166.6666666667
1451,989333.3333333334
1452,560833.3333333334
1453,483666.6666666667
1454,995000.0
1455,1565333.3333333333
1456,1255000.0
1457,1153333.3333333333
1458,936666.6666666666
1459,929166.6666666666
1460,626500.0
1461,1075336.6666666667
1462,691333.3333333334
1463,940666.6666666666
1464,1692000.0
1465,970333.3333333334
1466,950000.0
1467,875833.3333333334
1468,940000.0
1469,1820000.0
1470,1215000.0
1471,560000.0
1472,965000.0
1473,1570000.0
1474,976333.3333333334
1475,2049000.0
1476,913666.6666666666
1477,1168333.3333333333
1478,656666.6666666666
1479,697000.0
1480,855666.6666666666
1481,1976666.6666666667
1482,1333666.6666666667
1483,700000.0
1484,790000.0
1485,935000.0
1486,686333.3333333334
1487,1308333.3333333333
1488,802833.3333333334
1489,575000.0
1490,692333.3333333334
1491,1261666.6666666667
1492,573333.3333333334
1493,679666.6666666666
1494,985866.6666666666
1495,757666.6666666666
1496,1153666.6666666667
1497,1226666.6666666667
1498,503333.3333333333
1499,2550000.0
1500,2151666.6666666665
1501,705166.6666666666
1502,1342000.0
1503,1721666.6666666667
1504,3143333.3333333335
1505,819000.0
1506,710000.0
1507,746666.6666666666
1508,1161666.6666666667
1509,780166.6666666666
1510,768333.3333333334
1511,1475000.0
1512,702500.0
1513,2490000.0
1514,684500.0
1515,380000.0
1516,997000.0
1517,2231666.6666666665
1518,804333.3333333334
1519,1493666.6666666667
1520,1102333.3333333333
1521,1166000.0
1522,939166.6666666666
1523,608666.6666666666
1524,908000.0
1525,1420000.0
1526,480666.6666666667
1527,550500.0
1528,920000.0
1529,1906666.6666666667
1530,807000.0
1531,385333.3333333333
1532,1160666.6666666667
1533,626333.3333333334
1534,920666.6666666666
1535,1811666.6666666667
1536,1288333.3333333333
1537,1495666.6666666667
1538,1693000.0
1539,884333.3333333334
1540,1665666.6666666667
1541,593566.6666666666
1542,1690000.0
1543,782333.3333333334
1544,532333.3333333334
1545,353000.0
1546,1721000.0
1547,1268333.3333333333
1548,804666.6666666666
1549,798333.3333333334
1550,444333.3333333333
1551,696666.6666666666
1552,1458666.6666666667
1553,1057000.0
1554,985866.6666666666
1555,1598833.3333333333
1556,515333.3333333333
1557,622000.0
1558,1005000.0
1559,831000.0
1560,1436000.0
1561,605000.0
1562,1201333.3333333333
1563,943666.6666666666
1564,961666.6666666666
1565,1011666.6666666666
1566,753666.6666666666
1567,1410000.0
1568,1088333.3333333333
1569,446500.0
1570,3023333.3333333335
1571,1268333.3333333333
1572,1564000.0
1573,986666.6666666666
1574,1255000.0
1575,1525666.6666666667
1576,1493500.0
1577,1116666.6666666667
1578,599333.3333333334
1579,580000.0
1580,1630000.0
1581,780000.0
1582,1082666.6666666667
1583,701000.0
1584,1598833.3333333333
1585,685000.0
1586,1377000.0
1587,1600000.0
1588,1086666.6666666667
1589,460666.6666666667
1590,896666.6666666666
1591,1830666.6666666667
1592,1395000.0
1593,936166.6666666666
1594,3006666.6666666665
1595,314666.6666666667
1596,387666.6666666667
1597,915000.0
1598,999000.0
1599,1563333.3333333333
1600,1228333.3333333333
1601,1800000.0
1602,1958333.3333333333
1603,346666.6666666667
1604,925333.3333333334
1605,2690000.0
1606,476666.6666666667
1607,532833.3333333334
1608,491666.6666666667
1609,1110666.6666666667
1610,580333.3333333334
1611,407833.3333333333
1612,1906666.6666666667
1613,1166000.0
1614,994333.3333333334
1615,1604500.0
1616,604333.3333333334
1617,1141666.6666666667
1618,925333.3333333334
1619,1496666.6666666667
1620,1698166.6666666667
1621,1379000.0
1622,2075333.3333333333
1623,1308666.6666666667
1624,1098333.3333333333
1625,430500.0
1626,450333.3333333333
1627,497000.0
1628,660666.6666666666
1629,967000.0
1630,1174333.3333333333
1631,496000.0
1632,670333.3333333334
1633,489333.3333333333
1634,1133333.3333333333
1635,1335000.0
1636,753333.3333333334
1637,1183333.3333333333
1638,610000.0
1639,788833.3333333334
1640,1698166.6666666667
1641,1580666.6666666667
1642,999000.0
1643,1859666.6666666667
1644,615666.6666666666
1645,698000.0
1646,783666.6666666666
1647,1586166.6666666667
1648,1590333.3333333333
1649,970500.0
1650,1185000.0
1651,864333.3333333334
1652,653666.3333333334
1653,832000.0
1654,903666.6666666666
1655,844666.6666666666
1656,1003333.3333333334
1657,1745000.0
1658,2015666.6666666667
1659,820000.0
1660,1973333.3333333333
1661,3535000.0
1662,1201666.6666666667
1663,1168500.0
1664,925000.0
1665,1090666.6666666667
1666,847000.0
1667,1160666.6666666667
1668,804500.0
1669,1817500.0
1670,1033333.3333333334
1671,1205000.0
1672,515333.3333333333
1673,1604333.3333333333
1674,2107333.3333333335
1675,774000.0
1676,865000.0
1677,3520000.0
1678,421666.6666666667
1679,625333.3333333334
1680,3286666.6666666665
1681,608000.0
1682,650666.6666666666
1683,1040000.0
1684,1641666.6666666667
1685,416666.6666666667
1686,1414000.0
1687,1980333.3333333333
1688,1415000.0
1689,707000.0
1690,1481666.6666666667
1691,1163333.3333333333
1692,1900000.0
1693,540833.3333333334
1694,1735000.0
1695,667833.3333333334
1696,1252500.0
1697,574000.0
1698,1208666.6666666667
1699,1333333.3333333333
1700,547333.3333333334
1701,1721000.0
1702,687333.3333333334
1703,705166.6666666666
1704,3366666.6666666665
1705,2140000.0
1706,818333.3333333334
1707,861666.6666666666
1708,785000.0
1709,783666.6666666666
1710,1090000.0
1711,758166.6666666666
1712,594666.6666666666
1713,836666.6666666666
1714,712333.3333333334
1715,288666.6666666667
1716,846666.6666666666
1717,1201666.6666666667
1718,787833.3333333334
1719,402000.0
1720,1308333.3333333333
1721,2101666.6666666665
1722,1401333.3333333333
1723,862500.0
1724,755000.0
1725,1990000.0
1726,1307333.3333333333
1727,676666.6666666666
1728,920000.0
1729,635018.3333333334
1730,792333.3333333334
1731,1012666.6666666666
1732,968333.3333333334
1733,940666.6666666666
1734,1050000.0
1735,956333.3333333334
1736,1816666.6666666667
1737,1168500.0
1738,489000.0
1739,1048833.3333333333
1740,402333.3333333333
1741,679666.6666666666
1742,249500.0
1743,555333.3333333334
1744,642666.6666666666
1745,869000.0
1746,685833.3333333334
1747,904333.3333333334
1748,1070000.0
1749,537700.0
1750,3093333.3333333335
1751,1163333.3333333333
1752,598333.3333333334
1753,2701000.0
1754,1236666.6666666667
1755,1134166.6666666667
1756,478500.0
1757,1518333.3333333333
1758,1493333.3333333333
1759,618333.3333333334
1760,955000.0
1761,1395000.0
1762,1571666.6666666667
1763,298166.6666666667
1764,684166.6666666666
1765,623666.6666666666
1766,1277666.6666666667
1767,3356000.0
1768,884333.3333333334
1769,770000.0
1770,713333.3333333334
1771,1492666.6666666667
1772,392333.3333333333
1773,2365000.0
1774,910000.0
1775,1199333.3333333333
1776,608333.3333333334
1777,1090000.0
1778,1301666.6666666667
1779,1166000.0
1780,1371666.6666666667
1781,1370666.6666666667
1782,527000.0
1783,2263333.3333333335
1784,606333.3333333334
1785,758333.3333333334
1786,871333.3333333334
1787,708333.3333333334
1788,673500.0
1789,1074000.0
1790,1036666.6666666666
1791,423333.3333333333
1792,555166.6666666666
1793,732666.6666666666
1794,2395000.0
1795,1049333.3333333333
1796,1073333.3333333333
1797,685000.0
1798,1216666.6666666667
1799,1598833.3333333333
1800,795666.6666666666
1801,967500.0
1802,598666.6666666666
1803,1941666.6666666667
1804,653666.6666666666
1805,725000.0
1806,799666.6666666666
1807,1726666.6666666667
1808,907000.0
1809,1953333.3333333333
1810,1728666.6666666667
1811,1458666.6666666667
1812,806666.6666666666
1813,650666.6666666666
1814,1078333.3333333333
1815,992666.6666666666
1816,983333.3333333334
1817,1910600.0
1818,665333.3333333334
1819,1298333.3333333333
1820,1047000.0
1821,1050000.0
1822,1132000.0
1823,817333.3333333334
1824,799333.3333333334
1825,585666.6666666666
1826,1241666.6666666667
1827,800333.3333333334
1828,1436666.6666666667
1829,401666.6666666667
1830,1268333.3333333333
1831,1078333.3333333333
1832,1771666.6666666667
1833,655000.0
1834,796333.3333333334
1835,815000.0
1836,1334000.0
1837,1048000.0
1838,602000.0
1839,668333.3333333334
1840,419166.6666666667
1841,688833.3333333334
1842,1638333.3333333333
1843,1592000.0
1844,1055333.3333333333
1845,1220000.0
1846,786333.3333333334
1847,832500.0
1848,577500.0
1849,1220000.0
1850,383333.3333333333
1851,565666.6666666666
1852,2506666.6666666665
1853,1730000.0
1854,691000.0
1855,1284000.0
1856,1158333.3333333333
1857,1168333.3333333333
1858,765166.6666666666
1859,1241666.6666666667
1860,871666.6666666666
1861,546500.0
1862,360000.0
1863,692000.0
1864,698000.0
1865,770333.3333333334
1866,475000.0
1867,1906666.6666666667
1868,891666.6666666666
1869,929000.0
1870,500333.3333333333
1871,642000.0
1872,956666.6666666666
1873,1229000.0
1874,570333.3333333334
1875,966333.3333333334
1876,578000.0
1877,406000.0
1878,496000.0
1879,811666.6666666666
1880,857000.0
1881,620833.3333333334
1882,1411666.6666666667
1883,1381666.6666666667
1884,1349000.0
1885,1891666.6666666667
1886,767000.0
1887,932000.0
1888,660333.3333333334
1889,1065000.0
1890,460666.6666666667
1891,351666.6666666667
1892,793333.3333333334
1893,479166.6666666667
1894,613666.6666666666
1895,922666.6666666666
1896,596333.3333333334
1897,825666.6666666666
1898,1201666.6666666667
1899,1367333.3333333333
1900,1330333.3333333333
1901,1693666.6666666667
1902,794500.0
1903,618333.3333333334
1904,893333.3333333334
1905,522000.0
1906,686333.3333333334
1907,971166.6666666666
1908,807166.6666666666
1909,972000.0
1910,541666.6666666666
1911,1692000.0
1912,2360000.0
1913,1176666.6666666667
1914,496166.6666666667
1915,409000.0
1916,1707000.0
1917,1113333.3333333333
1918,999333.3333333334
1919,577666.6666666666
1920,1971666.6666666667
1921,694000.0
1922,476833.3333333333
1923,1190333.3333333333
1924,803666.6666666666
1925,1538333.3333333333
1926,1201833.3333333333
1927,713333.3333333334
1928,496666.6666666667
1929,524351.6666666666
1930,1018333.3333333334
1931,1729333.3333333333
1932,894166.6666666666
1933,1382666.6666666667
1934,2402666.6666666665
1935,999000.0
1936,492000.0
1937,1033333.3333333334
1938,863666.6666666666
1939,498666.6666666667
1940,483000.0
1941,1410000.0
1942,958333.3333333334
1943,543333.3333333334
1944,946666.6666666666
1945,606833.3333333334
1946,885000.0
1947,1106666.6666666667
1948,1337000.0
1949,1548666.6666666667
1950,1384333.3333333333
1951,2166666.6666666665
1952,1328333.3333333333
1953,2071666.6666666667
1954,707000.0
1955,1950666.6666666667
1956,697666.6666666666
1957,1583333.3333333333
1958,718333.3333333334
1959,413166.6666666667
1960,920666.6666666666
1961,798333.3333333334
1962,838666.6666666666
1963,826000.0
1964,566583.3333333334
1965,360000.0
1966,813666.6666666666
1967,1262666.6666666667
1968,2858333.3333333335
1969,1677833.3333333333
1970,816333.3333333334
1971,1265000.0
1972,1436000.0
1973,1633333.3333333333
1974,640000.0
1975,696333.3333333334
1976,857000.0
1977,1679666.6666666667
1978,484333.3333333333
1979,1125000.0
1980,685666.6666666666
1981,1123666.6666666667
1982,973333.3333333334
1983,800333.3333333334
1984,524166.6666666667
1985,548333.3333333334
1986,1877333.3333333333
1987,1233333.3333333333
1988,754833.3333333334
1989,800666.6666666666
1990,1402666.6666666667
1991,626666.6666666666
1992,1173500.0
1993,1381333.3333333333
1994,1775000.0
1995,1798333.3333333333
1996,565000.0
1997,1370666.6666666667
1998,1405666.6666666667
1999,750000.0
2000,591666.6666666666
2001,1500000.0
2002,1631666.6666666667
2003,511666.6666666667
2004,332666.6666666667
2005,990000.0
2006,2416666.6666666665
2007,924333.3333333334
2008,1886666.6666666667
2009,611000.0
2010,503333.3333333333
2011,820833.3333333334
2012,1852000.0
2013,845000.0
2014,801500.0
2015,2743666.6666666665
2016,554000.0
2017,605333.3333333334
2018,1526666.6666666667
2019,825666.6666666666
2020,2916666.6666666665
2021,568666.6666666666
2022,677333.3333333334
2023,702500.0
2024,914000.0
2025,760000.0
2026,2671962.6666666665
2027,790333.3333333334
2028,443666.6666666667
2029,443666.6666666667
2030,631333.3333333334
2031,2201666.6666666665
2032,700833.3333333334
2033,865000.0
2034,498333.3333333333
2035,476833.3333333333
2036,973333.3333333334
2037,828666.6666666666
2038,999333.3333333334
2039,951000.0
2040,653500.0
2041,680000.0
2042,1120000.0
2043,571000.0
2044,1300333.3333333333
2045,403333.3333333333
2046,1091166.6666666667
2047,800000.0
2048,1404000.0
2049,465166.6666666667
2050,827500.0
2051,1577000.0
2052,916666.6666666666
2053,2004000.0
2054,2690000.0
2055,1338333.3333333333
2056,1890000.0
2057,685666.6666666666
2058,1338666.6666666667
2059,549433.3333333334
2060,1094000.0
2061,711500.0
2062,461666.6666666667
2063,493333.3333333333
2064,1746500.0
2065,614500.0
2066,1154000.0
2067,1072500.0
2068,1400333.3333333333
2069,2416666.6666666665
2070,2100000.0
2071,918833.3333333334
2072,884666.6666666666
2073,1482000.0
2074,630000.0
2075,785000.0
2076,549700.0
2077,1381666.6666666667
2078,1149166.6666666667
2079,525266.6666666666
2080,832666.6666666666
2081,823833.3333333334
2082,2065000.0
2083,959333.3333333334
2084,1693333.3333333333
2085,660666.6666666666
2086,779833.3333333334
2087,911666.6666666666
2088,984000.0
2089,1456000.0
2090,365666.6666666667
2091,1775000.0
2092,988333.3333333334
2093,1148333.3333333333
2094,760666.6666666666
2095,865333.3333333334
2096,1454333.3333333333
2097,1081000.0
2098,855333.3333333334
2099,683333.3333333334
2100,976666.6666666666
2101,1173500.0
2102,546666.6666666666
2103,936666.6666666666
2104,721833.3333333334
2105,1076666.6666666667
2106,707166.6666666666
2107,1590333.3333333333
2108,2063333.3333333333
2109,1168333.3333333333
2110,985866.6666666666
2111,1456666.6666666667
2112,1086000.0
2113,467833.3333333333
2114,573351.6666666666
2115,536666.6666666666
2116,1348333.3333333333
2117,1130000.0
2118,1011666.6666666666
2119,793500.0
2120,524351.6666666666
2121,595000.0
2122,1255833.3333333333
2123,1775000.0
2124,1435000.0
2125,1301500.0
2126,1095500.0
2127,771000.0
2128,774666.6666666666
2129,743666.6666666666
2130,415000.0
2131,1323666.6666666667
2132,653500.0
2133,1280000.0
2134,786000.0
2135,716666.6666666666
2136,1120000.0
2137,751666.6666666666
2138,1088333.3333333333
2139,2228333.3333333335
2140,1225000.0
2141,881666.6666666666
2142,716333.3333333334
2143,1131600.0
2144,339500.0
2145,818166.6666666666
2146,474000.0
2147,1741666.6666666667
2148,1615333.3333333333
2149,2736666.6666666665
2150,674629.3333333334
2151,1583333.3333333333
2152,1295000.0
2153,791000.0
2154,1298333.3333333333
2155,703666.6666666666
2156,629333.3333333334
2157,713333.3333333334
2158,1330666.6666666667
2159,683000.0
2160,878333.3333333334
2161,709833.3333333334
2162,1523000.0
2163,507000.0
2164,413333.3333333333
2165,1717333.3333333333
2166,1751666.6666666667
2167,777500.0
2168,454333.3333333333
2169,530000.0
2170,1365666.6666666667
2171,902666.6666666666
2172,1846666.6666666667
2173,578333.3333333334
2174,404000.0
2175,1523333.3333333333
2176,1165000.0
2177,684500.0
2178,598666.6666666666
2179,765833.3333333334
2180,1562500.0
2181,384000.0
2182,1498333.3333333333
2183,663333.3333333334
2184,1183333.3333333333
2185,608333.3333333334
2186,813666.6666666666
2187,3083333.3333333335
2188,475333.3333333333
2189,775000.0
2190,1546666.6666666667
2191,489000.0
2192,1371666.6666666667
2193,1353333.3333333333
2194,752000.0
2195,1530000.0
2196,535000.0
2197,1296666.6666666667
2198,2035000.0
2199,1071666.6666666667
2200,1120000.0
2201,706333.3333333334
2202,831000.0
2203,585833.3333333334
2204,1586666.6666666667
2205,525266.6666666666
2206,360000.0
2207,893833.3333333334
2208,1225666.6666666667
2209,765500.0
2210,555166.6666666666
2211,731000.0
2212,492666.6666666667
2213,710000.0
2214,1593333.3333333333
2215,490333.3333333333
2216,2188333.3333333335
2217,459333.3333333333
2218,810666.6666666666
2219,1639666.6666666667
2220,784666.6666666666
2221,706666.6666666666
2222,1101666.6666666667
2223,1370000.0
2224,1021666.6666666666
2225,711666.6666666666
2226,2006666.6666666667
2227,762333.3333333334
2228,2008666.6666666667
2229,829166.6666666666
2230,980000.0
2231,2020333.3333333333
2232,1548333.3333333333
2233,904666.6666666666
2234,757666.6666666666
2235,663333.3333333334
2236,1850000.0
2237,1302000.0
2238,1157000.0
2239,2669000.0
2240,578333.3333333334
2241,647666.6666666666
2242,480666.6666666667
2243,970333.3333333334
2244,824000.0
2245,1115000.0
2246,1466666.6666666667
2247,606629.3333333334
2248,1371166.6666666667
2249,360000.0
2250,1547000.0
2251,795833.3333333334
2252,1411666.6666666667
2253,629666.6666666666
2254,1603333.3333333333
2255,1728666.6666666667
2256,741666.6666666666
2257,1426666.6666666667
2258,1371666.6666666667
2259,874166.6666666666
2260,953500.0
2261,483666.6666666667
2262,947333.3333333334
2263,688333.3333333334
2264,560666.6666666666
2265,551666.6666666666
2266,1065000.0
2267,2133666.6666666665
2268,956000.0
2269,1377000.0
2270,1268500.0
2271,483333.3333333333
2272,734000.0
2273,980666.6666666666
2274,633166.6666666666
2275,1403333.3333333333
2276,1043000.0
2277,827666.6666666666
2278,1105000.0
2279,858333.3333333334
2280,2550296.0
2281,608666.6666666666
2282,953333.3333333334
2283,835166.6666666666
2284,1119333.3333333333
2285,865333.3333333334
2286,729166.6666666666
2287,696666.6666666666
2288,534000.0
2289,772000.0
2290,1238333.3333333333
2291,1751666.6666666667
2292,1551666.6666666667
2293,808333.3333333334
2294,656666.6666666666
2295,743666.6666666666
2296,819333.3333333334
2297,1009000.0
2298,1492666.6666666667
2299,1336166.6666666667
2300,1100000.0
2301,646500.0
2302,2115000.0
2303,705000.0
2304,1533833.3333333333
2305,926666.6666666666
2306,1025000.0
2307,1206833.3333333333
2308,1125000.0
2309,722333.3333333334
2310,689166.6666666666
2311,1080000.0
2312,832666.6666666666
2313,879333.3333333334
2314,1508333.3333333333
2315,820833.3333333334
2316,1980000.0
2317,1246666.6666666667
2318,972500.0
2319,1132000.0
2320,1596666.6666666667
2321,952833.3333333334
2322,715000.0
2323,863666.6666666666
2324,1013999.6666666666
2325,2743333.3333333335
2326,1135000.0
2327,846666.6666666666
2328,612000.0
2329,898333.3333333334
2330,651666.6666666666
2331,809000.0
2332,740333.3333333334
2333,609333.3333333334
2334,1854000.0
2335,914333.3333333334
2336,808500.0
2337,821833.3333333334
2338,1003333.3333333334
2339,951000.0
2340,916666.6666666666
2341,2990000.0
2342,1180000.0
2343,2188666.6666666665
2344,1070000.0
2345,1223333.3333333333
2346,1295333.3333333333
2347,668333.3333333334
2348,567000.0
2349,2210666.6666666665
2350,362833.3333333333
2351,593666.6666666666
2352,1717000.0
2353,503333.3333333333
2354,859333.3333333334
2355,466333.3333333333
2356,1013333.3333333334
2357,662000.0
2358,713333.3333333334
2359,1521666.6666666667
2360,2116666.6666666665
2361,345000.0
2362,793666.6666666666
2363,2258500.0
2364,532333.3333333334
2365,1635000.0
2366,852000.0
2367,572000.0
2368,2773333.3333333335
2369,2074666.6666666667
2370,828666.6666666666
2371,996666.6666666666
2372,806333.3333333334
2373,2035000.0
2374,591666.6666666666
2375,973333.3333333334
2376,873666.6666666666
2377,674629.3333333334
2378,819000.0
2379,654616.6666666666
2380,1411666.6666666667
2381,1121333.3333333333
2382,2028666.6666666667
2383,794666.6666666666
2384,724333.3333333334
2385,1050000.0
2386,970000.0
2387,1794333.3333333333
2388,1380666.6666666667
2389,355000.0
2390,599666.6666666666
2391,538333.3333333334
2392,1393666.6666666667
2393,1260000.0
2394,1683666.6666666667
2395,1768333.3333333333
2396,572000.0
2397,1548833.3333333333
2398,988333.3333333334
2399,1150833.3333333333
2400,1262333.3333333333
2401,1273333.3333333333
2402,865000.0
2403,1243333.3333333333
2404,422500.0
2405,540833.3333333334
2406,690000.0
2407,653333.3333333334
2408,415000.0
2409,1449666.6666666667
2410,1411666.6666666667
2411,730000.0
2412,1144333.3333333333
2413,1261666.6666666667
2414,629166.6666666666
2415,940666.6666666666
2416,590000.0
2417,1371833.3333333333
2418,1681666.6666666667
2419,1850000.0
2420,563666.6666666666
2421,645833.3333333334
2422,1548333.3333333333
2423,430500.0
2424,794000.0
2425,1790666.6666666667
2426,1825333.3333333333
2427,507666.6666666667
2428,455666.6666666667
2429,3160000.0
2430,1536166.6666666667
2431,413333.3333333333
2432,855000.0
2433,998333.3333333334
2434,468333.3333333333
2435,2587333.3333333335
2436,896666.6666666666
2437,608833.3333333334
2438,1839333.3333333333
2439,1397000.0
2440,763333.3333333334
2441,748500.0
2442,653333.3333333334
2443,1666666.6666666667
2444,1270066.6666666667
2445,598333.3333333334
2446,1125666.6666666667
2447,334000.0
2448,905333.3333333334
2449,424233.3333333333
2450,899166.6666666666
2451,1241666.6666666667
2452,537000.0
2453,1728666.6666666667
2454,418333.3333333333
2455,412000.0
2456,1214566.6666666667
2457,555166.6666666666
2458,881333.3333333334
2459,1320666.6666666667
2460,793000.0
2461,610333.3333333334
2462,590666.6666666666
2463,621000.0
2464,1440000.0
2465,1154500.0
2466,1318333.3333333333
2467,515333.3333333333
2468,1526666.6666666667
2469,927000.0
2470,788333.3333333334
2471,1980000.0
2472,2506666.6666666665
2473,480000.0
2474,550000.0
2475,815000.0
2476,1828666.6666666667
2477,1188333.3333333333
2478,928333.3333333334
2479,722333.3333333334
2480,1861666.6666666667
2481,1961666.6666666667
2482,1068000.0
2483,903000.0
2484,853333.3333333334
2485,1495666.6666666667
2486,397166.6666666667
2487,1353333.3333333333
2488,1117666.6666666667
2489,460666.6666666667
2490,1270000.0
2491,1244000.0
2492,906666.6666666666
2493,1385000.0
2494,1785000.0
2495,835333.3333333334
2496,675000.0
2497,1272000.0
2498,1055000.0
2499,1510333.3333333333
2500,390666.6666666667
2501,463666.6666666667
2502,1377000.0
2503,730000.0
2504,449666.6666666667
2505,528166.6666666666
2506,519000.0
2507,1138333.3333333333
2508,1474333.3333333333
2509,558333.3333333334
2510,429500.0
2511,372000.0
2512,915166.6666666666
2513,551666.6666666666
2514,886666.6666666666
2515,1639000.0
2516,524351.6666666666
2517,871666.6666666666
2518,725666.6666666666
2519,790000.0
2520,2186666.6666666665
2521,1043333.3333333334
2522,1338333.3333333333
2523,1294166.6666666667
2524,1547000.0
2525,575666.6666666666
2526,511666.6666666667
2527,2711666.6666666665
2528,788333.3333333334
2529,1252000.0
2530,598666.6666666666
2531,496666.6666666667
2532,828333.3333333334
2533,1526000.0
2534,1715000.0
2535,1302000.0
2536,906666.6666666666
2537,660333.3333333334
2538,1201666.6666666667
2539,557500.0
2540,487700.0
2541,820000.0
2542,1347666.6666666667
2543,991666.6666666666
2544,875666.6666666666
2545,1185000.0
2546,1288666.6666666667
2547,739666.6666666666
2548,859166.6666666666
2549,2146666.6666666665
2550,627000.0
2551,1378333.3333333333
2552,1006333.3333333334
2553,888066.6666666666
2554,990000.0
2555,925000.0
2556,1641666.6666666667
2557,531166.6666666666
2558,993666.6666666666
2559,299833.3333333333
2560,460500.0
2561,1201666.6666666667
2562,1802666.6666666667
2563,1508666.6666666667
2564,413166.6666666667
2565,839333.3333333334
2566,723000.0
2567,446500.0
2568,953333.3333333334
2569,1334000.0
2570,411833.3333333333
2571,2343333.3333333335
2572,454000.0
2573,1836666.6666666667
2574,1228333.3333333333
2575,1356666.6666666667
2576,948666.6666666666
2577,953333.3333333334
2578,621333.3333333334
2579,1250833.3333333333
2580,685666.6666666666
2581,1223333.3333333333
2582,642666.6666666666
2583,1130500.0
2584,642666.6666666666
2585,621000.0
2586,1098333.3333333333
2587,1863333.3333333333
2588,843666.6666666666
2589,1385333.3333333333
2590,1485000.0
2591,429500.0
2592,418333.3333333333
2593,875000.0
2594,2241666.6666666665
2595,533333.3333333334
2596,563666.6666666666
2597,1428333.3333333333
2598,1326666.6666666667
2599,1571666.6666666667
2600,619166.6666666666
2601,610000.0
2602,1905000.0
2603,970000.0
2604,713333.3333333334
2605,1478333.3333333333
2606,878666.6666666666
2607,677333.3333333334
2608,571833.3333333334
2609,608333.3333333334
2610,2316666.6666666665
2611,1773666.6666666667
2612,1127000.0
2613,760333.3333333334
2614,912000.0
2615,905000.0
2616,692333.3333333334
2617,1204166.6666666667
2618,401666.6666666667
2619,1111666.6666666667
2620,672250.0
2621,814333.3333333334
2622,341666.6666666667
2623,686000.0
2624,826666.6666666666
2625,1936666.6666666667
2626,1094000.0
2627,1665000.0
2628,1091666.6666666667
2629,1166666.6666666667
2630,799333.3333333334
2631,1150000.0
2632,1280666.6666666667
2633,2773333.3333333335
2634,1661166.6666666667
2635,938333.3333333334
2636,1011666.6666666666
2637,747166.6666666666
2638,1219500.0
2639,410000.0
2640,706666.6666666666
2641,339500.0
2642,1141666.6666666667
2643,2505000.0
2644,945666.6666666666
2645,1055000.0
2646,1292500.0
2647,685000.0
2648,812500.0
2649,480000.0
2650,1505000.0
2651,860666.6666666666
2652,489000.0
2653,1124000.0
2654,2088333.3333333333
2655,1235333.3333333333
2656,740666.6666666666
2657,622000.0
2658,1263333.3333333333
2659,2101333.3333333335
2660,2991666.6666666665
2661,893500.0
2662,668833.3333333334
2663,1143333.3333333333
2664,407833.3333333333
2665,1255000.0
2666,2496666.6666666665
2667,750333.3333333334
2668,2595333.3333333335
2669,420000.0
2670,937500.0
2671,986666.6666666666
2672,1350000.0
2673,681000.0
2674,1353333.3333333333
2675,1351666.6666666667
2676,463333.3333333333
2677,770000.0
2678,1447833.3333333333
2679,784166.6666666666
2680,1201666.6666666667
2681,850833.3333333334
2682,346666.6666666667
2683,2253333.3333333335
2684,1508666.6666666667
2685,1254000.0
2686,642666.6666666666
2687,544666.6666666666
2688,648333.3333333334
2689,1036666.6666666666
2690,790000.0
2691,1028666.6666666666
2692,906166.6666666666
2693,759166.6666666666
2694,1095000.0
2695,1371666.6666666667
2696,994833.3333333334
2697,2231666.6666666665
2698,1927000.0
2699,2296666.6666666665
2700,760666.6666666666
2701,1630000.0
2702,990666.6666666666
2703,342666.6666666667
2704,606666.6666666666
2705,590833.3333333334
2706,1286666.6666666667
2707,810333.3333333334
2708,1423333.3333333333
2709,759000.0
2710,1592000.0
2711,980333.3333333334
2712,5771666.666666667
2713,2388333.3333333335
2714,1856666.6666666667
2715,857000.0
2716,1462666.6666666667
2717,1634666.6666666667
2718,556166.6666666666
2719,542666.6666666666
2720,1700000.0
2721,1936666.6666666667
2722,1391666.6666666667
2723,3433333.3333333335
2724,1509666.6666666667
2725,1144000.0
2726,546000.0
2727,490333.3333333333
2728,711666.6666666666
2729,2033333.3333333333
2730,1363666.6666666667
2731,1109666.6666666667
2732,985666.6666666666
2733,1582000.0
2734,578666.6666666666
2735,1324333.3333333333
2736,1899000.0
2737,1068000.0
2738,663500.0
2739,573500.0
2740,725333.3333333334
2741,570000.0
2742,2773333.3333333335
2743,574000.0
2744,474000.0
2745,1860000.0
2746,1741666.6666666667
2747,1347666.6666666667
2748,750000.0
2749,958333.3333333334
2750,563333.3333333334
2751,603333.3333333334
2752,681666.6666666666
2753,1064166.6666666667
2754,825333.3333333334
2755,1284500.0
2756,1243666.6666666667
2757,651333.3333333334
2758,2025000.0
2759,1311666.6666666667
2760,577833.3333333334
2761,1693333.3333333333
2762,785333.3333333334
2763,2126000.0
2764,1103333.3333333333
2765,750666.6666666666
2766,1080000.0
2767,2726666.6666666665
2768,1119000.0
2769,1206000.0
2770,945000.0
2771,968666.6666666666
2772,439500.0
2773,526666.6666666666
2774,1188000.0
2775,613000.0
2776,1365333.3333333333
2777,612666.6666666666
2778,551666.6666666666
2779,1070000.0
2780,907000.0
2781,1341666.6666666667
2782,1038333.3333333334
2783,1671666.6666666667
2784,483333.3333333333
2785,765333.3333333334
2786,1389333.3333333333
2787,463333.3333333333
2788,1438333.3333333333
2789,701000.0
2790,1168666.6666666667
2791,1175000.0
2792,615166.6666666666
2793,2104000.0
2794,407833.3333333333
2795,670666.6666666666
2796,1931500.0
2797,960000.0
2798,976666.6666666666
2799,748833.3333333334
2800,1105000.0
2801,618500.0
2802,1351666.6666666667
2803,1304000.0
2804,413666.6666666667
2805,1648666.6666666667
2806,1831666.6666666667
2807,1096333.3333333333
2808,624166.6666666666
2809,298166.6666666667
2810,533166.6666666666
2811,444333.3333333333
2812,996333.3333333334
2813,1228333.3333333333
2814,410333.3333333333
2815,1496333.3333333333
2816,945666.6666666666
2817,570000.0
2818,1336666.6666666667
2819,279000.0
2820,570333.3333333334
2821,739666.6666666666
2822,1072333.3333333333
2823,786333.3333333334
2824,689666.6666666666
2825,958333.3333333334
2826,988333.3333333334
2827,863666.6666666666
2828,3023333.3333333335
2829,480000.0
2830,1066666.6666666667
2831,601666.6666666666
2832,612000.0
2833,909266.6666666666
2834,1173333.3333333333
2835,2293333.3333333335
2836,537666.6666666666
2837,2371666.6666666665
2838,759000.0
2839,517666.6666666667
2840,1250000.0
2841,1838333.3333333333
2842,2125000.0
2843,1620000.0
2844,364333.3333333333
2845,546500.0
2846,2313333.3333333335
2847,1207666.6666666667
2848,496166.6666666667
2849,1160666.6666666667
2850,2148333.3333333335
2851,863333.3333333334
2852,1072500.0
2853,483333.3333333333
2854,378333.3333333333
2855,2983333.3333333335
2856,1833666.6666666667
2857,1040000.0
2858,752000.0
2859,1523666.6666666667
2860,623166.6666666666
2861,1759000.0
2862,1548833.3333333333
2863,2790000.0
2864,618000.0
2865,459000.0
2866,362833.3333333333
2867,1302666.6666666667
2868,533333.3333333334
2869,1550000.0
2870,719333.3333333334
2871,812333.3333333334
2872,1828333.3333333333
2873,2505000.0
2874,1238333.3333333333
2875,1371666.6666666667
2876,1624333.3333333333
2877,2022000.0
2878,1194333.3333333333
2879,355000.0
2880,625000.0
2881,737000.0
2882,436333.3333333333
2883,720166.6666666666
2884,1304000.0
2885,740333.3333333334
2886,1233333.3333333333
2887,614333.3333333334
2888,702500.0
2889,474333.3333333333
2890,604333.3333333334
2891,1265333.3333333333
2892,884666.6666666666
2893,747666.6666666666
2894,1100833.3333333333
2895,3928333.3333333335
2896,1541833.3333333333
2897,478666.6666666667
2898,1038333.3333333334
2899,940000.0
2900,1308333.3333333333
2901,1641666.6666666667
2902,454166.6666666667
2903,991666.6666666666
2904,1310000.0
2905,641000.0
2906,641000.0
2907,1163333.3333333333
2908,800833.3333333334
2909,799000.0
2910,1335000.0
2911,2003333.3333333333
2912,609000.0
2913,454000.0
2914,859000.0
2915,1558333.3333333333
2916,1725000.0
2917,845000.0
2918,642666.6666666666
2919,768833.3333333334
2920,925333.3333333334
2921,670000.0
2922,823666.6666666666
2923,409166.6666666667
2924,788666.6666666666
2925,551666.6666666666
2926,1229333.3333333333
2927,1025000.0
2928,690916.6666666666
2929,776666.6666666666
2930,1344333.3333333333
2931,879333.3333333334
2932,1752500.0
2933,1063100.0
2934,648833.3333333334
2935,598333.3333333334
2936,420000.0
2937,522000.0
2938,799000.0
2939,1354000.0
2940,2496666.6666666665
2941,1375000.0
2942,943666.6666666666
2943,1073500.0
2944,949000.0
2945,1641666.6666666667
2946,1181333.3333333333
2947,547333.3333333334
2948,1161666.6666666667
2949,818333.3333333334
2950,815000.0
2951,1066666.6666666667
2952,2036666.6666666667
2953,1119666.6666666667
2954,756666.6666666666
2955,524351.6666666666
2956,1288333.3333333333
2957,441666.6666666667
2958,1168000.0
2959,817000.0
2960,1017666.6666666666
2961,773333.3333333334
2962,749000.0
2963,747666.6666666666
2964,1582000.0
2965,784333.3333333334
2966,883666.6666666666
2967,457333.3333333333
2968,1243333.3333333333
2969,1371666.6666666667
2970,958333.3333333334
2971,869000.0
2972,1071666.6666666667
2973,1861666.6666666667
2974,396333.3333333333
2975,1201833.3333333333
2976,1402666.6666666667
2977,770000.0
2978,552333.3333333334
2979,1513333.3333333333
2980,1613333.3333333333
2981,2260333.3333333335
2982,1610000.0
2983,515333.3333333333
2984,518333.3333333333
2985,799666.6666666666
2986,821666.6666666666
2987,475000.0
2988,1067166.6666666667
2989,1366666.6666666667
2990,1256666.6666666667
2991,1528333.3333333333
2992,473333.3333333333
2993,647333.3333333334
2994,1371666.6666666667
2995,1080000.0
2996,641333.3333333334
2997,1425333.3333333333
2998,1308333.3333333333
2999,425900.0
3000,2178333.3333333335
3001,1171166.6666666667
3002,1368666.6666666667
3003,685333.3333333334
3004,2466666.6666666665
3005,790000.0
3006,2842500.0
3007,823833.3333333334
3008,2181666.6666666665
3009,712000.0
3010,530000.0
3011,1023333.0
3012,585000.0
3013,1335000.0
3014,844500.0
3015,490000.0
3016,870000.0
3017,973333.3333333334
3018,313333.3333333333
3019,1745000.0
3020,765333.3333333334
3021,821000.0
3022,574166.6666666666
3023,619000.0
3024,656833.3333333334
3025,1313666.6666666667
3026,839333.3333333334
3027,1081333.3333333333
3028,3687000.0
3029,700000.0
3030,636000.0
3031,2058333.3333333333
3032,536666.6666666666
3033,1213333.3333333333
3034,1706166.6666666667
3035,379000.0
3036,555000.0
3037,926666.6666666666
3038,3138333.3333333335
3039,1235000.0
3040,712000.0
3041,1800000.0
3042,959333.3333333334
3043,593333.3333333334
3044,483666.6666666667
3045,790333.3333333334
3046,1350000.0
3047,910333.3333333334
3048,606629.3333333334
3049,1511666.6666666667
3050,430000.0
3051,1072500.0
3052,560833.3333333334
3053,1037166.6666666666
3054,716000.0
3055,402333.3333333333
3056,1497333.3333333333
3057,1523666.6666666667
3058,1699000.0
3059,800833.3333333334
3060,1125666.6666666667
3061,1105666.6666666667
3062,298166.6666666667
3063,1203333.3333333333
3064,476666.6666666667
3065,1878333.3333333333
3066,811666.6666666666
3067,650833.3333333334
3068,1138333.3333333333
3069,1948333.3333333333
3070,928333.3333333334
3071,1400833.3333333333
3072,497666.6666666667
3073,1551666.6666666667
3074,685000.0
3075,694000.0
3076,2901666.6666666665
3077,733333.3333333334
3078,746666.6666666666
3079,1096666.6666666667
3080,750333.3333333334
3081,698333.3333333334
3082,578333.3333333334
3083,410666.6666666667
3084,486666.6666666667
3085,1540000.0
3086,891666.6666666666
3087,990666.6666666666
3088,1826666.6666666667
3089,913700.0
3090,828333.3333333334
3091,861666.6666666666
3092,1126333.3333333333
3093,642666.6666666666
3094,1081666.6666666667
3095,888333.3333333334
3096,1166666.6666666667
3097,731000.0
3098,633566.6666666666
3099,718333.3333333334
3100,1758333.3333333333
3101,444333.3333333333
3102,631333.3333333334
3103,2264833.3333333335
3104,1001666.6666666666
3105,1692000.0
3106,844666.6666666666
3107,858333.3333333334
3108,1295266.6666666667
3109,343666.6666666667
3110,390000.0
3111,595166.6666666666
3112,1291166.6666666667
3113,1497333.3333333333
3114,737333.3333333334
3115,812333.3333333334
3116,376666.6666666667
3117,789333.3333333334
3118,1281666.6666666667
3119,538333.3333333334
3120,684166.6666666666
3121,2423333.3333333335
3122,523666.6666666667
3123,1585000.0
3124,483666.6666666667
3125,1461666.6666666667
3126,778666.6666666666
3127,2505000.0
3128,610000.0
3129,1655000.0
3130,1397666.6666666667
3131,1147666.6666666667
3132,970000.0
3133,1147666.6666666667
3134,968333.3333333334
3135,412416.6666666667
3136,1781666.6666666667
3137,1825666.6666666667
3138,911666.6666666666
3139,2416666.6666666665
3140,1170000.0
3141,2100000.0
3142,1222166.6666666667
3143,1910600.0
3144,681666.6666666666
3145,1064166.6666666667
3146,571000.0
3147,867166.6666666666
3148,794666.6666666666
3149,1235000.0
3150,1098333.3333333333
3151,452000.0
3152,703833.3333333334
3153,1371666.6666666667
3154,1765000.0
3155,598666.6666666666
3156,1773666.6666666667
3157,1054666.6666666667
3158,1280000.0
3159,1210000.0
3160,1540000.0
3161,2725000.0
3162,706666.6666666666
3163,327166.6666666667
3164,1356666.6666666667
3165,1177666.6666666667
3166,861666.6666666666
3167,1158333.3333333333
3168,952333.3333333334
3169,1098666.6666666667
3170,1500000.0
3171,1658333.3333333333
3172,1444000.0
3173,1062333.3333333333
3174,896666.6666666666
3175,1261666.6666666667
3176,372000.0
3177,821000.0
3178,851666.6666666666
3179,1368333.3333333333
3180,1065333.3333333333
3181,1112000.0
3182,333666.6666666667
3183,734000.0
3184,683333.3333333334
3185,855333.3333333334
3186,785333.3333333334
3187,1280833.3333333333
3188,1339666.6666666667
3189,829333.3333333334
3190,1193333.3333333333
3191,943666.6666666666
3192,724500.0
3193,1370666.6666666667
3194,836333.3333333334
3195,366000.0
3196,1611666.6666666667
3197,1523333.3333333333
3198,971833.3333333334
3199,986666.6666666666
3200,674629.3333333334
3201,660333.3333333334
3202,958333.3333333334
3203,1380000.0
3204,1775000.0
3205,716666.6666666666
3206,771666.6666666666
3207,635666.6666666666
3208,945000.0
3209,757666.6666666666
3210,602666.6666666666
3211,608333.3333333334
3212,496000.0
3213,945666.6666666666
3214,1316833.3333333333
3215,1793333.3333333333
3216,907500.0
3217,867333.3333333334
3218,1807000.0
3219,1145000.0
3220,1293333.3333333333
3221,1087333.3333333333
3222,490333.3333333333
3223,755000.0
3224,645833.3333333334
3225,2160000.0
3226,613916.6666666666
3227,1034333.3333333334
3228,576000.0
3229,883333.3333333334
3230,841833.3333333334
3231,853333.3333333334
3232,797833.3333333334
3233,2431666.6666666665
3234,1165000.0
3235,1445333.3333333333
3236,455750.0
3237,1440333.3333333333
3238,630000.0
3239,911666.6666666666
3240,497083.3333333333
3241,1094166.6666666667
3242,2618333.3333333335
3243,1623333.3333333333
3244,1793333.3333333333
3245,758333.3333333334
3246,922333.3333333334
3247,632333.3333333334
3248,360000.0
3249,1598833.3333333333
3250,788166.6666666666
3251,1076000.0
3252,1403333.3333333333
3253,707166.6666666666
3254,3138333.3333333335
3255,678000.0
3256,605000.0
3257,2046666.6666666667
3258,635666.6666666666
3259,490000.0
3260,958333.3333333334
3261,474000.0
3262,443333.3333333333
3263,875000.0
3264,2310666.6666666665
3265,1155000.0
3266,760666.6666666666
3267,1081333.3333333333
3268,473666.6666666667
3269,757666.6666666666
3270,651666.6666666666
3271,1417962.6666666667
3272,1119333.3333333333
3273,2778333.3333333335
3274,714333.3333333334
3275,1321336.6666666667
3276,1486333.3333333333
3277,568333.3333333334
3278,360833.3333333333
3279,1225000.0
3280,798333.3333333334
3281,1556666.6666666667
3282,749166.6666666666
3283,833666.6666666666
3284,623166.6666666666
3285,2276666.6666666665
3286,1311666.6666666667
3287,733333.3333333334
3288,1398500.0
3289,971166.6666666666
3290,650666.6666666666
3291,1263333.3333333333
3292,753333.3333333334
3293,952833.3333333334
3294,620000.0
3295,810666.6666666666
3296,324166.6666666667
3297,928500.0
3298,863333.3333333334
3299,1003000.0
3300,1953333.3333333333
3301,822500.0
3302,1615333.3333333333
3303,1480000.0
3304,892000.0
3305,2028333.3333333333
3306,710000.0
3307,1747666.6666666667
3308,655000.0
3309,1059000.0
3310,843333.3333333334
3311,811666.6666666666
3312,629333.3333333334
3313,988333.3333333334
3314,2501666.6666666665
3315,956000.0
3316,894500.0
3317,882000.0
3318,950833.3333333334
3319,725500.0
3320,1837666.6666666667
3321,619000.0
3322,902000.0
3323,2308333.3333333335
3324,1423333.3333333333
3325,1986333.3333333333
3326,2075333.3333333333
3327,1451666.6666666667
3328,293666.6666666667
3329,1488333.3333333333
3330,272533.3333333333
3331,1210333.3333333333
3332,401333.3333333333
3333,675333.3333333334
3334,1436666.6666666667
3335,532666.6666666666
3336,555666.6666666666
3337,1158333.3333333333
3338,1126666.6666666667
3339,1620000.0
3340,1006333.3333333334
3341,508666.6666666667
3342,1158900.0
3343,1086666.6666666667
3344,788666.6666666666
3345,1305333.3333333333
3346,872666.6666666666
3347,521666.6666666667
3348,2643666.6666666665
3349,1210333.3333333333
3350,486500.0
3351,805500.0
3352,533500.0
3353,1099333.3333333333
3354,1826666.6666666667
3355,1165000.0
3356,2116666.6666666665
3357,581666.6666666666
3358,2292000.0
3359,698666.6666666666
3360,1498333.3333333333
3361,1245000.0
3362,3411666.6666666665
3363,617666.6666666666
3364,1471666.6666666667
3365,698333.3333333334
3366,820333.3333333334
3367,680000.0
3368,1454000.0
3369,566666.6666666666
3370,535833.6666666666
3371,1585000.0
3372,777333.3333333334
3373,1725000.0
3374,873666.6666666666
3375,1445000.0
3376,1551666.6666666667
3377,1765666.6666666667
3378,2156666.6666666665
3379,467000.0
3380,1295000.0
3381,423333.3333333333
3382,790833.3333333334
3383,892000.0
3384,489666.6666666667
3385,838500.0
3386,2978666.6666666665
3387,725000.0
3388,1049333.3333333333
3389,1050000.0
3390,767666.6666666666
3391,786333.3333333334
3392,1140333.3333333333
3393,477166.6666666667
3394,533833.3333333334
3395,571000.0
3396,394000.0
3397,662666.6666666666
3398,993833.3333333334
3399,443333.3333333333
3400,1312333.3333333333
3401,1360666.6666666667
3402,1205333.3333333333
3403,578333.3333333334
3404,560833.3333333334
3405,1207000.0
3406,871666.6666666666
3407,551666.6666666666
3408,1348666.6666666667
3409,1344000.0
3410,1105000.0
3411,1571666.6666666667
3412,1546666.6666666667
3413,1165000.0
3414,1547666.6666666667
3415,501666.6666666667
3416,1047000.0
3417,1358333.3333333333
3418,525266.6666666666
3419,1620000.0
3420,1373666.6666666667
3421,1185000.0
3422,916666.6666666666
3423,852666.6666666666
3424,1132000.0
3425,1285666.6666666667
3426,531500.0
3427,2130000.0
3428,1348833.3333333333
3429,1390000.0
3430,546000.0
3431,542000.0
3432,549333.3333333334
3433,726666.6666666666
3434,752666.6666666666
3435,678666.6666666666
3436,737333.3333333334
3437,826000.0
3438,1128233.3333333333
3439,781666.6666666666
3440,520000.0
3441,1861666.6666666667
3442,643666.6666666666
3443,376666.6666666667
3444,427500.0
3445,753333.3333333334
3446,2120333.3333333335
3447,842666.6666666666
3448,447000.0
3449,1625333.3333333333
3450,726800.0
3451,320333.3333333333
3452,533666.6666666666
3453,1601666.6666666667
3454,820666.6666666666
3455,1219500.0
3456,544166.6666666666
3457,1076666.6666666667
3458,573333.3333333334
3459,1966666.6666666667
3460,2100000.0
3461,1127000.0
3462,838500.0
3463,627666.6666666666
3464,602666.6666666666
3465,1378333.3333333333
3466,724000.0
3467,864666.6666666666
3468,1301500.0
3469,1198666.6666666667
3470,862666.6666666666
3471,785666.6666666666
3472,1262333.3333333333
3473,666666.6666666666
3474,480000.0
3475,438333.3333333333
3476,1228333.3333333333
3477,1377000.0
3478,374000.0
3479,1479333.3333333333
3480,524166.6666666667
3481,523666.6666666667
3482,806666.6666666666
3483,1031666.6666666666
3484,1208333.3333333333
3485,682000.0
3486,1383333.3333333333
3487,2313462.6666666665
3488,990666.6666666666
3489,787000.0
3490,1272333.3333333333
3491,920000.0
3492,1035000.0
3493,578333.3333333334
3494,1212500.0
3495,1310000.0
3496,618333.3333333334
3497,1531666.6666666667
3498,1823666.6666666667
3499,489000.0
3500,1491333.3333333333
3501,608666.6666666666
3502,1193333.3333333333
3503,1384166.6666666667
3504,2553333.3333333335
3505,1133333.3333333333
3506,1283333.3333333333
3507,871666.6666666666
3508,841333.3333333334
3509,786666.6666666666
3510,1905000.0
3511,1202000.0
3512,806000.0
3513,1367333.3333333333
3514,1829666.6666666667
3515,1317333.3333333333
3516,515333.3333333333
3517,957000.0
3518,1615333.3333333333
3519,608666.6666666666
3520,2991666.6666666665
3521,651333.3333333334
3522,1693666.6666666667
3523,781000.0
3524,970000.0
3525,444333.3333333333
3526,782333.3333333334
3527,948333.3333333334
3528,1760466.6666666667
3529,1730933.3333333333
3530,1008333.3333333334
3531,1080833.3333333333
3532,829000.0
3533,1098333.3333333333
3534,458333.3333333333
3535,1728666.6666666667
3536,723000.0
3537,1273333.3333333333
3538,2391666.6666666665
3539,1272333.3333333333
3540,630000.0
3541,1243666.6666666667
3542,1356666.6666666667
3543,1417962.6666666667
3544,845333.3333333334
3545,1535000.0
3546,1154333.3333333333
3547,798333.3333333334
3548,465166.6666666667
3549,960666.6666666666
3550,869000.0
3551,2096333.3333333333
3552,754000.0
3553,2160333.3333333335
3554,595333.3333333334
3555,1365000.0
3556,1953333.3333333333
3557,2206666.6666666665
3558,324833.3333333333
3559,1155666.6666666667
3560,601666.6666666666
3561,423333.3333333333
3562,3533333.3333333335
3563,724500.0
3564,1152000.0
3565,850666.6666666666
3566,1260000.0
3567,981666.6666666666
3568,2105000.0
3569,1055333.3333333333
3570,1033333.3333333334
3571,917000.0
3572,3462000.0
3573,1180000.0
3574,1501666.6666666667
3575,522333.3333333333
3576,2805000.0
3577,523666.6666666667
3578,1029333.3333333334
3579,1405000.0
3580,2052000.0
3581,570000.0
3582,441666.6666666667
3583,514500.0
3584,884333.3333333334
3585,687666.6666666666
3586,1200333.3333333333
3587,964166.6666666666
3588,551666.6666666666
3589,527000.0
3590,669333.3333333334
3591,921666.6666666666
3592,535000.0
3593,1356666.6666666667
3594,3010000.0
3595,1698166.6666666667
3596,687000.0
3597,1793333.3333333333
3598,516000.0
3599,750333.3333333334
3600,1393333.3333333333
3601,1284000.0
3602,314666.6666666667
3603,420000.0
3604,870000.0
3605,599000.0
3606,401333.3333333333
3607,1610000.0
3608,1073000.0
3609,1345666.6666666667
3610,1261666.6666666667
3611,439166.6666666667
3612,1611666.6666666667
3613,635018.3333333334
3614,1155166.6666666667
3615,599000.0
3616,516333.3333333333
3617,741666.6666666666
3618,651833.3333333334
3619,1048333.3333333334
3620,668333.3333333334
3621,708333.3333333334
3622,1113333.3333333333
3623,1946000.0
3624,577000.0
3625,1283333.3333333333
3626,468333.3333333333
3627,755000.0
3628,1182500.0
3629,821666.6666666666
3630,1032000.0
3631,2658333.3333333335
3632,730000.0
3633,343333.3333333333
3634,2266666.6666666665
3635,944500.0
3636,1610000.0
3637,2105000.0
3638,1010000.0
3639,722333.3333333334
3640,1787000.0
3641,833333.3333333334
3642,1284000.0
3643,470000.0
3644,536666.6666666666
3645,1602666.6666666667
3646,1414000.0
3647,1226666.6666666667
3648,544666.6666666666
3649,1191666.6666666667
3650,734000.0
3651,716333.3333333334
3652,712000.0
3653,670000.0
3654,718333.3333333334
3655,733666.6666666666
3656,1094000.0
3657,792333.3333333334
3658,1177000.0
3659,1150000.0
3660,532666.6666666666
3661,1112333.3333333333
3662,947666.6666666666
3663,671000.0
3664,850666.6666666666
3665,366000.0
3666,993333.3333333334
3667,493333.3333333333
3668,935000.0
3669,741666.6666666666
3670,1141000.0
3671,1451000.0
3672,523833.3333333333
3673,1125000.0
3674,1105000.0
3675,1073333.3333333333
3676,1856666.6666666667
3677,2292000.0
3678,995000.0
3679,1300000.0
3680,452500.0
3681,491666.6666666667
3682,441000.0
3683,1523666.6666666667
3684,655000.0
3685,606333.3333333334
3686,2245000.0
3687,626000.0
3688,983333.3333333334
3689,1683333.3333333333
3690,572000.0
3691,2865000.0
3692,1062000.0
3693,1495000.0
3694,2241333.3333333335
3695,639333.3333333334
3696,2471666.6666666665
3697,502000.0
3698,519333.3333333333
3699,1344666.6666666667
3700,500333.3333333333
3701,1573333.3333333333
3702,1490000.0
3703,1484000.0
3704,1715000.0
3705,493333.3333333333
3706,420000.0
3707,660000.0
3708,1341666.6666666667
3709,2245000.0
3710,1137000.0
3711,1408666.6666666667
3712,1034333.3333333334
3713,712000.0
3714,895000.0
3715,944166.6666666666
3716,1255000.0
3717,878333.3333333334
3718,473333.3333333333
3719,894166.6666666666
3720,1500000.0
3721,849333.3333333334
3722,1313333.3333333333
3723,638333.3333333334
3724,2403333.3333333335
3725,1389333.3333333333
3726,1151666.6666666667
3727,524166.6666666667
3728,489000.0
3729,1175000.0
3730,1530666.6666666667
3731,707833.3333333334
3732,1953333.3333333333
3733,1098333.3333333333
3734,650000.0
3735,1583333.3333333333
3736,1397000.0
3737,2295000.0
3738,1818333.3333333333
3739,861666.6666666666
3740,1531666.6666666667
3741,606333.3333333334
3742,1425333.3333333333
3743,2490000.0
3744,716000.0
3745,2151666.6666666665
3746,460833.3333333333
3747,1195666.6666666667
3748,1273333.3333333333
3749,563333.3333333334
3750,268333.3333333333
3751,835000.0
3752,793166.6666666666
3753,1243000.0
3754,871666.6666666666
3755,1083666.6666666667
3756,889400.0
3757,980666.6666666666
3758,1035000.0
3759,1145666.6666666667
3760,905666.6666666666
3761,611333.3333333334
3762,893333.3333333334
3763,843333.3333333334
3764,680333.3333333334
3765,1171666.6666666667
3766,771666.6666666666
3767,1673333.3333333333
3768,1130000.0
3769,534000.0
3770,1146666.6666666667
3771,945666.6666666666
3772,530000.0
3773,415000.0
3774,779666.6666666666
3775,830000.0
3776,1085333.3333333333
3777,1846666.6666666667
3778,549666.6666666666
3779,1722133.3333333333
3780,948333.3333333334
3781,1238333.3333333333
3782,1976666.6666666667
3783,999000.0
3784,2188333.3333333335
3785,608333.3333333334
3786,1126666.6666666667
3787,851666.6666666666
3788,679166.6666666666
3789,1946000.0
3790,1710000.0
3791,1498333.3333333333
3792,1008333.3333333334
3793,714000.0
3794,1373666.6666666667
3795,541666.6666666666
3796,1015333.3333333334
3797,993333.3333333334
3798,1161166.6666666667
3799,611666.6666666666
3800,980000.0
3801,603333.3333333334
3802,279166.6666666667
3803,739666.6666666666
3804,946666.6666666666
3805,1839000.0
3806,578333.3333333334
3807,1136666.6666666667
3808,475333.3333333333
3809,853333.3333333334
3810,1445000.0
3811,655333.3333333334
3812,866000.0
3813,503333.3333333333
3814,1240666.6666666667
3815,497166.6666666667
3816,1475333.3333333333
3817,813166.6666666666
3818,1152333.3333333333
3819,455500.0
3820,486000.0
3821,881000.0
3822,1633333.3333333333
3823,1477333.3333333333
3824,1016666.6666666666
3825,679666.6666666666
3826,766000.0
3827,451666.6666666667
3828,1420000.0
3829,615000.0
3830,418333.3333333333
3831,1396666.6666666667
3832,890666.6666666666
3833,3381666.6666666665
3834,445333.3333333333
3835,1192333.3333333333
3836,996666.6666666666
3837,549700.0
3838,713333.3333333334
3839,711333.3333333334
3840,1423333.3333333333
3841,580000.0
3842,528333.3333333334
3843,650000.0
3844,535833.6666666666
3845,760500.0
3846,1007766.6666666666
3847,608166.6666666666
3848,1476666.6666666667
3849,1861333.3333333333
3850,1458000.0
3851,784333.3333333334
3852,741666.6666666666
3853,467000.0
3854,2133333.3333333335
3855,1368166.6666666667
3856,1033333.3333333334
3857,1051666.6666666667
3858,829000.0
3859,635000.0
3860,592000.0
3861,971666.6666666666
3862,1321666.6666666667
3863,615166.6666666666
3864,613666.6666666666
3865,1207333.3333333333
3866,1425333.3333333333
3867,1080000.0
3868,1530666.6666666667
3869,768666.6666666666
3870,508333.3333333333
3871,621933.3333333334
3872,1333333.3333333333
3873,2306166.6666666665
3874,886666.6666666666
3875,2740666.6666666665
3876,1323333.3333333333
3877,978333.3333333334
3878,2256666.6666666665
3879,463666.6666666667
3880,614666.6666666666
3881,970000.0
3882,1116333.3333333333
3883,595166.6666666666
3884,1280666.6666666667
3885,578333.3333333334
3886,1055000.0
3887,1491666.6666666667
3888,1679166.6666666667
3889,401666.6666666667
3890,916666.6666666666
3891,1782000.0
3892,1366666.6666666667
3893,802833.3333333334
3894,840666.6666666666
3895,731833.3333333334
3896,526666.6666666666
3897,501666.6666666667
3898,513333.3333333333
3899,1116000.0
3900,1425000.0
3901,1029333.3333333334
3902,1708333.3333333333
3903,751666.6666666666
3904,439166.6666666667
3905,793000.0
3906,1068000.0
3907,1696666.6666666667
3908,1247766.6666666667
3909,1171666.6666666667
3910,891000.0
3911,898333.3333333334
3912,1070000.0
3913,1683333.3333333333
3914,1110000.0
3915,356000.0
3916,728833.3333333334
3917,515833.3333333333
3918,689666.6666666666
3919,1220000.0
3920,1205833.3333333333
3921,480333.3333333333
3922,890000.0
3923,994333.3333333334
3924,660000.0
3925,1530000.0
3926,586333.3333333334
3927,2393333.3333333335
3928,793000.0
3929,528333.3333333334
3930,1121666.6666666667
3931,1071333.3333333333
3932,825500.0
3933,2271666.6666666665
3934,802666.6666666666
3935,1422000.0
3936,700666.6666666666
3937,3018333.3333333335
3938,826666.6666666666
3939,692500.0
3940,500333.3333333333
3941,1701666.6666666667
3942,873333.3333333334
3943,987833.3333333334
3944,578333.3333333334
3945,524333.3333333334
3946,550333.3333333334
3947,933333.3333333334
3948,2113000.0
3949,627333.3333333334
3950,820333.3333333334
3951,2678666.6666666665
3952,577500.0
3953,1197833.3333333333
3954,342500.0
3955,437333.3333333333
3956,611666.6666666666
3957,850666.6666666666
3958,2275000.0
3959,487666.6666666667
3960,630000.0
3961,1253833.3333333333
3962,1181500.0
3963,2575000.0
3964,1178566.6666666667
3965,1035666.6666666666
3966,1077333.3333333333
3967,690333.3333333334
3968,2773333.3333333335
3969,517333.3333333333
3970,965000.0
3971,1080000.0
3972,1243333.3333333333
3973,925000.0
3974,1355666.6666666667
3975,573333.3333333334
3976,728666.6666666666
3977,829000.0
3978,3291666.6666666665
3979,526666.6666666666
3980,593333.3333333334
3981,1003666.6666666666
3982,401666.6666666667
3983,930000.0
3984,626000.0
3985,1787000.0
3986,974166.6666666666
3987,2116000.0
3988,665333.3333333334
3989,452333.3333333333
3990,1145333.3333333333
3991,551666.6666666666
3992,406666.6666666667
3993,850666.6666666666
3994,930000.0
3995,947666.6666666666
3996,1021000.0
3997,1022000.0
3998,794000.0
3999,1348333.3333333333
4000,571000.0
4001,1444000.0
4002,923500.0
4003,2738666.6666666665
4004,2571962.6666666665
4005,1128333.3333333333
4006,1214333.3333333333
4007,761333.3333333334
4008,1385000.0
4009,544166.6666666666
4010,492000.0
4011,1218000.0
4012,721666.6666666666
4013,997833.3333333334
4014,1008666.6666666666
4015,1552333.3333333333
4016,990666.6666666666
4017,1140000.0
4018,739666.6666666666
4019,902000.0
4020,925000.0
4021,1336000.0
4022,1033333.3333333334
4023,1697666.6666666667
4024,1311666.6666666667
4025,987000.0
4026,855000.0
4027,1747666.6666666667
4028,978333.3333333334
4029,937000.0
4030,1498333.3333333333
4031,1172333.3333333333
4032,1192333.3333333333
4033,660666.6666666666
4034,1422666.6666666667
4035,1141000.0
4036,450000.0
4037,545500.0
4038,689166.6666666666
4039,1309333.3333333333
4040,1650000.0
4041,896333.3333333334
4042,1026666.6666666666
4043,800666.6666666666
4044,858500.0
4045,938333.3333333334
4046,1152000.0
4047,658333.3333333334
4048,808333.3333333334
4049,1730333.3333333333
4050,835000.0
4051,448333.3333333333
4052,1206333.3333333333
4053,623166.6666666666
4054,409166.6666666667
4055,820833.3333333334
4056,1427000.0
4057,920000.0
4058,1728666.6666666667
4059,458333.3333333333
4060,1444000.0
4061,575333.3333333334
4062,527000.0
4063,850666.6666666666
4064,1583333.3333333333
4065,1858333.3333333333
4066,859666.6666666666
4067,1860000.0
4068,1040666.6666666666
4069,875333.3333333334
4070,1811666.6666666667
4071,774500.0
4072,420333.3333333333
4073,2393333.3333333335
4074,2909333.3333333335
4075,1597333.3333333333
4076,1406666.6666666667
4077,2235000.0
4078,962333.3333333334
4079,438166.6666666667
4080,655333.3333333334
4081,1136666.6666666667
4082,768666.6666666666
4083,726833.3333333334
4084,956666.6666666666
4085,346666.6666666667
4086,2220833.3333333335
4087,593333.3333333334
4088,443666.6666666667
4089,351666.6666666667
4090,1220000.0
4091,1335000.0
4092,891000.0
4093,1601666.6666666667
4094,951666.6666666666
4095,443333.3333333333
4096,944666.6666666666
4097,1350000.0
4098,353500.0
4099,650666.6666666666
4100,995000.0
4101,1426666.6666666667
4102,1908333.3333333333
4103,1668666.6666666667
4104,756000.0
4105,1427666.6666666667
4106,1171666.6666666667
4107,947666.6666666666
4108,1256666.6666666667
4109,415500.0
4110,1297666.6666666667
4111,1320000.0
4112,488166.6666666667
4113,907000.0
4114,1603333.3333333333
4115,2711666.6666666665
4116,1340166.6666666667
4117,3008333.3333333335
4118,882733.3333333334
4119,541666.6666666666
4120,1763333.3333333333
4121,3286666.6666666665
4122,1425333.3333333333
4123,541666.6666666666
4124,1140833.3333333333
4125,692333.3333333334
4126,318666.6666666667
4127,1240000.0
4128,1192666.6666666667
4129,822333.3333333334
4130,542000.0
4131,632000.0
4132,751666.6666666666
4133,2394333.3333333335
4134,1030000.0
4135,1161000.0
4136,1722133.3333333333
4137,428333.3333333333
4138,966666.6666666666
4139,1490833.3333333333
4140,775333.3333333334
4141,460948.0
4142,438000.0
4143,1393333.3333333333
4144,1370000.0
4145,973333.3333333334
4146,998666.6666666666
4147,1059333.3333333333
4148,2500000.0
4149,561962.6666666666
4150,334000.0
4151,1242000.0
4152,1275000.0
4153,1825666.6666666667
4154,575000.0
4155,1390000.0
4156,1440000.0
4157,592500.0
4158,344666.6666666667
4159,670166.6666666666
4160,2097333.3333333335
4161,544166.6666666666
4162,724333.3333333334
4163,786333.3333333334
4164,1540000.0
4165,816333.3333333334
4166,1160000.0
4167,1958333.3333333333
4168,2336666.6666666665
4169,591666.6666666666
4170,1604500.0
4171,888333.3333333334
4172,767666.6666666666
4173,1260000.0
4174,963333.3333333334
4175,2116666.6666666665
4176,715333.3333333334
4177,985000.0
4178,515833.3333333333
4179,383000.0
4180,2020000.0
4181,2305000.0
4182,962333.3333333334
4183,1442000.0
4184,1116000.0
4185,411000.0
4186,505333.3333333333
4187,815000.0
4188,1606666.6666666667
4189,1101666.6666666667
4190,605833.3333333334
4191,648500.0
4192,1314166.6666666667
4193,1298666.6666666667
4194,536666.6666666666
4195,958333.3333333334
4196,1257833.3333333333
4197,593666.6666666666
4198,909000.0
4199,515333.3333333333
4200,910000.0
4201,1470000.0
4202,800333.3333333334
4203,1427000.0
4204,402000.0
4205,657666.6666666666
4206,821666.6666666666
4207,1024666.6666666666
4208,1650000.0
4209,1197666.6666666667
4210,768666.6666666666
4211,606000.0
4212,510833.3333333333
4213,1259000.0
4214,429500.0
4215,964500.0
4216,1334000.0
4217,699333.3333333334
4218,673333.3333333334
4219,1046666.6666666666
4220,1657333.3333333333
4221,778333.3333333334
4222,776666.6666666666
4223,891000.0
4224,1396666.6666666667
4225,683333.3333333334
4226,916166.6666666666
4227,1473333.3333333333
4228,1813333.3333333333
4229,1073000.0
4230,839333.3333333334
4231,1051666.6666666667
4232,576000.0
4233,1892000.0
4234,660333.3333333334
4235,648666.6666666666
4236,1383333.3333333333
4237,1430333.3333333333
4238,529333.3333333334
4239,2595333.3333333335
4240,1197833.3333333333
4241,719000.0
4242,800333.3333333334
4243,1005000.0
4244,904666.6666666666
4245,1948333.3333333333
4246,1069333.3333333333
4247,3553333.3333333335
4248,725000.0
4249,1391666.6666666667
4250,936333.3333333334
4251,503666.6666666667
4252,1036000.0
4253,812500.0
4254,401666.6666666667
4255,536000.0
4256,962333.3333333334
4257,498333.3333333333
4258,726666.6666666666
4259,1350666.6666666667
4260,761833.3333333334
4261,1090000.0
4262,466666.6666666667
4263,2336666.6666666665
4264,989333.3333333334
4265,713333.3333333334
4266,1542000.0
4267,528666.6666666666
4268,623333.3333333334
4269,1432000.0
4270,1160666.6666666667
4271,515333.3333333333
4272,1657333.3333333333
4273,1261666.6666666667
4274,505000.0
4275,870166.6666666666
4276,373666.6666666667
4277,598666.6666666666
4278,1134333.3333333333
4279,852666.6666666666
4280,711666.6666666666
4281,890166.6666666666
4282,1063666.6666666667
4283,1828666.6666666667
4284,1515333.3333333333
4285,536666.6666666666
4286,294000.0
4287,603333.3333333334
4288,623166.6666666666
4289,625666.6666666666
4290,1060666.6666666667
4291,1045000.0
4292,482166.6666666667
4293,806333.3333333334
4294,1601666.6666666667
4295,1425000.0
4296,1049000.0
4297,1160666.6666666667
4298,788833.3333333334
4299,1757500.0
4300,1093333.3333333333
4301,1065333.3333333333
4302,523333.3333333333
4303,1100000.0
4304,873666.6666666666
4305,631333.3333333334
4306,847000.0
4307,1294333.3333333333
4308,568666.6666666666
4309,668666.6666666666
4310,960000.0
4311,1550000.0
4312,884833.3333333334
4313,980000.0
4314,551666.6666666666
4315,448500.0
4316,600333.3333333334
4317,986666.6666666666
4318,651666.6666666666
4319,461666.6666666667
4320,828166.6666666666
4321,775000.0
4322,1736666.6666666667
4323,662666.6666666666
4324,1846666.6666666667
4325,456000.0
4326,1393666.6666666667
4327,713333.3333333334
4328,756750.0
4329,843700.0
4330,846666.6666666666
4331,723500.0
4332,861000.0
4333,636000.0
4334,1030333.3333333334
4335,856000.0
4336,1126666.6666666667
4337,1020166.6666666666
4338,862666.6666666666
4339,1282333.3333333333
4340,1315333.3333333333
4341,483333.3333333333
4342,1684833.3333333333
4343,1369000.0
4344,908333.3333333334
4345,800000.0
4346,1378333.3333333333
4347,511333.3333333333
4348,2262000.0
4349,839166.6666666666
4350,447333.3333333333
4351,687833.3333333334
4352,1301666.6666666667
4353,627666.6666666666
4354,396333.3333333333
4355,490333.3333333333
4356,423166.6666666667
4357,1173333.3333333333
4358,719000.0
4359,648333.3333333334
4360,647833.3333333334
4361,614833.3333333334
4362,1756666.6666666667
4363,735000.0
4364,703666.6666666666
4365,946666.6666666666
4366,1203666.6666666667
4367,620333.3333333334
4368,906666.6666666666
4369,1593333.3333333333
4370,775333.3333333334
4371,524333.3333333334
4372,1412333.3333333333
4373,1109000.0
4374,748833.3333333334
4375,800000.0
4376,841333.3333333334
4377,2140000.0
4378,1513333.3333333333
4379,695666.6666666666
4380,757500.0
4381,797833.3333333334
4382,1056666.6666666667
4383,836666.6666666666
4384,864000.0
4385,1056666.6666666667
4386,566250.0
4387,1251666.6666666667
4388,583333.3333333334
4389,1317333.3333333333
4390,905666.6666666666
4391,1685000.0
4392,863666.6666666666
4393,730333.3333333334
4394,1966666.6666666667
4395,503333.3333333333
4396,817000.0
4397,2140333.3333333335
4398,914066.6666666666
4399,961666.6666666666
4400,642833.3333333334
4401,1232333.3333333333
4402,956333.3333333334
4403,1149333.3333333333
4404,1280000.0
4405,527333.3333333334
4406,515833.3333333333
4407,748333.3333333334
4408,610000.0
4409,1180000.0
4410,739666.6666666666
4411,1040000.0
4412,1586000.0
4413,1308333.3333333333
4414,897833.3333333334
4415,1370666.6666666667
4416,2526666.6666666665
4417,611666.6666666666
4418,714833.3333333334
4419,1132666.6666666667
4420,780000.0
4421,1395000.0
4422,905666.6666666666
4423,575666.6666666666
4424,468000.0
4425,817666.6666666666
4426,972333.3333333334
4427,480666.6666666667
4428,1906666.6666666667
4429,886666.6666666666
4430,1190333.3333333333
4431,1360666.6666666667
4432,720000.0
4433,1887000.0
4434,478666.6666666667
4435,972000.0
4436,785250.0
4437,1101500.0
4438,1180000.0
4439,1170000.0
4440,777500.0
4441,1080000.0
4442,608333.3333333334
4443,1176333.3333333333
4444,547000.0
4445,1395000.0
4446,2966666.6666666665
4447,570333.3333333334
4448,817666.6666666666
4449,974000.0
4450,705000.0
4451,880333.3333333334
4452,402333.3333333333
4453,699333.3333333334
4454,1718333.3333333333
4455,761833.3333333334
4456,2020000.0
4457,1260833.3333333333
4458,733666.6666666666
4459,771333.3333333334
4460,571000.0
4461,1685000.0
4462,643333.3333333334
4463,495000.0
4464,413333.3333333333
4465,708333.3333333334
4466,1036666.6666666666
4467,1355670.0
4468,608166.6666666666
4469,915666.6666666666
4470,1185833.3333333333
4471,948333.3333333334
4472,1265000.0
4473,836000.0
4474,2500666.6666666665
4475,1453333.3333333333
4476,272533.3333333333
4477,879333.3333333334
4478,1130333.3333333333
4479,1639000.0
4480,1988333.3333333333
4481,480333.3333333333
4482,739666.6666666666
4483,1370666.6666666667
4484,786000.0
4485,2700000.0
4486,1011666.6666666666
4487,1423333.3333333333
4488,1093666.6666666667
4489,1097666.6666666667
4490,3063333.3333333335
4491,1328333.3333333333
4492,1420333.3333333333
4493,1085333.3333333333
4494,563000.0
4495,1403333.3333333333
4496,694333.3333333334
4497,380000.0
4498,967333.3333333334
4499,1578333.3333333333
4500,1048666.6666666667
4501,959333.3333333334
4502,1182666.6666666667
4503,1475333.3333333333
4504,1131666.6666666667
4505,1137333.3333333333
4506,915500.0
4507,1062000.0
4508,1594166.6666666667
4509,757666.6666666666
4510,1573666.6666666667
4511,2426666.6666666665
4512,618666.6666666666
4513,2723333.3333333335
4514,3014000.0
4515,1027333.3333333334
4516,513333.3333333333
4517,444333.3333333333
4518,3135333.3333333335
4519,1820000.0
4520,1640833.3333333333
4521,1208333.3333333333
4522,860333.3333333334
4523,244666.66666666666
4524,425900.0
4525,545000.0
4526,690333.3333333334
4527,1473333.3333333333
4528,1865166.6666666667
4529,1825000.0
4530,2483666.6666666665
4531,2426666.6666666665
4532,1738333.3333333333
4533,1616666.6666666667
4534,853000.0
4535,995000.0
4536,827333.3333333334
4537,1551666.6666666667
4538,977333.3333333334
4539,1298333.3333333333
4540,651833.3333333334
4541,2978666.6666666665
4542,536666.6666666666
4543,628000.0
4544,1287000.0
4545,660333.3333333334
4546,711500.0
4547,826000.0
4548,1128666.6666666667
4549,944166.6666666666
4550,1008333.3333333334
4551,1131666.6666666667
4552,1200000.0
4553,1575000.0
4554,523333.3333333333
4555,762000.0
4556,1191666.6666666667
4557,1028333.3333333334
4558,568333.3333333334
4559,805666.6666666666
4560,2318333.3333333335
4561,1088666.6666666667
4562,742333.3333333334
4563,940666.6666666666
4564,1165833.3333333333
4565,860333.3333333334
4566,1037666.6666666666
4567,880166.6666666666
4568,621000.0
4569,295000.0
4570,916666.6666666666
4571,1740333.3333333333
4572,1348666.6666666667
4573,1875666.6666666667
4574,1677833.3333333333
4575,2153666.6666666665
4576,2116666.6666666665
4577,575000.0
4578,764333.3333333334
4579,1511666.6666666667
4580,690666.6666666666
4581,865000.0
4582,474000.0
4583,390833.3333333333
4584,280166.6666666667
4585,1380000.0
4586,1136666.6666666667
4587,847000.0
4588,946000.0
4589,945666.6666666666
4590,1095000.0
4591,515333.3333333333
4592,749333.3333333334
4593,2991666.6666666665
4594,673333.3333333334
4595,365000.0
4596,372000.0
4597,818333.3333333334
4598,935000.0
4599,707333.3333333334
4600,748666.6666666666
4601,764333.3333333334
4602,1385000.0
4603,421666.6666666667
4604,1146666.6666666667
4605,618500.0
4606,1150000.0
4607,2046666.6666666667
4608,630000.0
4609,794666.6666666666
4610,624333.3333333334
4611,912666.6666666666
4612,910000.0
4613,808666.6666666666
4614,710500.0
4615,1181666.6666666667
4616,1388333.3333333333
4617,970000.0
4618,1953333.3333333333
4619,801666.6666666666
4620,1031666.6666666666
4621,945000.0
4622,443333.3333333333
4623,1583333.3333333333
4624,1470666.6666666667
4625,608666.6666666666
4626,1933333.3333333333
4627,1408333.3333333333
4628,767333.3333333334
4629,1511666.6666666667
4630,602000.0
4631,633333.3333333334
4632,1024333.3333333334
4633,890666.6666666666
4634,355000.0
4635,795833.3333333334
4636,2113333.3333333335
4637,578333.3333333334
4638,792500.0
4639,490000.0
4640,1350000.0
4641,1358333.3333333333
4642,810666.6666666666
4643,1335000.0
4644,575333.3333333334
4645,716000.0
4646,2676666.6666666665
4647,1436666.6666666667
4648,632500.0
4649,2116666.6666666665
4650,1176166.6666666667
4651,1334000.0
4652,1260000.0
4653,793000.0
4654,715333.3333333334
4655,2615000.0
4656,756750.0
4657,655833.3333333334
4658,1601666.6666666667
4659,891666.6666666666
4660,523666.6666666667
4661,694333.3333333334
4662,1082666.6666666667
4663,704333.3333333334
4664,796666.6666666666
4665,427000.0
4666,1131666.6666666667
4667,1557000.0
4668,1570000.0
4669,996666.6666666666
4670,1523000.0
4671,1005000.0
4672,891666.6666666666
4673,623333.3333333334
4674,360000.0
4675,390666.6666666667
4676,608166.6666666666
4677,1751666.6666666667
4678,1228000.0
4679,1055000.0
4680,1068000.0
4681,820666.6666666666
4682,1161100.0
4683,889500.0
4684,745000.0
4685,683333.3333333334
4686,990666.6666666666
4687,1820166.6666666667
4688,437000.0
4689,593566.6666666666
4690,2986666.6666666665
4691,1927500.0
4692,1088666.6666666667
4693,1250000.0
4694,1335000.0
4695,1707000.0
4696,1683333.3333333333
4697,1539333.3333333333
4698,598666.6666666666
4699,1325333.3333333333
4700,787333.3333333334
4701,1177000.0
4702,1462666.6666666667
4703,796000.0
4704,976666.6666666666
4705,409000.0
4706,439166.6666666667
4707,816666.6666666666
4708,556333.3333333334
4709,1041666.6666666666
4710,555333.3333333334
4711,661000.0
4712,1647833.3333333333
4713,572000.0
4714,916666.6666666666
4715,1736666.6666666667
4716,793500.0
4717,515333.3333333333
4718,3533333.3333333335
4719,672833.3333333334
4720,1440000.0
4721,580000.0
4722,2815000.0
4723,1594666.6666666667
4724,852000.0
4725,658000.0
4726,1031666.6666666666
4727,673333.3333333334
4728,1085333.3333333333
4729,1374629.3333333333
4730,1132000.0
4731,1393333.3333333333
4732,578333.3333333334
4733,2063333.3333333333
4734,458333.3333333333
4735,832500.0
4736,600333.3333333334
4737,778666.6666666666
4738,1369000.0
4739,505000.0
4740,637333.3333333334
4741,1093666.6666666667
4742,376666.6666666667
4743,1883333.3333333333
4744,1477333.3333333333
4745,1023333.0
4746,817333.3333333334
4747,486666.6666666667
4748,1291166.6666666667
4749,2320333.3333333335
4750,626500.0
4751,1236666.6666666667
4752,1245000.0
4753,837333.3333333334
4754,1003333.3333333334
4755,1556666.6666666667
4756,807333.3333333334
4757,1717000.0
4758,1997500.0
4759,1035000.0
4760,929000.0
4761,633000.0
4762,1091666.6666666667
4763,1580000.0
4764,1340000.0
4765,1185000.0
4766,1124000.0
4767,993333.3333333334
4768,589000.0
4769,716000.0
4770,705333.3333333334
4771,1050000.0
4772,1641666.6666666667
4773,836666.6666666666
4774,623833.3333333334
4775,670000.0
4776,1523000.0
4777,604333.3333333334
4778,575000.0
4779,1308333.3333333333
4780,955000.0
4781,635666.6666666666
4782,818333.3333333334
4783,606500.0
4784,1115000.0
4785,1473333.3333333333
4786,983333.3333333334
4787,1111666.6666666667
4788,531833.3333333334
4789,540000.0
4790,1072166.6666666667
4791,773666.6666666666
4792,478333.3333333333
4793,1230000.0
4794,382666.6666666667
4795,677333.3333333334
4796,907333.3333333334
4797,1526666.6666666667
4798,1245000.0
4799,779500.0
4800,2001666.6666666667
4801,881333.3333333334
4802,2371666.6666666665
4803,332333.3333333333
4804,673000.0
4805,1328400.0
4806,793000.0
4807,2144000.0
4808,2460000.0
4809,530000.0
4810,2486666.6666666665
4811,1130666.6666666667
4812,761000.0
4813,941666.6666666666
4814,1336166.6666666667
4815,687833.3333333334
4816,538333.3333333334
4817,373833.3333333333
4818,728333.3333333334
4819,1297500.0
4820,821500.0
4821,1380333.3333333333
4822,731000.0
4823,1220000.0
4824,257500.0
4825,911666.6666666666
4826,851000.0
4827,1018666.6666666666
4828,1365333.3333333333
4829,798666.6666666666
4830,876666.6666666666
4831,1885000.0
4832,1082666.6666666667
4833,1272333.3333333333
4834,1000000.0
4835,555166.6666666666
4836,970000.0
4837,479166.6666666667
4838,2001666.6666666667
4839,889000.0
4840,1416666.6666666667
4841,1700000.0
4842,1861666.6666666667
4843,653333.3333333334
4844,886666.6666666666
4845,1470000.0
4846,945000.0
4847,1086666.6666666667
4848,1263333.3333333333
4849,613666.6666666666
4850,1995000.0
4851,1211666.6666666667
4852,733333.3333333334
4853,956333.3333333334
4854,627666.6666666666
4855,785600.0
4856,807666.6666666666
4857,464333.3333333333
4858,1119000.0
4859,722166.6666666666
4860,865333.3333333334
4861,476666.6666666667
4862,788666.6666666666
4863,604166.6666666666
4864,823666.6666666666
4865,2046500.0
4866,691666.6666666666
4867,496000.0
4868,1327333.3333333333
4869,395000.0
4870,1353333.3333333333
4871,865000.0
4872,2306666.6666666665
4873,633166.6666666666
4874,407333.3333333333
4875,1065333.3333333333
4876,970600.0
4877,1318000.0
4878,491333.3333333333
4879,962000.0
4880,1555000.0
4881,1180000.0
4882,803000.0
4883,788666.6666666666
4884,1620000.0
4885,740000.0
4886,1811666.6666666667
4887,927666.6666666666
4888,1258000.0
4889,844666.6666666666
4890,1137833.3333333333
4891,1427000.0
4892,879000.0
4893,928500.0
4894,1129000.0
4895,610000.0
4896,1301666.6666666667
4897,455666.6666666667
4898,694666.6666666666
4899,525000.0
4900,290000.0
4901,869000.0
4902,1021666.6666666666
4903,1537000.0
4904,950166.6666666666
4905,454000.0
4906,964166.6666666666
4907,1422666.6666666667
4908,885000.0
4909,1202000.0
4910,421666.6666666667
4911,690333.3333333334
4912,1134333.3333333333
4913,598666.6666666666
4914,573351.6666666666
4915,1100000.0
4916,655333.3333333334
4917,822500.0
4918,1454333.3333333333
4919,706666.6666666666
4920,518333.3333333333
4921,883333.3333333334
4922,750333.3333333334
4923,836333.3333333334
4924,1042666.6666666666
4925,788333.3333333334
4926,1295266.6666666667
4927,2726666.6666666665
4928,1094166.6666666667
4929,2246666.6666666665
4930,1446666.6666666667
4931,659000.0
4932,1070000.0
4933,568333.3333333334
4934,1043333.3333333334
4935,767666.6666666666
4936,511333.3333333333
4937,989333.3333333334
4938,936666.6666666666
4939,690333.3333333334
4940,1900000.0
4941,715333.3333333334
4942,803000.0
4943,1121666.6666666667
4944,1456666.6666666667
4945,1499333.3333333333
4946,784333.3333333334
4947,2626666.6666666665
4948,666666.6666666666
4949,746666.6666666666
4950,1157000.0
4951,3366666.6666666665
4952,810666.6666666666
4953,986666.6666666666
4954,622666.6666666666
4955,952833.3333333334
4956,774500.0
4957,548333.3333333334
4958,660000.0
4959,1775333.3333333333
4960,1054000.0
4961,1703333.3333333333
4962,1155000.0
4963,1590333.3333333333
4964,616833.3333333334
4965,1403333.3333333333
4966,749166.6666666666
4967,830333.3333333334
4968,964000.0
4969,1072333.3333333333
4970,636666.6666666666
4971,669333.3333333334
4972,980000.0
4973,1300000.0
4974,796666.6666666666
4975,552000.0
4976,1063666.6666666667
4977,958333.3333333334
4978,1520333.3333333333
4979,1349666.6666666667
4980,810666.6666666666
4981,990666.6666666666
4982,965833.3333333334
4983,1296666.6666666667
4984,1491333.3333333333
4985,791000.0
4986,1215000.0
4987,1756666.6666666667
4988,1646000.0
4989,701833.3333333334
4990,696666.6666666666
4991,1062833.3333333333
4992,1113500.0
4993,444333.3333333333
4994,580000.0
4995,752000.0
4996,948333.3333333334
4997,943333.3333333334
4998,1701666.6666666667
4999,1036166.6666666666
5000,668333.3333333334
5001,1371666.6666666667
5002,1995000.0
5003,1303600.0
5004,882666.6666666666
5005,1266666.6666666667
5006,1342000.0
5007,587000.0
5008,760166.6666666666
5009,592500.0
5010,1505000.0
5011,2321666.6666666665
5012,443666.6666666667
5013,765166.6666666666
5014,1495333.3333333333
5015,2473333.3333333335
5016,757666.6666666666
5017,1338666.6666666667
5018,1167000.0
5019,1998333.3333333333
5020,1733333.3333333333
5021,2200000.0
5022,873333.3333333334
5023,2001666.6666666667
5024,639500.0
5025,1335000.0
5026,995000.0
5027,553333.3333333334
5028,802666.6666666666
5029,1386500.0
5030,760666.6666666666
5031,640000.0
5032,1389333.3333333333
5033,1308333.3333333333
5034,936000.0
5035,623666.6666666666
5036,329333.3333333333
5037,481000.0
5038,2107333.3333333335
5039,1283333.3333333333
5040,725333.3333333334
5041,402333.3333333333
5042,933333.3333333334
5043,1523333.3333333333
5044,1190666.6666666667
5045,525333.3333333334
5046,2691666.6666666665
5047,609333.3333333334
5048,844500.0
5049,764333.3333333334
5050,875166.6666666666
5051,1343333.3333333333
5052,2050000.0
5053,563333.3333333334
5054,950000.0
5055,748500.0
5056,1296666.6666666667
5057,1161000.0
5058,1003000.0
5059,1261666.6666666667
5060,928333.3333333334
5061,702283.3333333334
5062,1099333.3333333333
5063,1603333.3333333333
5064,1111666.6666666667
5065,843333.3333333334
5066,583333.3333333334
5067,914500.0
5068,672833.3333333334
5069,757666.6666666666
5070,1452000.0
5071,483333.3333333333
5072,368833.3333333333
5073,608333.3333333334
5074,634166.6666666666
5075,416833.3333333333
5076,900000.0
5077,822500.0
5078,596333.3333333334
5079,721000.0
5080,828333.3333333334
5081,1462666.6666666667
5082,896666.6666666666
5083,3111666.6666666665
5084,334000.0
5085,1066666.6666666667
5086,618333.3333333334
5087,1108000.0
5088,2425000.0
5089,804000.0
5090,606666.6666666666
5091,695666.6666666666
5092,516000.0
5093,401666.6666666667
5094,976666.6666666666
5095,2292000.0
5096,1157000.0
5097,1116666.6666666667
5098,646333.3333333334
5099,1248000.0
5100,578666.6666666666
5101,1748666.6666666667
5102,1269333.3333333333
5103,1423333.3333333333
5104,1250000.0
5105,641000.0
5106,585500.0
5107,372000.0
5108,706333.3333333334
5109,644000.0
5110,707833.3333333334
5111,835000.0
5112,640833.3333333334
5113,736333.3333333334
5114,578333.3333333334
5115,1008333.3333333334
5116,780000.0
5117,998666.6666666666
5118,989566.6666666666
5119,1330333.3333333333
5120,1706666.6666666667
5121,840000.0
5122,475000.0
5123,1106666.6666666667
5124,741666.6666666666
5125,841666.6666666666
5126,660666.6666666666
5127,861666.6666666666
5128,690333.3333333334
5129,1045333.3333333334
5130,1036666.6666666666
5131,906666.6666666666
5132,1343666.6666666667
5133,2371666.6666666665
5134,830000.0
5135,1228333.3333333333
5136,1740000.0
5137,630000.0
5138,1302000.0
5139,1791666.6666666667
5140,813666.6666666666
5141,1120833.3333333333
5142,2853333.3333333335
5143,1397333.3333333333
5144,1018666.6666666666
5145,621333.3333333334
5146,731666.6666666666
5147,536666.6666666666
5148,1571666.6666666667
5149,1075000.0
5150,1841500.0
5151,524333.3333333334
5152,2041666.6666666667
5153,1415333.3333333333
5154,1176333.3333333333
5155,1020000.0
5156,1185833.3333333333
5157,1960000.0
5158,905666.6666666666
5159,1235666.6666666667
5160,1740000.0
5161,660666.6666666666
5162,1308333.3333333333
5163,1240000.0
5164,455333.3333333333
5165,1966666.6666666667
5166,1243333.3333333333
5167,2558333.3333333335
5168,923333.3333333334
5169,1038333.3333333334
5170,1060000.0
5171,788500.0
5172,1011166.6666666666
5173,728333.3333333334
5174,891666.6666666666
5175,615666.6666666666
5176,880333.3333333334
5177,468333.3333333333
5178,681666.6666666666
5179,936666.6666666666
5180,1436000.0
5181,1070000.0
5182,1209666.6666666667
5183,645666.6666666666
5184,1634000.0
5185,748833.3333333334
5186,893833.3333333334
5187,448000.0
5188,849000.0
5189,793000.0
5190,825000.0
5191,1155000.0
5192,1578333.3333333333
5193,1131666.6666666667
5194,625333.3333333334
5195,665333.3333333334
5196,1324333.3333333333
5197,1123333.3333333333
5198,1301666.6666666667
5199,1199166.6666666667
5200,1470000.0
5201,2008333.3333333333
5202,868333.3333333334
5203,2858333.3333333335
5204,1014000.0
5205,910000.0
5206,1380666.6666666667
5207,1093666.6666666667
5208,810666.6666666666
5209,2178666.6666666665
5210,790666.6666666666
5211,1310000.0
5212,925000.0
5213,1422666.6666666667
5214,860333.3333333334
5215,825666.6666666666
5216,1276666.6666666667
5217,796000.0
5218,804333.3333333334
5219,855666.6666666666
5220,857000.0
5221,483333.3333333333
5222,1693000.0
5223,1571666.6666666667
5224,3470000.0
5225,2029000.0
5226,1010333.3333333334
5227,2401666.6666666665
5228,895000.0
5229,765000.0
5230,1901333.3333333333
5231,925000.0
5232,641666.6666666666
5233,2812500.0
5234,1072333.3333333333
5235,814000.0
5236,1208333.3333333333
5237,487666.6666666667
5238,622500.0
5239,599000.0
5240,793333.3333333334
5241,1195000.0
5242,694666.6666666666
5243,730000.0
5244,417500.0
5245,694000.0
5246,2060000.0
5247,1035000.0
5248,1305500.0
5249,551666.6666666666
5250,2815000.0
5251,764166.6666666666
5252,1433000.0
5253,842000.0
5254,1041666.6666666666
5255,2367000.0
5256,482333.3333333333
5257,723333.3333333334
5258,1184666.6666666667
5259,2036666.6666666667
5260,619333.3333333334
5261,1506666.6666666667
5262,1340166.6666666667
5263,619000.0
5264,1170000.0
5265,660000.0
5266,646166.6666666666
5267,770166.6666666666
5268,1332333.3333333333
5269,826000.0
5270,669333.3333333334
5271,1548833.3333333333
5272,1825000.0
5273,1905000.0
5274,1011666.6666666666
5275,1130666.3333333333
5276,1055000.0
5277,1081833.3333333333
5278,600833.3333333334
5279,850833.3333333334
5280,835000.0
5281,1697666.6666666667
5282,343666.6666666667
5283,796333.3333333334
5284,1571666.6666666667
5285,774500.0
5286,1173500.0
5287,1113333.3333333333
5288,901666.6666666666
5289,711666.6666666666
5290,670666.6666666666
5291,686833.3333333334
5292,577333.3333333334
5293,971166.6666666666
5294,272533.3333333333
5295,1264000.0
5296,984333.3333333334
5297,1435000.0
5298,1277333.3333333333
5299,2745000.0
5300,721333.3333333334
5301,298666.6666666667
5302,502000.0
5303,951333.3333333334
5304,1713333.3333333333
5305,1085333.3333333333
5306,766666.6666666666
5307,1080833.3333333333
5308,908666.6666666666
5309,914000.0
5310,626500.0
5311,1327333.3333333333
5312,1134166.6666666667
5313,815000.0
5314,582000.0
5315,690666.6666666666
5316,1096666.6666666667
5317,638833.3333333334
5318,511666.6666666667
5319,820333.3333333334
5320,785000.0
5321,594000.0
5322,728333.3333333334
5323,4355000.0
5324,980666.6666666666
5325,861333.3333333334
5326,511666.6666666667
5327,545000.0
5328,1826666.6666666667
5329,532833.3333333334
5330,2978666.6666666665
5331,617666.6666666666
5332,658333.3333333334
5333,898333.3333333334
5334,725666.6666666666
5335,1276000.0
5336,2400000.0
5337,1002000.0
5338,980266.6666666666
5339,604333.3333333334
5340,1428500.0
5341,999666.6666666666
5342,3380000.0
5343,1413333.3333333333
5344,1195000.0
5345,1365000.0
5346,365666.6666666667
5347,1066666.6666666667
5348,1797333.3333333333
5349,975833.3333333334
5350,455333.3333333333
5351,449333.3333333333
5352,1828666.6666666667
5353,606629.3333333334
5354,706666.6666666666
5355,536666.6666666666
5356,652666.6666666666
5357,1472666.6666666667
5358,575666.6666666666
5359,480000.0
5360,822666.6666666666
5361,750333.3333333334
5362,1050000.0
5363,680000.0
5364,411833.3333333333
5365,1238666.6666666667
5366,631666.6666666666
5367,415000.0
5368,1002166.6666666666
5369,324833.3333333333
5370,1707000.0
5371,1243333.3333333333
5372,636000.0
5373,971166.6666666666
5374,1129333.3333333333
5375,1385000.0
5376,823833.3333333334
5377,813666.6666666666
5378,627666.6666666666
5379,764166.6666666666
5380,1413000.0
5381,889500.0
5382,314666.6666666667
5383,622666.6666666666
5384,1316833.3333333333
5385,1364000.0
5386,2416666.6666666665
5387,703666.6666666666
5388,1584166.6666666667
5389,641666.6666666666
5390,1272666.6666666667
5391,1373333.3333333333
5392,707666.6666666666
5393,968500.0
5394,1460000.0
5395,2116666.6666666665
5396,801666.6666666666
5397,765000.0
5398,725000.0
5399,815000.0
5400,711666.6666666666
5401,1251333.3333333333
5402,619166.6666666666
5403,1096666.6666666667
5404,748500.0
5405,444333.3333333333
5406,483666.6666666667
5407,1215000.0
5408,1112000.0
5409,1491666.6666666667
5410,750833.3333333334
5411,749500.0
5412,520666.6666666667
5413,1902333.3333333333
5414,670000.0
5415,750666.6666666666
5416,968666.6666666666
5417,702000.0
5418,1353333.3333333333
5419,666333.3333333334
5420,1310000.0
5421,1787000.0
5422,1525000.0
5423,835000.0
5424,1116666.6666666667
5425,690333.3333333334
5426,1752500.0
5427,1176333.3333333333
5428,1440000.0
5429,951000.0
5430,1006333.3333333334
5431,1276666.6666666667
5432,2710000.0
5433,739666.6666666666
5434,882666.6666666666
5435,1051666.6666666667
5436,587000.0
5437,881666.6666666666
5438,1005000.0
5439,1262333.3333333333
5440,1005666.6666666666
5441,904666.6666666666
5442,524351.6666666666
5443,757666.6666666666
5444,3366666.6666666665
5445,1713333.3333333333
5446,623333.3333333334
5447,827500.0
5448,763500.0
5449,898333.3333333334
5450,1440000.0
5451,1118333.3333333333
5452,807333.3333333334
5453,314666.6666666667
5454,470000.0
5455,320333.3333333333
5456,1297666.6666666667
5457,749166.6666666666
5458,1193333.3333333333
5459,835000.0
5460,534000.0
5461,1143333.3333333333
5462,345666.6666666667
5463,544166.6666666666
5464,727666.6666666666
5465,1470000.0
5466,1715000.0
5467,1013999.6666666666
5468,757333.3333333334
5469,556833.3333333334
5470,817333.3333333334
5471,696000.0
5472,1071666.6666666667
5473,1500000.0
5474,590766.6666666666
5475,624166.6666666666
5476,974000.0
5477,635833.3333333334
5478,1495333.3333333333
5479,643333.3333333334
5480,811333.3333333334
5481,2158333.3333333335
5482,620166.6666666666
5483,796666.6666666666
5484,1011666.6666666666
5485,937000.0
5486,825333.3333333334
5487,800000.0
5488,794000.0
5489,1383333.3333333333
5490,4400000.0
5491,712000.0
5492,344333.3333333333
5493,1136666.6666666667
5494,812666.6666666666
5495,1034000.0
5496,750066.6666666666
5497,1641666.6666666667
5498,916666.6666666666
5499,1501666.6666666667
5500,1424000.0
5501,1296733.3333333333
5502,773333.3333333334
5503,1301666.6666666667
5504,1020000.0
5505,1548333.3333333333
5506,622833.3333333334
5507,379000.0
5508,1436666.6666666667
5509,2426666.6666666665
5510,604333.3333333334
5511,1132666.6666666667
5512,717833.3333333334
5513,1185000.0
5514,916666.6666666666
5515,604333.3333333334
5516,1094166.6666666667
5517,1265333.3333333333
5518,658333.3333333334
5519,733666.6666666666
5520,1581000.0
5521,801500.0
5522,766333.3333333334
5523,748500.0
5524,1443400.0
5525,1432000.0
5526,1426666.6666666667
5527,1300000.0
5528,800666.6666666666
5529,422333.3333333333
5530,593666.6666666666
5531,1264500.0
5532,2140000.0
5533,407500.0
5534,662666.6666666666
5535,523333.3333333333
5536,863333.3333333334
5537,3143333.3333333335
5538,1141333.3333333333
5539,757666.6666666666
5540,649166.6666666666
5541,1009666.6666666666
5542,1098333.3333333333
5543,3238333.3333333335
5544,3200000.0
5545,941000.0
5546,1127000.0
5547,1198333.3333333333
5548,402333.3333333333
5549,1116000.0
5550,455333.3333333333
5551,314833.3333333333
5552,929000.0
5553,2096666.6666666667
5554,1705000.0
5555,973333.3333333334
5556,518333.3333333333
5557,1140000.0
5558,1094000.0
5559,946666.6666666666
5560,1871666.6666666667
5561,861666.6666666666
5562,833666.6666666666
5563,454333.3333333333
5564,429000.0
5565,862500.0
5566,633333.3333333334
5567,2691666.6666666665
5568,1003333.3333333334
5569,1235666.6666666667
5570,670333.3333333334
5571,2013000.0
5572,430500.0
5573,994333.3333333334
5574,1252000.0
5575,1240000.0
5576,670333.3333333334
5577,2258333.3333333335
5578,442333.3333333333
5579,1276666.6666666667
5580,735833.3333333334
5581,2296666.6666666665
5582,1301666.6666666667
5583,563333.3333333334
5584,1380666.6666666667
5585,1291000.0
5586,850666.6666666666
5587,1085333.3333333333
5588,1341666.6666666667
5589,1263333.3333333333
5590,538500.0
5591,645833.3333333334
5592,709000.0
5593,964166.6666666666
5594,896000.0
5595,818333.3333333334
5596,1421333.3333333333
5597,2141666.6666666665
5598,473666.6666666667
5599,799000.0
5600,620333.3333333334
5601,522000.0
5602,3063333.3333333335
5603,510333.3333333333
5604,613500.0
5605,2818333.3333333335
5606,875000.0
5607,644666.6666666666
5608,1265000.0
5609,3151000.0
5610,409083.3333333333
5611,1766666.6666666667
5612,1961666.6666666667
5613,1050000.0
5614,772166.6666666666
5615,1880666.6666666667
5616,1797333.3333333333
5617,1450000.0
5618,497000.0
5619,560666.6666666666
5620,1539166.6666666667
5621,782000.0
5622,417416.6666666667
5623,1193666.6666666667
5624,1431733.3333333333
5625,1201666.6666666667
5626,825000.0
5627,848333.3333333334
5628,1743333.3333333333
5629,4136666.6666666665
5630,692333.3333333334
5631,1144333.3333333333
5632,786666.6666666666
5633,800666.6666666666
5634,649166.6666666666
5635,637000.0
5636,1730933.3333333333
5637,900333.3333333334
5638,1195000.0
5639,713333.3333333334
5640,780166.6666666666
5641,1038333.3333333334
5642,572000.0
5643,1906666.6666666667
5644,680666.6666666666
5645,552333.3333333334
5646,1083666.6666666667
5647,995833.3333333334
5648,560666.6666666666
5649,2380000.0
5650,843700.0
5651,1433333.3333333333
5652,361833.3333333333
5653,1081666.6666666667
5654,1011666.6666666666
5655,956666.6666666666
5656,332333.3333333333
5657,345666.6666666667
5658,1814833.3333333333
5659,648333.3333333334
5660,312333.3333333333
5661,409666.6666666667
5662,1863333.3333333333
5663,1039666.6666666666
5664,900333.3333333334
5665,598333.3333333334
5666,1027666.6666666666
5667,2805000.0
5668,580000.0
5669,1273333.3333333333
5670,2336666.6666666665
5671,521666.6666666667
5672,1013333.3333333334
5673,2686666.6666666665
5674,1282333.3333333333
5675,674629.3333333334
5676,1993333.3333333333
5677,2306666.6666666665
5678,1584000.0
5679,1047666.6666666666
5680,612000.0
5681,893833.3333333334
5682,2936666.6666666665
5683,910000.0
5684,574000.0
5685,1095000.0
5686,896333.3333333334
5687,606666.6666666666
5688,1610000.0
5689,1203666.6666666667
5690,1333333.3333333333
5691,835333.3333333334
5692,1971666.6666666667
5693,1241000.0
5694,1236666.6666666667
5695,678333.3333333334
5696,532333.3333333334
5697,748500.0
5698,1050666.6666666667
5699,579166.6666666666
5700,746666.6666666666
5701,829833.3333333334
5702,878333.3333333334
5703,1085000.0
5704,613666.6666666666
5705,1201666.6666666667
5706,840666.6666666666
5707,1415333.3333333333
5708,2096666.6666666667
5709,988666.6666666666
5710,945000.0
5711,1370000.0
5712,903500.0
5713,1375000.0
5714,924666.6666666666
5715,1200333.3333333333
5716,1140000.0
5717,344000.0
5718,2862000.0
5719,1083000.0
5720,1103333.3333333333
5721,727666.6666666666
5722,1335666.6666666667
5723,792250.0
5724,613666.6666666666
5725,1051666.6666666667
5726,865333.3333333334
5727,974166.6666666666
5728,1013333.3333333334
5729,566250.0
5730,1035000.0
5731,805000.0
5732,536666.6666666666
5733,788333.3333333334
5734,634333.3333333334
5735,1525000.0
5736,982666.6666666666
5737,2255000.0
5738,1085000.0
5739,1425000.0
5740,841333.3333333334
5741,850000.0
5742,899333.3333333334
5743,2216666.6666666665
5744,652500.0
5745,760000.0
5746,2941666.6666666665
5747,716333.3333333334
5748,870000.0
5749,933166.6666666666
5750,1537500.0
5751,843333.3333333334
5752,944500.0
5753,587333.3333333334
5754,970000.0
5755,522000.0
5756,977333.3333333334
5757,1330000.0
5758,1010333.3333333334
5759,765000.0
5760,667833.3333333334
5761,792250.0
5762,715333.3333333334
5763,559833.3333333334
5764,1120000.0
5765,802166.6666666666
5766,464333.3333333333
5767,804333.3333333334
5768,414666.6666666667
5769,2367000.0
5770,1835000.0
5771,1446000.0
5772,1101000.0
5773,1948333.3333333333
5774,1192666.6666666667
5775,2355333.3333333335
5776,1418666.6666666667
5777,1480666.6666666667
5778,407333.3333333333
5779,581666.6666666666
5780,1401666.6666666667
5781,1084000.0
5782,765333.3333333334
5783,746500.0
5784,752000.0
5785,875333.3333333334
5786,1091666.6666666667
5787,486666.6666666667
5788,614666.6666666666
5789,1613333.3333333333
5790,861666.6666666666
5791,557000.0
5792,1030000.0
5793,835500.0
5794,549433.3333333334
5795,905666.6666666666
5796,639666.6666666666
5797,1764833.3333333333
5798,973166.6666666666
5799,850000.0
5800,395250.0
5801,844000.0
5802,1371666.6666666667
5803,1116666.6666666667
5804,1088666.6666666667
5805,783333.3333333334
5806,516166.6666666667
5807,960333.3333333334
5808,1370666.6666666667
5809,1910600.0
5810,944666.6666666666
5811,1155166.6666666667
5812,780000.0
5813,492500.0
5814,2196666.6666666665
5815,2590000.0
5816,602666.6666666666
5817,543333.3333333334
5818,818500.0
5819,793666.6666666666
5820,968333.3333333334
5821,951666.6666666666
5822,1442000.0
5823,1241166.6666666667
5824,1126666.6666666667
5825,1228333.3333333333
5826,531833.3333333334
5827,493333.3333333333
5828,2305000.0
5829,1570666.6666666667
5830,1558333.3333333333
5831,626000.0
5832,1130000.0
5833,1146666.6666666667
5834,546000.0
5835,599666.6666666666
5836,244666.66666666666
5837,863666.6666666666
5838,1003333.3333333334
5839,4125000.0
5840,630000.0
5841,1454333.3333333333
5842,715333.3333333334
5843,544166.6666666666
5844,846666.6666666666
5845,333833.3333333333
5846,1110333.3333333333
5847,800000.0
5848,474000.0
5849,1620000.0
5850,2250000.0
5851,723000.0
5852,1401666.6666666667
5853,845333.3333333334
5854,660000.0
5855,1105000.0
5856,1138333.3333333333
5857,3173333.3333333335
5858,1066666.6666666667
5859,1224166.6666666667
5860,2623666.6666666665
5861,1265000.0
5862,596333.3333333334
5863,571000.0
5864,1098666.6666666667
5865,757666.6666666666
5866,958333.3333333334
5867,668333.3333333334
5868,709333.3333333334
5869,758333.3333333334
5870,1009000.0
5871,885000.0
5872,567999.6666666666
5873,945000.0
5874,1243333.3333333333
5875,947666.6666666666
5876,744666.6666666666
5877,1215000.0
5878,618333.3333333334
5879,494666.6666666667
5880,1280000.0
5881,1195666.6666666667
5882,1180000.0
5883,3280000.0
5884,1893333.3333333333
5885,473833.3333333333
5886,1304000.0
5887,1750000.0
5888,1920000.0
5889,384000.0
5890,1563333.3333333333
5891,611000.0
5892,2600000.0
5893,821333.3333333334
5894,920000.0
5895,1318333.3333333333
5896,955000.0
5897,769000.0
5898,457000.0
5899,700000.0
5900,621500.0
5901,765833.3333333334
5902,1180000.0
5903,1131666.6666666667
5904,1550333.3333333333
5905,1273333.3333333333
5906,1083500.0
5907,2725000.0
5908,958333.3333333334
5909,1710000.0
5910,1196666.6666666667
5911,695000.0
5912,473666.6666666667
5913,2211666.6666666665
5914,291366.6666666667
5915,1128666.6666666667
5916,1324000.0
5917,1720000.0
5918,1106000.0
5919,1544000.0
5920,511666.6666666667
5921,686000.0
5922,365833.3333333333
5923,1200333.3333333333
5924,979000.0
5925,625000.0
5926,608333.3333333334
5927,1268333.3333333333
5928,803166.6666666666
5929,1414666.6666666667
5930,1111666.6666666667
5931,1148666.6666666667
5932,1693666.6666666667
5933,875833.3333333334
5934,1521666.6666666667
5935,981666.6666666666
5936,566000.0
5937,757666.6666666666
5938,1333666.6666666667
5939,1143000.0
5940,1800933.3333333333
5941,756333.3333333334
5942,1912000.0
5943,799000.0
5944,423666.6666666667
5945,3462000.0
5946,733333.3333333334
5947,804000.0
5948,630000.0
5949,2066666.6666666667
5950,708333.3333333334
5951,1435000.0
5952,598666.6666666666
5953,773333.3333333334
5954,707333.3333333334
5955,1888333.3333333333
5956,656666.6666666666
5957,788000.0
5958,998333.3333333334
5959,867033.3333333334
5960,970333.3333333334
5961,1926666.6666666667
5962,1424000.0
5963,1120000.0
5964,1886666.6666666667
5965,1563333.3333333333
5966,598666.6666666666
5967,651666.6666666666
5968,1505000.0
5969,678500.0
5970,510166.6666666667
5971,1046666.6666666666
5972,1520000.0
5973,1240833.3333333333
5974,811666.6666666666
5975,1161166.6666666667
5976,828333.3333333334
5977,2186666.6666666665
5978,605833.3333333334
5979,1483333.3333333333
5980,417000.0
5981,1161666.6666666667
5982,575000.0
5983,1335000.0
5984,535000.0
5985,608666.6666666666
5986,845333.3333333334
5987,1074333.3333333333
5988,1208833.3333333333
5989,2620000.0
5990,818166.6666666666
5991,1851666.6666666667
5992,1232333.3333333333
5993,1096666.6666666667
5994,745333.3333333334
5995,1558333.3333333333
5996,1784166.6666666667
5997,1157333.3333333333
5998,574166.6666666666
5999,635833.3333333334
6000,1619666.6666666667
6001,1065000.0
6002,1318333.3333333333
6003,914000.0
6004,684666.6666666666
6005,3411666.6666666665
6006,535000.0
6007,755000.0
6008,793333.3333333334
6009,615666.6666666666
6010,611666.6666666666
6011,314833.3333333333
6012,650000.0
6013,1228333.3333333333
6014,405000.0
6015,768666.6666666666
6016,976666.6666666666
6017,1136333.3333333333
6018,880166.6666666666
6019,479666.6666666667
6020,783333.3333333334
6021,606000.0
6022,610000.0
6023,377000.0
6024,740000.0
6025,1420000.0
6026,593333.3333333334
6027,603000.0
6028,881000.0
6029,767666.6666666666
6030,1836666.6666666667
6031,889666.6666666666
6032,649333.3333333334
6033,1140833.3333333333
6034,1245000.0
6035,357000.0
6036,1986333.3333333333
6037,2107333.3333333335
6038,1001666.6666666666
6039,615166.6666666666
6040,802000.0
6041,1107000.0
6042,1057333.3333333333
6043,1020000.0
6044,497000.0
6045,606666.6666666666
6046,1046000.0
6047,1182666.6666666667
6048,1303333.3333333333
6049,685000.0
6050,719166.6666666666
6051,869666.6666666666
6052,1021666.6666666666
6053,1241666.6666666667
6054,1201666.6666666667
6055,2990000.0
6056,1671666.6666666667
6057,343666.6666666667
6058,544166.6666666666
6059,1560666.6666666667
6060,1351666.6666666667
6061,531500.0
6062,1530000.0
6063,434000.0
6064,468333.3333333333
6065,372000.0
6066,2295000.0
6067,1063666.6666666667
6068,341666.6666666667
6069,722000.0
6070,1170333.3333333333
6071,1036666.6666666666
6072,2251666.6666666665
6073,975833.3333333334
6074,873333.3333333334
6075,1377000.0
6076,1136000.0
6077,930333.3333333334
6078,1021000.0
6079,793666.6666666666
6080,2020000.0
6081,713333.3333333334
6082,490333.3333333333
6083,415000.0
6084,538333.3333333334
6085,496000.0
6086,745666.6666666666
6087,683000.0
6088,802333.3333333334
6089,956666.6666666666
6090,878666.6666666666
6091,795333.3333333334
6092,2403333.3333333335
6093,612500.0
6094,495000.0
6095,817333.3333333334
6096,1140333.3333333333
6097,1618666.6666666667
6098,1152666.6666666667
6099,1082000.0
6100,663333.3333333334
6101,647333.3333333334
6102,1047666.6666666666
6103,655500.0
6104,1479166.6666666667
6105,370666.6666666667
6106,1413333.3333333333
6107,608333.3333333334
6108,792250.0
6109,346666.6666666667
6110,650000.0
6111,852449.0
6112,754166.6666666666
6113,2053666.6666666667
6114,2416666.6666666665
6115,825666.6666666666
6116,376000.0
6117,1337666.6666666667
6118,990666.6666666666
6119,1680466.6666666667
6120,841333.3333333334
6121,650000.0
6122,746666.6666666666
6123,905000.0
6124,1174333.3333333333
6125,622833.3333333334
6126,714000.0
6127,770000.0
6128,1026333.3333333334
6129,678000.0
6130,523333.3333333333
6131,784166.6666666666
6132,1134500.0
6133,435000.0
6134,1370000.0
6135,697500.0
6136,1064166.6666666667
6137,1092500.0
6138,1261666.6666666667
6139,2816666.6666666665
6140,418333.3333333333
6141,1301666.6666666667
6142,921666.6666666666
6143,1129000.0
6144,1316666.6666666667
6145,343333.3333333333
6146,775000.0
6147,494166.6666666667
6148,1159000.0
6149,2505000.0
6150,1781666.6666666667
6151,1335000.0
6152,1130000.0
6153,778333.3333333334
6154,845833.3333333334
6155,1500333.3333333333
6156,1234166.6666666667
6157,637666.6666666666
6158,2100000.0
6159,524333.3333333334
6160,528333.3333333334
6161,787833.3333333334
6162,792250.0
6163,2292000.0
6164,1423333.3333333333
6165,668333.3333333334
6166,552333.3333333334
6167,876666.6666666666
6168,1399333.3333333333
6169,690000.0
6170,457000.0
6171,1241666.6666666667
6172,1375166.6666666667
6173,1300000.0
6174,2160000.0
6175,2170000.0
6176,1501666.6666666667
6177,891000.0
6178,1101333.3333333333
6179,1023333.3333333334
6180,811666.6666666666
6181,673500.0
6182,1106000.0
6183,783333.3333333334
6184,1371666.6666666667
6185,629000.0
6186,443666.6666666667
6187,563333.3333333334
6188,973333.3333333334
6189,701666.6666666666
6190,606000.0
6191,618500.0
6192,509333.3333333333
6193,956666.6666666666
6194,426666.6666666667
6195,1636666.6666666667
6196,923500.0
6197,726666.6666666666
6198,805000.0
6199,655000.0
6200,1582000.0
6201,837500.0
6202,1305333.3333333333
6203,973333.3333333334
6204,936666.6666666666
6205,765000.0
6206,979000.0
6207,1011666.6666666666
6208,2070666.6666666667
6209,634333.3333333334
6210,973833.3333333334
6211,822500.0
6212,1104333.3333333333
6213,869000.0
6214,1598833.3333333333
6215,555333.3333333334
6216,833333.3333333334
6217,1495333.3333333333
6218,708666.6666666666
6219,1583666.6666666667
6220,1005666.6666666666
6221,1037333.3333333334
6222,616833.3333333334
6223,507000.0
6224,746666.6666666666
6225,760000.0
6226,1085333.3333333333
6227,2314000.0
6228,807333.3333333334
6229,876333.3333333334
6230,1595000.0
6231,504000.0
6232,623333.3333333334
6233,361666.6666666667
6234,2116666.6666666665
6235,685666.6666666666
6236,731000.0
6237,540000.0
6238,1698166.6666666667
6239,596666.6666666666
6240,1454333.3333333333
6241,652000.0
6242,888333.3333333334
6243,1001666.6666666666
6244,687333.3333333334
6245,1365000.0
6246,1173666.6666666667
6247,1030666.6666666666
6248,855000.0
6249,1386666.6666666667
6250,1568333.3333333333
6251,1080000.0
6252,402000.0
6253,729166.6666666666
6254,890000.0
6255,1375000.0
6256,793333.3333333334
6257,399333.3333333333
6258,702500.0
6259,770666.6666666666
6260,726166.6666666666
6261,1151666.6666666667
6262,1458000.0
6263,737666.6666666666
6264,985000.0
6265,3083333.3333333335
6266,835000.0
6267,1425000.0
6268,803333.3333333334
6269,1240666.6666666667
6270,1585000.0
6271,593333.3333333334
6272,1401666.6666666667
6273,1635000.0
6274,670333.3333333334
6275,939666.6666666666
6276,1268333.3333333333
6277,512333.3333333333
6278,1145000.0
6279,576666.6666666666
6280,743000.0
6281,640000.0
6282,487666.6666666667
6283,1176750.0
6284,821000.0
6285,720833.3333333334
6286,3220000.0
6287,596333.3333333334
6288,1084000.0
6289,2766666.6666666665
6290,990666.6666666666
6291,486000.0
6292,2296666.6666666665
6293,777500.0
6294,859000.0
6295,1090666.6666666667
6296,1412500.0
6297,1235000.0
6298,3462000.0
6299,2018333.3333333333
6300,883333.3333333334
6301,825666.6666666666
6302,493666.6666666667
6303,743666.6666666666
6304,606333.3333333334
6305,320000.0
6306,1718333.3333333333
6307,1100000.0
6308,744666.6666666666
6309,1730933.3333333333
6310,1395000.0
6311,1595666.6666666667
6312,880666.6666666666
6313,2336666.6666666665
6314,1360666.6666666667
6315,772000.0
6316,1891666.6666666667
6317,574166.6666666666
6318,3028333.3333333335
6319,700666.6666666666
6320,1469000.0
6321,505333.3333333333
6322,1219000.0
6323,1301666.6666666667
6324,711666.6666666666
6325,841666.6666666666
6326,2625000.0
6327,450666.6666666667
6328,652666.6666666666
6329,679333.3333333334
6330,911666.6666666666
6331,966666.6666666666
6332,2983333.3333333335
6333,657333.3333333334
6334,928333.3333333334
6335,786666.6666666666
6336,848333.3333333334
6337,1107000.0
6338,485500.0
6339,1820000.0
6340,1025000.0
6341,867333.3333333334
6342,2235000.0
6343,807333.3333333334
6344,2671666.6666666665
6345,951666.6666666666
6346,1280000.0
6347,1090000.0
6348,510666.6666666667
6349,454000.0
6350,2320000.0
6351,536666.6666666666
6352,2725000.0
6353,2102000.0
6354,575166.6666666666
6355,1055333.3333333333
6356,800666.6666666666
6357,1748333.3333333333
6358,577666.6666666666
6359,814000.0
6360,1585000.0
6361,439166.6666666667
6362,571000.0
6363,956833.3333333334
6364,421666.6666666667
6365,415000.0
6366,1275666.6666666667
6367,545000.0
6368,906066.6666666666
6369,938666.6666666666
6370,1255000.0
6371,570333.3333333334
6372,335000.0
6373,445000.0
6374,679666.6666666666
6375,942000.0
6376,618333.3333333334
6377,676666.6666666666
6378,504666.6666666667
6379,787833.3333333334
6380,1411666.6666666667
6381,940000.0
6382,599333.3333333334
6383,788333.3333333334
6384,630000.0
6385,1479333.3333333333
6386,3525000.0
6387,1160666.6666666667
6388,971833.3333333334
6389,896666.6666666666
6390,343666.6666666667
6391,877666.6666666666
6392,916666.6666666666
6393,877666.6666666666
6394,1278333.3333333333
6395,1107000.0
6396,716000.0
6397,1164000.0
6398,720000.0
6399,1172000.0
6400,499333.3333333333
6401,1031666.6666666666
6402,826666.6666666666
6403,914166.6666666666
6404,1452000.0
6405,484333.3333333333
6406,970000.0
6407,1006333.3333333334
6408,1219500.0
6409,1641666.6666666667
6410,372666.6666666667
6411,1720000.0
6412,780833.3333333334
6413,932500.0
6414,991666.6666666666
6415,818333.3333333334
6416,618000.0
6417,822500.0
6418,855333.3333333334
6419,1426166.6666666667
6420,1229000.0
6421,3350000.0
6422,1995000.0
6423,690666.6666666666
6424,1116666.6666666667
6425,626000.0
6426,764333.3333333334
6427,1846666.6666666667
6428,761666.6666666666
6429,845333.3333333334
6430,993333.3333333334
6431,710583.3333333334
6432,2197000.0
6433,2296666.6666666665
6434,773666.6666666666
6435,865000.0
6436,1120000.0
6437,630000.0
6438,740333.3333333334
6439,876666.6666666666
6440,1965333.3333333333
6441,2118333.3333333335
6442,610333.3333333334
6443,1338333.3333333333
6444,1154000.0
6445,1321666.6666666667
6446,1713333.3333333333
6447,443666.6666666667
6448,1444000.0
6449,807333.3333333334
6450,540000.0
6451,790000.0
6452,552333.3333333334
6453,432114.6666666667
6454,740666.6666666666
6455,1167000.0
6456,360666.6666666667
6457,932000.0
6458,2266666.6666666665
6459,803333.3333333334
6460,1159566.6666666667
6461,755666.6666666666
6462,658666.6666666666
6463,536333.3333333334
6464,668333.3333333334
6465,920000.0
6466,556000.0
6467,615000.0
6468,916666.6666666666
6469,1461666.6666666667
6470,441000.0
6471,1235000.0
6472,1244000.0
6473,721000.0
6474,680666.6666666666
6475,1852000.0
6476,901666.6666666666
6477,1191666.6666666667
6478,1257833.3333333333
6479,344833.3333333333
6480,564333.3333333334
6481,740333.3333333334
6482,298166.6666666667
6483,1093333.3333333333
6484,1020000.0
6485,452666.6666666667
6486,983333.3333333334
6487,1145666.6666666667
6488,370333.3333333333
6489,1393333.3333333333
6490,1465166.6666666667
6491,1298500.0
6492,756666.6666666666
6493,1033333.3333333334
6494,1963333.3333333333
6495,457000.0
6496,759000.0
6497,515333.3333333333
6498,1144333.3333333333
6499,593333.3333333334
6500,796666.6666666666
6501,1328666.6666666667
6502,1082666.6666666667
6503,1102666.6666666667
6504,1573333.3333333333
6505,781666.6666666666
6506,1454333.3333333333
6507,2913333.3333333335
6508,1995000.0
6509,683000.0
6510,362333.3333333333
6511,619333.3333333334
6512,3627333.3333333335
6513,1169166.6666666667
6514,1963333.3333333333
6515,970000.0
6516,1815000.0
6517,1052000.0
6518,468333.3333333333
6519,1440333.3333333333
6520,510666.6666666667
6521,1953333.3333333333
6522,661666.6666666666
6523,2114666.6666666665
6524,584666.6666666666
6525,635900.0
6526,935000.0
6527,1371666.6666666667
6528,1730933.3333333333
6529,1241166.6666666667
6530,922666.6666666666
6531,591666.6666666666
6532,515666.6666666667
6533,1953333.3333333333
6534,692666.6666666666
6535,1327666.6666666667
6536,958333.3333333334
6537,1216666.6666666667
6538,591666.6666666666
6539,1284000.0
6540,550000.0
6541,516333.3333333333
6542,585000.0
6543,464333.3333333333
6544,871666.6666666666
6545,1243666.6666666667
6546,800000.0
6547,485666.6666666667
6548,650000.0
6549,649333.3333333334
6550,562666.6666666666
6551,1118666.6666666667
6552,1653333.3333333333
6553,894400.0
6554,610000.0
6555,1551666.6666666667
6556,1050000.0
6557,1687500.0
6558,671000.0
6559,496166.6666666667
6560,855833.3333333334
6561,912333.3333333334
6562,421000.0
6563,970833.3333333334
6564,1161666.6666666667
6565,2090000.0
6566,456666.6666666667
6567,653500.0
6568,772666.6666666666
6569,571000.0
6570,1377000.0
6571,1725333.3333333333
6572,476666.6666666667
6573,870333.3333333334
6574,496000.0
6575,1005666.6666666666
6576,1326666.6666666667
6577,669333.3333333334
6578,1365333.3333333333
6579,1826666.6666666667
6580,515666.6666666667
6581,745666.6666666666
6582,1233000.0
6583,1102333.3333333333
6584,1238333.3333333333
6585,738333.3333333334
6586,793333.3333333334
6587,1200666.6666666667
6588,386000.0
6589,319166.6666666667
6590,656666.6666666666
6591,480000.0
6592,1395000.0
6593,1086666.6666666667
6594,1548333.3333333333
6595,902000.0
6596,795666.6666666666
6597,1064333.3333333333
6598,912666.6666666666
6599,773333.3333333334
6600,2130000.0
6601,2306666.6666666665
6602,933666.6666666666
6603,2901666.6666666665
6604,832000.0
6605,763833.3333333334
6606,859666.6666666666
6607,820000.0
6608,1143000.0
6609,1330333.3333333333
6610,342500.0
6611,985166.6666666666
6612,3160000.0
6613,507000.0
6614,1363666.6666666667
6615,1207333.3333333333
6616,724500.0
6617,614833.3333333334
6618,1108666.6666666667
6619,610333.3333333334
6620,422416.6666666667
6621,758500.0
6622,1173333.3333333333
6623,1170000.0
6624,805333.3333333334
6625,1315333.3333333333
6626,1237500.0
6627,1743333.3333333333
6628,712500.0
6629,2663333.3333333335
6630,463333.3333333333
6631,2461000.0
6632,914000.0
6633,3151000.0
6634,343333.3333333333
6635,1562666.6666666667
6636,2883333.3333333335
6637,1724333.3333333333
6638,1231666.6666666667
6639,1386500.0
6640,1573333.3333333333
6641,951000.0
6642,775000.0
6643,690000.0
6644,1294166.6666666667
6645,544666.6666666666
6646,822833.3333333334
6647,592000.0
6648,761000.0
6649,723666.6666666666
6650,826666.6666666666
6651,1582000.0
6652,500000.0
6653,810000.0
6654,3018333.3333333335
6655,965000.0
6656,1641666.6666666667
6657,702500.0
6658,1341000.0
6659,1180000.0
6660,1343333.3333333333
6661,300666.6666666667
6662,790333.3333333334
6663,475000.0
6664,633833.3333333334
6665,792250.0
6666,1313333.3333333333
6667,1496333.3333333333
6668,858333.3333333334
6669,1791666.6666666667
6670,1900000.0
6671,1353333.3333333333
6672,686333.3333333334
6673,1450000.0
6674,574833.3333333334
6675,906166.6666666666
6676,580166.6666666666
6677,1797333.3333333333
6678,903333.3333333334
6679,967500.0
6680,519666.6666666667
6681,646333.3333333334
6682,2794333.3333333335
6683,1528333.3333333333
6684,1710000.0
6685,733750.0
6686,2723333.3333333335
6687,1014000.0
6688,1009666.6666666666
6689,1873333.3333333333
6690,1088333.3333333333
6691,574333.3333333334
6692,1340166.6666666667
6693,433500.0
6694,806666.6666666666
6695,983333.3333333334
6696,2046666.6666666667
6697,705000.0
6698,1034333.3333333334
6699,802833.3333333334
6700,334000.0
6701,1578333.3333333333
6702,372666.6666666667
6703,390000.0
6704,1530000.0
6705,1629500.0
6706,377166.6666666667
6707,867000.0
6708,1336666.6666666667
6709,1380000.0
6710,1235000.0
6711,418333.3333333333
6712,1300000.0
6713,1035000.0
6714,1238333.3333333333
6715,1306666.6666666667
6716,1385000.0
6717,779166.6666666666
6718,1170000.0
6719,1380000.0
6720,772000.0
6721,987000.0
6722,1366666.6666666667
6723,552333.3333333334
6724,1087333.3333333333
6725,413333.3333333333
6726,466666.6666666667
6727,920000.0
6728,953333.3333333334
6729,826000.0
6730,718333.3333333334
6731,1502000.0
6732,760333.3333333334
6733,488166.6666666667
6734,372333.3333333333
6735,3425000.0
6736,611000.0
6737,1046666.6666666666
6738,1730666.6666666667
6739,746333.3333333334
6740,945000.0
6741,484333.3333333333
6742,1380000.0
6743,1002000.0
6744,861666.6666666666
6745,1787333.3333333333
6746,532333.3333333334
6747,1135333.3333333333
6748,764666.6666666666
6749,943666.6666666666
6750,638000.0
6751,818333.3333333334
6752,788000.0
6753,2250000.0
6754,223666.66666666666
6755,1144333.3333333333
6756,1471666.6666666667
6757,1291666.6666666667
6758,747466.6666666666
6759,1575000.0
6760,403666.6666666667
6761,1008666.6666666666
6762,970833.3333333334
6763,1186666.6666666667
6764,1594666.6666666667
6765,694000.0
6766,600500.0
6767,3535000.0
6768,1683333.3333333333
6769,1270333.3333333333
6770,346666.6666666667
6771,2384000.0
6772,748333.3333333334
6773,679833.3333333334
6774,987333.3333333334
6775,1268333.3333333333
6776,608166.6666666666
6777,1100000.0
6778,1681666.6666666667
6779,644000.0
6780,656666.6666666666
6781,402000.0
6782,804666.6666666666
6783,1616666.6666666667
6784,705000.0
6785,722000.0
6786,959000.0
6787,540666.6666666666
6788,769333.3333333334
6789,905666.6666666666
6790,1086000.0
6791,1042333.3333333334
6792,540000.0
6793,900333.3333333334
6794,1900000.0
6795,1140000.0
6796,1548833.3333333333
6797,679333.3333333334
6798,893333.3333333334
6799,1443400.0
6800,608333.3333333334
6801,463666.6666666667
6802,790000.0
6803,745666.6666666666
6804,1228333.3333333333
6805,1904333.3333333333
6806,499000.0
6807,1283333.3333333333
6808,496666.6666666667
6809,1101666.6666666667
6810,319166.6666666667
6811,694666.6666666666
6812,828333.3333333334
6813,1562666.6666666667
6814,706666.6666666666
6815,604166.6666666666
6816,1681666.6666666667
6817,575666.6666666666
6818,673500.0
6819,868000.0
6820,1242000.0
6821,1966666.6666666667
6822,1376666.6666666667
6823,778833.3333333334
6824,1343333.3333333333
6825,630000.0
6826,1043333.3333333334
6827,480000.0
6828,463333.3333333333
6829,1580000.0
6830,323333.3333333333
6831,1235000.0
6832,1166666.6666666667
6833,494166.6666666667
6834,2088333.3333333333
6835,556833.3333333334
6836,1255000.0
6837,1681666.6666666667
6838,403333.3333333333
6839,981333.3333333334
6840,1166666.6666666667
6841,876333.3333333334
6842,459333.3333333333
6843,312333.3333333333
6844,1368666.6666666667
6845,622500.0
6846,889333.3333333334
6847,844666.6666666666
6848,518333.3333333333
6849,642666.6666666666
6850,1193333.3333333333
6851,1745000.0
6852,591833.3333333334
6853,1267000.0
6854,786000.0
6855,713333.3333333334
6856,712000.0
6857,1513333.3333333333
6858,2292000.0
6859,698833.3333333334
6860,737000.0
6861,683333.3333333334
6862,748833.3333333334
6863,333333.3333333333
6864,566000.0
6865,682000.0
6866,1832000.0
6867,765333.3333333334
6868,1146666.6666666667
6869,638833.3333333334
6870,615666.6666666666
6871,1243000.0
6872,869666.6666666666
6873,713333.3333333334
6874,1200333.3333333333
6875,633333.3333333334
6876,392666.6666666667
6877,933666.6666666666
6878,800000.0
6879,776666.6666666666
6880,835166.6666666666
6881,911000.0
6882,3280000.0
6883,886666.6666666666
6884,1072333.3333333333
6885,1493333.3333333333
6886,1166666.6666666667
6887,2525000.0
6888,936666.6666666666
6889,1868333.3333333333
6890,772333.3333333334
6891,1745000.0
6892,484000.0
6893,1120000.0
6894,793333.3333333334
6895,1066666.6666666667
6896,439000.0
6897,1742000.0
6898,1113333.3333333333
6899,895000.0
6900,865000.0
6901,1746500.0
6902,1402666.6666666667
6903,995000.0
6904,471666.6666666667
6905,510500.0
6906,1170333.3333333333
6907,1078000.0
6908,1352000.0
6909,798333.3333333334
6910,1261666.6666666667
6911,2136166.6666666665
6912,1214333.3333333333
6913,580000.0
6914,1306666.6666666667
6915,1796666.6666666667
6916,3075000.0
6917,2188333.3333333335
6918,387666.6666666667
6919,2550296.0
6920,943333.3333333334
6921,1343666.6666666667
6922,463833.3333333333
6923,939166.6666666666
6924,1000500.0
6925,1355000.0
6926,1181833.3333333333
6927,2478333.3333333335
6928,1180000.0
6929,518666.6666666667
6930,851666.6666666666
6931,759000.0
6932,727666.6666666666
6933,1576000.0
6934,1520000.0
6935,823833.3333333334
6936,690916.6666666666
6937,436333.3333333333
6938,1670000.0
6939,283000.0
6940,1236666.6666666667
6941,287500.0
6942,926666.6666666666
6943,480666.6666666667
6944,520666.6666666667
6945,1297666.6666666667
6946,805666.6666666666
6947,950833.3333333334
6948,1159000.0
6949,869000.0
6950,741666.6666666666
6951,671666.6666666666
6952,471666.6666666667
6953,1762133.3333333333
6954,596333.3333333334
6955,980000.0
6956,928666.6666666666
6957,1092500.0
6958,692833.3333333334
6959,474000.0
6960,1510333.3333333333
6961,981000.0
6962,1029333.3333333334
6963,1077666.6666666667
6964,762666.6666666666
6965,1685000.0
6966,830000.0
6967,1203666.6666666667
6968,850000.0
6969,1011666.6666666666
6970,584666.6666666666
6971,1256666.6666666667
6972,1005000.0
6973,334000.0
6974,346666.6666666667
6975,1343333.3333333333
6976,792500.0
6977,2180000.0
6978,810000.0
6979,1072500.0
6980,614666.6666666666
6981,406666.6666666667
6982,681166.6666666666
6983,1915000.0
6984,1350000.0
6985,688333.3333333334
6986,575666.6666666666
6987,1707000.0
6988,1100000.0
6989,1371666.6666666667
6990,1746500.0
6991,1308666.6666666667
6992,919500.0
6993,654333.3333333334
6994,724333.3333333334
6995,646583.3333333334
6996,963333.3333333334
6997,1516666.6666666667
6998,860000.0
6999,1444166.6666666667
7000,518666.6666666667
7001,1135000.0
7002,1117333.3333333333
7003,1730933.3333333333
7004,741666.6666666666
7005,708333.3333333334
7006,1180000.0
7007,3018333.3333333335
7008,1144333.3333333333
7009,940000.0
7010,1306000.0
7011,683333.3333333334
7012,982666.6666666666
7013,2456666.6666666665
7014,698333.3333333334
7015,1136666.6666666667
7016,1190000.0
7017,1306666.6666666667
7018,1425000.0
7019,970000.0
7020,773333.3333333334
7021,1221666.6666666667
7022,888066.6666666666
7023,663333.3333333334
7024,420333.3333333333
7025,1046666.6666666666
7026,605000.0
7027,1164333.3333333333
7028,469500.0
7029,597000.0
7030,804500.0
7031,707333.3333333334
7032,1697666.6666666667
7033,491500.0
7034,793333.3333333334
7035,906500.0
7036,775833.3333333334
7037,909000.0
7038,1260000.0
7039,575000.0
7040,1263666.6666666667
7041,1131666.6666666667
7042,571000.0
7043,516666.6666666667
7044,1675000.0
7045,849000.0
7046,813166.6666666666
7047,419333.3333333333
7048,892000.0
7049,869000.0
7050,1206833.3333333333
7051,1006333.3333333334
7052,1016166.6666666666
7053,913333.3333333334
7054,930000.0
7055,920000.0
7056,895333.3333333334
7057,592000.0
7058,860333.3333333334
7059,2416666.6666666665
7060,2086666.6666666667
7061,1787500.0
7062,663333.3333333334
7063,1410000.0
7064,846000.0
7065,607666.6666666666
7066,1048333.3333333334
7067,1595666.6666666667
7068,1222666.6666666667
7069,795000.0
7070,730166.6666666666
7071,1859666.6666666667
7072,855333.3333333334
7073,794666.6666666666
7074,1896666.6666666667
7075,593666.6666666666
7076,1530000.0
7077,472333.3333333333
7078,965000.0
7079,909166.6666666666
7080,2673333.3333333335
7081,3219000.0
7082,1532000.0
7083,705000.0
7084,807000.0
7085,476666.6666666667
7086,804666.6666666666
7087,423166.6666666667
7088,769833.3333333334
7089,1016666.6666666666
7090,1026000.0
7091,1297333.3333333333
7092,1003666.6666666666
7093,1085666.6666666667
7094,793333.3333333334
7095,800000.0
7096,2833333.3333333335
7097,1876666.6666666667
7098,897000.0
7099,716333.3333333334
7100,481666.6666666667
7101,1991000.0
7102,1195666.6666666667
7103,665000.0
7104,763333.3333333334
7105,443333.3333333333
7106,1375000.0
7107,790000.0
7108,970666.6666666666
7109,1161666.6666666667
7110,623900.0
7111,2506666.6666666665
7112,1309500.0
7113,782333.3333333334
7114,803000.0
7115,973333.3333333334
7116,466333.3333333333
7117,874666.6666666666
7118,505000.0
7119,1396666.6666666667
7120,1037000.0
7121,694666.6666666666
7122,1458666.6666666667
7123,842000.0
7124,1742000.0
7125,593500.0
7126,1150833.3333333333
7127,670000.0
7128,2088333.3333333333
7129,718333.3333333334
7130,632000.0
7131,1187166.6666666667
7132,990666.6666666666
7133,565333.3333333334
7134,630000.0
7135,1665000.0
7136,2378333.3333333335
7137,1258000.0
7138,623333.3333333334
7139,766000.0
7140,1106333.3333333333
7141,345666.6666666667
7142,793000.0
7143,662666.6666666666
7144,1643333.3333333333
7145,708000.0
7146,1250000.0
7147,916666.6666666666
7148,437000.0
7149,1055000.0
7150,549700.0
7151,1078333.3333333333
7152,1006333.3333333334
7153,788666.6666666666
7154,413333.3333333333
7155,2117333.3333333335
7156,820000.0
7157,792500.0
7158,1953333.3333333333
7159,2146333.3333333335
7160,1453333.3333333333
7161,526333.3333333334
7162,732000.0
7163,536666.6666666666
7164,2858333.3333333335
7165,1865000.0
7166,712000.0
7167,1736666.6666666667
7168,1600333.3333333333
7169,370333.3333333333
7170,598666.6666666666
7171,1479333.3333333333
7172,726666.6666666666
7173,1235666.6666666667
7174,1563333.3333333333
7175,606500.0
7176,1146666.6666666667
7177,813333.3333333334
7178,964500.0
7179,527333.3333333334
7180,988333.3333333334
7181,680000.0
7182,1135000.0
7183,980666.6666666666
7184,937666.6666666666
7185,1345000.0
7186,1445666.6666666667
7187,712333.3333333334
7188,837000.0
7189,980000.0
7190,518333.3333333333
7191,530000.0
7192,1080000.0
7193,2506666.6666666665
7194,718333.3333333334
7195,830666.6666666666
7196,1069333.3333333333
7197,955000.0
7198,1262333.3333333333
7199,631000.0
7200,938333.3333333334
7201,1138333.3333333333
7202,841333.3333333334
7203,1325333.3333333333
7204,701833.3333333334
7205,2075000.0
7206,517333.3333333333
7207,756000.0
7208,841333.3333333334
7209,486666.6666666667
7210,1032333.3333333334
7211,1008500.0
7212,1052666.6666666667
7213,420333.3333333333
7214,648666.6666666666
7215,1033333.3333333334
7216,772333.3333333334
7217,1178566.6666666667
7218,1755333.3333333333
7219,1365333.3333333333
7220,666666.6666666666
7221,1270000.0
7222,505000.0
7223,1116666.6666666667
7224,1444833.3333333333
7225,489000.0
7226,1537333.3333333333
7227,1035666.6666666666
7228,766166.6666666666
7229,1994333.3333333333
7230,1306666.6666666667
7231,474000.0
7232,439166.6666666667
7233,2516666.6666666665
7234,737666.6666666666
7235,616666.6666666666
7236,773333.3333333334
7237,496000.0
7238,598666.6666666666
7239,823333.3333333334
7240,1065000.0
7241,561333.3333333334
7242,482500.0
7243,888333.3333333334
7244,964266.6666666666
7245,885166.6666666666
7246,707333.3333333334
7247,748333.3333333334
7248,1100000.0
7249,1431666.6666666667
7250,813166.6666666666
7251,1997500.0
7252,1238333.3333333333
7253,1910600.0
7254,1915000.0
7255,776333.3333333334
7256,1575000.0
7257,795833.3333333334
7258,1258000.0
7259,937000.0
7260,942500.0
7261,746666.6666666666
7262,822333.3333333334
7263,1363666.6666666667
7264,870000.0
7265,512166.6666666667
7266,1480666.6666666667
7267,1110000.0
7268,507000.0
7269,317333.3333333333
7270,611666.6666666666
7271,970833.3333333334
7272,938333.3333333334
7273,1102333.3333333333
7274,1070833.3333333333
7275,1130000.0
7276,801666.6666666666
7277,1686666.6666666667
7278,831666.6666666666
7279,1310000.0
7280,1006333.3333333334
7281,1285000.0
7282,872000.0
7283,1852000.0
7284,606500.0
7285,482000.0
7286,388666.6666666667
7287,2615000.0
7288,814666.6666666666
7289,1351666.6666666667
7290,794666.6666666666
7291,1069333.3333333333
7292,793000.0
7293,902000.0
7294,606666.6666666666
7295,521666.6666666667
7296,374000.0
7297,1368666.6666666667
7298,833333.3333333334
7299,912666.6666666666
7300,595666.6666666666
7301,844166.6666666666
7302,1639000.0
7303,291666.6666666667
7304,1861666.6666666667
7305,590766.6666666666
7306,1645000.0
7307,1721000.0
7308,713333.3333333334
7309,861666.6666666666
7310,888333.3333333334
7311,576666.6666666666
7312,1641666.6666666667
7313,1163333.3333333333
7314,1450000.0
7315,1497333.3333333333
7316,771333.3333333334
7317,718333.3333333334
7318,790333.3333333334
7319,613500.0
7320,841333.3333333334
7321,1198666.6666666667
7322,1748333.3333333333
7323,1528333.3333333333
7324,1338333.3333333333
7325,2766666.6666666665
7326,623333.3333333334
7327,629666.6666666666
7328,573333.3333333334
7329,1558333.3333333333
7330,968333.3333333334
7331,533833.3333333334
7332,552333.3333333334
7333,1327666.6666666667
7334,1896666.6666666667
7335,1540000.0
7336,1277000.0
7337,1741666.6666666667
7338,468000.0
7339,1416666.6666666667
7340,1796666.6666666667
7341,1801666.6666666667
7342,741666.6666666666
7343,689666.6666666666
7344,632333.3333333334
7345,760666.6666666666
7346,900000.0
7347,580000.0
7348,490833.3333333333
7349,743166.6666666666
7350,920000.0
7351,536333.3333333334
7352,2251666.6666666665
7353,813666.6666666666
7354,1445000.0
7355,614833.3333333334
7356,1317000.0
7357,935833.3333333334
7358,1304000.0
7359,675666.6666666666
7360,1342000.0
7361,540833.3333333334
7362,780333.3333333334
7363,1828666.6666666667
7364,1637666.6666666667
7365,721666.6666666666
7366,995000.0
7367,550333.3333333334
7368,343666.6666666667
7369,2090000.0
7370,590000.0
7371,1685000.0
7372,1261666.6666666667
7373,1715000.0
7374,1001000.0
7375,948833.3333333334
7376,477000.0
7377,1950000.0
7378,526666.6666666666
7379,475333.3333333333
7380,1841666.6666666667
7381,1370666.6666666667
7382,783333.3333333334
7383,614000.0
7384,1074000.0
7385,604333.3333333334
7386,1390333.3333333333
7387,1466666.6666666667
7388,1130666.6666666667
7389,1745000.0
7390,586500.0
7391,632500.0
7392,1090666.6666666667
7393,1011666.6666666666
7394,410333.3333333333
7395,1775333.3333333333
7396,933333.3333333334
7397,1195666.6666666667
7398,773333.3333333334
7399,3050000.0
7400,718333.3333333334
7401,739666.6666666666
7402,802833.3333333334
7403,570500.0
7404,1327000.0
7405,1257833.3333333333
7406,848333.3333333334
7407,2250000.0
7408,359000.0
7409,515000.0
7410,1151666.6666666667
7411,509333.3333333333
7412,3508333.3333333335
7413,1029333.3333333334
7414,673500.0
7415,487000.0
7416,1557333.3333333333
7417,756666.6666666666
7418,1070000.0
7419,1548333.3333333333
7420,573666.6666666666
7421,715333.3333333334
7422,1315000.0
7423,1592666.6666666667
7424,2441666.6666666665
7425,2165000.0
7426,989333.3333333334
7427,632833.3333333334
7428,1803333.3333333333
7429,690666.6666666666
7430,641000.0
7431,929166.6666666666
7432,315666.6666666667
7433,618333.3333333334
7434,545333.3333333334
7435,1650333.3333333333
7436,466333.3333333333
7437,1444166.6666666667
7438,736666.6666666666
7439,1336000.0
7440,314666.6666666667
7441,670166.6666666666
7442,768333.3333333334
7443,409166.6666666667
7444,716333.3333333334
7445,1718333.3333333333
7446,765000.0
7447,1182666.6666666667
7448,1038333.3333333334
7449,1066666.6666666667
7450,1442000.0
7451,2501666.6666666665
7452,1385000.0
7453,556833.3333333334
7454,575166.6666666666
7455,625333.3333333334
7456,606500.0
7457,2698333.3333333335
7458,761000.0
7459,639666.6666666666
7460,502333.3333333333
7461,537000.0
7462,2020000.0
7463,984333.3333333334
7464,955000.0
7465,773000.0
7466,375666.6666666667
7467,493333.3333333333
7468,765000.0
7469,1343666.6666666667
7470,808666.6666666666
7471,1173333.3333333333
7472,329666.6666666667
7473,661666.6666666666
7474,452000.0
7475,1165000.0
7476,929166.6666666666
7477,657500.0
7478,1706666.6666666667
7479,1278333.3333333333
7480,551666.6666666666
7481,941666.6666666666
7482,1375833.3333333333
7483,416833.3333333333
7484,896666.6666666666
7485,1327000.0
7486,1416666.6666666667
7487,1247833.3333333333
7488,841666.6666666666
7489,1060666.6666666667
7490,461166.6666666667
7491,821666.6666666666
7492,820333.3333333334
7493,2288333.3333333335
7494,618666.6666666666
7495,700445.0
7496,851000.0
7497,1557000.0
7498,818333.3333333334
7499,1108666.6666666667
7500,745000.0
7501,1187333.3333333333
7502,2198333.3333333335
7503,865000.0
7504,1410000.0
7505,1105000.0
7506,1386500.0
7507,1395000.0
7508,1134333.3333333333
7509,827000.0
7510,986500.0
7511,1339166.6666666667
7512,846666.6666666666
7513,1020000.0
7514,1995000.0
7515,1496666.6666666667
7516,1349666.6666666667
7517,1059333.3333333333
7518,956666.6666666666
7519,446000.0
7520,1676666.6666666667
7521,555166.6666666666
7522,1751666.6666666667
7523,955000.0
7524,1802666.6666666667
7525,973833.3333333334
7526,1411666.6666666667
7527,843333.3333333334
7528,421666.6666666667
7529,877000.0
7530,639666.6666666666
7531,407833.3333333333
7532,1881666.6666666667
7533,1124000.0
7534,737333.3333333334
7535,2558333.3333333335
7536,2266666.6666666665
7537,689000.0
7538,826916.6666666666
7539,1887000.0
7540,966766.6666666666
7541,775333.3333333334
7542,814166.6666666666
7543,1370833.3333333333
7544,1939166.6666666667
7545,1127666.6666666667
7546,1295000.0
7547,1056000.0
7548,789166.6666666666
7549,728666.6666666666
7550,1151666.6666666667
7551,1110000.0
7552,582500.0
7553,1235000.0
7554,1495333.3333333333
7555,1303333.3333333333
7556,663333.3333333334
7557,768333.3333333334
7558,1102500.0
7559,1336166.6666666667
7560,2306666.6666666665
7561,1845333.3333333333
7562,612333.3333333334
7563,676666.6666666666
7564,970000.0
7565,459333.3333333333
7566,2285000.0
7567,1435000.0
7568,1889000.0
7569,1152666.6666666667
7570,996666.6666666666
7571,517333.3333333333
7572,1130000.0
7573,507000.0
7574,533333.3333333334
7575,555166.6666666666
7576,1102666.6666666667
7577,738833.3333333334
7578,841333.3333333334
7579,483666.6666666667
7580,795000.0
7581,757666.6666666666
7582,410333.3333333333
7583,764666.6666666666
7584,690333.3333333334
7585,1493333.3333333333
7586,363666.6666666667
7587,1081000.0
7588,586500.0
7589,510833.3333333333
7590,1280000.0
7591,819333.3333333334
7592,642666.6666666666
7593,1641666.6666666667
7594,640000.0
7595,1068000.0
7596,420000.0
7597,547333.3333333334
7598,703500.0
7599,1371666.6666666667
7600,491666.6666666667
7601,1294166.6666666667
7602,900166.6666666666
7603,905166.6666666666
7604,602000.0
7605,968333.3333333334
7606,775000.0
7607,1513333.3333333333
7608,738000.0
7609,656666.6666666666
7610,366000.0
7611,501866.6666666667
7612,478333.3333333333
7613,696666.6666666666
7614,1306666.6666666667
7615,748500.0
7616,1355000.0
7617,647166.6666666666
7618,3028333.3333333335
7619,379333.3333333333
7620,1446733.3333333333
7621,356666.6666666667
7622,1845333.3333333333
7623,968333.3333333334
7624,973333.3333333334
7625,1590000.0
7626,1416666.6666666667
7627,1243666.6666666667
7628,660666.6666666666
7629,1436666.6666666667
7630,1995000.0
7631,710333.3333333334
7632,1356666.6666666667
7633,1853333.3333333333
7634,598666.6666666666
7635,353500.0
7636,249500.0
7637,573333.3333333334
7638,914000.0
7639,476333.3333333333
7640,877666.6666666666
7641,2003666.6666666667
7642,1641666.6666666667
7643,900000.0
7644,1698333.3333333333
7645,809833.3333333334
7646,985000.0
7647,432114.6666666667
7648,1328666.6666666667
7649,1083666.6666666667
7650,1255000.0
7651,1458333.3333333333
7652,1545000.0
7653,1126666.6666666667
7654,810000.0
7655,504666.6666666667
7656,688666.6666666666
7657,1301666.6666666667
7658,550000.0
7659,606500.0
7660,1637333.3333333333
7661,748666.6666666666
7662,753666.6666666666
7663,1991666.6666666667
7664,1612666.6666666667
7665,608666.6666666666
7666,876333.3333333334
7667,1199000.0
7668,1242666.6666666667
7669,950000.0
7670,535833.6666666666
7671,1054500.0
7672,1586666.6666666667
7673,1412500.0
7674,1185833.3333333333
7675,1981166.6666666667
7676,1119000.0
7677,650000.0
7678,1194333.3333333333
7679,813166.6666666666
7680,851000.0
7681,878666.6666666666
7682,858000.0
7683,958666.6666666666
7684,656666.6666666666
7685,2325000.0
7686,865000.0
7687,345666.6666666667
7688,519333.3333333333
7689,1085000.0
7690,1548833.3333333333
7691,760666.6666666666
7692,813000.0
7693,809666.6666666666
7694,1111666.6666666667
7695,450000.0
7696,1167000.0
7697,552333.3333333334
7698,606500.0
7699,1195000.0
7700,684000.0
7701,388333.3333333333
7702,1068000.0
7703,723333.3333333334
7704,1530000.0
7705,613666.6666666666
7706,951666.6666666666
7707,1190000.0
7708,3300333.3333333335
7709,995000.0
7710,2055000.0
7711,590833.3333333334
7712,3400000.0
7713,990666.6666666666
7714,334000.0
7715,2450000.0
7716,308166.6666666667
7717,1245000.0
7718,686000.0
7719,716666.6666666666
7720,490833.3333333333
7721,3160000.0
7722,729166.6666666666
7723,1228333.3333333333
7724,1082000.0
7725,1378333.3333333333
7726,1225333.3333333333
7727,675066.6666666666
7728,1156666.6666666667
7729,722333.3333333334
7730,1132166.6666666667
7731,1235333.3333333333
7732,638000.0
7733,861666.6666666666
7734,1176666.6666666667
7735,918333.3333333334
7736,1816666.6666666667
7737,368333.3333333333
7738,1062833.3333333333
7739,714166.6666666666
7740,740666.6666666666
7741,1071666.6666666667
7742,929000.0
7743,1290000.0
7744,726666.6666666666
7745,662500.0
7746,637333.3333333334
7747,928333.3333333334
7748,588666.6666666666
7749,1771666.6666666667
7750,1165333.3333333333
7751,1133333.3333333333
7752,751500.0
7753,868000.0
7754,1263666.6666666667
7755,725333.3333333334
7756,1037000.0
7757,1598666.6666666667
7758,394333.3333333333
7759,1090000.0
7760,1548333.3333333333
7761,1055000.0
7762,938333.3333333334
7763,1454333.3333333333
7764,1246666.6666666667
7765,1222000.0
7766,1141666.6666666667
7767,1395000.0
7768,2046500.0
7769,593333.3333333334
7770,1342500.0
7771,439166.6666666667
7772,548333.3333333334
7773,588000.0
7774,485666.6666666667
7775,1050000.0
7776,2403333.3333333335
7777,884333.3333333334
7778,486666.6666666667
7779,693333.3333333334
7780,1228333.3333333333
7781,630666.6666666666
7782,1863333.3333333333
7783,536333.3333333334
7784,2073333.3333333333
7785,1416666.6666666667
7786,816333.3333333334
7787,926666.6666666666
7788,634166.6666666666
7789,835000.0
7790,533333.3333333334
7791,623833.3333333334
7792,975000.0
7793,390666.6666666667
7794,1443333.3333333333
7795,690333.3333333334
7796,830333.3333333334
7797,778666.6666666666
7798,1295000.0
7799,757666.6666666666
7800,1261933.3333333333
7801,1559500.0
7802,844500.0
7803,1061000.0
7804,1875666.6666666667
7805,623833.3333333334
7806,4233666.666666667
7807,836666.6666666666
7808,1170000.0
7809,873333.3333333334
7810,431666.6666666667
7811,918333.3333333334
7812,715166.6666666666
7813,764333.3333333334
7814,1210000.0
7815,1438333.3333333333
7816,863333.3333333334
7817,2618333.3333333335
7818,665000.0
7819,1978333.3333333333
7820,1101500.0
7821,313666.6666666667
7822,1036666.6666666666
7823,2211666.6666666665
7824,2313333.3333333335
7825,995000.0
7826,1423333.3333333333
7827,474000.0
7828,593500.0
7829,1235000.0
7830,1525333.3333333333
7831,2820000.0
7832,865000.0
7833,1323333.3333333333
7834,894333.3333333334
7835,694666.6666666666
7836,1460000.0
7837,953333.3333333334
7838,1852000.0
7839,355000.0
7840,1194333.3333333333
7841,839166.6666666666
7842,2075000.0
7843,746333.3333333334
7844,726166.6666666666
7845,2001666.6666666667
7846,1069999.6666666667
7847,625000.0
7848,1371666.6666666667
7849,745333.3333333334
7850,1084000.0
7851,1141666.6666666667
7852,623333.3333333334
7853,1403333.3333333333
7854,1095000.0
7855,911666.6666666666
7856,399083.3333333333
7857,743666.6666666666
7858,1400000.0
7859,689666.6666666666
7860,1280833.3333333333
7861,1821666.6666666667
7862,565000.0
7863,1530666.6666666667
7864,630000.0
7865,400614.6666666667
7866,836666.6666666666
7867,407333.3333333333
7868,584666.6666666666
7869,711000.0
7870,578333.3333333334
7871,2840666.6666666665
7872,1045000.0
7873,507000.0
7874,1125000.0
7875,1121666.6666666667
7876,890666.6666666666
7877,1720000.0
7878,513333.3333333333
7879,1110666.6666666667
7880,480666.6666666667
7881,718333.3333333334
7882,1403333.3333333333
7883,1057666.6666666667
7884,1082666.6666666667
7885,249500.0
7886,1221666.6666666667
7887,770000.0
7888,1260000.0
7889,2506666.6666666665
7890,1880000.0
7891,833666.6666666666
7892,3333333.3333333335
7893,1475333.3333333333
7894,2361666.6666666665
7895,2166666.6666666665
7896,1260833.3333333333
7897,929166.6666666666
7898,299833.3333333333
7899,2983333.3333333335
7900,538333.3333333334
7901,985000.0
7902,1246666.6666666667
7903,1474000.0
7904,1838333.3333333333
7905,1324333.3333333333
7906,1820000.0
7907,1241166.6666666667
7908,1192333.3333333333
7909,1641666.6666666667
7910,1396666.6666666667
7911,1550000.0
7912,818333.3333333334
7913,1780000.0
7914,1602000.0
7915,528333.3333333334
7916,1070666.6666666667
7917,1098333.3333333333
7918,733333.3333333334
7919,751333.3333333334
7920,524333.3333333334
7921,2820000.0
7922,518000.0
7923,1368333.3333333333
7924,2074666.6666666667
7925,696666.6666666666
7926,1758333.3333333333
7927,1664833.3333333333
7928,902333.3333333334
7929,847000.0
7930,1554166.6666666667
7931,826666.6666666666
7932,803666.6666666666
7933,822000.0
7934,2293333.3333333335
7935,357333.3333333333
7936,660333.3333333334
7937,889000.0
7938,791666.6666666666
7939,1231666.6666666667
7940,1153333.3333333333
7941,694000.0
7942,1377000.0
7943,691666.6666666666
7944,889500.0
7945,1948333.3333333333
7946,578666.6666666666
7947,975166.6666666666
7948,1239333.3333333333
7949,1280000.0
7950,1444000.0
7951,555166.6666666666
7952,625000.0
7953,1693333.3333333333
7954,982500.0
7955,756666.6666666666
7956,538666.6666666666
7957,1906666.6666666667
7958,668333.3333333334
7959,1173333.3333333333
7960,599000.0
7961,1570000.0
7962,1718333.3333333333
7963,1811666.6666666667
7964,1200000.0
7965,906066.6666666666
7966,1065000.0
7967,413666.6666666667
7968,1268666.6666666667
7969,1175000.0
7970,993333.3333333334
7971,1164333.3333333333
7972,669333.3333333334
7973,2754000.0
7974,1241666.6666666667
7975,805666.6666666666
7976,606629.3333333334
7977,3126666.6666666665
7978,1170000.0
7979,863333.3333333334
7980,598666.6666666666
7981,519333.3333333333
7982,2275000.0
7983,951666.6666666666
7984,2933333.3333333335
7985,448500.0
7986,1520833.3333333333
7987,1033333.3333333334
7988,623666.6666666666
7989,971166.6666666666
7990,1341000.0
7991,1953333.3333333333
7992,1108000.0
7993,987833.3333333334
7994,851000.0
7995,701666.6666666666
7996,555666.6666666666
7997,781333.3333333334
7998,2256166.6666666665
7999,660166.6666666666
8000,1688500.0
8001,1160666.6666666667
8002,1313833.3333333333
8003,729500.0
8004,529833.3333333334
8005,715333.3333333334
8006,620833.3333333334
8007,1743333.3333333333
8008,793666.6666666666
8009,1508666.6666666667
8010,1246000.0
8011,1525333.3333333333
8012,948333.3333333334
8013,1557666.6666666667
8014,1065333.3333333333
8015,735333.3333333334
8016,852000.0
8017,802333.3333333334
8018,2293333.3333333335
8019,1516166.6666666667
8020,1230000.0
8021,563333.3333333334
8022,3540166.6666666665
8023,2285000.0
8024,1213333.3333333333
8025,618666.6666666666
8026,518000.0
8027,1641666.6666666667
8028,608333.3333333334
8029,961000.0
8030,496333.3333333333
8031,1456666.6666666667
8032,1030000.0
8033,891000.0
8034,971833.3333333334
8035,572333.3333333334
8036,1168333.3333333333
8037,1063333.3333333333
8038,1017333.3333333334
8039,1650000.0
8040,1452000.0
8041,2816666.6666666665
8042,1228333.3333333333
8043,2127666.6666666665
8044,1164333.3333333333
8045,1826666.6666666667
8046,740333.3333333334
8047,1341000.0
8048,1730933.3333333333
8049,919333.3333333334
8050,1448000.0
8051,935000.0
8052,930333.3333333334
8053,1715000.0
8054,711666.6666666666
8055,1050000.0
8056,1096666.6666666667
8057,298166.6666666667
8058,801833.3333333334
8059,1890000.0
8060,673333.3333333334
8061,1074000.0
8062,890000.0
8063,1335000.0
8064,395666.6666666667
8065,645000.0
8066,563666.6666666666
8067,924666.6666666666
8068,714333.3333333334
8069,409166.6666666667
8070,771000.0
8071,1598833.3333333333
8072,876666.6666666666
8073,914333.3333333334
8074,414000.0
8075,1816666.6666666667
8076,598666.6666666666
8077,2366666.6666666665
8078,2156666.6666666665
8079,726666.6666666666
8080,416833.3333333333
8081,468000.0
8082,621500.0
8083,763667.0
8084,1406666.6666666667
8085,695666.6666666666
8086,515333.3333333333
8087,991666.6666666666
8088,832666.6666666666
8089,1045000.0
8090,1370000.0
8091,392000.0
8092,947000.0
8093,850666.6666666666
8094,563333.3333333334
8095,1583333.3333333333
8096,776666.6666666666
8097,625333.3333333334
8098,1005333.3333333334
8099,1680000.0
8100,915666.6666666666
8101,1125666.6666666667
8102,346666.6666666667
8103,663333.3333333334
8104,1623333.3333333333
8105,2085000.0
8106,624500.0
8107,2506666.6666666665
8108,723666.6666666666
8109,1036666.6666666666
8110,650000.0
8111,626000.0
8112,2858333.3333333335
8113,456000.0
8114,3718333.3333333335
8115,1047666.6666666666
8116,466833.3333333333
8117,990666.6666666666
8118,818333.3333333334
8119,875000.0
8120,1803333.3333333333
8121,758333.3333333334
8122,1316000.0
8123,522000.0
8124,1580000.0
8125,773666.6666666666
8126,1763333.3333333333
8127,551666.6666666666
8128,694000.0
8129,1006333.3333333334
8130,920000.0
8131,1519666.6666666667
8132,1009666.6666666666
8133,961666.6666666666
8134,2285000.0
8135,865000.0
8136,1530666.6666666667
8137,390666.6666666667
8138,1633333.3333333333
8139,1273333.3333333333
8140,1181666.6666666667
8141,524000.0
8142,875000.0
8143,1494166.6666666667
8144,629333.3333333334
8145,798333.3333333334
8146,604333.3333333334
8147,821666.6666666666
