index,Price
0,1894501.1
1,558912.7
2,950499.44
3,539279.8
4,812613.0
5,835955.25
6,435744.7
7,1572243.8
8,642126.44
9,1475329.5
10,1918143.5
11,781643.8
12,1053578.6
13,637991.8
14,587384.3
15,965584.1
16,531522.44
17,725969.06
18,2221177.5
19,475948.53
20,729015.6
21,1145966.0
22,948706.6
23,1408895.9
24,1550628.9
25,722044.2
26,584855.9
27,439802.34
28,725005.06
29,1206155.2
30,636858.8
31,1654365.1
32,166557.44
33,389611.1
34,825465.06
35,468888.0
36,1737990.4
37,649428.75
38,1063569.2
39,698495.0
40,1282006.8
41,1133887.2
42,1309692.0
43,279486.4
44,958953.8
45,1193353.0
46,711004.4
47,778735.9
48,417526.8
49,1152140.2
50,809045.25
51,2310613.2
52,570672.06
53,896285.25
54,2059301.1
55,523876.4
56,749587.8
57,1623942.1
58,1212576.1
59,1614424.4
60,631858.44
61,1396736.0
62,1343641.2
63,1276150.2
64,2621899.8
65,1399903.1
66,1286008.5
67,654137.44
68,1529756.1
69,783768.5
70,552074.75
71,1506464.5
72,1355570.0
73,1874868.8
74,1263110.5
75,1791217.9
76,800563.25
77,1137069.0
78,671241.94
79,2582791.8
80,815495.0
81,800410.0
82,451539.88
83,1789929.4
84,1173905.4
85,687453.2
86,928530.6
87,1696973.5
88,507817.34
89,446504.94
90,489287.38
91,1302261.1
92,1246867.5
93,1595712.6
94,1181224.4
95,2107735.8
96,507405.75
97,2435258.2
98,1330202.4
99,1236937.6
100,638419.7
101,1388707.6
102,2035622.8
103,1244289.9
104,357679.38
105,738616.8
106,1568482.6
107,1612867.0
108,648545.5
109,1645443.6
110,2402803.8
111,1094186.4
112,525334.44
113,1308748.4
114,2137833.8
115,551049.06
116,1349723.4
117,2464499.5
118,1353370.2
119,1498479.8
120,2133968.2
121,474744.06
122,1226121.8
123,996044.9
124,940664.56
125,1304149.2
126,2318579.2
127,547072.5
128,842495.7
129,782021.56
130,470806.34
131,892927.6
132,1134757.0
133,2598614.2
134,600935.56
135,925306.94
136,1132720.1
137,791000.1
138,842053.56
139,684805.8
140,1470560.5
141,1265424.1
142,979442.9
143,1088139.1
144,1078216.5
145,2297049.2
146,1763043.6
147,697399.7
148,1972429.5
149,1028034.4
150,477262.16
151,812797.94
152,452123.72
153,902225.75
154,1180133.4
155,1778577.8
156,1678346.4
157,1486170.5
158,559943.0
159,1181220.9
160,907489.56
161,2156953.8
162,1568111.5
163,546403.9
164,1292458.1
165,2080557.6
166,1394455.4
167,798500.75
168,510593.66
169,732051.1
170,1603830.4
171,1151093.0
172,815195.3
173,600752.75
174,557948.6
175,1247376.6
176,667468.75
177,512111.72
178,1252695.9
179,905977.7
180,2004506.8
181,1097418.1
182,670474.1
183,651843.0
184,1385533.6
185,1345445.1
186,2029713.6
187,1417099.8
188,792610.75
189,781136.1
190,641547.2
191,737796.06
192,586839.8
193,1298447.4
194,831790.5
195,1360615.8
196,984063.5
197,645624.8
198,717664.0
199,916085.44
200,690005.5
201,806687.0
202,521710.8
203,999972.75
204,1278684.6
205,2831955.5
206,1304563.1
207,1752832.5
208,900703.9
209,1218206.6
210,774744.56
211,979229.94
212,1902748.1
213,975546.44
214,788395.06
215,598689.3
216,980674.3
217,909400.2
218,1673572.6
219,663297.7
220,1259701.8
221,1346450.2
222,1843530.4
223,1727331.8
224,587462.8
225,1152658.1
226,1346853.2
227,860991.7
228,693493.9
229,480996.53
230,760474.0
231,851871.8
232,707748.94
233,2562962.0
234,1081118.0
235,952527.06
236,1014016.4
237,723413.1
238,2431041.0
239,2211738.8
240,908802.06
241,800674.06
242,1733955.8
243,1492023.0
244,2509154.8
245,321446.6
246,667621.75
247,1539834.9
248,1332188.6
249,1956669.8
250,493700.47
251,826414.0
252,1118818.0
253,626799.0
254,978764.94
255,786410.44
256,1404083.9
257,936966.4
258,730212.9
259,833810.7
260,704507.0
261,882653.0
262,1413958.0
263,1296227.6
264,1858670.8
265,1417185.6
266,1302057.5
267,1301387.6
268,1234000.0
269,1489062.2
270,973811.75
271,852989.94
272,1042174.44
273,1949100.1
274,453606.3
275,1118258.4
276,819746.75
277,715539.3
278,646029.56
279,1343116.9
280,1185492.9
281,382882.34
282,889256.6
283,717399.4
284,654116.6
285,1599439.6
286,823166.3
287,1419847.8
288,1291604.2
289,723001.75
290,1695746.9
291,2181790.2
292,1167870.0
293,2109435.8
294,1846311.4
295,1417785.6
296,441378.0
297,772285.75
298,837543.7
299,601141.6
300,1037077.3
301,864052.56
302,2366875.0
303,365395.4
304,2938015.2
305,773243.4
306,912311.8
307,877074.75
308,801743.44
309,918259.8
310,584479.5
311,485577.8
312,605757.3
313,2346025.8
314,992832.5
315,768052.0
316,744395.3
317,1692366.2
318,760736.94
319,605073.8
320,754484.6
321,746779.94
322,708149.6
323,601153.3
324,993126.5
325,694365.25
326,464964.97
327,1059989.0
328,3100255.5
329,789349.94
330,769434.1
331,1246170.4
332,667959.3
333,1683620.1
334,665575.6
335,609316.25
336,849783.9
337,1266848.4
338,782583.4
339,1103008.0
340,1086789.0
341,671581.44
342,1168947.6
343,1309638.6
344,928385.1
345,630954.0
346,1538570.8
347,766438.06
348,589527.06
349,477817.88
350,804308.44
351,1538866.5
352,1132587.4
353,1065710.9
354,702401.25
355,486743.62
356,245427.36
357,974440.44
358,1019418.06
359,827417.25
360,886422.9
361,630399.3
362,1353303.9
363,1208765.8
364,675482.0
365,435467.47
366,688741.44
367,460558.06
368,1101957.1
369,688180.06
370,1200728.2
371,1886716.2
372,1555780.0
373,1219420.8
374,1431957.6
375,1460783.4
376,2041322.9
377,277518.2
378,552866.94
379,778503.5
380,506974.5
381,1121832.8
382,820430.06
383,417838.12
384,907606.4
385,718026.06
386,1087342.5
387,1317314.4
388,529750.06
389,563145.56
390,747793.56
391,448421.97
392,1961380.8
393,1158227.6
394,1071092.6
395,1646098.9
396,1727212.2
397,622973.7
398,750888.4
399,848656.75
400,753737.0
401,2499185.0
402,931943.75
403,569909.2
404,644610.44
405,1167012.9
406,1694288.1
407,1799873.8
408,688741.44
409,559409.25
410,1055474.2
411,1492514.2
412,899123.3
413,886221.5
414,2319113.0
415,837426.75
416,1174293.2
417,1049527.2
418,997072.9
419,903903.3
420,620314.56
421,1105131.9
422,1883059.6
423,974876.75
424,1234410.5
425,1211295.0
426,592307.0
427,1904854.9
428,682644.2
429,926293.0
430,574026.06
431,1201682.1
432,2501517.8
433,1662724.8
434,561705.0
435,1013707.2
436,1076693.9
437,715574.4
438,1018564.44
439,1230468.4
440,736646.06
441,1023741.4
442,668098.3
443,1057715.6
444,362294.22
445,1412454.8
446,848802.25
447,1097947.0
448,1137460.4
449,836762.3
450,979442.9
451,855555.75
452,1911040.0
453,1143630.2
454,688698.7
455,987959.8
456,761475.7
457,882709.4
458,1479939.9
459,1412024.0
460,1010068.3
461,856108.1
462,1248738.6
463,598249.2
464,416493.56
465,609869.75
466,690662.75
467,625177.06
468,777104.56
469,1422333.0
470,761609.06
471,397135.9
472,1286264.4
473,888374.4
474,924749.3
475,1330710.9
476,1946767.5
477,631815.8
478,1282911.1
479,561426.2
480,640049.2
481,938677.2
482,1902784.6
483,1226183.9
484,501831.1
485,1839494.6
486,727846.0
487,379685.9
488,494723.28
489,1032002.6
490,1108902.9
491,1350065.9
492,918425.25
493,1031516.25
494,647376.06
495,910408.8
496,2402862.5
497,702172.75
498,672674.1
499,1384714.8
500,1012640.3
501,430002.1
502,1923912.5
503,445327.25
504,790665.5
505,550627.4
506,651462.7
507,1486990.6
508,745414.2
509,1081117.2
510,492480.2
511,1536626.0
512,1074549.4
513,720671.9
514,577026.06
515,1219392.9
516,768454.4
517,778827.44
518,1503870.5
519,2538739.8
520,627184.9
521,1178897.0
522,1764761.5
523,980419.1
524,701554.0
525,1199044.6
526,761512.56
527,1752454.6
528,407148.94
529,899672.5
530,3495523.2
531,1511433.4
532,1270105.2
533,977114.2
534,1227620.5
535,940073.25
536,644838.4
537,876262.06
538,632377.94
539,380059.56
540,1472700.2
541,1239542.9
542,1454995.9
543,378692.2
544,1716270.4
545,1197716.2
546,1479620.8
547,902379.9
548,1153315.1
549,1357776.2
550,634117.2
551,1208275.4
552,1992069.4
553,951235.1
554,1072137.0
555,1608856.2
556,1747477.8
557,813156.5
558,557655.75
559,2505462.8
560,635748.75
561,1068085.4
562,1196587.4
563,1449377.0
564,967171.3
565,1109494.9
566,576007.06
567,543022.75
568,1241467.9
569,1863220.4
570,1106484.9
571,392335.7
572,288348.53
573,1205703.5
574,1949619.6
575,631969.75
576,865849.75
577,1026835.7
578,556288.4
579,2174774.0
580,649034.8
581,621793.94
582,1662270.6
583,963814.2
584,1175482.9
585,780258.5
586,2529146.8
587,2002071.1
588,966853.94
589,1909413.2
590,743069.1
591,1172383.0
592,842684.75
593,1533875.4
594,482529.53
595,1787722.8
596,499009.12
597,863935.06
598,2108005.8
599,545814.8
600,1105307.8
601,1803769.5
602,391217.0
603,787187.75
604,564093.75
605,1501537.6
606,757048.3
607,1063988.9
608,1380531.4
609,1088985.1
610,265917.9
611,576732.1
612,941883.94
613,2410725.5
614,952563.9
615,803871.2
616,586502.8
617,667120.4
618,1102840.2
619,1076425.1
620,360332.94
621,2091472.4
622,256303.4
623,500054.72
624,324397.44
625,1676770.8
626,767643.8
627,1832392.9
628,1881629.0
629,1151830.9
630,942555.25
631,1127401.5
632,1328839.8
633,957532.94
634,1952132.1
635,948742.56
636,1270157.6
637,331693.53
638,978154.6
639,903098.06
640,1743843.0
641,682644.2
642,1641988.2
643,1661462.9
644,986261.9
645,2929051.5
646,450104.12
647,358153.97
648,746460.3
649,489808.62
650,1351245.8
651,950515.94
652,568288.75
653,794000.2
654,1260855.6
655,655513.75
656,2327150.2
657,670572.56
658,834499.56
659,1131706.6
660,1163865.4
661,501892.47
662,842008.6
663,950445.2
664,555677.3
665,787059.7
666,481657.28
667,686130.9
668,1232533.9
669,981544.94
670,1635454.0
671,630456.5
672,1432587.2
673,539646.3
674,584317.4
675,535406.3
676,747721.6
677,1251017.8
678,527728.25
679,1060171.1
680,694306.44
681,1047988.0
682,770941.25
683,438285.62
684,510917.62
685,1428069.5
686,859690.9
687,1554392.4
688,981910.9
689,1192330.5
690,1210928.6
691,2021599.9
692,940209.9
693,811014.5
694,843220.56
695,602401.6
696,505063.0
697,1390573.0
698,710976.06
699,2585746.2
700,794208.7
701,798947.2
702,2510611.8
703,883204.06
704,1999006.2
705,869833.0
706,1422938.1
707,751256.0
708,990588.9
709,1843842.1
710,553113.75
711,1088139.1
712,1313343.1
713,1029019.7
714,902281.06
715,939346.94
716,566931.4
717,1239121.1
718,727879.2
719,556013.2
720,993744.75
721,1089278.4
722,2397190.5
723,817462.25
724,875935.56
725,530168.0
726,811890.9
727,1279706.2
728,1219386.5
729,1773138.8
730,969770.8
731,978488.8
732,1663462.0
733,1252073.5
734,458816.94
735,805479.8
736,999496.44
737,1297405.6
738,730806.0
739,1914401.2
740,842506.7
741,653253.8
742,576744.5
743,1940735.6
744,1281236.0
745,1155398.1
746,2511940.5
747,857765.56
748,794667.7
749,1315018.4
750,1356662.6
751,1086695.4
752,1134154.1
753,1024871.1
754,780943.4
755,1133691.0
756,1015833.44
757,543042.5
758,511741.34
759,882569.0
760,1456406.6
761,937924.94
762,1061150.1
763,760362.06
764,365572.06
765,644186.75
766,1464720.2
767,2375154.0
768,472642.56
769,728110.4
770,392335.7
771,878854.7
772,703739.8
773,1103401.1
774,1424522.1
775,699491.9
776,892540.9
777,1120739.0
778,1020569.8
779,1685508.2
780,920308.06
781,445232.72
782,1735258.1
783,977851.7
784,574165.0
785,666700.9
786,1609980.4
787,1022174.56
788,872203.75
789,364183.28
790,1040416.8
791,832918.5
792,1660144.9
793,848169.0
794,1666831.4
795,831080.3
796,791781.7
797,713564.6
798,1100332.9
799,514813.0
800,1768865.4
801,1244280.2
802,2297636.0
803,1919146.8
804,469663.84
805,589368.9
806,348353.38
807,1249427.1
808,729015.6
809,1333303.8
810,1157175.0
811,1509607.9
812,579087.7
813,427769.6
814,1285042.2
815,838917.6
816,1251227.5
817,936112.1
818,767542.7
819,1113388.8
820,1128103.5
821,1255672.5
822,1583200.5
823,440542.28
824,1316508.9
825,1408696.4
826,1180126.2
827,870661.9
828,1118973.8
829,1211484.4
830,1030206.25
831,1097686.6
832,418490.03
833,1261162.9
834,1468973.1
835,584857.25
836,448045.94
837,1304414.1
838,1401030.1
839,1185323.0
840,793324.4
841,1478310.2
842,2142251.8
843,534650.06
844,1234121.0
845,1198610.9
846,699427.0
847,772499.44
848,1154521.9
849,1200023.9
850,2588921.2
851,1319070.6
852,554298.6
853,606704.06
854,747598.2
855,1337574.6
856,714974.94
857,1290157.5
858,860656.25
859,457630.6
860,1791623.9
861,2183043.8
862,2678792.0
863,839472.6
864,1457022.8
865,527127.75
866,1045709.8
867,1147712.6
868,2078131.0
869,727787.4
870,1535227.4
871,1007698.8
872,995067.4
873,681726.94
874,1405251.0
875,840261.2
876,904154.06
877,729152.4
878,604593.9
879,950284.7
880,402182.5
881,962513.25
882,939456.7
883,450946.38
884,776929.9
885,710456.1
886,1649267.8
887,647591.94
888,1238682.4
889,2213497.8
890,744129.3
891,759551.4
892,1331089.4
893,457842.28
894,648100.94
895,927541.8
896,787863.2
897,1211484.4
898,1067462.9
899,1086074.8
900,1040607.9
901,765414.7
902,1265424.1
903,713666.75
904,1013540.94
905,835230.44
906,803473.4
907,580343.25
908,1221812.6
909,485429.38
910,755177.75
911,1276564.6
912,664899.56
913,1335334.5
914,1186977.2
915,1350474.5
916,676548.6
917,549796.6
918,1152134.0
919,930026.94
920,487850.94
921,1394521.2
922,1206956.2
923,694012.75
924,1482293.6
925,1581960.5
926,816363.56
927,901714.06
928,1484823.8
929,739340.4
930,2290227.2
931,824147.8
932,665094.1
933,1522497.5
934,802872.4
935,974238.7
936,758230.8
937,1620243.4
938,1148478.6
939,319621.06
940,1191681.8
941,1841337.8
942,951534.9
943,969400.6
944,1946348.0
945,900489.8
946,1045634.9
947,1649682.6
948,1285652.8
949,935482.9
950,1251017.8
951,773991.1
952,340262.47
953,1571313.5
954,1371451.0
955,853417.2
956,796217.1
957,1222358.1
958,540599.94
959,2514331.0
960,732350.5
961,791724.44
962,581091.6
963,721802.5
964,439637.28
965,670773.94
966,949294.4
967,591536.75
968,1172105.2
969,1192085.4
970,515003.53
971,2165107.8
972,1082045.5
973,508353.2
974,706788.06
975,1180084.6
976,716169.9
977,1141273.4
978,829860.0
979,1293908.2
980,1496790.9
981,1020708.8
982,1025902.94
983,1405517.5
984,622299.94
985,1133691.0
986,1015391.8
987,1101715.0
988,976177.4
989,511741.34
990,965021.1
991,491227.2
992,1159721.0
993,971695.75
994,729356.94
995,1057243.5
996,980445.6
997,1973385.1
998,1370622.8
999,1170722.4
1000,893059.25
1001,604326.06
1002,588921.5
1003,1099066.1
1004,635294.2
1005,2312735.5
1006,736716.06
1007,386680.62
1008,1004328.56
1009,1127759.1
1010,421436.94
1011,1108721.5
1012,403261.03
1013,1690608.4
1014,1757029.4
1015,754025.5
1016,635754.75
1017,580116.94
1018,776667.7
1019,1737601.4
1020,1611179.0
1021,298781.2
1022,369836.7
1023,737333.1
1024,267653.22
1025,2083653.6
1026,697560.3
1027,389129.03
1028,731707.56
1029,1734076.9
1030,358879.1
1031,2750815.5
1032,648326.0
1033,1417161.0
1034,741098.75
1035,887253.25
1036,1836429.0
1037,1242260.0
1038,876800.75
1039,2245473.5
1040,1660144.9
1041,1196366.6
1042,638180.25
1043,414582.5
1044,560381.94
1045,1153719.1
1046,878468.4
1047,379102.1
1048,904894.1
1049,2227195.5
1050,476754.16
1051,673261.7
1052,339092.62
1053,1123615.1
1054,1169005.4
1055,881474.5
1056,644186.75
1057,748433.75
1058,1107811.0
1059,2293597.8
1060,1385780.6
1061,810209.8
1062,461010.06
1063,763982.2
1064,460397.62
1065,1260515.2
1066,575068.75
1067,1348211.9
1068,1403184.4
1069,1720951.8
1070,805239.94
1071,423232.66
1072,1264025.9
1073,743322.06
1074,1190793.5
1075,1863306.9
1076,1698797.2
1077,1123165.1
1078,1431960.6
1079,806180.4
1080,813987.2
1081,1474159.1
1082,2703701.0
1083,993744.75
1084,716033.4
1085,847048.9
1086,614507.8
1087,3613718.5
1088,1301821.8
1089,604329.4
1090,1307475.0
1091,644186.75
1092,1111964.8
1093,1108677.0
1094,750375.25
1095,1426091.4
1096,1053639.2
1097,784143.4
1098,1442270.0
1099,752863.8
1100,902126.9
1101,1634355.2
1102,737851.75
1103,772818.8
1104,1012345.1
1105,1052588.4
1106,1295419.5
1107,1155878.6
1108,543855.6
1109,815188.9
1110,1568323.4
1111,391954.78
1112,607829.06
1113,903255.5
1114,642547.56
1115,1856178.0
1116,1350161.2
1117,670215.4
1118,1434323.2
1119,1509906.4
1120,1346900.5
1121,702236.2
1122,644186.75
1123,1097352.2
1124,772547.4
1125,1329069.5
1126,1151687.6
1127,1091402.5
1128,1741245.5
1129,716722.6
1130,884053.0
1131,657675.7
1132,1071792.0
1133,3305956.8
1134,975315.06
1135,1734690.5
1136,796380.44
1137,1258056.8
1138,2038040.2
1139,832918.5
1140,1827103.5
1141,359265.97
1142,470810.66
1143,1245719.0
1144,748217.75
1145,1151270.8
1146,686988.7
1147,748551.5
1148,757818.06
1149,779397.9
1150,791158.0
1151,1127771.9
1152,1201586.0
1153,1327598.4
1154,2600905.5
1155,1145239.9
1156,536463.44
1157,470151.6
1158,2168966.2
1159,1037586.44
1160,897494.94
1161,667696.75
1162,1671267.6
1163,821883.2
1164,1281572.6
1165,919091.1
1166,805813.2
1167,770913.56
1168,761609.06
1169,977566.94
1170,820482.25
1171,831830.3
1172,1327903.2
1173,784659.1
1174,592835.6
1175,848197.8
1176,968499.3
1177,1000812.44
1178,1353804.4
1179,702344.1
1180,815625.5
1181,537267.9
1182,1162741.9
1183,1343116.9
1184,1261136.0
1185,823997.4
1186,1156970.1
1187,698961.0
1188,949226.7
1189,535534.8
1190,769434.25
1191,603576.3
1192,570672.06
1193,674178.5
1194,1958260.4
1195,1317906.9
1196,1763714.8
1197,847251.9
1198,1654838.1
1199,1065489.9
1200,880106.3
1201,809853.94
1202,1474410.2
1203,1132922.6
1204,594949.2
1205,1225297.2
1206,1082847.2
1207,889047.8
1208,677859.3
1209,498129.62
1210,1896646.1
1211,732560.4
1212,1302702.9
1213,721794.9
1214,549898.1
1215,2094656.9
1216,1314933.2
1217,813652.6
1218,1470941.1
1219,876894.0
1220,344990.2
1221,707796.1
1222,2024174.9
1223,680354.9
1224,1030970.3
1225,560061.75
1226,738399.6
1227,861817.25
1228,1987608.9
1229,527209.1
1230,1161940.5
1231,724135.06
1232,1159092.6
1233,1278836.4
1234,1549124.5
1235,777480.2
1236,553082.0
1237,1427253.5
1238,420588.7
1239,1870107.1
1240,1050540.8
1241,941605.4
1242,1072062.2
1243,712479.3
1244,422284.5
1245,939626.9
1246,1890192.1
1247,1624570.4
1248,873156.9
1249,2552814.8
1250,693976.94
1251,1398226.1
1252,744938.75
1253,362345.72
1254,488358.16
1255,1416113.0
1256,457575.62
1257,1819220.9
1258,682408.7
1259,422556.03
1260,686346.25
1261,1006468.2
1262,1498700.0
1263,1411814.1
1264,562315.1
1265,2934660.5
1266,1566810.4
1267,829463.1
1268,390620.9
1269,732839.75
1270,798377.5
1271,838538.94
1272,1212115.5
1273,1675444.4
1274,689155.94
1275,530199.44
1276,3156075.2
1277,938341.0
1278,1171476.4
1279,1798889.1
1280,982120.2
1281,1967872.8
1282,1270970.0
1283,2079171.4
1284,671119.8
1285,2214670.5
1286,1312011.0
1287,848829.75
1288,1510216.1
1289,1148631.5
1290,1182908.4
1291,1921994.9
1292,687026.25
1293,939172.44
1294,1015106.6
1295,935146.25
1296,321465.88
1297,1246458.1
1298,576044.0
1299,802665.2
1300,404202.28
1301,2079912.8
1302,1776837.1
1303,950801.6
1304,2233824.2
1305,1175628.2
1306,2542682.5
1307,645603.5
1308,898686.1
1309,677911.0
1310,1090554.9
1311,1195551.0
1312,1874868.8
1313,1687744.2
1314,1127297.1
1315,400206.34
1316,981466.75
1317,576893.94
1318,728223.8
1319,265059.06
1320,702124.8
1321,865983.5
1322,357571.62
1323,818154.56
1324,1135920.6
1325,912504.75
1326,690585.2
1327,1505082.2
1328,1659503.0
1329,1781300.9
1330,1451784.2
1331,832298.8
1332,2173787.5
1333,849538.7
1334,587226.1
1335,1230431.0
1336,849489.7
1337,1395864.8
1338,1350780.9
1339,1453472.8
1340,760281.06
1341,625995.0
1342,634707.44
1343,849596.75
1344,991739.2
1345,857573.3
1346,1492556.2
1347,2453976.8
1348,763593.6
1349,1246867.5
1350,881554.75
1351,1844471.2
1352,438953.66
1353,632397.8
1354,841512.56
1355,718756.3
1356,1009593.56
1357,926226.2
1358,1089475.5
1359,671581.44
1360,1260609.1
1361,926033.9
1362,487516.0
1363,729701.56
1364,1050149.5
1365,567953.3
1366,1176144.5
1367,637847.7
1368,1545133.5
1369,1781132.9
1370,938683.0
1371,1112383.5
1372,1993909.2
1373,1087399.5
1374,428261.44
1375,1151443.1
1376,462425.8
1377,904565.44
1378,1301787.0
1379,1202512.6
1380,456253.03
1381,1149951.6
1382,771707.8
1383,736646.06
1384,767564.75
1385,632859.75
1386,1500285.0
1387,1778159.6
1388,916670.3
1389,1555289.4
1390,450776.2
1391,654797.4
1392,663970.5
1393,2143764.5
1394,1465705.8
1395,650570.7
1396,2215357.2
1397,1104844.5
1398,958973.4
1399,606910.2
1400,778221.9
1401,802614.56
1402,979323.0
1403,781010.2
1404,890435.4
1405,725689.3
1406,393535.12
1407,1022643.75
1408,781665.5
1409,1084471.9
1410,1018564.44
1411,813532.3
1412,979323.0
1413,1305869.6
1414,905899.5
1415,2740828.8
1416,794810.6
1417,643928.1
1418,1349071.8
1419,726259.5
1420,644717.4
1421,763202.5
1422,3246599.8
1423,1394658.5
1424,939307.0
1425,842431.9
1426,1690109.2
1427,2887590.2
1428,1277162.6
1429,1071534.0
1430,1460840.5
1431,630117.6
1432,1498716.8
1433,1452664.6
1434,855555.75
1435,778907.7
1436,688738.8
1437,1659297.2
1438,1015990.5
1439,2045254.8
1440,371334.34
1441,1980438.1
1442,1263110.5
1443,495321.53
1444,692359.5
1445,522284.03
1446,2656205.5
1447,857006.1
1448,1571579.1
1449,1387909.6
1450,1544987.9
1451,855125.94
1452,768279.44
1453,583148.25
1454,910158.94
1455,1533438.4
1456,1048040.6
1457,1418830.6
1458,793840.6
1459,1011622.5
1460,803107.25
1461,1219801.5
1462,946803.56
1463,1033955.8
1464,1836648.9
1465,617874.4
1466,853277.8
1467,603816.44
1468,1173736.2
1469,1793497.2
1470,1174139.5
1471,744789.3
1472,889631.6
1473,1609642.4
1474,906241.1
1475,1175590.4
1476,846697.2
1477,1287287.0
1478,730033.06
1479,737644.3
1480,897890.06
1481,1678974.0
1482,1880704.2
1483,863769.06
1484,832964.9
1485,915825.3
1486,627901.25
1487,1226663.8
1488,769063.6
1489,512746.2
1490,773468.6
1491,1169040.9
1492,654515.56
1493,747911.94
1494,796500.0
1495,696298.2
1496,1365180.4
1497,994421.7
1498,457205.72
1499,1965416.2
1500,1902196.4
1501,700205.06
1502,1168115.0
1503,2036125.1
1504,2294841.2
1505,921615.06
1506,649660.7
1507,878525.75
1508,791024.9
1509,721371.6
1510,834554.25
1511,1656484.9
1512,622095.56
1513,2078373.0
1514,727398.75
1515,419349.38
1516,1049380.2
1517,1517547.8
1518,960410.7
1519,1252520.4
1520,1151840.5
1521,1142957.9
1522,1016618.4
1523,1099326.2
1524,957874.6
1525,1718039.1
1526,817495.1
1527,559943.0
1528,833725.1
1529,1379092.8
1530,876285.25
1531,369821.28
1532,1086514.4
1533,564312.9
1534,852398.44
1535,1143360.9
1536,1384714.8
1537,1700725.8
1538,1343520.1
1539,782947.3
1540,2157118.0
1541,626333.94
1542,1621997.4
1543,619599.75
1544,642369.2
1545,557681.7
1546,1166735.1
1547,1290714.6
1548,1131031.4
1549,877075.75
1550,359943.78
1551,922697.3
1552,1092873.4
1553,1014661.44
1554,804747.2
1555,1422333.0
1556,512111.72
1557,598176.3
1558,1146192.0
1559,901941.4
1560,1217383.6
1561,962558.4
1562,1278082.5
1563,909546.7
1564,1169040.9
1565,1190104.9
1566,979239.44
1567,1186952.8
1568,1196925.4
1569,340658.9
1570,2446346.2
1571,1569566.8
1572,1750908.8
1573,1203522.4
1574,1824960.6
1575,1471676.9
1576,1780112.6
1577,1530309.5
1578,545498.5
1579,1028213.25
1580,1811418.6
1581,898346.56
1582,1340107.2
1583,790968.2
1584,1502603.6
1585,753518.8
1586,1332467.9
1587,1432570.8
1588,1556812.5
1589,572342.75
1590,992484.4
1591,1605150.4
1592,1188503.1
1593,910687.75
1594,1933251.1
1595,359999.8
1596,506974.5
1597,1108663.9
1598,822285.5
1599,2469047.0
1600,1339873.0
1601,1810213.1
1602,1603522.4
1603,589527.06
1604,1175810.6
1605,2584844.2
1606,632295.9
1607,690735.8
1608,625039.0
1609,1132801.2
1610,525945.7
1611,308235.62
1612,1379092.8
1613,1246968.5
1614,1025722.7
1615,1796027.1
1616,600686.56
1617,884682.25
1618,1044049.9
1619,1376670.5
1620,1438577.9
1621,1468973.8
1622,1884522.1
1623,1362180.8
1624,1336378.6
1625,502829.2
1626,290395.6
1627,561250.4
1628,625509.6
1629,970354.0
1630,1086476.5
1631,438285.62
1632,1325101.6
1633,330119.2
1634,1262672.0
1635,1249893.8
1636,779063.06
1637,1251186.9
1638,604728.8
1639,734035.0
1640,1459392.8
1641,1426154.6
1642,1063455.1
1643,1557860.5
1644,762167.8
1645,492378.6
1646,795635.2
1647,1607030.6
1648,1460335.5
1649,1293517.0
1650,1160952.8
1651,923455.8
1652,821663.3
1653,912182.1
1654,896505.9
1655,1107103.0
1656,1094657.0
1657,1948965.8
1658,1889595.0
1659,737275.5
1660,2592075.8
1661,3020973.8
1662,1497106.2
1663,1362718.9
1664,977831.3
1665,1259834.4
1666,904788.6
1667,1094426.4
1668,806750.75
1669,2124918.0
1670,1106987.9
1671,1342118.5
1672,443040.3
1673,1610120.5
1674,2517313.2
1675,837605.25
1676,943034.2
1677,2906464.8
1678,476754.16
1679,599673.2
1680,2129207.5
1681,739696.75
1682,729965.44
1683,1158006.8
1684,2142892.8
1685,482877.4
1686,1886813.1
1687,1597929.1
1688,1635512.0
1689,650765.06
1690,1341911.2
1691,1177620.1
1692,2494740.2
1693,667711.2
1694,2344384.5
1695,693938.4
1696,1368425.9
1697,648799.0
1698,1083066.5
1699,1072062.2
1700,530199.44
1701,1339873.0
1702,1120843.1
1703,724558.9
1704,2698296.5
1705,2407362.8
1706,733987.06
1707,954693.7
1708,1022605.75
1709,768709.56
1710,1229960.6
1711,874375.9
1712,344832.5
1713,560623.06
1714,743470.0
1715,341291.28
1716,930179.1
1717,1019163.75
1718,615383.6
1719,430622.78
1720,1150101.4
1721,1854868.9
1722,1267699.9
1723,900013.1
1724,736922.0
1725,1985713.4
1726,1211247.6
1727,875501.06
1728,851819.25
1729,972062.0
1730,607871.1
1731,1223910.1
1732,952753.6
1733,930674.4
1734,1327973.4
1735,790264.56
1736,1627249.1
1737,1378532.9
1738,507405.75
1739,1054497.2
1740,455679.25
1741,730936.44
1742,276709.38
1743,542185.5
1744,806541.94
1745,952835.06
1746,574632.5
1747,511852.0
1748,1102426.5
1749,640495.2
1750,2495073.8
1751,1264904.4
1752,1250588.5
1753,2457212.8
1754,854527.9
1755,1029789.75
1756,488273.75
1757,1474111.0
1758,1085146.2
1759,703843.44
1760,864803.9
1761,1005867.75
1762,2057344.9
1763,415705.84
1764,778616.1
1765,540162.0
1766,1493327.4
1767,3498850.5
1768,1042494.6
1769,889648.6
1770,1451938.2
1771,1114231.4
1772,500380.6
1773,1872319.5
1774,923741.56
1775,990879.06
1776,709865.4
1777,980625.56
1778,1244496.1
1779,1309204.1
1780,1287109.6
1781,1143595.9
1782,380972.72
1783,1630213.5
1784,848377.94
1785,821990.25
1786,733956.4
1787,961299.75
1788,753235.4
1789,1149399.1
1790,897833.25
1791,605440.0
1792,511731.2
1793,605462.06
1794,2724024.0
1795,1357373.8
1796,1089572.8
1797,763053.9
1798,1328744.6
1799,1401878.9
1800,748472.4
1801,1016281.6
1802,675890.75
1803,2670336.0
1804,623370.4
1805,863555.7
1806,1144609.1
1807,1705821.4
1808,1311582.2
1809,1531900.8
1810,2134814.0
1811,1134729.0
1812,726506.6
1813,581209.6
1814,1435268.2
1815,1383959.2
1816,996946.6
1817,2001324.2
1818,464628.72
1819,1313330.8
1820,1032811.8
1821,1201448.4
1822,1216206.0
1823,671537.44
1824,725660.25
1825,772812.9
1826,1102598.0
1827,1164062.2
1828,1343116.9
1829,339557.12
1830,1155393.4
1831,1363261.1
1832,1773521.9
1833,733885.3
1834,793239.5
1835,752201.4
1836,1274184.0
1837,1079251.1
1838,773932.3
1839,850087.6
1840,494518.53
1841,712295.25
1842,1530679.5
1843,1579619.9
1844,1135968.9
1845,1767579.1
1846,851418.6
1847,846167.5
1848,747188.5
1849,1622183.1
1850,589119.5
1851,445232.72
1852,2294215.8
1853,1324664.5
1854,865649.8
1855,1152901.0
1856,1109007.9
1857,1107982.4
1858,697097.7
1859,1381401.1
1860,747349.9
1861,681733.9
1862,439015.97
1863,726925.5
1864,926581.1
1865,856258.4
1866,304220.4
1867,1207945.5
1868,1186429.5
1869,985867.9
1870,506454.6
1871,586010.7
1872,1072204.6
1873,1297300.2
1874,657216.7
1875,918666.6
1876,649771.06
1877,320266.62
1878,469136.8
1879,950891.5
1880,1058221.2
1881,563766.7
1882,881335.56
1883,1415473.8
1884,1237661.1
1885,1279598.2
1886,880740.5
1887,1506638.8
1888,808054.44
1889,1268672.8
1890,526847.94
1891,592306.8
1892,947090.6
1893,347703.34
1894,429975.1
1895,1150584.1
1896,565204.25
1897,877339.44
1898,1502895.2
1899,1485825.9
1900,1399563.4
1901,1107811.0
1902,917564.6
1903,697542.44
1904,934680.75
1905,528719.56
1906,744051.75
1907,988448.06
1908,814855.5
1909,812977.94
1910,440247.88
1911,2100178.8
1912,2347678.2
1913,1050175.5
1914,437532.1
1915,582689.4
1916,1764322.9
1917,1193483.5
1918,1015469.5
1919,552722.25
1920,2134435.2
1921,673281.9
1922,540197.2
1923,1054206.9
1924,702961.25
1925,1409189.6
1926,1024147.0
1927,861265.44
1928,573570.6
1929,760379.5
1930,1126524.1
1931,2073411.1
1932,1126965.4
1933,1217383.6
1934,3561197.5
1935,942664.06
1936,688740.44
1937,1249358.0
1938,685641.94
1939,448045.94
1940,422556.03
1941,1021569.2
1942,1176740.2
1943,559943.0
1944,965470.7
1945,424735.7
1946,756737.2
1947,1077852.8
1948,1424565.6
1949,1323101.2
1950,1528182.2
1951,3079214.8
1952,1661322.1
1953,1936826.0
1954,650765.06
1955,1934313.2
1956,766636.06
1957,1502844.8
1958,667826.2
1959,494761.38
1960,1067138.2
1961,863011.06
1962,792368.2
1963,934253.56
1964,490978.25
1965,439015.97
1966,804890.2
1967,1667526.4
1968,3107007.8
1969,1368644.5
1970,823663.75
1971,1274871.8
1972,1217383.6
1973,1012308.0
1974,691005.56
1975,714550.1
1976,785372.7
1977,1580480.1
1978,396769.53
1979,1049527.2
1980,763024.0
1981,1198501.6
1982,1035018.25
1983,1079342.9
1984,529750.06
1985,540631.2
1986,1652640.5
1987,944954.8
1988,581209.6
1989,1188909.6
1990,1465242.9
1991,536545.9
1992,960352.1
1993,1319029.1
1994,1866906.4
1995,1553377.5
1996,600989.06
1997,1148631.5
1998,1486103.6
1999,798242.9
2000,849933.25
2001,1566881.1
2002,1904116.6
2003,359317.7
2004,533230.9
2005,1156271.2
2006,1897544.0
2007,1095903.1
2008,1662688.9
2009,676814.75
2010,513667.53
2011,1024266.8
2012,1244676.9
2013,783068.9
2014,1073655.5
2015,2456190.0
2016,625177.06
2017,707062.56
2018,1673218.6
2019,1024871.1
2020,2117059.8
2021,432350.1
2022,340046.88
2023,470608.56
2024,1106976.5
2025,945226.6
2026,2452301.0
2027,541796.1
2028,739232.6
2029,578605.7
2030,443596.66
2031,2075197.0
2032,765404.7
2033,1004097.25
2034,386321.0
2035,423523.44
2036,931164.5
2037,864622.9
2038,1515214.2
2039,929867.56
2040,721640.1
2041,568451.0
2042,1540774.1
2043,655719.94
2044,1361091.9
2045,497103.28
2046,832291.0
2047,1065710.9
2048,1566074.5
2049,451616.8
2050,870095.44
2051,1290147.8
2052,879611.2
2053,1902258.9
2054,2825224.8
2055,1274739.1
2056,1824169.9
2057,669114.56
2058,1453280.1
2059,672541.2
2060,847493.06
2061,608577.4
2062,559943.0
2063,535900.44
2064,1411172.5
2065,522619.78
2066,958743.7
2067,1131985.8
2068,1152123.2
2069,2410076.8
2070,1677751.6
2071,742619.2
2072,843589.75
2073,1328929.2
2074,752296.44
2075,935679.4
2076,692388.9
2077,1220797.5
2078,1075268.9
2079,438132.5
2080,855773.9
2081,926664.5
2082,1663272.5
2083,835201.44
2084,1389757.5
2085,688747.06
2086,784562.8
2087,668036.3
2088,853152.4
2089,1607780.2
2090,454661.9
2091,1624749.6
2092,874735.0
2093,1087898.4
2094,636894.06
2095,923455.8
2096,1262157.1
2097,1273784.9
2098,1050901.5
2099,578750.9
2100,780213.1
2101,813068.4
2102,792817.5
2103,1217303.9
2104,686557.4
2105,1215818.9
2106,529457.94
2107,1445577.1
2108,1927146.6
2109,858340.7
2110,753291.4
2111,1329596.2
2112,871066.7
2113,668239.75
2114,906053.9
2115,671608.1
2116,1286426.8
2117,999348.56
2118,1194874.4
2119,1338278.0
2120,733242.56
2121,758537.3
2122,1039012.5
2123,1833885.1
2124,1366150.6
2125,1004311.9
2126,1379570.9
2127,914416.4
2128,564761.0
2129,952300.4
2130,494342.2
2131,1114324.0
2132,794606.56
2133,1571012.9
2134,933476.56
2135,775804.8
2136,1282346.6
2137,753497.6
2138,1234650.6
2139,2498928.2
2140,1327780.0
2141,927169.94
2142,911207.44
2143,1038883.75
2144,287278.5
2145,883970.4
2146,590563.8
2147,1511920.6
2148,1668754.1
2149,1765636.6
2150,772026.4
2151,2282481.8
2152,1478120.0
2153,826461.7
2154,1298475.4
2155,724202.8
2156,867350.7
2157,529627.94
2158,1510750.9
2159,624606.1
2160,1111821.2
2161,776268.8
2162,1589318.4
2163,580116.94
2164,433825.88
2165,1546319.8
2166,1633604.9
2167,559766.8
2168,463652.78
2169,659323.4
2170,1331563.5
2171,1146846.5
2172,1427586.1
2173,582522.6
2174,648165.3
2175,1523378.1
2176,1165531.9
2177,534407.94
2178,625819.75
2179,827390.2
2180,2754321.2
2181,501831.1
2182,1227315.0
2183,737474.9
2184,1441580.4
2185,694646.4
2186,587226.1
2187,2364229.0
2188,413784.84
2189,692214.94
2190,1335175.4
2191,445600.38
2192,1270676.8
2193,1261052.1
2194,676342.7
2195,2015762.6
2196,391033.06
2197,1123424.9
2198,1739038.6
2199,1003792.94
2200,1287107.1
2201,725798.06
2202,792333.1
2203,1214477.4
2204,1202102.9
2205,526521.4
2206,308250.6
2207,1294197.8
2208,1189845.8
2209,656889.8
2210,536348.94
2211,608738.1
2212,427322.8
2213,630537.6
2214,2019399.0
2215,410351.53
2216,2359495.5
2217,408577.9
2218,683487.44
2219,1515880.1
2220,700587.56
2221,808592.2
2222,1616312.0
2223,1418887.2
2224,1301033.5
2225,903713.5
2226,2070907.4
2227,796603.94
2228,1783370.5
2229,650199.94
2230,1126384.4
2231,2319746.5
2232,1526838.1
2233,965330.44
2234,732439.1
2235,748093.94
2236,1897532.5
2237,1421620.2
2238,1152105.2
2239,2598940.5
2240,631969.75
2241,580713.4
2242,315482.3
2243,1255975.5
2244,800361.06
2245,1308501.5
2246,1513943.9
2247,811042.2
2248,1433019.6
2249,396604.72
2250,1106520.6
2251,822503.4
2252,1457806.4
2253,724382.2
2254,1609028.8
2255,1461850.5
2256,772211.44
2257,1471841.9
2258,1287109.6
2259,943971.94
2260,1279618.9
2261,590115.25
2262,865774.44
2263,836759.56
2264,695816.94
2265,605220.7
2266,1139743.2
2267,1938019.2
2268,1049385.1
2269,1067181.8
2270,958973.4
2271,590472.6
2272,829239.94
2273,950101.8
2274,908218.4
2275,943866.2
2276,1016260.94
2277,840681.06
2278,1376670.5
2279,722552.6
2280,2639036.5
2281,419264.06
2282,1163684.0
2283,975204.7
2284,928601.7
2285,873467.75
2286,812640.8
2287,681491.7
2288,763889.1
2289,1220516.8
2290,1081850.6
2291,1479326.4
2292,1337137.1
2293,1066779.8
2294,779884.7
2295,820921.25
2296,1263579.8
2297,853152.4
2298,1112451.8
2299,1216278.2
2300,1049206.6
2301,583886.06
2302,1244657.5
2303,675659.7
2304,1768196.6
2305,1007747.7
2306,807528.44
2307,865335.5
2308,1006275.9
2309,833091.5
2310,706728.1
2311,1148605.6
2312,1025329.0
2313,825077.6
2314,1456070.6
2315,1001633.75
2316,1691761.2
2317,1421259.2
2318,1060111.6
2319,1256945.5
2320,1568957.2
2321,1016733.5
2322,736993.44
2323,960085.6
2324,950932.3
2325,2379407.5
2326,1062860.9
2327,682434.44
2328,484878.94
2329,786429.0
2330,491168.94
2331,806472.9
2332,982224.7
2333,946617.6
2334,1559053.4
2335,956317.06
2336,978765.6
2337,1140689.2
2338,968724.7
2339,1081118.0
2340,735636.3
2341,2002142.5
2342,1220178.9
2343,1411591.1
2344,1208111.6
2345,1285111.1
2346,1544031.8
2347,972505.4
2348,580726.0
2349,2743671.8
2350,414582.5
2351,766572.1
2352,1156912.4
2353,345816.22
2354,1007058.56
2355,384894.0
2356,1264166.0
2357,468469.06
2358,579385.9
2359,1369515.5
2360,1668263.9
2361,404189.72
2362,645562.3
2363,2186950.2
2364,389403.72
2365,1942535.9
2366,1146329.4
2367,580636.6
2368,3309648.8
2369,2003102.6
2370,734172.8
2371,903197.6
2372,838805.7
2373,2330724.0
2374,696298.2
2375,918983.25
2376,1108228.0
2377,657231.4
2378,644508.9
2379,424917.7
2380,1065023.2
2381,1207453.1
2382,791512.06
2383,820507.3
2384,999763.8
2385,992452.7
2386,1030499.75
2387,1615208.2
2388,1308635.0
2389,544162.4
2390,601401.56
2391,569837.75
2392,1134229.0
2393,1418664.1
2394,1699225.8
2395,1444009.6
2396,549929.94
2397,1416865.6
2398,838741.5
2399,1085967.2
2400,1284037.9
2401,1415466.9
2402,1314253.4
2403,1450257.6
2404,530595.0
2405,559943.0
2406,517064.56
2407,553310.06
2408,481657.28
2409,1119472.6
2410,1328243.0
2411,727736.44
2412,1229045.8
2413,1262215.1
2414,697144.8
2415,1071575.4
2416,638507.0
2417,1888864.4
2418,1652114.4
2419,1627254.8
2420,576893.94
2421,492572.88
2422,1581387.1
2423,474436.56
2424,778851.9
2425,2044854.6
2426,1445040.9
2427,562310.44
2428,487637.66
2429,2150699.5
2430,1561684.6
2431,419622.44
2432,978233.3
2433,1319123.2
2434,438691.56
2435,2959796.2
2436,1083697.1
2437,490011.84
2438,1872039.5
2439,1154038.6
2440,862181.56
2441,736425.56
2442,607537.2
2443,1485757.4
2444,1164898.6
2445,549588.7
2446,788356.44
2447,522645.06
2448,1011309.44
2449,600267.06
2450,951585.1
2451,1149799.4
2452,424460.28
2453,1427849.1
2454,501831.1
2455,328706.78
2456,912563.1
2457,486712.53
2458,836762.3
2459,1212822.1
2460,865096.5
2461,860631.94
2462,785618.5
2463,931074.0
2464,1128466.1
2465,1144677.0
2466,1343116.9
2467,471673.72
2468,1407075.6
2469,1130947.6
2470,671834.0
2471,2292885.5
2472,2335685.8
2473,511741.34
2474,688576.7
2475,737270.44
2476,2171727.0
2477,1257374.1
2478,1190408.1
2479,860775.5
2480,1122264.1
2481,2129323.2
2482,1109454.0
2483,826239.9
2484,763368.0
2485,1410725.6
2486,408631.66
2487,1087996.6
2488,1395053.6
2489,445327.25
2490,1509004.0
2491,998896.06
2492,1085827.1
2493,1070468.4
2494,2275744.5
2495,869758.56
2496,438285.62
2497,1061150.1
2498,681990.7
2499,1254485.0
2500,417838.12
2501,578605.7
2502,1124108.5
2503,770592.1
2504,622509.4
2505,419769.56
2506,742554.9
2507,1137447.0
2508,1416989.0
2509,654515.56
2510,646145.94
2511,511741.34
2512,1050008.0
2513,458146.6
2514,935451.44
2515,1527164.4
2516,587977.06
2517,854800.56
2518,710171.0
2519,657908.5
2520,1730295.5
2521,660061.44
2522,1708271.4
2523,1179434.2
2524,1201743.2
2525,483733.4
2526,515718.9
2527,1588138.6
2528,701804.06
2529,1465125.2
2530,580116.94
2531,747188.5
2532,981993.94
2533,1717586.4
2534,1820776.9
2535,1722091.1
2536,1172505.1
2537,767871.9
2538,1064699.0
2539,580116.94
2540,990291.44
2541,953996.56
2542,1468049.4
2543,1342722.4
2544,856426.06
2545,1237344.2
2546,1386539.5
2547,741158.5
2548,1399940.1
2549,1637822.0
2550,886422.9
2551,1289700.4
2552,973275.25
2553,988084.75
2554,1123342.1
2555,801560.5
2556,1550628.9
2557,653927.5
2558,946753.06
2559,363908.06
2560,475602.7
2561,892022.6
2562,1641866.1
2563,1295487.9
2564,414582.5
2565,664634.5
2566,1019231.8
2567,442270.6
2568,972355.7
2569,1133653.2
2570,283387.7
2571,2182624.5
2572,399928.22
2573,1245236.9
2574,1626408.9
2575,1452280.0
2576,1038688.0
2577,592699.4
2578,552221.1
2579,1641194.9
2580,563794.2
2581,1256604.9
2582,900225.0
2583,1208275.4
2584,893889.9
2585,779851.9
2586,1492636.1
2587,1309735.5
2588,991264.9
2589,979323.0
2590,1517746.8
2591,651623.1
2592,501831.1
2593,946177.1
2594,1956338.4
2595,833550.6
2596,576893.94
2597,1188237.6
2598,1408120.2
2599,1412053.6
2600,563015.7
2601,778389.44
2602,1884377.0
2603,1106862.2
2604,799944.06
2605,1588138.6
2606,938106.44
2607,433658.7
2608,488801.7
2609,671486.94
2610,2715901.0
2611,1190065.8
2612,1113151.0
2613,1357275.2
2614,1295977.6
2615,1118258.4
2616,815066.4
2617,1227980.1
2618,308762.94
2619,1009914.25
2620,713481.56
2621,984537.75
2622,293014.84
2623,671581.44
2624,766172.56
2625,1615282.4
2626,822438.1
2627,1416238.8
2628,1285638.8
2629,1346570.0
2630,1060180.1
2631,1092033.8
2632,1004100.75
2633,2151363.5
2634,1412615.1
2635,1009390.56
2636,871590.8
2637,887608.75
2638,1097418.1
2639,538902.75
2640,859582.5
2641,369760.12
2642,940436.0
2643,2520053.2
2644,970827.2
2645,1205558.6
2646,1438302.0
2647,711218.7
2648,678680.2
2649,341035.06
2650,1577017.2
2651,768886.2
2652,544240.4
2653,1022116.4
2654,1406527.9
2655,1190030.4
2656,675600.06
2657,845903.1
2658,1309673.1
2659,1358363.5
2660,3171969.5
2661,1224709.6
2662,775855.5
2663,1526838.1
2664,326668.78
2665,1455202.5
2666,1996783.1
2667,658837.7
2668,1974109.2
2669,427322.8
2670,997088.8
2671,889515.0
2672,1500004.1
2673,315271.62
2674,1087676.2
2675,1508579.2
2676,656114.44
2677,599363.56
2678,1178398.4
2679,704143.0
2680,891950.1
2681,994791.8
2682,481014.8
2683,2637183.5
2684,1390088.6
2685,1231953.5
2686,739962.06
2687,503772.03
2688,747232.3
2689,798893.9
2690,1067788.6
2691,1202313.0
2692,902648.94
2693,972578.06
2694,999460.06
2695,1585029.4
2696,805646.7
2697,1689745.2
2698,1884522.1
2699,2620100.5
2700,429207.7
2701,1955281.9
2702,1029630.5
2703,521973.56
2704,861064.8
2705,537389.44
2706,1499219.9
2707,1101865.4
2708,1955284.1
2709,832605.6
2710,1826066.5
2711,861174.75
2712,3396890.0
2713,3208780.5
2714,1185820.4
2715,918487.9
2716,1332868.9
2717,1282572.2
2718,662210.06
2719,551181.75
2720,1610734.8
2721,1660457.2
2722,1409216.6
2723,3077897.2
2724,2403069.2
2725,1080187.1
2726,605991.8
2727,695816.94
2728,946886.94
2729,1092719.8
2730,1145639.9
2731,1088188.8
2732,1003746.3
2733,1152721.5
2734,606807.1
2735,1630701.8
2736,1358153.4
2737,1100471.4
2738,769391.2
2739,593981.56
2740,691142.8
2741,773611.44
2742,2752292.2
2743,644562.75
2744,641903.06
2745,2008070.1
2746,1670302.9
2747,1568660.4
2748,781794.75
2749,1105568.6
2750,539166.1
2751,517137.84
2752,697761.9
2753,1166746.9
2754,952428.0
2755,1208906.5
2756,1199931.0
2757,641361.06
2758,1509790.0
2759,1328152.9
2760,362478.62
2761,1304957.5
2762,914592.4
2763,1821353.9
2764,1139428.8
2765,547379.25
2766,1069807.4
2767,2512241.2
2768,1228761.0
2769,1228852.4
2770,1179763.0
2771,876696.2
2772,670869.94
2773,533879.6
2774,1362941.6
2775,425456.5
2776,1416134.6
2777,677961.3
2778,352937.34
2779,1190407.2
2780,1388380.4
2781,1146332.5
2782,1155451.2
2783,1576178.0
2784,530595.0
2785,872830.1
2786,1850730.6
2787,598636.3
2788,1240382.2
2789,815066.4
2790,1304811.5
2791,1183994.5
2792,652377.2
2793,1824193.2
2794,315776.97
2795,648453.75
2796,2118744.0
2797,1187222.6
2798,953555.2
2799,545587.7
2800,1373461.5
2801,395291.84
2802,1508353.1
2803,1495002.4
2804,385765.6
2805,1623353.6
2806,1574618.2
2807,1432198.8
2808,641775.9
2809,333224.12
2810,505140.03
2811,417526.8
2812,1087898.4
2813,1262454.6
2814,625894.06
2815,1283665.8
2816,964075.6
2817,1298132.9
2818,1517561.2
2819,280084.7
2820,586853.25
2821,996776.06
2822,1072865.4
2823,782021.56
2824,740817.7
2825,949124.3
2826,968641.8
2827,1057985.2
2828,3323107.8
2829,565510.5
2830,930920.44
2831,676803.4
2832,666880.1
2833,691589.1
2834,1051089.5
2835,2096260.2
2836,618864.9
2837,1869343.2
2838,909736.94
2839,577439.3
2840,1129263.1
2841,2387675.0
2842,1822443.8
2843,1840474.4
2844,475284.4
2845,659642.56
2846,1988497.2
2847,1261782.8
2848,504533.78
2849,1319718.2
2850,1652848.8
2851,762376.3
2852,1131985.8
2853,480725.47
2854,364415.56
2855,2056183.5
2856,1849261.5
2857,1017297.56
2858,677213.75
2859,1546316.8
2860,597193.56
2861,1712082.5
2862,1424936.1
2863,2454253.0
2864,562404.8
2865,629484.75
2866,360717.44
2867,1501537.6
2868,833550.6
2869,1335499.0
2870,824839.06
2871,874314.25
2872,1876246.9
2873,2237779.8
2874,1081850.6
2875,1231681.6
2876,1362016.4
2877,1932209.0
2878,1184947.5
2879,460840.9
2880,1043384.9
2881,1232993.6
2882,491227.2
2883,770231.1
2884,1333928.1
2885,832663.7
2886,1486295.5
2887,622483.94
2888,515985.8
2889,464928.53
2890,847305.56
2891,1292760.6
2892,734028.6
2893,734666.6
2894,1406339.0
2895,2275229.2
2896,1211484.4
2897,531574.75
2898,1245230.1
2899,856108.75
2900,941883.94
2901,1636552.9
2902,527167.56
2903,1177626.5
2904,1902948.0
2905,630493.9
2906,591462.1
2907,1233050.8
2908,689025.5
2909,974965.7
2910,1058611.8
2911,2314428.5
2912,606000.4
2913,390139.2
2914,1089813.8
2915,1284210.2
2916,1897644.8
2917,1070769.1
2918,681631.44
2919,780942.5
2920,1164259.4
2921,748586.94
2922,953286.7
2923,465354.9
2924,841456.3
2925,545661.06
2926,1219603.0
2927,1163496.6
2928,496275.56
2929,767658.75
2930,1281482.9
2931,651109.94
2932,2123476.0
2933,1219568.1
2934,1001370.75
2935,737825.2
2936,427322.8
2937,644684.6
2938,957405.44
2939,1187694.4
2940,2225057.8
2941,1630930.0
2942,862149.75
2943,1062093.9
2944,858646.0
2945,1681756.0
2946,1363677.0
2947,527207.75
2948,725478.1
2949,613422.1
2950,903219.1
2951,1190793.5
2952,2172576.8
2953,923115.6
2954,653841.2
2955,620987.5
2956,1315222.0
2957,522197.66
2958,1068047.1
2959,689700.1
2960,1091370.4
2961,633623.5
2962,579624.0
2963,862808.44
2964,1219786.1
2965,764363.94
2966,858082.0
2967,586666.3
2968,1247929.9
2969,1231619.4
2970,842017.7
2971,773550.3
2972,1315489.6
2973,1147183.0
2974,467125.66
2975,1083318.5
2976,1211484.4
2977,733926.9
2978,704055.5
2979,1645919.9
2980,1501537.6
2981,1773668.8
2982,2311939.5
2983,479811.66
2984,439138.38
2985,941096.56
2986,783564.8
2987,463550.0
2988,1354873.9
2989,1332650.5
2990,1689893.8
2991,1517132.8
2992,376030.97
2993,682644.2
2994,1407450.4
2995,1146312.1
2996,944264.1
2997,1151017.9
2998,944703.3
2999,512582.25
3000,1949100.1
3001,1134225.1
3002,1185331.1
3003,820217.75
3004,1959245.8
3005,925753.7
3006,1734616.2
3007,895513.2
3008,1964972.9
3009,492604.44
3010,605673.44
3011,1139491.4
3012,707968.6
3013,1329005.2
3014,785177.94
3015,417479.53
3016,1059711.2
3017,784214.9
3018,222899.56
3019,1184060.9
3020,805880.44
3021,793356.56
3022,392273.06
3023,688576.7
3024,486672.28
3025,1399177.2
3026,777201.4
3027,1451275.0
3028,3542200.5
3029,733507.2
3030,738139.56
3031,1479063.5
3032,805876.2
3033,1337137.1
3034,1736970.0
3035,384362.16
3036,760084.56
3037,965165.7
3038,1959874.6
3039,1476602.5
3040,568871.9
3041,1770780.4
3042,932698.8
3043,671581.44
3044,617598.5
3045,985710.1
3046,1056922.4
3047,873088.8
3048,839934.06
3049,1130540.4
3050,380652.0
3051,1109454.0
3052,594000.8
3053,1310477.9
3054,631230.6
3055,534531.6
3056,1466935.2
3057,1327015.5
3058,1737743.9
3059,554670.4
3060,829887.8
3061,766866.5
3062,320922.06
3063,971146.8
3064,625678.3
3065,1911620.5
3066,950041.06
3067,890024.3
3068,1339100.8
3069,1725435.9
3070,761609.06
3071,1568761.9
3072,483774.2
3073,1877832.0
3074,778284.56
3075,640889.0
3076,2274208.0
3077,810010.75
3078,1272718.8
3079,863935.06
3080,658837.7
3081,752201.4
3082,651304.7
3083,493306.72
3084,478020.03
3085,1350964.2
3086,847748.6
3087,1224311.0
3088,1977747.9
3089,751295.2
3090,848847.5
3091,727573.5
3092,1231314.8
3093,669849.5
3094,998982.8
3095,849191.7
3096,1185541.2
3097,970817.6
3098,1009797.9
3099,696826.06
3100,1403044.4
3101,386155.4
3102,726651.2
3103,2392880.5
3104,1272821.1
3105,1704036.9
3106,1087778.4
3107,1111804.4
3108,1343125.0
3109,309427.3
3110,474436.56
3111,577184.0
3112,1335687.4
3113,1682329.6
3114,864460.4
3115,1111697.4
3116,350545.28
3117,677421.8
3118,1676374.8
3119,608684.6
3120,575128.6
3121,2334922.2
3122,654515.56
3123,1187155.9
3124,660111.4
3125,1505385.6
3126,828852.2
3127,2295489.8
3128,664508.9
3129,1659015.2
3130,1013667.8
3131,808289.5
3132,1064545.0
3133,808289.5
3134,1063988.9
3135,457368.5
3136,1455599.6
3137,1519097.5
3138,983701.8
3139,1911425.1
3140,1111586.0
3141,2276777.8
3142,1331360.5
3143,1728649.2
3144,764052.4
3145,1513386.5
3146,663970.5
3147,1201694.1
3148,980625.56
3149,1393809.4
3150,1185680.4
3151,637078.94
3152,565209.0
3153,1408505.5
3154,1175216.4
3155,609509.94
3156,1902652.1
3157,1354046.9
3158,1387061.9
3159,1022149.6
3160,1863660.6
3161,1997565.8
3162,749602.75
3163,241747.95
3164,1143684.9
3165,1336316.9
3166,982759.9
3167,973059.44
3168,1151653.0
3169,1020208.6
3170,2112689.2
3171,1662583.8
3172,1181708.8
3173,761054.9
3174,975591.1
3175,1269551.0
3176,511741.34
3177,954180.9
3178,872685.94
3179,1481746.6
3180,1088161.4
3181,1143976.4
3182,423415.0
3183,962210.25
3184,588419.0
3185,941513.06
3186,914592.4
3187,1131093.2
3188,1252454.6
3189,880200.5
3190,1118018.9
3191,1300788.8
3192,847053.94
3193,1146188.0
3194,848548.6
3195,154136.12
3196,1826145.8
3197,2039111.9
3198,1442955.8
3199,1212994.2
3200,613773.4
3201,834821.44
3202,895092.6
3203,1635765.9
3204,1564464.8
3205,939081.3
3206,734721.56
3207,612104.6
3208,1184034.9
3209,722004.5
3210,525753.8
3211,615021.3
3212,538166.94
3213,1020547.7
3214,1380120.1
3215,1840685.2
3216,1435469.6
3217,969198.9
3218,2279046.0
3219,1255747.0
3220,1111941.2
3221,1093389.2
3222,410351.53
3223,758080.94
3224,497049.9
3225,2025169.6
3226,595959.44
3227,1105433.2
3228,329711.25
3229,1168388.4
3230,805428.0
3231,909637.2
3232,908406.1
3233,1685819.9
3234,1165531.9
3235,1194350.5
3236,369944.4
3237,1359929.6
3238,633596.56
3239,919060.2
3240,658551.75
3241,1650412.5
3242,2236436.2
3243,1851435.8
3244,1348311.8
3245,1221284.5
3246,656156.5
3247,521703.06
3248,308250.6
3249,1422333.0
3250,1110310.1
3251,1347124.5
3252,1583920.2
3253,707800.7
3254,2982744.2
3255,442680.84
3256,890493.75
3257,1956378.2
3258,537538.5
3259,631955.0
3260,954470.06
3261,1073016.2
3262,450875.03
3263,714607.06
3264,2845486.5
3265,1373564.0
3266,572807.9
3267,1100238.1
3268,565916.56
3269,704697.5
3270,626688.8
3271,1519143.9
3272,1203610.9
3273,3316616.5
3274,989373.44
3275,1282266.5
3276,1720056.9
3277,606094.9
3278,355200.7
3279,1273194.8
3280,790259.7
3281,1927247.9
3282,632691.8
3283,800375.5
3284,558959.8
3285,1888696.2
3286,1156116.6
3287,856624.44
3288,1232776.1
3289,1092637.9
3290,627472.7
3291,1150363.2
3292,861817.25
3293,804518.7
3294,557928.06
3295,690316.9
3296,371469.84
3297,1098235.8
3298,836842.6
3299,1118165.4
3300,1385985.2
3301,618547.9
3302,1599535.1
3303,2105502.5
3304,734973.0
3305,1877595.0
3306,609579.25
3307,1837741.9
3308,881570.5
3309,1125770.1
3310,924642.75
3311,825555.94
3312,790946.8
3313,1009881.44
3314,2816853.0
3315,1053011.0
3316,914809.94
3317,1135610.5
3318,935730.6
3319,824276.2
3320,1765625.0
3321,861693.2
3322,862604.1
3323,1987635.9
3324,989893.1
3325,1899777.1
3326,1433034.9
3327,1662949.9
3328,443104.88
3329,1441158.2
3330,307508.78
3331,878897.0
3332,294169.1
3333,525659.44
3334,1510014.5
3335,443959.6
3336,382193.0
3337,899686.75
3338,1311849.2
3339,1985774.6
3340,973275.25
3341,451367.25
3342,1195552.1
3343,1179407.5
3344,889451.75
3345,1328262.4
3346,840228.7
3347,345154.16
3348,2328133.0
3349,1381455.4
3350,461166.88
3351,1161576.6
3352,615392.94
3353,1612933.5
3354,2054270.4
3355,1118165.4
3356,1668263.9
3357,696335.9
3358,1544188.0
3359,675770.94
3360,1358692.8
3361,1199424.1
3362,1878893.9
3363,528051.0
3364,1272423.4
3365,633845.7
3366,934501.25
3367,541041.0
3368,1351057.2
3369,522604.66
3370,475853.12
3371,1187155.9
3372,712481.1
3373,2094437.2
3374,717350.06
3375,1788424.1
3376,1366150.6
3377,1761591.1
3378,2173909.8
3379,440560.4
3380,1378108.0
3381,327850.6
3382,830867.44
3383,893071.75
3384,427322.8
3385,749985.8
3386,2097867.0
3387,754991.5
3388,1145042.8
3389,1155421.4
3390,814588.6
3391,774594.2
3392,1085757.2
3393,605049.6
3394,674895.7
3395,674131.06
3396,419349.38
3397,590502.94
3398,1005456.1
3399,380408.7
3400,1261217.0
3401,1220592.6
3402,1397161.6
3403,457156.1
3404,747155.5
3405,1268317.0
3406,794623.3
3407,354256.3
3408,1211484.4
3409,1573780.5
3410,849483.4
3411,1335761.0
3412,1318727.0
3413,780443.2
3414,2274477.2
3415,637759.4
3416,1097532.9
3417,2003142.6
3418,537756.9
3419,1453280.6
3420,971512.0
3421,1504337.5
3422,834538.25
3423,617081.7
3424,1324087.4
3425,1441491.5
3426,481994.25
3427,1096199.8
3428,1308719.8
3429,1255185.8
3430,674659.9
3431,613076.25
3432,647189.2
3433,576526.8
3434,832482.44
3435,723300.75
3436,610977.06
3437,659874.8
3438,859954.6
3439,1850268.2
3440,644653.4
3441,1730063.9
3442,705119.9
3443,392935.75
3444,398379.4
3445,970957.9
3446,1756356.5
3447,856250.1
3448,354401.56
3449,1220797.5
3450,833610.75
3451,257402.6
3452,700577.75
3453,2014462.9
3454,862717.8
3455,1489707.5
3456,678335.4
3457,1108967.5
3458,616522.25
3459,2122958.8
3460,2061451.4
3461,1103812.1
3462,792293.1
3463,759651.9
3464,655504.44
3465,1635689.4
3466,797977.8
3467,806562.3
3468,1046618.5
3469,975106.94
3470,1246704.1
3471,713481.56
3472,1162876.6
3473,581429.7
3474,471875.47
3475,513047.9
3476,1426539.5
3477,1407859.2
3478,397102.47
3479,1479518.0
3480,383199.28
3481,557645.44
3482,1127401.4
3483,1216216.6
3484,1053578.6
3485,848577.3
3486,1165598.5
3487,1878855.4
3488,920558.4
3489,695570.5
3490,1044391.2
3491,997243.7
3492,1439019.6
3493,511924.06
3494,1408692.6
3495,1936365.5
3496,835989.94
3497,2110682.5
3498,1897215.0
3499,388930.06
3500,1605319.2
3501,500413.72
3502,1258117.4
3503,1695746.9
3504,2276328.0
3505,1363149.5
3506,1097418.1
3507,802045.94
3508,874814.8
3509,457407.7
3510,2112080.5
3511,1476736.8
3512,747330.06
3513,1318049.5
3514,1472654.2
3515,1187431.8
3516,391472.03
3517,1295592.4
3518,1726893.2
3519,419264.06
3520,2714726.0
3521,723699.3
3522,1031496.4
3523,943717.8
3524,1011212.44
3525,481851.9
3526,684994.2
3527,1102761.2
3528,1706544.9
3529,1818830.6
3530,1314627.4
3531,1009643.94
3532,688021.4
3533,1120435.2
3534,513224.0
3535,1182349.8
3536,800311.8
3537,1376318.2
3538,1119472.6
3539,973648.8
3540,702679.44
3541,1617434.5
3542,1060852.9
3543,1613613.5
3544,933153.8
3545,1706621.6
3546,882371.44
3547,569089.4
3548,666439.06
3549,1220520.2
3550,1439694.8
3551,2636500.0
3552,910818.5
3553,1639305.6
3554,626412.25
3555,1415342.5
3556,1712937.1
3557,2558074.8
3558,481014.8
3559,824150.75
3560,485235.7
3561,304512.9
3562,2173730.5
3563,757810.75
3564,1244114.4
3565,837062.06
3566,1096602.6
3567,1068951.2
3568,2086358.2
3569,1108829.9
3570,1301890.1
3571,671739.44
3572,2695297.5
3573,1192835.2
3574,1281591.1
3575,639816.25
3576,2522797.8
3577,443681.22
3578,1179782.4
3579,1333157.1
3580,1455202.9
3581,707765.4
3582,438285.62
3583,559219.06
3584,1042105.4
3585,753380.06
3586,1170480.8
3587,1124155.2
3588,557655.75
3589,566600.56
3590,817044.75
3591,810222.94
3592,402415.34
3593,1763822.8
3594,2370077.0
3595,1438577.9
3596,909596.25
3597,2027178.8
3598,483826.66
3599,1500039.4
3600,1491678.2
3601,1091370.4
3602,289020.88
3603,573117.44
3604,944059.9
3605,554310.6
3606,563545.25
3607,1383467.0
3608,931488.2
3609,1114109.0
3610,1262215.1
3611,523818.66
3612,1251017.8
3613,1073237.8
3614,1419654.0
3615,491273.25
3616,647928.7
3617,826607.56
3618,650765.06
3619,959184.4
3620,624818.7
3621,856754.8
3622,1044919.7
3623,2295453.8
3624,1051931.2
3625,981401.2
3626,490519.75
3627,749087.1
3628,1003466.44
3629,934092.4
3630,940073.25
3631,2236060.0
3632,902129.7
3633,258161.19
3634,2238440.2
3635,1253080.5
3636,1418900.6
3637,2560461.8
3638,991288.7
3639,1046148.5
3640,1949925.0
3641,893926.3
3642,1091370.4
3643,617880.56
3644,718038.44
3645,1520079.9
3646,1501537.6
3647,873565.2
3648,1217284.6
3649,1139743.2
3650,823851.9
3651,811945.3
3652,855824.56
3653,785066.9
3654,719980.06
3655,699451.8
3656,863935.06
3657,662750.94
3658,1129270.1
3659,1545209.0
3660,442497.34
3661,1143014.0
3662,1182290.1
3663,509447.22
3664,705872.0
3665,246808.31
3666,857405.6
3667,428945.47
3668,685651.25
3669,818613.25
3670,1643280.5
3671,1431092.4
3672,749945.2
3673,1152568.9
3674,1376670.5
3675,906642.3
3676,1768835.8
3677,1690109.2
3678,924186.9
3679,1344025.0
3680,549796.6
3681,500979.6
3682,562124.8
3683,1459025.4
3684,548130.5
3685,1263391.4
3686,1586081.4
3687,671581.44
3688,1072683.8
3689,1555663.0
3690,551049.06
3691,2472602.2
3692,1090811.0
3693,1552911.6
3694,1856104.0
3695,651407.5
3696,1693101.9
3697,348701.56
3698,639190.9
3699,1405959.2
3700,490473.47
3701,1687306.6
3702,1186718.4
3703,1335926.1
3704,2100603.8
3705,406681.12
3706,616450.56
3707,743019.4
3708,1393512.6
3709,1281850.9
3710,1400405.8
3711,1379527.2
3712,1073853.0
3713,533933.4
3714,1098240.6
3715,1794946.8
3716,1357062.4
3717,889948.94
3718,462905.84
3719,1097947.0
3720,1295773.9
3721,891035.0
3722,1246867.5
3723,671581.44
3724,2314659.8
3725,1651902.9
3726,1161019.8
3727,418081.34
3728,539981.4
3729,1460635.4
3730,1293143.5
3731,714051.2
3732,2411748.2
3733,1040528.4
3734,755672.25
3735,2156796.5
3736,1023112.9
3737,2721085.2
3738,1428562.6
3739,1141306.9
3740,1588446.2
3741,726969.3
3742,1453244.6
3743,2279099.8
3744,733879.0
3745,1873846.4
3746,418147.6
3747,1065682.0
3748,1193381.4
3749,581966.0
3750,186420.92
3751,831210.56
3752,855110.75
3753,1450737.0
3754,944634.56
3755,966860.5
3756,898151.06
3757,868951.0
3758,1250121.0
3759,1056995.9
3760,895187.1
3761,591488.44
3762,986566.8
3763,989770.8
3764,724558.9
3765,1166414.5
3766,782168.6
3767,1554238.2
3768,1350982.1
3769,476306.22
3770,1172308.4
3771,1100371.0
3772,530295.94
3773,481657.28
3774,706673.7
3775,1197037.4
3776,1020418.3
3777,1355706.6
3778,427322.8
3779,1803319.6
3780,1265004.6
3781,1338234.9
3782,1695416.1
3783,786005.25
3784,1776143.5
3785,770642.94
3786,1060111.6
3787,815862.25
3788,570551.0
3789,2137401.0
3790,1573526.5
3791,1296227.6
3792,1170460.0
3793,772468.6
3794,1081118.0
3795,603125.06
3796,922032.2
3797,766862.8
3798,1462259.9
3799,676908.1
3800,1087164.2
3801,609302.25
3802,310432.1
3803,632427.1
3804,1130829.1
3805,1528711.1
3806,646725.25
3807,1107463.5
3808,645330.56
3809,858961.25
3810,1239611.6
3811,769472.5
3812,780394.2
3813,504065.16
3814,867639.7
3815,415820.84
3816,1341918.5
3817,652507.7
3818,1308748.4
3819,459417.16
3820,493765.16
3821,736125.2
3822,1210921.2
3823,1482126.1
3824,1109994.6
3825,549896.56
3826,446081.03
3827,424773.97
3828,1621682.6
3829,551833.25
3830,445327.25
3831,1617251.4
3832,1123483.6
3833,2026741.8
3834,607829.06
3835,1332814.0
3836,950269.3
3837,692388.9
3838,714581.75
3839,493897.97
3840,1554450.4
3841,776209.25
3842,442846.97
3843,753353.9
3844,419349.38
3845,657598.2
3846,1135192.0
3847,590802.25
3848,1901765.0
3849,1431237.2
3850,967480.7
3851,816045.0
3852,578706.25
3853,375071.88
3854,2282507.2
3855,1172566.9
3856,968763.44
3857,1054411.8
3858,1220002.4
3859,1010338.0
3860,735065.06
3861,1235378.8
3862,1200301.8
3863,680608.56
3864,654974.0
3865,1891363.5
3866,1212165.0
3867,1136381.1
3868,1318727.0
3869,1177190.8
3870,803040.75
3871,815404.3
3872,1083939.6
3873,2120670.5
3874,1037683.9
3875,2850450.2
3876,1240496.6
3877,963786.25
3878,1659711.8
3879,407148.94
3880,627883.25
3881,1638311.5
3882,1091370.4
3883,759661.6
3884,1006753.25
3885,605462.06
3886,1261757.1
3887,1738162.2
3888,2023606.8
3889,308762.94
3890,794897.5
3891,1508583.6
3892,1363862.1
3893,727734.75
3894,738527.9
3895,655022.5
3896,738659.9
3897,713584.6
3898,667831.06
3899,932160.9
3900,1118165.4
3901,1084155.1
3902,1463746.1
3903,914417.25
3904,448421.97
3905,831947.75
3906,991848.9
3907,2279799.0
3908,1206643.0
3909,1610320.1
3910,887329.5
3911,809051.8
3912,1230278.6
3913,1643967.5
3914,1056208.1
3915,395035.94
3916,967680.2
3917,589311.8
3918,728388.9
3919,1467014.1
3920,1017591.8
3921,619983.3
3922,1170725.6
3923,616786.1
3924,508282.34
3925,1960819.9
3926,451367.25
3927,1708083.5
3928,729711.8
3929,530595.0
3930,1176742.4
3931,1153555.2
3932,757815.4
3933,2161862.2
3934,882591.6
3935,1308153.4
3936,620381.56
3937,2486901.0
3938,852404.25
3939,751771.75
3940,457868.9
3941,1475191.4
3942,778893.56
3943,862807.2
3944,652423.8
3945,638282.9
3946,644186.75
3947,721195.06
3948,2027186.6
3949,559943.0
3950,1015469.5
3951,2942066.0
3952,624667.25
3953,1081118.0
3954,349093.88
3955,629057.06
3956,601386.8
3957,799372.5
3958,1657986.9
3959,562794.44
3960,692359.5
3961,1249601.9
3962,1289678.9
3963,2015357.9
3964,995639.5
3965,868713.25
3966,1093389.2
3967,847723.0
3968,2323099.2
3969,565965.56
3970,1080667.5
3971,1130102.9
3972,992128.9
3973,1047816.2
3974,1146138.6
3975,612979.94
3976,1052973.2
3977,875895.9
3978,2684103.8
3979,552722.25
3980,671581.44
3981,979323.0
3982,419113.0
3983,712127.5
3984,641361.06
3985,1772140.2
3986,1000753.06
3987,1995538.4
3988,770494.7
3989,559943.0
3990,1256993.6
3991,458146.6
3992,501831.1
3993,798541.44
3994,1155065.0
3995,1187246.0
3996,869129.4
3997,1030886.7
3998,795315.4
3999,1269116.2
4000,826803.5
4001,1119033.6
4002,1449860.2
4003,3322281.5
4004,2680966.0
4005,1057125.6
4006,1117349.9
4007,851929.8
4008,1433012.0
4009,577748.9
4010,597634.44
4011,1166891.5
4012,1089630.0
4013,955946.56
4014,762116.94
4015,1324178.9
4016,1049686.5
4017,1101111.5
4018,562852.0
4019,915232.2
4020,1167995.4
4021,1700516.0
4022,951756.2
4023,1660283.1
4024,1154266.6
4025,1129340.9
4026,1015930.5
4027,1821049.4
4028,831794.8
4029,1264545.2
4030,1264569.5
4031,932235.06
4032,1132476.2
4033,520298.06
4034,1196872.6
4035,1037484.25
4036,325940.03
4037,569578.7
4038,1019868.3
4039,1052217.1
4040,1312034.6
4041,778629.44
4042,1222481.1
4043,865931.06
4044,1467338.1
4045,1094916.2
4046,1317035.2
4047,778433.3
4048,839454.56
4049,1772753.6
4050,1057941.1
4051,428964.47
4052,1285062.0
4053,569320.1
4054,321624.9
4055,993108.8
4056,1111302.1
4057,1136611.1
4058,1461850.5
4059,351344.25
4060,1577784.8
4061,831087.7
4062,587536.2
4063,726659.9
4064,1631030.8
4065,1716602.5
4066,713300.7
4067,2222333.2
4068,1925371.0
4069,878632.75
4070,2027021.2
4071,853460.75
4072,349685.44
4073,1896030.5
4074,3131051.2
4075,1562763.8
4076,1428734.8
4077,2137566.0
4078,1114291.8
4079,493177.84
4080,682168.44
4081,1342033.1
4082,775645.1
4083,658989.25
4084,901894.0
4085,454916.88
4086,2158049.2
4087,671581.44
4088,765930.5
4089,320266.62
4090,1632816.2
4091,1220592.6
4092,908663.6
4093,1667537.5
4094,959224.8
4095,520203.03
4096,952577.4
4097,1233463.8
4098,271727.97
4099,570260.9
4100,1316508.9
4101,1300709.9
4102,1704699.8
4103,1882811.0
4104,718128.9
4105,1485165.9
4106,1254612.4
4107,1096581.1
4108,881471.8
4109,445265.22
4110,831501.44
4111,1258117.4
4112,664873.25
4113,958288.9
4114,1554990.1
4115,2091935.9
4116,1366227.8
4117,2361591.0
4118,964224.8
4119,682973.8
4120,1906534.1
4121,2404053.2
4122,1244694.5
4123,650765.06
4124,1372201.8
4125,708380.8
4126,480996.53
4127,1398545.1
4128,1096602.6
4129,791862.8
4130,621040.8
4131,731229.56
4132,820482.25
4133,2896665.2
4134,1275220.4
4135,1423703.0
4136,2137953.5
4137,403081.1
4138,1268417.5
4139,1232975.4
4140,581261.7
4141,613753.0
4142,571115.06
4143,1269771.0
4144,985529.0
4145,975680.6
4146,1334220.2
4147,1413505.4
4148,2387883.5
4149,547105.9
4150,484859.88
4151,1209909.1
4152,1097418.1
4153,1970109.8
4154,588879.9
4155,1460783.4
4156,1415195.1
4157,535145.6
4158,697052.1
4159,875928.8
4160,1775767.0
4161,595896.3
4162,394559.88
4163,771385.25
4164,1343642.5
4165,771634.3
4166,1331647.5
4167,1661726.0
4168,1642006.9
4169,638835.56
4170,1397320.2
4171,1410962.8
4172,834254.56
4173,1205131.9
4174,985586.1
4175,1738229.8
4176,644633.4
4177,896886.2
4178,563367.06
4179,445232.72
4180,2091182.4
4181,1281767.1
4182,1089799.9
4183,1639081.4
4184,1280875.4
4185,450150.0
4186,427322.8
4187,867352.9
4188,1738405.5
4189,1051903.8
4190,680644.4
4191,779941.75
4192,1405546.4
4193,1555273.4
4194,731896.06
4195,670396.25
4196,1095264.0
4197,684492.9
4198,879204.2
4199,426278.0
4200,1073583.9
4201,1209288.6
4202,941881.06
4203,1531413.0
4204,404918.22
4205,704265.8
4206,826542.94
4207,1027266.8
4208,1282223.2
4209,1166450.6
4210,833340.5
4211,558879.3
4212,769283.8
4213,1358042.8
4214,538582.3
4215,740168.2
4216,1043559.75
4217,686701.56
4218,520125.88
4219,1233463.8
4220,1433536.0
4221,671954.8
4222,708457.4
4223,987683.2
4224,1710338.5
4225,740880.56
4226,867415.6
4227,1316368.6
4228,1258664.9
4229,1189200.9
4230,776105.1
4231,776234.06
4232,458900.84
4233,1963795.5
4234,835230.44
4235,643050.5
4236,1198127.8
4237,1126163.1
4238,653023.3
4239,2000332.6
4240,1097418.1
4241,631972.3
4242,1023917.44
4243,974312.9
4244,998842.4
4245,1302261.1
4246,1068056.6
4247,3028057.8
4248,696731.9
4249,1567587.6
4250,822857.0
4251,587069.8
4252,1086493.2
4253,823253.5
4254,285442.2
4255,448121.88
4256,1049130.0
4257,367428.28
4258,659976.3
4259,1274006.4
4260,817127.6
4261,707652.2
4262,653023.3
4263,2069622.4
4264,1016239.94
4265,861265.44
4266,1381114.2
4267,603687.25
4268,912958.5
4269,1231435.1
4270,1994945.6
4271,417092.8
4272,1355560.4
4273,1677110.0
4274,768279.44
4275,1071972.9
4276,397102.47
4277,580116.94
4278,1081118.0
4279,646259.25
4280,919734.4
4281,1040607.44
4282,1310210.1
4283,2933911.5
4284,1418953.1
4285,935063.0
4286,303014.7
4287,574235.06
4288,539510.4
4289,551096.0
4290,1125731.1
4291,1459023.5
4292,617886.7
4293,966140.06
4294,1359159.8
4295,1478849.8
4296,1153957.5
4297,1020208.6
4298,692512.2
4299,2253883.5
4300,1171258.0
4301,992484.4
4302,651407.5
4303,1158389.2
4304,1156820.4
4305,732051.1
4306,919898.6
4307,1357091.4
4308,581269.44
4309,844137.1
4310,1097605.0
4311,1686732.4
4312,721258.8
4313,1594840.5
4314,327616.9
4315,483826.66
4316,680393.6
4317,889135.2
4318,792985.5
4319,624787.1
4320,985066.6
4321,796342.6
4322,1599313.1
4323,578518.3
4324,2057635.2
4325,463380.9
4326,1332120.6
4327,770999.1
4328,693251.1
4329,723155.4
4330,747196.25
4331,678343.94
4332,690446.0
4333,569881.4
4334,1292396.9
4335,1051339.5
4336,1182396.0
4337,1020305.2
4338,847339.1
4339,1070726.4
4340,1343305.8
4341,471742.78
4342,2310439.5
4343,1245053.8
4344,917811.56
4345,845405.3
4346,1068796.6
4347,679750.1
4348,2413768.8
4349,820506.3
4350,381507.4
4351,520295.47
4352,1384714.8
4353,585920.94
4354,589298.5
4355,552722.25
4356,540894.7
4357,1311332.8
4358,704536.3
4359,804150.06
4360,752932.56
4361,726201.3
4362,1606154.1
4363,850322.0
4364,777168.94
4365,880925.4
4366,1330308.9
4367,642963.3
4368,1005239.8
4369,1200007.6
4370,872599.7
4371,581269.44
4372,1115850.1
4373,989445.0
4374,739891.5
4375,1052758.1
4376,841622.4
4377,1576270.5
4378,1492556.2
4379,810944.06
4380,761417.8
4381,1026067.1
4382,1106567.8
4383,803636.5
4384,727846.0
4385,1158547.1
4386,557948.6
4387,980005.6
4388,588686.3
4389,1464621.0
4390,844797.7
4391,1382394.0
4392,1181912.9
4393,850753.9
4394,2025375.5
4395,562295.7
4396,792621.4
4397,1349737.2
4398,868597.5
4399,1047295.44
4400,713712.0
4401,1344847.6
4402,717142.44
4403,1187698.0
4404,1240751.0
4405,552722.25
4406,589668.3
4407,1131083.5
4408,555176.75
4409,1175218.6
4410,1008306.25
4411,1171033.1
4412,2523676.2
4413,934983.4
4414,856198.8
4415,1121701.5
4416,2931334.5
4417,917035.94
4418,655561.44
4419,716406.44
4420,855240.7
4421,1580511.9
4422,853501.8
4423,557948.6
4424,542944.4
4425,764295.3
4426,998143.6
4427,646725.25
4428,1555354.6
4429,612936.8
4430,1216104.2
4431,1188063.4
4432,739575.44
4433,1574785.0
4434,530946.56
4435,812977.94
4436,659099.25
4437,1145179.8
4438,1179763.0
4439,1391935.5
4440,618698.7
4441,983703.75
4442,770642.94
4443,1007941.94
4444,603726.4
4445,1111050.8
4446,2380346.5
4447,600049.2
4448,932891.44
4449,948641.75
4450,747188.5
4451,710669.0
4452,399175.5
4453,713216.3
4454,1409078.6
4455,760290.06
4456,2638608.5
4457,1489344.4
4458,668394.25
4459,1145707.0
4460,679435.1
4461,2464835.2
4462,1100335.8
4463,567059.2
4464,375071.88
4465,721339.9
4466,1073204.0
4467,1164716.5
4468,886210.06
4469,798400.56
4470,1019056.1
4471,1171863.2
4472,1114904.9
4473,786189.3
4474,1582070.6
4475,1045331.4
4476,383783.94
4477,822935.8
4478,1528484.8
4479,1560921.8
4480,1884928.6
4481,580116.94
4482,1032989.4
4483,1186617.9
4484,771315.4
4485,2456190.0
4486,731381.2
4487,1396169.2
4488,1042139.5
4489,1176164.8
4490,2579348.2
4491,748454.5
4492,1103812.1
4493,865987.7
4494,657211.06
4495,981753.4
4496,771783.3
4497,419349.38
4498,956475.1
4499,1232231.1
4500,800278.9
4501,951906.06
4502,1296227.6
4503,1294154.4
4504,1091370.4
4505,1340689.4
4506,1014491.94
4507,971237.3
4508,1528096.5
4509,607869.75
4510,1447836.9
4511,3223735.8
4512,435889.56
4513,1823642.5
4514,2384372.5
4515,1106550.8
4516,580482.56
4517,478744.62
4518,2164603.5
4519,2384862.8
4520,1907522.8
4521,1260844.5
4522,1165139.5
4523,272933.94
4524,638846.56
4525,603576.3
4526,1381276.5
4527,2005509.4
4528,2127890.8
4529,1850444.2
4530,1956389.0
4531,2916596.2
4532,1476173.2
4533,1473480.9
4534,1072788.1
4535,1058719.1
4536,696482.9
4537,1177927.4
4538,1081495.9
4539,1128466.1
4540,767871.9
4541,2731254.5
4542,982199.6
4543,696536.25
4544,1180381.8
4545,606094.9
4546,710590.7
4547,778321.94
4548,1181569.0
4549,837963.56
4550,1346705.4
4551,1439866.5
4552,826218.0
4553,1549605.9
4554,669944.6
4555,794418.1
4556,1230495.5
4557,1033599.8
4558,767871.9
4559,1582980.4
4560,1311733.6
4561,842426.94
4562,927034.94
4563,1181515.1
4564,1464837.5
4565,1040321.06
4566,1201200.9
4567,851898.06
4568,589397.4
4569,317985.75
4570,748550.6
4571,1607068.9
4572,1840045.4
4573,1607654.1
4574,1678265.8
4575,2401884.0
4576,1830699.4
4577,656990.94
4578,1033292.8
4579,1236412.1
4580,790404.6
4581,681491.7
4582,649958.4
4583,345932.1
4584,335990.25
4585,1420451.1
4586,745472.44
4587,754540.25
4588,959017.75
4589,1354330.9
4590,1135607.1
4591,414101.16
4592,870929.1
4593,2131061.8
4594,778309.06
4595,414582.5
4596,580799.0
4597,572996.75
4598,863935.06
4599,501831.1
4600,802779.94
4601,385590.1
4602,1321125.1
4603,476754.16
4604,1574108.2
4605,641380.56
4606,1313143.2
4607,2286301.0
4608,771643.4
4609,897494.0
4610,830923.0
4611,956815.94
4612,1040969.5
4613,787445.9
4614,1153281.4
4615,888852.4
4616,1687180.6
4617,1091836.5
4618,1473447.1
4619,1093558.1
4620,1220344.5
4621,1286756.9
4622,487107.3
4623,2315380.8
4624,1783370.5
4625,493651.88
4626,2033644.9
4627,1050370.5
4628,898106.7
4629,1657805.6
4630,661448.25
4631,702253.4
4632,1171655.4
4633,665474.7
4634,481657.28
4635,975315.06
4636,2648823.8
4637,378091.34
4638,610919.9
4639,630136.5
4640,1291930.8
4641,1286400.9
4642,877487.94
4643,1121411.4
4644,720321.6
4645,1205628.5
4646,1963797.6
4647,1332394.8
4648,752179.25
4649,1668263.9
4650,1498417.8
4651,1052380.6
4652,1543404.6
4653,706478.9
4654,631326.2
4655,2593051.5
4656,693251.1
4657,856752.44
4658,1869886.4
4659,953447.1
4660,432992.97
4661,553394.44
4662,903274.0
4663,758651.2
4664,795319.44
4665,445625.62
4666,1020208.6
4667,1097418.1
4668,1584513.8
4669,1018809.06
4670,1337468.2
4671,1572661.4
4672,860555.4
4673,934787.44
4674,439015.97
4675,577873.3
4676,634627.1
4677,2276555.0
4678,1209542.8
4679,1069474.6
4680,1118158.2
4681,817793.94
4682,1332891.5
4683,806372.7
4684,632684.75
4685,797717.75
4686,1009094.7
4687,1821660.8
4688,505730.22
4689,849987.1
4690,2689750.5
4691,2217734.0
4692,1294817.9
4693,1263870.2
4694,1352314.4
4695,1854521.5
4696,1452749.5
4697,1552538.1
4698,697158.56
4699,1163595.9
4700,779321.6
4701,1016354.7
4702,1374374.0
4703,657327.2
4704,1248053.6
4705,482910.84
4706,448421.97
4707,1201468.6
4708,703908.0
4709,953032.56
4710,742301.5
4711,474440.56
4712,1283278.8
4713,565510.5
4714,677267.1
4715,2286786.5
4716,1492787.5
4717,448897.78
4718,1932269.5
4719,621117.5
4720,1027104.25
4721,763355.56
4722,2218100.5
4723,1342578.9
4724,830842.56
4725,613738.6
4726,1223553.5
4727,706513.94
4728,1180884.5
4729,1212889.4
4730,1154505.4
4731,1441463.5
4732,651304.7
4733,2269829.5
4734,561860.9
4735,955393.6
4736,464863.2
4737,801358.4
4738,1381859.0
4739,722507.2
4740,682533.6
4741,776483.4
4742,331928.28
4743,2308402.2
4744,933469.6
4745,1293097.2
4746,766636.06
4747,568741.9
4748,1406100.6
4749,1779735.5
4750,920648.0
4751,1366150.6
4752,1308939.4
4753,815753.75
4754,943447.6
4755,1022331.44
4756,860710.44
4757,1132922.6
4758,1565810.1
4759,1569166.5
4760,1041646.2
4761,619013.2
4762,1072911.8
4763,1671361.2
4764,1363294.0
4765,1308674.9
4766,1161580.8
4767,1129875.4
4768,772806.2
4769,701230.5
4770,1031963.2
4771,1009403.06
4772,1564456.4
4773,747059.94
4774,626903.1
4775,1002505.3
4776,1828661.1
4777,642126.44
4778,715582.94
4779,1189634.8
4780,791281.7
4781,1045848.3
4782,878682.6
4783,448045.94
4784,1112026.8
4785,1580164.6
4786,814361.5
4787,1221475.5
4788,721794.9
4789,680447.0
4790,992995.0
4791,926100.8
4792,482853.94
4793,1058424.1
4794,481014.8
4795,624700.6
4796,1290269.6
4797,1359795.5
4798,1064840.4
4799,825540.3
4800,2123228.5
4801,780689.4
4802,2706274.8
4803,277518.2
4804,698820.5
4805,1211755.0
4806,902170.94
4807,2764654.0
4808,1774371.4
4809,654610.06
4810,2058797.5
4811,1166365.2
4812,902259.94
4813,1076831.2
4814,1272573.4
4815,695376.9
4816,655513.75
4817,482473.94
4818,728755.0
4819,1343279.9
4820,740931.8
4821,1030248.56
4822,766527.0
4823,1490722.0
4824,334228.5
4825,928874.06
4826,763731.7
4827,938953.94
4828,1286400.9
4829,798948.56
4830,972039.06
4831,1591306.6
4832,1167968.8
4833,850119.6
4834,1134065.8
4835,499821.38
4836,1087773.0
4837,425415.16
4838,1912368.6
4839,856196.75
4840,1204246.0
4841,2374410.0
4842,1147183.0
4843,729594.75
4844,1064742.8
4845,1340703.2
4846,901776.1
4847,1068951.2
4848,1174078.4
4849,563836.9
4850,2029787.0
4851,1320523.9
4852,779184.56
4853,1069878.9
4854,725240.6
4855,798100.75
4856,1081761.4
4857,407148.94
4858,1302607.5
4859,760578.44
4860,923455.8
4861,554562.94
4862,637309.94
4863,473894.7
4864,663753.9
4865,1687744.2
4866,675755.44
4867,517689.47
4868,1312011.1
4869,306652.97
4870,1541023.4
4871,681491.7
4872,2752793.5
4873,866750.6
4874,601398.7
4875,1127401.5
4876,774448.1
4877,1307997.4
4878,707854.25
4879,804553.25
4880,1557125.6
4881,1958887.4
4882,917635.3
4883,724558.9
4884,2442360.8
4885,931772.06
4886,1826530.6
4887,1076751.4
4888,1014711.4
4889,1123754.6
4890,1018564.44
4891,1679995.5
4892,650447.5
4893,756530.44
4894,1132801.2
4895,719557.25
4896,1291108.8
4897,503698.97
4898,564618.44
4899,556478.44
4900,279365.7
4901,935451.44
4902,1311159.1
4903,1824034.0
4904,1090720.1
4905,823871.56
4906,948395.44
4907,1244647.8
4908,809722.7
4909,1141383.9
4910,476754.16
4911,1381276.5
4912,1066866.1
4913,560333.2
4914,708398.0
4915,989058.44
4916,640470.25
4917,672592.56
4918,1262157.1
4919,1015032.06
4920,405804.38
4921,730720.6
4922,1189144.8
4923,998915.8
4924,1110820.8
4925,606232.8
4926,1416113.0
4927,2162023.8
4928,985383.44
4929,1724368.0
4930,1077054.1
4931,614254.8
4932,1124027.4
4933,651407.5
4934,1011071.9
4935,758740.0
4936,662750.4
4937,848874.2
4938,921137.8
4939,885850.4
4940,2556378.2
4941,674047.8
4942,981753.06
4943,922184.2
4944,1321564.0
4945,1308504.2
4946,844427.75
4947,2541862.8
4948,412307.1
4949,1031863.06
4950,1135540.5
4951,2293944.8
4952,871170.56
4953,1179160.0
4954,691204.44
4955,1021015.7
4956,938448.2
4957,553229.75
4958,811535.6
4959,2626963.0
4960,1395862.6
4961,1289145.1
4962,1237085.9
4963,1527949.4
4964,788779.94
4965,1333538.5
4966,753235.4
4967,877415.25
4968,1299488.4
4969,1073903.9
4970,653023.3
4971,724415.5
4972,1179407.5
4973,2524102.5
4974,851432.75
4975,581269.44
4976,1307635.1
4977,797395.7
4978,1266060.8
4979,1244676.9
4980,676903.25
4981,951200.2
4982,1030000.75
4983,1197014.8
4984,1451079.2
4985,772993.2
4986,1227415.2
4987,1946319.1
4988,1198127.8
4989,753235.4
4990,1157014.2
4991,1193446.8
4992,1443970.8
4993,489808.62
4994,580116.94
4995,777473.2
4996,909888.6
4997,1006779.5
4998,1722871.1
4999,912882.4
5000,663832.5
5001,1307563.8
5002,1862068.8
5003,1652891.6
5004,1045063.9
5005,1597635.9
5006,1233040.0
5007,707581.1
5008,972904.3
5009,529750.06
5010,1402475.0
5011,1938606.8
5012,250764.83
5013,686818.9
5014,1115077.4
5015,2752175.5
5016,681079.2
5017,1155419.4
5018,1145577.4
5019,2154523.0
5020,1684712.2
5021,1645262.4
5022,1312687.4
5023,1525996.9
5024,360770.94
5025,1317774.9
5026,1015148.94
5027,424865.12
5028,802213.94
5029,1205436.6
5030,585445.7
5031,1144849.6
5032,1455613.0
5033,1013893.06
5034,934232.8
5035,551049.06
5036,216406.03
5037,651407.5
5038,2656989.8
5039,2439184.8
5040,742729.94
5041,549611.06
5042,1181104.1
5043,1248215.9
5044,1300729.9
5045,645835.44
5046,2339027.8
5047,663970.5
5048,870233.56
5049,783069.7
5050,916951.56
5051,1348429.8
5052,1942153.2
5053,711673.56
5054,1206909.0
5055,799691.6
5056,1109242.1
5057,1335916.4
5058,827596.6
5059,1600997.1
5060,1240369.2
5061,422040.84
5062,1156176.2
5063,1621394.0
5064,1609801.1
5065,1181010.9
5066,434825.8
5067,902648.94
5068,826700.06
5069,891085.8
5070,1782212.8
5071,480725.47
5072,407143.6
5073,713861.06
5074,856832.25
5075,477455.34
5076,1020197.4
5077,622789.2
5078,550916.0
5079,774009.1
5080,682434.44
5081,1437814.8
5082,1066320.9
5083,2619914.5
5084,446420.0
5085,1194002.5
5086,629695.56
5087,1074952.8
5088,2125984.8
5089,594008.9
5090,592814.8
5091,585540.2
5092,483826.66
5093,474744.06
5094,826351.8
5095,1579876.1
5096,1798941.0
5097,1226202.9
5098,565873.3
5099,1425376.8
5100,766468.1
5101,2229431.8
5102,1353106.4
5103,1100790.6
5104,1372520.2
5105,655948.25
5106,547010.4
5107,511741.34
5108,778654.9
5109,775902.1
5110,704712.3
5111,973958.1
5112,672674.1
5113,1050118.5
5114,486743.62
5115,1100383.8
5116,861679.3
5117,851456.56
5118,1012482.06
5119,1520879.6
5120,1823383.8
5121,916510.7
5122,382191.47
5123,1168933.9
5124,821663.3
5125,828740.9
5126,475121.2
5127,839545.9
5128,909780.8
5129,936990.75
5130,1064949.8
5131,1171092.5
5132,1334935.2
5133,2288160.8
5134,1089310.6
5135,1196433.6
5136,1922754.4
5137,787059.7
5138,1770867.1
5139,1866845.6
5140,779320.94
5141,991208.75
5142,2640408.5
5143,1075779.9
5144,1032705.25
5145,702502.3
5146,707514.2
5147,955265.1
5148,1425149.4
5149,1208773.4
5150,2370840.8
5151,651407.5
5152,1515929.9
5153,1390147.9
5154,1221417.0
5155,1073727.9
5156,1219829.2
5157,1964467.0
5158,972106.1
5159,1031079.0
5160,1789441.6
5161,553109.75
5162,936240.3
5163,1431614.5
5164,444266.94
5165,2004252.9
5166,1243802.0
5167,1872319.5
5168,828992.6
5169,1105026.9
5170,1042385.2
5171,714552.1
5172,911757.8
5173,826935.75
5174,891400.5
5175,864564.9
5176,924168.8
5177,451156.72
5178,742886.4
5179,965021.1
5180,1194918.8
5181,1102792.8
5182,1209534.5
5183,604006.94
5184,1657672.1
5185,831143.9
5186,1374446.6
5187,478714.16
5188,842999.94
5189,783644.2
5190,985946.06
5191,1139743.2
5192,1581831.4
5193,1261358.9
5194,558912.7
5195,772839.56
5196,1233040.0
5197,1353102.5
5198,1283249.5
5199,1017215.8
5200,1451500.2
5201,1893636.6
5202,1060670.6
5203,2666660.0
5204,1148691.2
5205,1171811.2
5206,1225444.8
5207,1031244.56
5208,928599.2
5209,1947279.4
5210,800743.9
5211,1376670.5
5212,1047816.2
5213,1252858.0
5214,852571.44
5215,803146.94
5216,1200023.9
5217,829292.9
5218,883608.9
5219,809987.06
5220,1078878.4
5221,471742.78
5222,1143722.8
5223,1415553.2
5224,2764452.2
5225,1779473.8
5226,900321.0
5227,2355072.2
5228,875314.4
5229,879573.25
5230,1725435.9
5231,1096648.4
5232,612769.2
5233,2487686.2
5234,1382661.2
5235,682558.25
5236,1126004.0
5237,638627.56
5238,570322.1
5239,503277.9
5240,741158.5
5241,1190599.6
5242,754192.06
5243,861817.25
5244,456994.06
5245,673281.9
5246,2275872.0
5247,1430038.0
5248,1504417.9
5249,458146.6
5250,2510831.2
5251,895705.56
5252,1293907.5
5253,1077126.0
5254,1030756.5
5255,1774124.8
5256,705814.06
5257,813684.75
5258,1120029.5
5259,2053658.1
5260,676327.44
5261,1547139.9
5262,1763226.5
5263,691223.94
5264,1447864.1
5265,688181.9
5266,786894.1
5267,870878.0
5268,1456292.0
5269,823139.25
5270,813221.6
5271,1382644.4
5272,1604429.6
5273,1792578.5
5274,1089866.0
5275,1542804.6
5276,1325486.2
5277,1424457.1
5278,591393.94
5279,934377.25
5280,918227.0
5281,1534800.4
5282,326293.6
5283,869451.1
5284,1284210.2
5285,716997.06
5286,890698.1
5287,1769315.4
5288,984348.1
5289,721812.2
5290,585540.2
5291,540879.06
5292,462738.5
5293,940017.06
5294,360699.1
5295,1248458.6
5296,987909.6
5297,1335930.4
5298,1438679.2
5299,1875997.4
5300,741215.06
5301,295956.94
5302,448206.03
5303,1135441.1
5304,1491320.8
5305,2146513.0
5306,720058.3
5307,1109454.0
5308,875291.25
5309,930261.4
5310,803107.25
5311,1328287.5
5312,1051910.0
5313,731802.5
5314,718783.3
5315,795999.5
5316,1001402.44
5317,467618.38
5318,509865.3
5319,1151331.2
5320,872828.94
5321,619500.5
5322,1151490.8
5323,2751636.8
5324,864495.3
5325,1414707.6
5326,359317.7
5327,684805.8
5328,2148773.5
5329,657786.4
5330,2300133.8
5331,431671.53
5332,573484.0
5333,665316.3
5334,755153.9
5335,1292483.4
5336,2061585.5
5337,1031197.56
5338,1102636.0
5339,753296.4
5340,1340466.2
5341,1069878.9
5342,2413626.5
5343,1356677.6
5344,1339996.4
5345,1607286.0
5346,454661.9
5347,863884.2
5348,1646928.4
5349,645021.4
5350,359285.38
5351,562515.44
5352,1647087.8
5353,824481.8
5354,610252.0
5355,780783.6
5356,614403.56
5357,1175083.6
5358,648100.94
5359,456246.22
5360,1163781.6
5361,554309.56
5362,972434.75
5363,541366.5
5364,283387.7
5365,1187424.8
5366,727787.4
5367,398318.56
5368,976721.8
5369,377227.56
5370,1854164.5
5371,1343251.6
5372,650892.0
5373,1049503.1
5374,1171895.8
5375,1740023.1
5376,927670.8
5377,750960.25
5378,793700.44
5379,675682.7
5380,1155362.2
5381,944934.25
5382,391827.84
5383,691204.44
5384,1411981.8
5385,1485131.4
5386,2136485.5
5387,724202.8
5388,1279270.2
5389,660652.0
5390,1809439.2
5391,1395916.6
5392,789101.94
5393,1069602.1
5394,1246867.5
5395,1531296.4
5396,1252991.2
5397,686799.8
5398,858755.6
5399,773313.56
5400,877074.75
5401,1067197.9
5402,644186.75
5403,1185733.5
5404,621675.3
5405,490473.47
5406,623433.2
5407,1286088.2
5408,1302238.4
5409,1681154.8
5410,971092.3
5411,1058657.1
5412,455333.22
5413,2041553.2
5414,727659.75
5415,636083.94
5416,1129707.4
5417,833627.0
5418,1540108.4
5419,640151.2
5420,1329479.0
5421,1674324.0
5422,1356321.4
5423,1037774.1
5424,1167406.1
5425,747477.0
5426,2071119.1
5427,881194.4
5428,1384396.9
5429,1097418.1
5430,902113.44
5431,1490162.5
5432,1820789.1
5433,636309.75
5434,864973.25
5435,1399066.9
5436,716186.25
5437,992468.5
5438,1119473.0
5439,1544203.5
5440,1484877.9
5441,812198.25
5442,491976.3
5443,644438.1
5444,2140795.2
5445,1630740.1
5446,659270.3
5447,870095.44
5448,669186.0
5449,855893.75
5450,1445006.5
5451,1103353.0
5452,909590.94
5453,344946.84
5454,589923.56
5455,382097.53
5456,1052009.2
5457,753235.4
5458,1194411.1
5459,1072823.5
5460,574003.7
5461,1185205.8
5462,470372.16
5463,591768.5
5464,711818.06
5465,951363.0
5466,752296.06
5467,908169.56
5468,925169.06
5469,553981.0
5470,907706.56
5471,858909.0
5472,1103729.0
5473,1755494.0
5474,670398.3
5475,663252.5
5476,1474060.5
5477,788779.94
5478,1863639.9
5479,881092.3
5480,840409.44
5481,2175155.5
5482,956746.75
5483,653048.2
5484,943938.3
5485,1084319.2
5486,826829.44
5487,879675.5
5488,801029.56
5489,1338187.2
5490,2612387.5
5491,810626.2
5492,320266.62
5493,1033691.1
5494,866623.8
5495,885604.4
5496,730478.44
5497,1712436.1
5498,975315.6
5499,1541609.9
5500,1354191.1
5501,1158181.4
5502,876415.0
5503,1260231.2
5504,1223462.6
5505,1495742.4
5506,628308.56
5507,511741.34
5508,1481746.6
5509,2335685.8
5510,749745.75
5511,1282706.8
5512,1023190.8
5513,1203374.9
5514,897431.5
5515,713934.5
5516,1735036.8
5517,1111993.8
5518,1110397.8
5519,632014.06
5520,1453280.6
5521,916076.06
5522,746296.2
5523,720256.7
5524,1187246.0
5525,1267768.1
5526,1475329.5
5527,1210337.4
5528,1627518.4
5529,297060.5
5530,775171.9
5531,1196721.0
5532,1720721.2
5533,445232.72
5534,686245.5
5535,629103.0
5536,698408.8
5537,2607932.0
5538,1325059.8
5539,885530.06
5540,580116.94
5541,901050.9
5542,1093940.5
5543,2072837.5
5544,2346371.2
5545,954693.7
5546,1380956.6
5547,947868.1
5548,380931.38
5549,1321152.5
5550,358153.97
5551,258308.78
5552,908857.5
5553,1888696.2
5554,1504630.5
5555,1019056.1
5556,349300.56
5557,947211.2
5558,919688.8
5559,1160640.5
5560,2316550.2
5561,704676.75
5562,1108426.5
5563,399928.22
5564,473896.72
5565,722188.1
5566,747796.7
5567,2607920.0
5568,995776.0
5569,1304359.5
5570,728672.06
5571,1882639.6
5572,341186.97
5573,1046280.5
5574,1130230.9
5575,1430237.8
5576,599047.0
5577,1993351.6
5578,630136.5
5579,1453216.9
5580,900970.1
5581,2350707.0
5582,1169571.0
5583,641033.7
5584,1277933.0
5585,1251934.4
5586,891185.1
5587,1445086.9
5588,1394677.8
5589,1068118.8
5590,480182.25
5591,773262.0
5592,724271.94
5593,1054527.5
5594,871598.25
5595,767179.5
5596,1453439.5
5597,1791179.4
5598,860080.4
5599,992853.3
5600,654524.5
5601,515382.56
5602,2313322.2
5603,442510.66
5604,606800.6
5605,2144386.5
5606,1178029.9
5607,552491.1
5608,1152276.9
5609,1980486.5
5610,454867.4
5611,1610417.2
5612,1671635.8
5613,1008341.94
5614,868943.75
5615,1701585.8
5616,1770788.6
5617,1034550.6
5618,386320.84
5619,595487.7
5620,1505184.4
5621,833596.9
5622,443735.1
5623,1380214.2
5624,1184037.0
5625,1214456.6
5626,1041074.8
5627,671022.3
5628,1435886.6
5629,3002207.2
5630,663767.6
5631,1483833.2
5632,585129.5
5633,630954.0
5634,609704.5
5635,697917.5
5636,1711597.9
5637,1018114.06
5638,783699.2
5639,595416.06
5640,690304.94
5641,1252567.0
5642,549929.94
5643,1379092.8
5644,771100.3
5645,470873.44
5646,986367.0
5647,980992.8
5648,568925.75
5649,2106048.2
5650,723155.4
5651,1475805.6
5652,368201.75
5653,1156291.6
5654,588472.0
5655,932157.6
5656,236017.69
5657,449074.84
5658,2090161.2
5659,757312.0
5660,474436.56
5661,448059.94
5662,1563879.1
5663,1000926.94
5664,680383.44
5665,491797.56
5666,1146506.5
5667,2006083.4
5668,720603.1
5669,1425809.0
5670,2088365.4
5671,596362.3
5672,1175055.9
5673,2272724.2
5674,1199141.6
5675,649996.44
5676,1370259.9
5677,1752906.6
5678,1441835.4
5679,834566.44
5680,645108.3
5681,1353657.0
5682,3042535.0
5683,959650.75
5684,655561.44
5685,1168413.9
5686,768599.0
5687,603576.3
5688,1403975.5
5689,1235351.1
5690,1376230.1
5691,900466.56
5692,2678317.5
5693,963063.5
5694,1286649.0
5695,750294.1
5696,503644.66
5697,818376.75
5698,766636.06
5699,607093.06
5700,627538.5
5701,890093.9
5702,963683.94
5703,1013346.44
5704,502094.66
5705,1193806.1
5706,1068096.5
5707,1317044.1
5708,1638432.0
5709,1220357.8
5710,858756.44
5711,1129899.0
5712,853855.06
5713,1293243.8
5714,757994.25
5715,1762992.8
5716,1195047.0
5717,341558.56
5718,2299348.0
5719,1137133.5
5720,1316049.4
5721,853852.25
5722,1196532.5
5723,713481.56
5724,624699.3
5725,784618.25
5726,879053.6
5727,1006693.25
5728,1454531.1
5729,554739.7
5730,963284.9
5731,811069.94
5732,761707.3
5733,701615.4
5734,675570.3
5735,1732845.0
5736,1026632.4
5737,1221812.6
5738,875222.25
5739,1110796.1
5740,982045.44
5741,818780.6
5742,906422.44
5743,2112224.8
5744,791842.06
5745,876116.2
5746,2367254.5
5747,666868.25
5748,791588.44
5749,1078481.4
5750,1969318.8
5751,998175.6
5752,593234.2
5753,666911.94
5754,1033953.94
5755,651672.3
5756,1153000.2
5757,1276706.6
5758,1122645.6
5759,1077274.6
5760,742309.25
5761,905903.6
5762,619818.06
5763,521249.2
5764,1282346.6
5765,708647.44
5766,470601.62
5767,742987.7
5768,640494.7
5769,1667728.2
5770,1165442.9
5771,1517932.2
5772,1512594.8
5773,1577983.6
5774,1227980.1
5775,2398211.0
5776,1262342.1
5777,1260341.6
5778,511741.34
5779,568393.8
5780,1136848.0
5781,1156057.1
5782,918006.56
5783,538371.0
5784,785200.75
5785,920355.94
5786,947511.44
5787,478020.03
5788,406566.78
5789,1506028.4
5790,915342.44
5791,609003.9
5792,1006365.2
5793,731670.2
5794,723001.75
5795,898676.56
5796,578104.56
5797,1911353.8
5798,892318.4
5799,1522017.6
5800,417823.47
5801,881920.5
5802,1700705.5
5803,903993.25
5804,1056692.0
5805,978282.6
5806,755074.9
5807,1059009.2
5808,1258522.0
5809,1603036.4
5810,886491.06
5811,1166215.9
5812,901711.9
5813,590273.56
5814,1748733.5
5815,2200330.5
5816,695608.7
5817,661985.4
5818,1042016.56
5819,854536.75
5820,1053993.2
5821,1093444.0
5822,1398415.8
5823,1416443.6
5824,1081850.6
5825,1103308.6
5826,657034.8
5827,516567.22
5828,2215367.5
5829,2256976.5
5830,1644725.6
5831,641361.06
5832,1376656.0
5833,1504084.9
5834,726210.7
5835,656691.25
5836,335990.25
5837,876373.8
5838,867133.06
5839,2706906.8
5840,671754.7
5841,1189330.6
5842,687910.06
5843,416213.6
5844,798036.25
5845,315715.47
5846,1098685.6
5847,923772.6
5848,614405.94
5849,1854414.6
5850,1279598.2
5851,913695.75
5852,1460945.2
5853,841574.6
5854,587939.4
5855,1088874.5
5856,1510059.2
5857,2297870.0
5858,1195563.0
5859,869452.56
5860,2411748.2
5861,1076799.2
5862,651022.9
5863,635569.06
5864,1097418.1
5865,928340.0
5866,979706.7
5867,391004.9
5868,637849.44
5869,767250.94
5870,1106932.4
5871,760557.8
5872,821663.3
5873,1149951.6
5874,1311059.6
5875,1136140.5
5876,848724.2
5877,961802.94
5878,768631.3
5879,494972.94
5880,1272478.2
5881,986820.75
5882,1342526.2
5883,2897566.8
5884,2140287.8
5885,611404.6
5886,1389241.9
5887,2162766.0
5888,1235497.0
5889,318648.47
5890,1811288.9
5891,779209.8
5892,2770895.5
5893,847493.06
5894,1244544.0
5895,1171081.4
5896,898946.8
5897,1168548.9
5898,644306.06
5899,538661.94
5900,613911.75
5901,682756.6
5902,1037435.9
5903,1120261.5
5904,1289398.2
5905,1596725.0
5906,927541.8
5907,2196251.2
5908,986590.3
5909,2291139.2
5910,1046424.0
5911,491600.06
5912,393863.0
5913,2642561.8
5914,184239.12
5915,993189.94
5916,1015623.56
5917,1641839.5
5918,1042829.0
5919,2296291.2
5920,354550.9
5921,671581.44
5922,337372.16
5923,1241250.8
5924,862989.2
5925,650636.75
5926,603576.3
5927,1640712.6
5928,756279.0
5929,1148148.8
5930,1144693.8
5931,964420.6
5932,1188446.8
5933,689089.75
5934,1441331.4
5935,977498.56
5936,732858.2
5937,703488.44
5938,1678954.2
5939,1350161.2
5940,1791623.9
5941,927034.94
5942,1773521.9
5943,1049056.9
5944,511741.34
5945,2304274.0
5946,839991.3
5947,1427459.1
5948,946832.9
5949,2623348.2
5950,715004.75
5951,1735165.6
5952,625819.75
5953,705431.8
5954,567771.5
5955,1891259.2
5956,603663.0
5957,983834.5
5958,742414.4
5959,563885.6
5960,754937.75
5961,1812768.8
5962,1316873.4
5963,1453756.1
5964,2025030.1
5965,1325332.9
5966,609509.94
5967,717285.8
5968,1242511.0
5969,632020.8
5970,492852.78
5971,1428455.5
5972,1851821.4
5973,1361552.1
5974,768448.0
5975,1413761.0
5976,1182921.2
5977,1576265.4
5978,568283.3
5979,1430959.0
5980,703726.44
5981,1129491.0
5982,792540.7
5983,1058611.8
5984,757903.9
5985,518146.06
5986,1084010.1
5987,898567.9
5988,1345947.2
5989,2425972.0
5990,800335.5
5991,1691621.8
5992,805091.56
5993,1324777.2
5994,597311.5
5995,1284210.2
5996,3263170.5
5997,1318916.5
5998,800161.75
5999,783175.06
6000,1229253.6
6001,1216743.9
6002,1401293.5
6003,1035051.06
6004,411568.06
6005,1864011.2
6006,403446.6
6007,780763.9
6008,737187.2
6009,693410.56
6010,856900.8
6011,194227.66
6012,751074.8
6013,1234050.4
6014,306457.75
6015,1112167.2
6016,862902.75
6017,1122988.2
6018,462721.78
6019,613538.75
6020,1083318.5
6021,558879.3
6022,719876.6
6023,456432.06
6024,1060364.5
6025,1676228.0
6026,614127.94
6027,617507.3
6028,667707.44
6029,623299.94
6030,2108555.0
6031,875793.6
6032,578199.06
6033,1180785.6
6034,978540.25
6035,359595.38
6036,1996855.5
6037,2779090.0
6038,1114578.5
6039,647520.94
6040,679223.56
6041,979323.0
6042,1181264.1
6043,1230050.5
6044,382193.0
6045,702226.8
6046,1027765.75
6047,1233396.1
6048,1172330.1
6049,813942.94
6050,490311.88
6051,971836.0
6052,1156002.8
6053,1114482.1
6054,1132801.2
6055,1791447.6
6056,1003990.94
6057,307237.1
6058,581876.7
6059,1127333.8
6060,1454987.2
6061,505140.03
6062,1536998.8
6063,611611.4
6064,272547.66
6065,590029.44
6066,1930844.2
6067,1162899.9
6068,371216.84
6069,585397.75
6070,1468162.9
6071,980907.1
6072,1500483.0
6073,1004015.0
6074,1800591.6
6075,1509652.8
6076,1166942.0
6077,1091639.1
6078,1186967.9
6079,900109.75
6080,1598409.6
6081,629008.56
6082,552722.25
6083,524285.28
6084,482947.03
6085,401481.8
6086,712002.44
6087,750333.6
6088,938678.44
6089,1327056.9
6090,788422.1
6091,898676.6
6092,3199834.5
6093,688686.8
6094,626445.9
6095,863230.5
6096,1090418.8
6097,1204132.8
6098,944869.25
6099,1239775.6
6100,564868.6
6101,682644.2
6102,958367.44
6103,646624.94
6104,1645899.9
6105,501736.56
6106,1175763.0
6107,646523.0
6108,713481.56
6109,589119.5
6110,742611.8
6111,941701.2
6112,908714.4
6113,2890042.8
6114,2492488.8
6115,883750.94
6116,359974.47
6117,1542690.6
6118,1131106.0
6119,1541884.2
6120,1040321.06
6121,684492.9
6122,797430.1
6123,858927.9
6124,1167644.6
6125,623370.4
6126,761913.2
6127,963657.4
6128,964422.44
6129,849477.25
6130,594903.7
6131,793905.7
6132,1244540.8
6133,398533.0
6134,1620569.5
6135,985430.06
6136,1208432.1
6137,1010796.44
6138,1538089.4
6139,2676805.0
6140,589119.5
6141,1222645.4
6142,820611.44
6143,1132801.2
6144,1308878.5
6145,587832.75
6146,580116.94
6147,435744.7
6148,1232519.2
6149,2169539.0
6150,1439161.8
6151,1170722.4
6152,1395982.1
6153,815618.56
6154,956367.25
6155,1379732.9
6156,1454461.8
6157,582981.3
6158,1648086.9
6159,651407.5
6160,605991.8
6161,756636.56
6162,701197.7
6163,1566048.6
6164,1029529.2
6165,576408.06
6166,410266.3
6167,817232.75
6168,2044883.1
6169,776505.0
6170,434699.2
6171,1799498.4
6172,1730291.4
6173,1863085.2
6174,1581890.9
6175,2613297.8
6176,1204689.4
6177,884682.25
6178,988167.9
6179,1110503.2
6180,1031019.94
6181,727974.56
6182,1234345.4
6183,1024147.0
6184,1387938.6
6185,689021.75
6186,672532.3
6187,467744.22
6188,885870.4
6189,651779.0
6190,549896.56
6191,539126.6
6192,449140.53
6193,1237237.9
6194,559221.8
6195,1399378.2
6196,1489170.8
6197,924564.3
6198,842756.0
6199,774107.8
6200,1093389.2
6201,1439620.8
6202,1512036.0
6203,1003070.5
6204,1341743.8
6205,879508.3
6206,725803.25
6207,831414.06
6208,2195945.2
6209,605997.9
6210,997386.25
6211,610580.3
6212,1171700.6
6213,875368.06
6214,1407450.4
6215,577598.4
6216,881753.06
6217,1316284.5
6218,675354.0
6219,1977948.5
6220,854691.1
6221,1151313.4
6222,557254.9
6223,609704.5
6224,1135511.5
6225,811465.8
6226,1005028.5
6227,2243582.2
6228,461351.72
6229,938127.25
6230,2238468.8
6231,464470.44
6232,783670.94
6233,474436.56
6234,1532238.5
6235,623066.56
6236,860883.2
6237,607093.06
6238,1435368.9
6239,588577.9
6240,1201547.4
6241,649314.9
6242,895285.06
6243,1125943.9
6244,1128247.5
6245,1481366.6
6246,1162035.8
6247,938916.4
6248,1039251.3
6249,1351204.5
6250,1554556.1
6251,868823.3
6252,430622.78
6253,917359.5
6254,1514146.5
6255,1720419.5
6256,770969.75
6257,279365.9
6258,647221.2
6259,993707.2
6260,872008.5
6261,1243665.5
6262,1091370.4
6263,761989.0
6264,1005673.2
6265,2759400.8
6266,874487.6
6267,1451803.9
6268,718343.94
6269,958165.9
6270,1355503.4
6271,671581.44
6272,1406499.8
6273,1934554.5
6274,476243.72
6275,847964.06
6276,1397112.4
6277,523334.72
6278,1407884.0
6279,583761.7
6280,940977.75
6281,701829.25
6282,557076.56
6283,768647.94
6284,781535.56
6285,635170.1
6286,2391605.8
6287,485429.38
6288,1103746.1
6289,1958222.1
6290,1121467.4
6291,428415.56
6292,2115661.5
6293,615006.56
6294,766033.6
6295,1143699.2
6296,1866586.9
6297,1410629.6
6298,2213064.0
6299,1992069.4
6300,1063232.0
6301,899640.4
6302,491227.2
6303,901678.4
6304,621481.9
6305,481657.28
6306,2383463.5
6307,1293548.5
6308,986039.44
6309,1719364.6
6310,1717761.9
6311,1275129.0
6312,925258.2
6313,1932784.8
6314,1646155.4
6315,1174933.4
6316,1447015.2
6317,407152.2
6318,2364086.5
6319,684146.75
6320,2035214.0
6321,493736.9
6322,1179175.0
6323,1420603.1
6324,877074.75
6325,782898.25
6326,2479751.2
6327,450508.84
6328,732960.75
6329,925640.2
6330,1024207.06
6331,1334572.5
6332,2540138.5
6333,603795.6
6334,851497.0
6335,803359.4
6336,851780.56
6337,979323.0
6338,618902.8
6339,1271765.0
6340,1060171.1
6341,886866.0
6342,2130018.5
6343,1117856.2
6344,2222126.2
6345,1079022.2
6346,1387061.9
6347,793494.9
6348,480270.66
6349,399928.22
6350,2405468.5
6351,718904.5
6352,2130273.5
6353,1753786.5
6354,597334.6
6355,1062924.9
6356,785723.7
6357,2357537.2
6358,762868.25
6359,712460.3
6360,1200343.4
6361,448421.97
6362,886744.0
6363,874396.0
6364,473545.2
6365,433825.88
6366,1127313.4
6367,671348.06
6368,1002614.56
6369,937598.94
6370,1250151.1
6371,658695.6
6372,399338.94
6373,766130.3
6374,650016.44
6375,816372.44
6376,731219.44
6377,800950.4
6378,630174.8
6379,683541.94
6380,1044652.9
6381,956806.25
6382,558879.3
6383,774291.56
6384,860794.7
6385,1734941.1
6386,1912975.5
6387,1310103.0
6388,1243127.2
6389,1101872.6
6390,445404.97
6391,1290250.8
6392,1126388.9
6393,896022.3
6394,1443465.1
6395,1110019.4
6396,758614.2
6397,1118973.8
6398,733193.2
6399,1549845.4
6400,558293.3
6401,890008.75
6402,716722.6
6403,969209.8
6404,1404139.1
6405,691998.44
6406,1041986.25
6407,876552.6
6408,1421780.6
6409,1525563.0
6410,511741.34
6411,1763532.2
6412,1159741.2
6413,726097.56
6414,845150.94
6415,845070.06
6416,808054.44
6417,517928.0
6418,780494.3
6419,1610647.4
6420,1405251.0
6421,2315198.0
6422,1283290.4
6423,697538.4
6424,1302592.1
6425,671581.44
6426,542665.9
6427,2352233.5
6428,1357621.9
6429,809045.25
6430,1017026.94
6431,511086.34
6432,1951612.0
6433,2070314.4
6434,444356.9
6435,606094.9
6436,1193832.0
6437,723284.25
6438,794539.75
6439,866082.06
6440,1461376.6
6441,1767499.5
6442,616813.7
6443,1120908.6
6444,936623.4
6445,1577127.8
6446,1654407.2
6447,489882.16
6448,1216240.8
6449,546078.8
6450,616075.8
6451,1371978.2
6452,652342.5
6453,1305124.0
6454,580116.94
6455,1058200.5
6456,464541.03
6457,1408110.5
6458,1579422.1
6459,828427.25
6460,1025773.25
6461,682958.4
6462,898877.44
6463,539585.6
6464,828042.75
6465,1038148.0
6466,593455.25
6467,604030.4
6468,859128.8
6469,1389440.6
6470,521002.03
6471,1352042.5
6472,1249361.5
6473,725782.5
6474,717285.8
6475,1211484.4
6476,1033586.0
6477,1324630.9
6478,1251841.2
6479,404545.78
6480,736646.06
6481,575874.5
6482,340757.1
6483,1198894.8
6484,1053639.2
6485,623358.56
6486,988179.25
6487,1257954.9
6488,506974.5
6489,1235256.1
6490,1061958.4
6491,1410342.5
6492,638384.8
6493,1252567.0
6494,1947161.5
6495,881572.2
6496,909736.94
6497,421990.62
6498,1501537.6
6499,671254.06
6500,783762.6
6501,1420951.6
6502,934177.44
6503,1418280.8
6504,966319.4
6505,993770.5
6506,1520875.5
6507,1453894.5
6508,1537550.9
6509,625725.25
6510,441705.16
6511,854015.2
6512,2796733.0
6513,1108996.8
6514,1715021.2
6515,1107545.6
6516,1702500.8
6517,793557.2
6518,557019.25
6519,1631686.2
6520,542911.7
6521,1547881.8
6522,723761.44
6523,1867575.0
6524,651407.5
6525,649549.44
6526,1314448.9
6527,1408505.5
6528,1818830.6
6529,1370699.4
6530,1024011.25
6531,638835.56
6532,425053.66
6533,1450326.9
6534,750711.4
6535,1062615.9
6536,954462.3
6537,1244801.2
6538,410464.47
6539,1081118.0
6540,432158.34
6541,774127.94
6542,862371.5
6543,408063.94
6544,643881.25
6545,1495758.4
6546,990056.06
6547,419349.38
6548,755672.25
6549,578199.06
6550,472086.12
6551,1316908.9
6552,1734802.8
6553,1015472.9
6554,606540.3
6555,1260844.5
6556,1161375.0
6557,2242914.0
6558,701115.3
6559,499383.6
6560,1143948.8
6561,1068214.4
6562,481554.44
6563,945576.06
6564,651340.1
6565,2259551.5
6566,752102.2
6567,799054.94
6568,638932.6
6569,572128.3
6570,1349087.0
6571,1386669.5
6572,661985.4
6573,816340.94
6574,556593.4
6575,992338.2
6576,1277270.5
6577,946039.56
6578,1324306.6
6579,2419720.8
6580,727278.06
6581,937645.75
6582,1344597.0
6583,1306230.1
6584,1582277.4
6585,864074.3
6586,963006.1
6587,834222.56
6588,554821.0
6589,439695.84
6590,646614.6
6591,471875.47
6592,1803697.5
6593,1422905.6
6594,1442936.9
6595,951950.56
6596,608631.94
6597,885969.44
6598,1060399.8
6599,834729.7
6600,1221812.6
6601,2593035.2
6602,984775.75
6603,3180291.0
6604,804791.4
6605,713560.06
6606,1231237.5
6607,874301.1
6608,1372626.1
6609,1274865.1
6610,457027.5
6611,903914.25
6612,2260931.0
6613,645603.5
6614,1469350.0
6615,1638205.9
6616,670227.0
6617,648799.0
6618,1125444.4
6619,596208.9
6620,420872.84
6621,860761.8
6622,1365368.1
6623,1391935.5
6624,880703.6
6625,1459025.4
6626,1137434.1
6627,1893235.8
6628,838649.6
6629,2759779.0
6630,670869.94
6631,3387568.8
6632,1152134.0
6633,2579262.0
6634,508270.72
6635,859188.9
6636,2387430.2
6637,1220657.6
6638,1351822.2
6639,1205436.6
6640,1762077.9
6641,1033604.6
6642,580116.94
6643,849176.7
6644,997759.5
6645,704528.4
6646,862109.2
6647,440627.16
6648,1128637.2
6649,767871.9
6650,716722.6
6651,1184060.9
6652,603125.06
6653,866797.0
6654,2010323.5
6655,1062339.2
6656,1564456.4
6657,470608.56
6658,1001419.3
6659,1042933.8
6660,1204246.0
6661,289020.88
6662,942274.7
6663,344352.75
6664,650765.06
6665,684994.2
6666,1294195.8
6667,1266616.4
6668,1149351.2
6669,1357872.0
6670,2226603.2
6671,1161750.8
6672,598458.2
6673,1266906.8
6674,684318.94
6675,963607.3
6676,630591.1
6677,1740728.9
6678,835683.44
6679,1017981.4
6680,354550.9
6681,737531.5
6682,2217607.5
6683,1278077.5
6684,1543479.5
6685,693251.1
6686,2260024.2
6687,822422.8
6688,1063173.4
6689,1192132.9
6690,1329745.0
6691,784693.8
6692,1407777.8
6693,662223.5
6694,1314308.2
6695,1239437.1
6696,2112480.0
6697,554008.56
6698,1069092.5
6699,810414.1
6700,484859.88
6701,1487933.6
6702,580799.0
6703,569909.2
6704,1929171.8
6705,1663639.0
6706,389714.75
6707,543175.5
6708,1378108.0
6709,1212457.5
6710,1404721.8
6711,501831.1
6712,1531654.2
6713,1444608.0
6714,1099413.5
6715,1216711.8
6716,1342486.4
6717,932541.75
6718,963258.9
6719,1434020.6
6720,678076.56
6721,1030362.1
6722,1330923.8
6723,612124.25
6724,1059802.2
6725,471761.4
6726,604217.2
6727,1141966.8
6728,962555.2
6729,954790.7
6730,761684.56
6731,1489344.4
6732,856258.4
6733,715599.6
6734,425058.84
6735,2409213.0
6736,668338.4
6737,758213.94
6738,1376855.4
6739,686359.56
6740,1256697.1
6741,609227.44
6742,1507983.0
6743,1021675.0
6744,1124368.8
6745,1481314.6
6746,598063.3
6747,1363169.8
6748,952577.4
6749,899992.06
6750,1014578.6
6751,1384707.5
6752,559919.4
6753,1210301.4
6754,186420.92
6755,1483833.2
6756,1863273.8
6757,1555362.4
6758,847983.3
6759,1771412.4
6760,297108.1
6761,915082.9
6762,1149137.2
6763,1052973.0
6764,1337135.2
6765,574545.25
6766,506744.9
6767,3391993.2
6768,1820484.4
6769,1178806.4
6770,481014.8
6771,1696156.4
6772,670466.44
6773,567919.8
6774,1512360.5
6775,1216690.0
6776,977729.5
6777,1540108.4
6778,1903637.8
6779,743782.0
6780,624865.94
6781,369326.97
6782,766802.56
6783,1202608.1
6784,599968.3
6785,886422.9
6786,798725.7
6787,739968.06
6788,795319.44
6789,858012.6
6790,991700.0
6791,1118973.8
6792,409739.72
6793,1318442.5
6794,2071571.4
6795,1212772.5
6796,1348001.9
6797,800234.94
6798,982041.56
6799,1195037.6
6800,803478.2
6801,578605.7
6802,800280.9
6803,673333.56
6804,1221762.2
6805,1575897.5
6806,389311.8
6807,1117521.1
6808,713235.7
6809,994037.0
6810,568634.0
6811,624753.3
6812,1178464.9
6813,1365272.8
6814,774974.8
6815,641424.4
6816,2152559.0
6817,557948.6
6818,711326.6
6819,730646.06
6820,1212115.5
6821,2068799.6
6822,1100555.6
6823,985120.56
6824,1639066.1
6825,946832.9
6826,868206.75
6827,643506.94
6828,656114.44
6829,1629155.8
6830,414582.5
6831,1263086.9
6832,1211484.4
6833,435744.7
6834,1851966.8
6835,522470.97
6836,1739280.2
6837,1648293.5
6838,224822.6
6839,1219622.0
6840,1088359.4
6841,917510.06
6842,393074.22
6843,474436.56
6844,1348560.4
6845,577308.75
6846,856397.7
6847,1004097.25
6848,467546.62
6849,893889.9
6850,1342215.8
6851,1221090.6
6852,1383688.1
6853,965021.1
6854,786200.75
6855,941272.2
6856,818473.1
6857,1629142.5
6858,1568641.6
6859,432220.38
6860,566223.2
6861,514001.3
6862,558454.2
6863,241320.4
6864,565510.5
6865,693179.75
6866,1322308.4
6867,725380.0
6868,1238265.1
6869,520857.7
6870,747369.5
6871,1424926.0
6872,971241.2
6873,742954.7
6874,1141169.0
6875,773468.6
6876,508337.97
6877,984775.75
6878,900027.75
6879,993500.1
6880,872203.75
6881,1148369.1
6882,2999218.0
6883,621919.56
6884,963064.9
6885,1111285.8
6886,1424066.2
6887,2119175.5
6888,1014492.1
6889,1749216.1
6890,880763.1
6891,1251017.8
6892,481204.34
6893,1042647.5
6894,1077375.1
6895,959955.06
6896,488239.78
6897,1979984.8
6898,1163865.4
6899,1179053.5
6900,606094.9
6901,1416113.0
6902,1208492.6
6903,897990.8
6904,563040.9
6905,654764.6
6906,1692253.2
6907,1092643.2
6908,1468791.9
6909,587417.8
6910,1179586.2
6911,1772438.9
6912,1095763.5
6913,580116.94
6914,1208824.0
6915,2320547.5
6916,1781647.8
6917,2198275.0
6918,506974.5
6919,2684513.2
6920,1043519.8
6921,1859439.0
6922,559943.0
6923,1350328.9
6924,923189.7
6925,1368491.8
6926,967217.94
6927,1900491.1
6928,1256697.1
6929,471691.6
6930,718734.75
6931,909079.8
6932,720109.06
6933,1591983.6
6934,1823523.8
6935,855897.56
6936,495431.06
6937,571796.7
6938,1311402.6
6939,354081.6
6940,1612949.4
6941,509519.0
6942,843705.1
6943,356119.66
6944,489635.4
6945,951560.6
6946,977348.4
6947,935730.6
6948,1361776.8
6949,823287.44
6950,910165.4
6951,681491.7
6952,545732.0
6953,1607701.9
6954,703497.2
6955,1150394.0
6956,884682.25
6957,980576.06
6958,984302.44
6959,581876.7
6960,1380813.1
6961,961780.4
6962,1325086.2
6963,1252297.2
6964,1019886.1
6965,1056658.8
6966,963432.06
6967,1270188.0
6968,882798.0
6969,1069038.0
6970,651407.5
6971,1248840.0
6972,1233050.8
6973,484859.88
6974,241223.33
6975,1312210.6
6976,651781.5
6977,2952547.8
6978,1047884.44
6979,1090219.1
6980,365819.12
6981,501831.1
6982,606219.4
6983,1929812.6
6984,1358425.2
6985,795879.06
6986,650670.56
6987,2003708.5
6988,1066057.2
6989,1254796.8
6990,1621983.4
6991,1211484.4
6992,1110495.6
6993,752155.3
6994,734763.5
6995,542906.06
6996,1277665.6
6997,1216504.4
6998,845041.6
6999,1141816.0
7000,579484.1
7001,1343234.0
7002,1274987.1
7003,1758869.5
7004,670430.1
7005,942090.6
7006,1405684.0
7007,2060234.0
7008,1483833.2
7009,777979.75
7010,1144522.1
7011,425961.9
7012,1067454.0
7013,2184233.8
7014,655271.44
7015,1190470.2
7016,2091260.4
7017,1773545.6
7018,1346583.9
7019,899218.3
7020,808492.75
7021,1206555.0
7022,1050121.4
7023,753008.25
7024,442768.1
7025,819687.1
7026,890493.75
7027,1401280.5
7028,511276.66
7029,635507.94
7030,904813.6
7031,699782.56
7032,1589769.9
7033,604339.44
7034,773244.94
7035,984438.9
7036,1050173.9
7037,949743.6
7038,1343316.2
7039,770583.56
7040,891950.1
7041,1091370.4
7042,552722.25
7043,625177.06
7044,1437281.8
7045,764201.8
7046,901107.2
7047,418646.38
7048,924154.94
7049,884757.25
7050,1012546.06
7051,973275.25
7052,1019470.9
7053,1093859.4
7054,1022571.4
7055,1051232.4
7056,961780.8
7057,650765.06
7058,995199.44
7059,2062732.1
7060,1748675.0
7061,1632314.5
7062,758213.94
7063,1633467.0
7064,886026.8
7065,644186.75
7066,998424.56
7067,1514871.1
7068,1137331.6
7069,907239.06
7070,862658.6
7071,1499331.2
7072,849674.4
7073,976497.75
7074,1316322.8
7075,794609.25
7076,1430985.6
7077,271733.4
7078,1385812.9
7079,857007.3
7080,2094088.4
7081,2724801.8
7082,2089445.5
7083,708700.06
7084,756117.94
7085,387031.28
7086,724558.9
7087,540894.7
7088,1033611.6
7089,1168413.9
7090,919628.3
7091,1663306.6
7092,911926.4
7093,1301676.5
7094,590969.94
7095,857007.3
7096,2554560.0
7097,1870641.9
7098,573406.44
7099,876009.6
7100,416213.6
7101,1654843.0
7102,984506.7
7103,657211.06
7104,811042.44
7105,654086.2
7106,1376318.2
7107,1146853.1
7108,909232.7
7109,1108379.0
7110,774946.25
7111,2708447.5
7112,1490319.5
7113,695417.5
7114,1051984.0
7115,975913.2
7116,347471.06
7117,858306.56
7118,603576.3
7119,1552500.8
7120,1085280.2
7121,605163.25
7122,1231874.2
7123,858660.1
7124,2235789.2
7125,683506.3
7126,1386223.4
7127,992226.5
7128,1914262.5
7129,820241.56
7130,787545.0
7131,1051916.1
7132,1113744.6
7133,771405.56
7134,620506.3
7135,1293969.0
7136,2403464.5
7137,1048123.4
7138,766889.25
7139,604524.7
7140,1029663.6
7141,594202.25
7142,792470.25
7143,497724.7
7144,1262508.2
7145,785019.1
7146,1233050.8
7147,766966.8
7148,515114.44
7149,1159013.4
7150,966625.56
7151,1376775.5
7152,979323.0
7153,724558.9
7154,433825.88
7155,2516317.0
7156,936327.9
7157,599641.4
7158,1249090.0
7159,1867667.1
7160,1274306.2
7161,460800.72
7162,663849.1
7163,663583.4
7164,2835318.2
7165,2182785.0
7166,472143.06
7167,1589477.2
7168,1427125.9
7169,440560.4
7170,741893.94
7171,1236266.6
7172,931370.0
7173,1153631.6
7174,2142347.5
7175,448045.94
7176,1329405.6
7177,836676.6
7178,833628.3
7179,559943.0
7180,1451316.8
7181,538914.3
7182,1316677.6
7183,864495.3
7184,1105889.2
7185,1026682.44
7186,1225907.0
7187,650416.3
7188,626796.3
7189,911910.5
7190,376648.38
7191,520402.3
7192,1008534.9
7193,2893840.2
7194,717373.7
7195,820453.56
7196,932650.0
7197,803996.94
7198,1206275.5
7199,568068.94
7200,994968.8
7201,1233127.0
7202,806659.3
7203,1133976.1
7204,753235.4
7205,1692702.2
7206,726959.8
7207,1065220.1
7208,844581.0
7209,564333.56
7210,932989.0
7211,1197759.9
7212,1088336.0
7213,483089.1
7214,738028.56
7215,1016183.1
7216,735906.0
7217,1114255.4
7218,1211484.4
7219,1342711.6
7220,423752.16
7221,1369067.0
7222,547072.5
7223,1214749.8
7224,1357722.5
7225,394857.66
7226,1638958.0
7227,900109.75
7228,669146.8
7229,1992615.9
7230,1438547.8
7231,475853.12
7232,448421.97
7233,2522789.8
7234,732933.2
7235,752201.4
7236,926936.2
7237,519089.12
7238,568316.7
7239,827457.7
7240,1088863.5
7241,668869.1
7242,391789.0
7243,1091918.4
7244,900887.0
7245,979964.0
7246,445327.25
7247,684409.94
7248,1560282.2
7249,1954338.5
7250,832544.3
7251,1443877.8
7252,1573192.6
7253,1694367.6
7254,2002213.9
7255,740930.9
7256,1328098.0
7257,845362.4
7258,1142164.1
7259,1038693.7
7260,1193741.0
7261,1009597.3
7262,896511.2
7263,1151687.6
7264,764269.3
7265,623275.9
7266,1411222.6
7267,1090917.0
7268,645603.5
7269,506974.5
7270,760084.56
7271,1088921.9
7272,992750.56
7273,1147712.6
7274,938503.6
7275,1326258.1
7276,676842.7
7277,1677027.2
7278,975078.8
7279,1382112.2
7280,973275.25
7281,1719660.4
7282,801390.25
7283,1118451.6
7284,693118.75
7285,514831.75
7286,476754.16
7287,2391386.5
7288,816817.3
7289,1790215.1
7290,1012899.1
7291,1121266.6
7292,874806.44
7293,1042320.6
7294,722889.3
7295,644077.3
7296,461006.84
7297,1283360.5
7298,837921.25
7299,804953.25
7300,927308.8
7301,774294.3
7302,1640629.6
7303,310798.3
7304,1284908.9
7305,569916.94
7306,1258006.2
7307,1387061.9
7308,867421.1
7309,1082712.8
7310,927961.44
7311,491270.84
7312,1544002.2
7313,932390.94
7314,1614392.0
7315,1552177.0
7316,1925371.0
7317,760099.75
7318,691921.8
7319,607347.2
7320,1116636.8
7321,1069485.4
7322,1318727.0
7323,1429561.1
7324,1215453.6
7325,1969038.1
7326,929965.75
7327,679329.6
7328,672674.1
7329,1321177.6
7330,1126228.0
7331,551221.3
7332,720476.9
7333,1348539.6
7334,1366668.1
7335,1213253.9
7336,1231500.4
7337,1123756.4
7338,524519.3
7339,1242289.1
7340,1816559.1
7341,1552700.8
7342,856434.94
7343,755274.75
7344,626846.6
7345,574352.1
7346,568094.9
7347,571239.5
7348,691609.4
7349,977188.25
7350,1567184.2
7351,548809.1
7352,1574618.2
7353,587226.1
7354,1260288.8
7355,571735.5
7356,1530536.1
7357,682634.94
7358,1304593.4
7359,646123.3
7360,1506767.1
7361,898871.56
7362,797977.2
7363,2444501.8
7364,1480396.4
7365,782972.0
7366,881228.56
7367,631970.1
7368,410066.6
7369,2929985.8
7370,609302.25
7371,1056658.8
7372,1234059.5
7373,1603536.5
7374,1152548.1
7375,835460.3
7376,444164.38
7377,1556797.5
7378,595474.8
7379,603544.75
7380,1232231.6
7381,1156423.1
7382,926182.56
7383,546438.3
7384,1155175.5
7385,777996.1
7386,1495780.4
7387,1812026.0
7388,1479204.0
7389,1251017.8
7390,844432.56
7391,672674.1
7392,1313686.8
7393,982332.25
7394,501831.1
7395,1381361.8
7396,1129947.0
7397,790121.1
7398,924942.94
7399,2413616.8
7400,656499.0
7401,895596.1
7402,752357.1
7403,499299.53
7404,1260844.5
7405,1176626.5
7406,1227395.5
7407,1615394.2
7408,486749.84
7409,603576.3
7410,1213043.6
7411,426704.53
7412,2512879.5
7413,1179832.5
7414,761027.0
7415,606205.06
7416,1848585.9
7417,981203.4
7418,1102792.8
7419,1979022.6
7420,624573.9
7421,725667.7
7422,1164104.1
7423,788184.6
7424,2480436.0
7425,1797207.9
7426,814725.06
7427,380300.72
7428,1347987.0
7429,739696.75
7430,443459.9
7431,942109.1
7432,304413.5
7433,658993.7
7434,499009.12
7435,1586894.6
7436,403880.7
7437,1615621.8
7438,841498.56
7439,1066321.5
7440,289020.88
7441,790349.2
7442,865544.0
7443,365776.78
7444,755490.75
7445,1458577.9
7446,682892.2
7447,1296227.6
7448,1112026.8
7449,1209979.8
7450,1195905.5
7451,2552768.2
7452,1355603.1
7453,465199.4
7454,692882.25
7455,549896.56
7456,448045.94
7457,1881629.0
7458,828333.94
7459,578111.56
7460,710456.1
7461,500614.2
7462,2027654.9
7463,1025662.5
7464,859836.1
7465,850797.56
7466,394759.1
7467,486169.88
7468,702334.6
7469,1427253.4
7470,673519.8
7471,1702116.0
7472,329217.06
7473,735906.0
7474,571592.4
7475,1125041.9
7476,1631280.1
7477,545442.25
7478,2034467.8
7479,1325964.9
7480,508014.4
7481,923891.06
7482,1390692.0
7483,530854.2
7484,900365.0
7485,1172330.1
7486,1348713.6
7487,1262169.6
7488,1020276.44
7489,1120670.0
7490,394577.66
7491,832180.5
7492,1142776.9
7493,1655993.6
7494,464011.44
7495,710445.0
7496,726871.4
7497,1097418.1
7498,606478.4
7499,1107123.4
7500,486132.4
7501,1227335.5
7502,1967713.6
7503,1101837.8
7504,1002148.4
7505,1247277.2
7506,1144527.5
7507,1503874.9
7508,831033.25
7509,767882.5
7510,823139.25
7511,1325171.0
7512,1005951.25
7513,1199175.5
7514,1919068.8
7515,1520563.2
7516,1249235.4
7517,775305.3
7518,1399983.4
7519,530634.0
7520,2342815.5
7521,425514.62
7522,1611064.9
7523,988133.44
7524,1532728.4
7525,1069560.8
7526,1451037.8
7527,710438.1
7528,476754.16
7529,1299631.5
7530,580535.94
7531,328706.78
7532,1597147.1
7533,975025.2
7534,842321.25
7535,3160930.8
7536,2820763.8
7537,502094.66
7538,906129.4
7539,1716675.4
7540,1112777.5
7541,786748.56
7542,834654.9
7543,1205759.4
7544,1590760.1
7545,935927.1
7546,1375487.8
7547,1161186.2
7548,740649.7
7549,810179.75
7550,943110.9
7551,890310.75
7552,732325.25
7553,1427253.5
7554,1362630.1
7555,1335930.4
7556,921971.06
7557,772839.56
7558,1131093.2
7559,1286400.9
7560,2299061.0
7561,1640774.4
7562,851486.94
7563,773308.6
7564,880114.94
7565,458254.06
7566,2473348.8
7567,1528096.5
7568,1623589.4
7569,1221281.4
7570,1074502.5
7571,519096.12
7572,1256832.8
7573,645603.5
7574,507769.84
7575,1314088.2
7576,1468746.4
7577,916871.7
7578,908334.9
7579,498330.75
7580,761146.06
7581,696385.8
7582,656114.44
7583,941719.8
7584,796276.3
7585,1226057.0
7586,512446.6
7587,1132640.5
7588,828866.6
7589,715574.4
7590,1065713.5
7591,1001303.7
7592,892580.1
7593,1404449.1
7594,918888.0
7595,1263264.6
7596,491227.2
7597,632644.06
7598,754076.94
7599,1353657.0
7600,487214.9
7601,1524567.6
7602,1143032.9
7603,836085.6
7604,570136.75
7605,841204.1
7606,742414.4
7607,1495981.1
7608,974431.3
7609,723221.8
7610,261862.33
7611,694036.5
7612,1035984.3
7613,922697.3
7614,1591358.8
7615,763591.0
7616,1239240.1
7617,574437.44
7618,2074413.8
7619,420442.12
7620,1158181.4
7621,490387.5
7622,951963.75
7623,1114140.9
7624,825692.25
7625,2078506.9
7626,1526497.0
7627,1602598.6
7628,599531.7
7629,1255750.0
7630,1643991.5
7631,617325.06
7632,1299058.4
7633,1951240.1
7634,741893.94
7635,275452.72
7636,220111.1
7637,563145.56
7638,1003996.4
7639,1115160.8
7640,1391598.9
7641,1719175.0
7642,1482043.1
7643,777398.9
7644,1550303.2
7645,1013709.6
7646,1065361.1
7647,698099.75
7648,1558669.1
7649,1220617.0
7650,1123148.6
7651,1204750.8
7652,1236836.9
7653,1311849.2
7654,684420.75
7655,681897.75
7656,832518.1
7657,1200160.1
7658,498196.3
7659,396359.03
7660,1955398.4
7661,582664.2
7662,940942.9
7663,1821667.9
7664,1839390.6
7665,499199.8
7666,1145239.9
7667,648824.9
7668,1678429.0
7669,1221564.4
7670,419349.38
7671,1009361.44
7672,1226183.9
7673,1902127.1
7674,1019056.1
7675,1578991.4
7676,1413753.1
7677,717351.0
7678,1195485.9
7679,731792.7
7680,661124.1
7681,961365.4
7682,1098495.0
7683,1062111.8
7684,739948.94
7685,2045324.4
7686,953089.9
7687,602412.5
7688,562124.8
7689,1265971.8
7690,1440170.9
7691,676656.44
7692,828176.75
7693,1170140.0
7694,1321462.2
7695,321812.2
7696,1240445.0
7697,624323.2
7698,817648.6
7699,1155407.6
7700,610488.5
7701,377227.56
7702,1241655.1
7703,819574.44
7704,1480624.0
7705,563836.9
7706,1093444.0
7707,1371096.5
7708,2047221.2
7709,749362.94
7710,1543134.4
7711,620464.44
7712,2079576.9
7713,779200.44
7714,428261.44
7715,1769317.1
7716,406231.6
7717,1060796.1
7718,629055.2
7719,932285.9
7720,520873.06
7721,2298007.2
7722,871186.75
7723,1313437.1
7724,1228989.4
7725,1250305.0
7726,1286794.2
7727,764618.7
7728,1176417.5
7729,995520.4
7730,1262077.8
7731,1306537.9
7732,792287.44
7733,889451.75
7734,858756.44
7735,1193429.0
7736,1578416.8
7737,307589.34
7738,1074147.2
7739,944881.0
7740,536285.75
7741,812705.7
7742,1014195.4
7743,1435742.4
7744,903302.3
7745,617511.75
7746,794045.2
7747,1030219.1
7748,707123.7
7749,1796282.9
7750,1056112.5
7751,1276370.0
7752,1026236.94
7753,929996.2
7754,1257735.6
7755,599841.8
7756,1096602.6
7757,1913064.9
7758,439441.3
7759,928489.5
7760,1534058.9
7761,1065722.6
7762,1168737.9
7763,1226258.1
7764,1211183.1
7765,1196705.8
7766,2103903.2
7767,1576181.0
7768,1687744.2
7769,827462.75
7770,1898940.9
7771,471742.78
7772,293480.47
7773,661215.7
7774,419349.38
7775,888262.3
7776,2314659.8
7777,1148478.6
7778,439141.6
7779,776032.2
7780,1197627.9
7781,648896.44
7782,1737972.2
7783,636037.94
7784,1931683.2
7785,1644762.1
7786,781420.06
7787,1133257.9
7788,531183.44
7789,1034565.2
7790,591550.75
7791,605155.3
7792,923315.56
7793,473174.9
7794,1886386.2
7795,1019671.6
7796,948917.1
7797,856494.8
7798,1391935.5
7799,774861.7
7800,1526587.1
7801,1898351.2
7802,712295.25
7803,1218386.2
7804,1758184.4
7805,650948.2
7806,2278324.8
7807,887769.75
7808,1069878.9
7809,1039607.7
7810,501831.1
7811,823291.25
7812,740864.25
7813,637542.75
7814,1449401.5
7815,1384046.1
7816,1103746.9
7817,2477278.2
7818,644344.3
7819,1955508.6
7820,1056665.1
7821,359999.8
7822,1150376.0
7823,2133709.0
7824,2672490.8
7825,848699.3
7826,1473432.0
7827,419349.38
7828,696014.44
7829,1404721.8
7830,976560.25
7831,3500353.8
7832,835460.1
7833,913967.3
7834,1187192.2
7835,668338.4
7836,2298689.0
7837,947243.0
7838,1177897.4
7839,481657.28
7840,1129537.5
7841,715540.56
7842,2762263.5
7843,693318.7
7844,999567.7
7845,1546757.1
7846,1065059.9
7847,741979.56
7848,1337137.1
7849,738620.56
7850,1168992.6
7851,860768.25
7852,651304.7
7853,1405224.2
7854,958973.4
7855,1201155.4
7856,477873.03
7857,962523.3
7858,1657377.9
7859,769751.25
7860,1323331.2
7861,2006612.5
7862,627192.75
7863,1375105.4
7864,813935.1
7865,406723.38
7866,1655132.0
7867,399175.5
7868,651407.5
7869,866899.5
7870,631969.75
7871,2831018.8
7872,919001.1
7873,645603.5
7874,998542.94
7875,944065.0
7876,866716.75
7877,1198127.8
7878,677913.1
7879,1118973.8
7880,651176.8
7881,738984.44
7882,1405023.2
7883,873775.1
7884,1260126.0
7885,276709.38
7886,1371352.1
7887,852256.75
7888,903200.5
7889,2557439.8
7890,1747230.6
7891,880344.8
7892,2326197.2
7893,1132812.2
7894,2130191.8
7895,2610100.5
7896,1489344.4
7897,987790.0
7898,313839.6
7899,1899302.9
7900,653023.3
7901,1475812.2
7902,1354675.4
7903,1126919.5
7904,1422403.4
7905,1233040.0
7906,948153.0
7907,1829559.5
7908,1218379.1
7909,1516234.5
7910,1556765.2
7911,1391062.8
7912,1102137.8
7913,2333680.2
7914,1233040.0
7915,530595.0
7916,1343328.1
7917,1152519.1
7918,739172.1
7919,773080.44
7920,656666.25
7921,2094346.6
7922,214295.16
7923,1320526.0
7924,1963075.1
7925,778192.25
7926,2282481.8
7927,1480450.2
7928,723712.94
7929,736222.94
7930,1718632.1
7931,718532.5
7932,747348.0
7933,924760.56
7934,1740393.4
7935,275481.66
7936,714986.5
7937,1244151.2
7938,1148550.1
7939,1244676.9
7940,1156510.6
7941,615602.2
7942,1304359.5
7943,608441.8
7944,796380.44
7945,1719127.1
7946,623113.4
7947,899247.25
7948,1109517.9
7949,1308515.2
7950,1237241.4
7951,476099.16
7952,998508.25
7953,1335786.8
7954,1404283.8
7955,683334.1
7956,574517.06
7957,1477458.0
7958,434786.56
7959,1005867.75
7960,564656.44
7961,1550640.0
7962,1682947.4
7963,2086869.9
7964,1237599.2
7965,964224.8
7966,909888.6
7967,412857.94
7968,1471597.5
7969,1289551.6
7970,841699.94
7971,1261312.5
7972,716722.6
7973,2219954.2
7974,1368923.1
7975,961128.56
7976,687553.2
7977,2749941.8
7978,1045133.5
7979,885588.6
7980,624700.6
7981,503277.9
7982,2275279.8
7983,1258941.2
7984,3042535.0
7985,483826.66
7986,1558222.6
7987,1048421.1
7988,726251.1
7989,847048.94
7990,1138474.2
7991,1664506.1
7992,1309409.8
7993,920569.0
7994,574598.75
7995,450807.34
7996,382193.0
7997,1031751.3
7998,1850486.4
7999,558879.3
8000,1999529.9
8001,1081118.0
8002,1159388.2
8003,990868.7
8004,312558.38
8005,704373.25
8006,609704.5
8007,1486789.0
8008,743738.3
8009,1459025.4
8010,1125286.0
8011,1003612.3
8012,837131.56
8013,2071981.9
8014,1097418.1
8015,564761.0
8016,826464.3
8017,636571.1
8018,2216479.2
8019,1446290.1
8020,1055215.1
8021,549896.56
8022,3427371.5
8023,2283151.5
8024,1260844.5
8025,622453.4
8026,638127.44
8027,1680987.2
8028,678891.44
8029,1174718.8
8030,403081.1
8031,1315903.2
8032,1113297.2
8033,971241.2
8034,1476171.0
8035,805847.0
8036,1390652.8
8037,1201251.0
8038,1510750.9
8039,1232231.6
8040,1407336.2
8041,3247383.0
8042,1397732.5
8043,2212284.0
8044,1261312.5
8045,2017062.9
8046,911774.6
8047,1266795.0
8048,1711597.9
8049,1159061.5
8050,1673094.4
8051,869923.0
8052,1287972.5
8053,2439142.0
8054,585540.2
8055,2128497.5
8056,1283469.4
8057,362921.1
8058,814470.1
8059,884251.25
8060,645818.56
8061,1098875.9
8062,694418.0
8063,1508029.6
8064,399175.5
8065,386113.47
8066,576893.94
8067,975666.44
8068,727211.44
8069,309538.94
8070,914416.4
8071,1409634.5
8072,1282110.0
8073,940017.06
8074,475635.06
8075,1483580.4
8076,625819.75
8077,2287269.5
8078,2032535.8
8079,619467.1
8080,422771.47
8081,555422.9
8082,578993.2
8083,979239.44
8084,1268393.6
8085,721812.2
8086,577598.4
8087,1074740.5
8088,902362.4
8089,1092317.1
8090,1170144.4
8091,234810.69
8092,916835.6
8093,603696.1
8094,598689.3
8095,1958437.8
8096,928122.2
8097,551049.06
8098,1252065.0
8099,2420393.5
8100,1309969.5
8101,1090459.2
8102,453620.2
8103,755521.3
8104,1890224.5
8105,1415927.9
8106,652199.7
8107,2601101.5
8108,671581.44
8109,1118973.8
8110,690476.4
8111,671581.44
8112,2546338.0
8113,407148.94
8114,2487007.2
8115,880458.2
8116,422556.03
8117,1082934.0
8118,749304.1
8119,806556.9
8120,1090563.9
8121,678342.2
8122,1135946.6
8123,471891.1
8124,1463309.9
8125,626193.6
8126,1848594.6
8127,410398.28
8128,673281.9
8129,973275.25
8130,1107421.5
8131,1597929.1
8132,1143240.9
8133,1009669.56
8134,2227898.0
8135,1092611.6
8136,1317849.6
8137,474436.56
8138,1284193.9
8139,1806680.6
8140,966444.3
8141,289767.5
8142,920140.9
8143,1100954.2
8144,714986.5
8145,740105.1
8146,663273.75
8147,766802.56
