index,Price
0,1638626.9058990479
1,164728.15005493164
2,1229288.5621948242
3,627745.6490783691
4,768016.711265564
5,1282815.790840149
6,96659.07469940186
7,1528804.5840835571
8,1018463.8344268799
9,1488213.346321106
10,1813065.0970535278
11,964759.1303253174
12,756417.9856491089
13,739157.6883621216
14,502207.1456756592
15,864508.6385803223
16,438990.45082092285
17,817157.2861709595
18,2125085.025215149
19,370903.26737976074
20,959273.6737823486
21,1030298.0961990356
22,1104385.8704299927
23,1509948.7489776611
24,1476495.2783050537
25,1142887.2849655151
26,904936.3514709473
27,844959.5030517578
28,994458.4970474243
29,1127568.762336731
30,469200.31423950195
31,1614886.523551941
32,17256.498390197754
33,240827.72645568848
34,704545.0700378418
35,507853.34271240234
36,1873870.869567871
37,738589.6839675903
38,1156524.7728500366
39,755442.1204299927
40,1273467.8870010376
41,1489753.788093567
42,1323445.0228347778
43,104589.30718231201
44,1093387.9728240967
45,1210838.058441162
46,1166007.565284729
47,880362.6161804199
48,489546.3623275757
49,963734.0254592896
50,752181.158126831
51,1957927.3037719727
52,775783.7957229614
53,567106.760635376
54,1910047.0391159058
55,595850.0043258667
56,1063144.7463302612
57,1497656.7584762573
58,1327961.5346221924
59,1351745.1622543335
60,555760.3796157837
61,1460029.4880828857
62,1062458.769104004
63,1402226.7009277344
64,1998802.598060608
65,1285542.499130249
66,1415030.6890335083
67,897144.8760986328
68,1119488.569656372
69,1039007.0981826782
70,1061280.9947891235
71,1868967.8135910034
72,1649497.4708328247
73,1896623.566116333
74,1479125.2520370483
75,1761382.2187652588
76,1154934.4278411865
77,1074025.9110946655
78,921161.6687011719
79,2287197.6392974854
80,920241.4879684448
81,1199252.551902771
82,351046.32318878174
83,1703692.647315979
84,1061673.3941497803
85,967859.3408966064
86,1140744.2571411133
87,1858711.0977554321
88,204399.4592437744
89,-43172.12535095215
90,606517.2189407349
91,1664514.9956588745
92,989611.1018218994
93,1730204.7560806274
94,1468815.0342636108
95,1892095.2593536377
96,331776.79134368896
97,2342763.308113098
98,1854153.8278808594
99,1321907.7805862427
100,185436.77220916748
101,1519220.2917022705
102,1796862.4384994507
103,1304009.296081543
104,343042.4284515381
105,965381.5595397949
106,1714465.813835144
107,1446989.034690857
108,518636.3120498657
109,1427123.0237121582
110,1823223.8208084106
111,1428388.4955062866
112,702707.2390289307
113,1585237.2039108276
114,2132711.6417770386
115,150111.38353729248
116,1460537.4667510986
117,2263167.67918396
118,1375764.7505722046
119,1302866.9254074097
120,1699550.0355300903
121,447155.1842880249
122,1518128.0966415405
123,1136316.9650878906
124,834856.461982727
125,1261210.5664749146
126,2049685.363204956
127,819868.583984375
128,1096648.0968322754
129,924995.7734527588
130,331636.1100997925
131,1086173.0084609985
132,936636.4014053345
133,2206001.180984497
134,1399779.1344833374
135,1397568.9223098755
136,1268752.1202850342
137,898379.0607223511
138,1097627.3392333984
139,734685.3456497192
140,1621792.9245300293
141,995929.8732757568
142,878249.4067077637
143,1091322.9760360718
144,1261530.6293945312
145,1705889.0984802246
146,1581670.7219696045
147,466512.36154174805
148,1475391.4080429077
149,1400930.9041061401
150,303856.1155166626
151,994654.9787216187
152,662425.5993118286
153,914671.0774765015
154,1033083.0042419434
155,1702524.0074996948
156,1739917.7330627441
157,1660005.2028198242
158,601842.7952194214
159,1276214.1137924194
160,986741.3682632446
161,1924282.0357131958
162,1590485.0454864502
163,680486.6256256104
164,1264138.3916854858
165,1936743.2688980103
166,1338882.6035766602
167,961210.154624939
168,322337.4060897827
169,880368.317237854
170,1406626.8205032349
171,906027.7632904053
172,817821.0049285889
173,866159.1808547974
174,207250.8074645996
175,1358702.6636886597
176,395092.9114379883
177,773153.9254837036
178,1470028.48361969
179,860756.7952270508
180,1685267.9968795776
181,785263.8323745728
182,798814.6486129761
183,987221.8553161621
184,1553599.5403289795
185,1299264.9109954834
186,1999190.3260498047
187,1185316.2069473267
188,535301.8877182007
189,1040195.9746017456
190,875475.9946975708
191,730565.8166427612
192,1019541.5631637573
193,1473178.3478622437
194,795426.0119400024
195,1361986.9223327637
196,1446724.993133545
197,714424.5036315918
198,930264.3303604126
199,947201.7140731812
200,935299.1530303955
201,1123287.2290802002
202,836867.8322753906
203,1216450.2516174316
204,1411848.7254333496
205,2390344.171485901
206,419340.3079223633
207,1802678.3468780518
208,1097178.819618225
209,1390965.06300354
210,979077.1840057373
211,628617.7796936035
212,1910552.058708191
213,1336157.1979751587
214,293203.1745376587
215,706947.5686721802
216,1206551.6184921265
217,1099744.4257659912
218,1575287.1445236206
219,790706.0829696655
220,1043938.993927002
221,1372193.773399353
222,1888695.1316986084
223,1741917.3162765503
224,847676.6042404175
225,1245104.9270019531
226,1487606.5187225342
227,1045346.0312194824
228,1029618.4282150269
229,162455.52433776855
230,424080.5218658447
231,898945.4545440674
232,952861.0998535156
233,1984021.5582427979
234,770054.0916137695
235,1478790.9642410278
236,520292.98306274414
237,885117.7221450806
238,2057234.1531524658
239,1911031.9296875
240,1256298.1770477295
241,876173.9941711426
242,1588471.4336013794
243,1486742.8514556885
244,1830658.2464675903
245,14384.343292236328
246,722985.4128189087
247,1340987.3745651245
248,1152216.834449768
249,1762814.9041290283
250,365320.478225708
251,590758.3597869873
252,1159510.3389282227
253,792154.2294387817
254,1313925.6274719238
255,925400.234664917
256,1273164.4678497314
257,1460534.1811523438
258,1311572.327758789
259,911834.3204650879
260,667804.2682495117
261,986415.6967926025
262,1625010.743675232
263,1153411.0982131958
264,1607272.5680770874
265,1826505.898574829
266,1311310.2159957886
267,1288733.7677688599
268,905391.8180236816
269,1073004.7640075684
270,1008447.2534484863
271,1389673.046585083
272,984922.6411437988
273,1878757.9945602417
274,504328.10611724854
275,1042760.5687255859
276,609337.0372390747
277,640381.8426132202
278,832799.6097564697
279,1601739.6018981934
280,990569.0978546143
281,76621.00550079346
282,1047788.7569503784
283,878683.1748123169
284,817524.6812210083
285,1604777.061264038
286,928889.1852035522
287,1318136.2675704956
288,1369199.750694275
289,876272.0524597168
290,1593490.6556472778
291,2084671.0498809814
292,1121778.7852783203
293,2121633.0727233887
294,1625859.5835494995
295,1538943.6006469727
296,254424.62045288086
297,363603.26320648193
298,691453.1569061279
299,903658.0686416626
300,952360.7592926025
301,1016708.9455184937
302,1872284.9148788452
303,744927.4398651123
304,2046749.0845336914
305,460021.6750946045
306,1078451.2447509766
307,983191.59425354
308,631905.5137634277
309,659932.0946121216
310,628228.4323043823
311,945600.351524353
312,778967.7577590942
313,2178121.1259613037
314,990735.3297119141
315,1074220.3956298828
316,920909.640625
317,1560568.967453003
318,1001615.4522628784
319,363261.4517211914
320,1025355.5918655396
321,909425.9936981201
322,995126.8988647461
323,845586.2579956055
324,1359684.325881958
325,970776.6054000854
326,739766.5282669067
327,1543771.872932434
328,2318890.915336609
329,722460.738067627
330,667308.6388626099
331,1226644.0068359375
332,981410.9396209717
333,1577413.8134994507
334,452722.9100570679
335,323346.6629638672
336,1019396.9533081055
337,1340423.2269592285
338,593504.3384399414
339,1046871.715637207
340,1397648.0603256226
341,900292.3049163818
342,855895.7079925537
343,1372398.3502044678
344,1320289.3613204956
345,895321.2969436646
346,1809591.7975082397
347,1003327.4736404419
348,739785.5478591919
349,401198.11389160156
350,1440091.450515747
351,1309451.6905593872
352,1058664.1588058472
353,1238329.1351394653
354,1121651.3766937256
355,342666.8591003418
356,606813.5092468262
357,1364170.5684127808
358,993793.2091445923
359,1047062.2232589722
360,382258.60414123535
361,701610.068572998
362,1270887.7854919434
363,1021531.3923721313
364,604885.6527786255
365,549671.0897445679
366,441787.29109954834
367,828298.0627212524
368,1289452.6557312012
369,596760.526260376
370,996356.6084899902
371,1310246.4687652588
372,1683738.0974655151
373,1197514.466117859
374,1509095.1110458374
375,1291367.3804092407
376,2112496.5972595215
377,503935.7688140869
378,864803.1465301514
379,481956.7059249878
380,195034.89168548584
381,1400815.2841796875
382,1239360.2179870605
383,591650.5210800171
384,947798.6912841797
385,816016.8834533691
386,661440.303314209
387,1306523.965675354
388,891447.0372467041
389,789338.2795562744
390,1040964.4717102051
391,254417.14976501465
392,1554259.8590774536
393,1039659.0729217529
394,1436255.4799728394
395,1659692.5812606812
396,1575277.2234573364
397,800868.6446685791
398,974306.9664840698
399,468944.98024749756
400,741779.3050079346
401,2257142.2004623413
402,941310.2517929077
403,742068.5435791016
404,704717.0543670654
405,1092972.423789978
406,1292250.482208252
407,1661912.0733261108
408,433586.5541000366
409,628755.3316192627
410,1172954.4769592285
411,1804891.6847610474
412,808579.8368225098
413,872429.9491271973
414,1958937.593383789
415,582963.1845092773
416,1123632.150314331
417,1021041.6819610596
418,1176459.381111145
419,1000220.3916168213
420,694778.8641738892
421,1129156.0526046753
422,1527995.851486206
423,737126.4983596802
424,1042106.838432312
425,1029623.9349822998
426,661568.6680831909
427,1906183.5033111572
428,466042.14541625977
429,498326.00188446045
430,768251.2004394531
431,1190217.1998519897
432,2363403.9088745117
433,1915190.6042404175
434,808884.8324432373
435,1244416.7268295288
436,1375856.89868927
437,869632.6022415161
438,1311502.562904358
439,1402810.085899353
440,871644.4973754883
441,649114.9260787964
442,882866.6594161987
443,1426257.80493927
444,130868.57582092285
445,1282831.2353134155
446,855881.9221572876
447,929304.3322219849
448,1167485.7178497314
449,832423.1597671509
450,947033.2607803345
451,928725.3747177124
452,1513509.3938980103
453,1021594.1763458252
454,953340.300857544
455,848879.9310073853
456,785593.7495956421
457,1211720.0961151123
458,1380834.6127243042
459,1362327.5523529053
460,1291385.2216796875
461,1178048.2057266235
462,1243305.167564392
463,559359.7227935791
464,684707.1202392578
465,957432.9464035034
466,717298.5379714966
467,798638.0233230591
468,880995.8421478271
469,1275155.6900177002
470,860046.8891143799
471,-97894.51669311523
472,1171179.0197296143
473,995175.5865020752
474,970500.5503005981
475,1334313.735244751
476,2065036.6650848389
477,782736.3106842041
478,1022121.0857162476
479,408087.1147842407
480,765103.6564102173
481,791921.1428756714
482,2038676.3908157349
483,998753.7321090698
484,678099.3926010132
485,1793812.9833450317
486,976248.9291915894
487,242034.94967651367
488,61789.15839385986
489,1362332.542831421
490,1041947.015045166
491,1164207.7087402344
492,1091335.7132110596
493,566100.7042312622
494,1119290.1351776123
495,989879.7309112549
496,1938262.0531845093
497,982360.8553009033
498,892716.4375152588
499,1277259.7229614258
500,1276141.4540863037
501,808016.1954040527
502,1805815.833557129
503,596395.9258499146
504,1028248.5533218384
505,1083989.0838928223
506,1023014.9605789185
507,1514794.5028686523
508,1107892.42578125
509,1115227.831085205
510,149372.43182373047
511,1725037.440071106
512,1046450.205368042
513,866283.9047698975
514,38119.57159423828
515,1226732.444328308
516,888295.3732147217
517,845777.5721511841
518,1213268.4059371948
519,2443872.6393966675
520,748800.3938140869
521,1029075.8960266113
522,1702345.825416565
523,1285845.8524856567
524,877433.6580200195
525,1291230.2170333862
526,1130855.5932006836
527,1808859.6567764282
528,470378.21811676025
529,917853.714920044
530,2328351.0199127197
531,1502911.6024398804
532,1176758.29763031
533,700723.1179275513
534,1182831.9338226318
535,924807.5291976929
536,878483.4839401245
537,950668.4722061157
538,884942.8149871826
539,165787.2520904541
540,1475286.1610336304
541,1288538.5043945312
542,1478287.6223831177
543,180751.91745758057
544,1752233.1164779663
545,1477620.1546173096
546,1609870.6020736694
547,735398.0695114136
548,1399405.7430496216
549,1087112.7458572388
550,811092.9106140137
551,976152.5086669922
552,1659396.3196258545
553,1253392.897392273
554,1327050.5771636963
555,1969708.184829712
556,1510720.7413864136
557,1380565.423286438
558,702972.1344833374
559,1819496.5022354126
560,793504.0319519043
561,761906.7128448486
562,1463370.3706588745
563,1507296.4671707153
564,1347731.0126342773
565,1272013.7279663086
566,645397.808921814
567,945952.7021484375
568,983994.8954849243
569,1700143.4349441528
570,968043.7831726074
571,-125289.43325042725
572,583035.2251968384
573,1009469.1910018921
574,1781228.824066162
575,384701.09422302246
576,1002711.0213928223
577,1087088.9717941284
578,469334.0215988159
579,1707910.9242782593
580,772253.7014389038
581,950709.8236236572
582,1673257.80078125
583,909237.9782180786
584,1098291.6247177124
585,682591.0013122559
586,2193851.156654358
587,1620594.6459350586
588,1040531.0418243408
589,1802412.4528579712
590,982391.1557846069
591,783386.9002075195
592,1039619.9484024048
593,1753382.3534240723
594,383775.02922821045
595,1714708.9272232056
596,295044.2358093262
597,982400.8385009766
598,1820760.1123657227
599,370610.9044113159
600,1069849.8468856812
601,1601881.7162246704
602,149034.73000335693
603,707145.726600647
604,792509.9476470947
605,1488861.6275558472
606,841347.4387359619
607,759877.0482711792
608,1507502.8465499878
609,1319520.404006958
610,-26369.272468566895
611,838839.0172424316
612,1019088.1806716919
613,1870809.4117126465
614,576352.953414917
615,933473.3942642212
616,872851.0874938965
617,1215591.314338684
618,1037310.6063613892
619,1246202.2531738281
620,-23.168609619140625
621,2044041.186843872
622,341878.3932876587
623,318166.1672973633
624,72160.27506256104
625,1678022.1571807861
626,967471.3942718506
627,1866449.2691116333
628,1601254.3860092163
629,925619.7202377319
630,1145155.609954834
631,790118.7930374146
632,1641820.1990203857
633,1228635.7551651
634,1836660.9510040283
635,1125627.2158203125
636,1347107.040550232
637,373625.32928466797
638,1145184.943572998
639,1063080.8542938232
640,1754374.1492156982
641,394541.4048614502
642,1601686.675994873
643,1347377.230583191
644,1164118.7313842773
645,2238230.852912903
646,217156.31450653076
647,306061.6192932129
648,868416.0978469849
649,503978.6638031006
650,1632086.7930526733
651,840261.0188217163
652,742643.0070419312
653,895723.5983734131
654,1330007.3349990845
655,206717.15461730957
656,2045708.1848144531
657,596290.9748382568
658,809886.8139648438
659,804308.39868927
660,1024880.204460144
661,400267.3717880249
662,971298.4164352417
663,1021810.7761764526
664,1111828.6418151855
665,988077.7872543335
666,683655.9118347168
667,444463.83112335205
668,1295573.3000564575
669,640286.8458099365
670,1510491.7583312988
671,1091871.3353042603
672,1503773.1203460693
673,869014.6213150024
674,891841.352973938
675,691170.8443527222
676,432384.8667755127
677,1082043.5610427856
678,258821.32605743408
679,1035443.9784317017
680,1329827.7291183472
681,859114.6694107056
682,797524.9807357788
683,812373.8382415771
684,425510.68450164795
685,1064818.470275879
686,1020060.6387863159
687,1510929.1820602417
688,1479362.265838623
689,1049240.518989563
690,1405650.9657363892
691,1629244.6310806274
692,1122740.4809570312
693,849516.9739303589
694,959431.6569442749
695,540570.3179397583
696,382423.0517578125
697,1586189.2859649658
698,854600.6659240723
699,3239559.617958069
700,884211.6627578735
701,873247.067527771
702,1909268.5818099976
703,966881.9970474243
704,1601837.591003418
705,1084584.4296569824
706,1507083.445968628
707,484215.34230804443
708,993332.5775299072
709,1660792.4877319336
710,376832.72665405273
711,1229125.5826568604
712,1350403.0416564941
713,744971.6476898193
714,1063695.9530258179
715,1258528.6898422241
716,121811.06434631348
717,992638.500076294
718,900830.5939254761
719,995741.8433990479
720,737617.6839904785
721,933348.0617980957
722,1881398.6835403442
723,1229619.2307281494
724,1200270.4960861206
725,517177.392539978
726,969219.6271362305
727,1305901.7954101562
728,1174450.0574111938
729,2001396.1355133057
730,759649.0697631836
731,1417240.3050689697
732,1716948.7142944336
733,1189320.4736557007
734,224407.54196929932
735,1030671.3166885376
736,932069.6122207642
737,1307541.9877471924
738,851982.7387924194
739,1851884.4695739746
740,716052.7152862549
741,841879.1399154663
742,836774.1777954102
743,1770301.1681289673
744,1178304.2122802734
745,1055200.8627624512
746,1745418.7707824707
747,681903.7419891357
748,270856.87965393066
749,1212335.1613006592
750,1202098.1452789307
751,1080445.916557312
752,1125404.2971038818
753,910102.23412323
754,641227.4843978882
755,1086263.9356384277
756,983533.0692062378
757,731258.8709640503
758,197262.95595550537
759,1028871.5706481934
760,1517683.9327316284
761,1114766.093322754
762,737967.0214996338
763,761415.4582519531
764,-2584.2144317626953
765,899882.5315322876
766,1512535.0608520508
767,1763012.5594024658
768,415767.2567138672
769,1102286.8535614014
770,-114215.87675476074
771,751949.2055892944
772,846519.5311889648
773,1160504.5687408447
774,1273692.3676605225
775,1080283.180343628
776,1045196.3511734009
777,829873.2917709351
778,1073498.3278656006
779,1638781.6174545288
780,989811.5289382935
781,595673.9098434448
782,1793214.3532485962
783,582368.1002044678
784,368763.73526000977
785,697408.8541030884
786,1505757.310043335
787,1115765.636566162
788,960956.1950531006
789,398639.40561676025
790,1052536.7491149902
791,1028766.0566711426
792,1600100.1326446533
793,465819.5906906128
794,1266587.5343017578
795,881691.5353393555
796,1068358.6443481445
797,1119649.4558181763
798,952120.1577377319
799,580605.3888244629
800,1824666.7312469482
801,1272905.5215072632
802,1939618.46459198
803,1442050.7302398682
804,229423.2300415039
805,657474.2664871216
806,323809.92432403564
807,1696872.04813385
808,959960.2579269409
809,1278085.8452835083
810,1218593.6768722534
811,1475486.3051071167
812,437168.3328323364
813,208408.18715667725
814,1318952.168647766
815,766905.8590087891
816,1251823.4741210938
817,1034744.8920593262
818,823701.9364700317
819,1304697.0354537964
820,1158141.3801879883
821,1053044.571899414
822,1618504.0777359009
823,67582.94744110107
824,1380792.6498184204
825,1302420.5075073242
826,1375021.3258895874
827,516728.05352020264
828,780740.8559570312
829,974931.8169555664
830,991759.5035400391
831,1286970.8243255615
832,351851.89141845703
833,1121979.7044525146
834,1304253.0781478882
835,815303.5475234985
836,792677.5298080444
837,1254970.7677383423
838,1475675.829460144
839,1456140.035331726
840,938017.0893173218
841,1376654.7409362793
842,2075171.6481704712
843,680750.8277816772
844,1217338.1961593628
845,1080154.4198532104
846,774057.6655044556
847,911027.0402297974
848,1104061.9403076172
849,1112680.5977249146
850,2431488.6698379517
851,1247563.2943496704
852,458690.97535705566
853,1140420.374885559
854,684145.6403121948
855,1274692.125717163
856,972922.5524139404
857,1599339.3892288208
858,1008453.2706985474
859,13359.120719909668
860,1596435.7941360474
861,2128405.3086853027
862,1962279.8862991333
863,610267.4830856323
864,1812662.5542984009
865,695378.9860992432
866,1298348.9518585205
867,957845.426612854
868,2034591.3541107178
869,667673.960105896
870,1372275.553741455
871,1302701.3409729004
872,873031.5334701538
873,611217.611000061
874,1307537.9057693481
875,930310.2514801025
876,868785.5410079956
877,964871.0072021484
878,1065636.7685928345
879,1156739.2745437622
880,452692.29067230225
881,1266152.8058013916
882,1181503.6267929077
883,49347.53065490723
884,827171.2904434204
885,951915.2576980591
886,1629973.691268921
887,1047562.9949264526
888,1277916.0805969238
889,1768074.541732788
890,953746.634147644
891,481143.65967559814
892,1337571.5203018188
893,366637.5773162842
894,235913.3853149414
895,979770.3837051392
896,436036.14252471924
897,992274.6955413818
898,866818.5540390015
899,1162967.1758880615
900,935451.1178817749
901,986659.7236557007
902,1012801.0037612915
903,861086.3405532837
904,1058744.704071045
905,911844.9845428467
906,1149428.7238006592
907,264811.6135253906
908,902277.5716400146
909,785466.0257415771
910,937512.95337677
911,1263047.3217544556
912,903527.1969528198
913,1297850.374282837
914,1208797.5729675293
915,1250195.0584106445
916,863119.3811721802
917,361242.8310546875
918,1060041.5889663696
919,873778.2498779297
920,58136.9637298584
921,1378002.1189422607
922,1081824.2147979736
923,893844.4240875244
924,1316066.6905670166
925,1693610.7778015137
926,1044397.5458679199
927,860003.8427200317
928,1417622.0000915527
929,1252918.278755188
930,1721070.6972732544
931,1024711.2155151367
932,1037814.0181350708
933,1502405.7406311035
934,1549826.6371383667
935,1220040.5347061157
936,812558.653251648
937,1480230.9922027588
938,1063024.2828445435
939,584.0589447021484
940,1095286.189994812
941,1602709.6416625977
942,981875.4460449219
943,1216423.4974212646
944,1911901.3870010376
945,691666.8138122559
946,1299119.6188049316
947,1453097.3612823486
948,1541563.9628677368
949,732970.1188583374
950,1079005.1345443726
951,807395.200263977
952,427229.27156829834
953,1989343.3571548462
954,1182895.5986557007
955,633120.391166687
956,1028381.201789856
957,1412600.5931167603
958,697981.5418014526
959,1740198.0741119385
960,898669.9584732056
961,462876.1439743042
962,612564.4939498901
963,991550.5490570068
964,110954.41664886475
965,816034.6121292114
966,1074657.4298324585
967,941531.3145675659
968,985314.8537979126
969,1382249.1483688354
970,890174.3011169434
971,1916035.1289596558
972,939683.172920227
973,683854.5592498779
974,780153.1011810303
975,944472.7115020752
976,992267.1656723022
977,1089083.1310424805
978,496602.05797576904
979,1575773.0180740356
980,1496085.0638656616
981,1071127.0421829224
982,1326055.7879180908
983,1515388.0667648315
984,880978.0219802856
985,1074344.8378219604
986,1423718.7557373047
987,1054301.8706741333
988,944450.3766708374
989,81338.33027648926
990,980015.5967407227
991,-46811.4754486084
992,1296994.979385376
993,833333.4698104858
994,1165482.0676727295
995,1071770.400428772
996,1049754.5452041626
997,1606457.771347046
998,1372142.8084487915
999,1093032.3108291626
1000,1052508.4522323608
1001,821587.028755188
1002,805798.1982574463
1003,1206642.8451919556
1004,396545.36198425293
1005,1943597.3081359863
1006,1192458.576713562
1007,-31324.138748168945
1008,900509.8924179077
1009,1436020.7281417847
1010,-129434.71123504639
1011,788014.3648757935
1012,422150.0276260376
1013,1700967.2667160034
1014,1948801.40133667
1015,853776.8118286133
1016,863898.4200592041
1017,177781.0153274536
1018,1084885.4574279785
1019,1636596.7927627563
1020,1803518.0700912476
1021,554616.4833068848
1022,471144.6343231201
1023,859999.410949707
1024,51453.21964263916
1025,2146173.8301620483
1026,1049175.5970993042
1027,526676.7234954834
1028,751216.479019165
1029,1582532.2982711792
1030,-191826.2552947998
1031,2135851.687324524
1032,661362.2790222168
1033,1366152.136001587
1034,868007.2853775024
1035,1100964.8355026245
1036,1595637.065536499
1037,997126.1649856567
1038,963507.0763168335
1039,1904450.9397888184
1040,1609426.5753860474
1041,1541052.7070083618
1042,692464.6086730957
1043,55629.483558654785
1044,313605.59532928467
1045,1067079.1578292847
1046,1082275.3185958862
1047,49986.102210998535
1048,847791.0501861572
1049,1840207.7993927002
1050,181818.35186767578
1051,1164183.2406463623
1052,230109.26773834229
1053,1468976.9785461426
1054,1212438.2285690308
1055,1030916.7202453613
1056,959398.2481307983
1057,977479.7858657837
1058,949256.7968139648
1059,1773714.5014266968
1060,1183260.5800933838
1061,991812.8079452515
1062,343623.1998825073
1063,941165.3794021606
1064,345586.0949707031
1065,1154037.1015167236
1066,944169.8030090332
1067,1022390.124420166
1068,1499442.0063323975
1069,1630793.366531372
1070,314600.7063140869
1071,786746.108467102
1072,895028.4703903198
1073,342611.907119751
1074,952122.2193603516
1075,1562778.8669586182
1076,1690707.9463500977
1077,1496318.1077728271
1078,1474540.6288833618
1079,785746.9291381836
1080,874831.1456756592
1081,1590534.2208328247
1082,2533453.2562942505
1083,752530.5570526123
1084,852342.102897644
1085,992574.0378112793
1086,851823.5560531616
1087,2505892.658508301
1088,1566064.0821914673
1089,858880.09715271
1090,1074544.4163513184
1091,902904.8327102661
1092,839929.0658950806
1093,1029148.2997436523
1094,1055742.0923080444
1095,1327802.9380111694
1096,1439059.5608444214
1097,1046180.6320648193
1098,1494925.5064163208
1099,770805.4319915771
1100,1000764.4880371094
1101,1494042.209777832
1102,1067458.745414734
1103,318808.04148101807
1104,1202636.396636963
1105,729954.5054855347
1106,1507105.6602630615
1107,1020408.3081893921
1108,408619.48024749756
1109,1429727.5025558472
1110,1630696.8315353394
1111,558103.9285888672
1112,221192.09197998047
1113,1199426.574897766
1114,599030.0568847656
1115,1476571.638519287
1116,1383327.6282730103
1117,859383.7308120728
1118,1435277.6753463745
1119,1704402.5099716187
1120,1158557.2681045532
1121,700594.7505264282
1122,906614.1305084229
1123,835310.6396713257
1124,946816.9538040161
1125,1493267.110244751
1126,1082082.89453125
1127,1275685.3795928955
1128,1627947.159072876
1129,1488078.18409729
1130,759981.329750061
1131,1269019.9730453491
1132,1537738.4228973389
1133,1846053.4042129517
1134,857162.1839599609
1135,1755908.341369629
1136,917600.8415222168
1137,993696.779548645
1138,1845560.2645721436
1139,1009831.0820083618
1140,1583619.4779891968
1141,162965.569190979
1142,290233.62492370605
1143,1316525.5776290894
1144,834419.7600479126
1145,1156026.3048858643
1146,764895.6209945679
1147,693352.8153533936
1148,885544.1903839111
1149,679045.7457351685
1150,933682.5560455322
1151,1267290.0156936646
1152,1009382.9085006714
1153,1493811.1205673218
1154,2185690.786140442
1155,895638.44140625
1156,400883.4010696411
1157,300662.0118865967
1158,1707560.9337997437
1159,1257246.0736541748
1160,857208.2219467163
1161,351952.15616607666
1162,1734279.920387268
1163,951817.0674285889
1164,1147020.1875457764
1165,1081985.7700958252
1166,1155355.0780029297
1167,782296.9794464111
1168,874602.5750427246
1169,1139784.8899917603
1170,825488.8687133789
1171,976395.5139389038
1172,1256528.4928588867
1173,1036919.2910461426
1174,934043.1931533813
1175,1186472.958190918
1176,885360.6734313965
1177,1001164.2161712646
1178,1238273.5335540771
1179,653763.5237884521
1180,1187820.5239334106
1181,923317.0334243774
1182,1652854.9981002808
1183,1593496.4601898193
1184,1292392.05027771
1185,1141339.693244934
1186,1069280.0645217896
1187,1086196.80393219
1188,947876.9292221069
1189,403696.7933731079
1190,1246045.559562683
1191,893829.137802124
1192,784491.8297805786
1193,713104.9802932739
1194,1612771.9025344849
1195,1138297.2033691406
1196,1930616.3374786377
1197,727196.7173843384
1198,1713762.6604537964
1199,974750.0320205688
1200,716925.1357421875
1201,945370.6862258911
1202,1401656.392211914
1203,1072953.8694076538
1204,554383.7079925537
1205,1476067.2290115356
1206,1268344.967590332
1207,1006606.7574005127
1208,938459.8278884888
1209,280738.5647201538
1210,1845023.9834899902
1211,954520.2786865234
1212,1489646.480178833
1213,954559.990234375
1214,544218.0359268188
1215,1897684.7865219116
1216,1284245.121559143
1217,930910.3594589233
1218,1391395.3488235474
1219,1101139.2551727295
1220,34951.125144958496
1221,740245.0962600708
1222,1679304.08518219
1223,1052969.709411621
1224,918938.7313537598
1225,439903.6537246704
1226,971813.3965911865
1227,1087422.101737976
1228,1807776.367050171
1229,352431.6245498657
1230,1044408.9058151245
1231,1055760.9532852173
1232,1212637.5486984253
1233,1443579.410308838
1234,1472374.138885498
1235,878418.6012954712
1236,1236638.005355835
1237,1525457.242401123
1238,441422.56463623047
1239,1775588.801322937
1240,1191334.291809082
1241,1419427.7894058228
1242,1297213.0098266602
1243,853298.5762023926
1244,705157.0979919434
1245,1033086.6611557007
1246,1765348.1928329468
1247,1770379.0262145996
1248,938132.211517334
1249,1927294.917831421
1250,989036.6025390625
1251,1374382.7646636963
1252,927026.6290664673
1253,145847.03047943115
1254,902029.422164917
1255,1490279.5190353394
1256,288759.46810150146
1257,1776727.594718933
1258,997460.4481964111
1259,-147880.08898162842
1260,1069111.0797348022
1261,1063253.9682922363
1262,1462285.8261260986
1263,1605801.4413452148
1264,422293.1850891113
1265,2333686.62991333
1266,1492071.085281372
1267,945859.4717102051
1268,643059.1317138672
1269,852263.0249557495
1270,1450860.6714935303
1271,1332648.8239974976
1272,1053633.483215332
1273,1799264.9305877686
1274,950645.9255828857
1275,358043.5813293457
1276,2016468.7005081177
1277,1056296.2028656006
1278,1109809.6190567017
1279,1426233.8594970703
1280,1059519.2209320068
1281,2013052.8792190552
1282,1265616.9901351929
1283,1825004.649848938
1284,955421.7641448975
1285,1844441.276725769
1286,1581839.6271743774
1287,1157850.9658737183
1288,1471923.1858825684
1289,961910.8137588501
1290,1113085.224472046
1291,1936224.2078781128
1292,863856.3336410522
1293,1120439.8725509644
1294,1237576.921508789
1295,1100565.1716003418
1296,17430.285331726074
1297,1285796.8261108398
1298,626667.8998794556
1299,1389993.8632736206
1300,359572.9363632202
1301,1983170.8001556396
1302,1691350.8460464478
1303,1254372.2185821533
1304,2038851.5703201294
1305,1107626.6175384521
1306,1511943.7753829956
1307,793990.5068664551
1308,1447441.2087173462
1309,1013650.0381851196
1310,1028557.4842300415
1311,926834.7577209473
1312,1955807.8815689087
1313,1596352.8512268066
1314,1153842.6934661865
1315,605041.7093505859
1316,1450076.1632156372
1317,891120.1401824951
1318,987331.6684265137
1319,194935.18574523926
1320,773171.0029754639
1321,964743.7560806274
1322,385424.5852661133
1323,951018.4124221802
1324,1165075.9186401367
1325,901113.0908966064
1326,1252686.7069702148
1327,1466168.4935531616
1328,1203674.4684066772
1329,1955084.7122879028
1330,1669511.126487732
1331,618268.0820465088
1332,1787007.2551956177
1333,1100463.5202713013
1334,819181.8719940186
1335,1189750.875717163
1336,1203424.3939666748
1337,1659738.5603408813
1338,1011496.594619751
1339,1616793.6400146484
1340,1075251.491531372
1341,806237.752456665
1342,821971.0246582031
1343,678010.5623855591
1344,567526.2405776978
1345,816280.3012161255
1346,1457738.3186264038
1347,2004860.9279251099
1348,895966.8991088867
1349,1011124.8567581177
1350,1347323.9672088623
1351,1841196.2987442017
1352,211040.77461242676
1353,716755.4049606323
1354,967744.7360610962
1355,829847.5238494873
1356,1196888.0062103271
1357,744930.0151062012
1358,1423961.4301376343
1359,889222.5712890625
1360,1192423.8692092896
1361,887885.5057449341
1362,880827.2887878418
1363,1035480.3142700195
1364,1055964.6726989746
1365,1034208.9164733887
1366,1346721.8867797852
1367,873781.2217330933
1368,1246980.0616989136
1369,1838909.4821166992
1370,978025.1842956543
1371,1288870.944015503
1372,2248317.3609313965
1373,1333092.3905944824
1374,580504.8190155029
1375,1026129.405380249
1376,335971.1200866699
1377,955681.6936187744
1378,1478389.8510131836
1379,1376851.6867294312
1380,398800.06214904785
1381,1485074.7397003174
1382,787969.9076461792
1383,887083.8375396729
1384,967303.0555648804
1385,446095.6979370117
1386,1479398.519706726
1387,1901464.3695602417
1388,785001.6782684326
1389,1408018.1260757446
1390,156517.6650390625
1391,789734.549041748
1392,839468.4532775879
1393,2231853.1975097656
1394,1172978.9111099243
1395,849730.6547317505
1396,1997702.035697937
1397,958770.4302368164
1398,1019706.0751953125
1399,181995.48503112793
1400,894674.9560089111
1401,934631.6969070435
1402,743745.0901107788
1403,156126.2692489624
1404,879700.9860534668
1405,1248976.2538146973
1406,63833.36360168457
1407,990887.3900985718
1408,452924.5377807617
1409,1183088.1025161743
1410,1289524.9680023193
1411,776550.5170974731
1412,730192.7686843872
1413,1497924.765838623
1414,954198.7250061035
1415,2236121.1567840576
1416,1241710.3557891846
1417,232426.7424621582
1418,1497925.043548584
1419,1199024.1282348633
1420,989145.038734436
1421,986840.0655136108
1422,2156356.4671554565
1423,1503637.528465271
1424,586389.7132492065
1425,691399.9074020386
1426,1760343.4818115234
1427,1853218.2308578491
1428,700375.1303863525
1429,1299061.5809783936
1430,1713366.197593689
1431,836249.4676361084
1432,1068760.2148666382
1433,1319938.6184005737
1434,920198.327583313
1435,1080103.9009246826
1436,627315.1685562134
1437,1734933.4510650635
1438,1034270.2232666016
1439,2056198.887840271
1440,255721.62642669678
1441,1691774.9736328125
1442,1466571.5331573486
1443,336513.2029800415
1444,274623.5522155762
1445,160062.18200683594
1446,2188396.5608901978
1447,1013881.7032852173
1448,1501261.1457595825
1449,1442143.3787460327
1450,1340535.4033432007
1451,1238983.02469635
1452,950187.3167190552
1453,1171291.3891601562
1454,1113114.2897872925
1455,1683755.648651123
1456,1040599.505645752
1457,1641244.4984970093
1458,473802.52741241455
1459,795277.1613082886
1460,1021143.9461135864
1461,960678.9221115112
1462,609884.1486434937
1463,775514.9676208496
1464,1786934.7682266235
1465,696835.6164016724
1466,658003.0891494751
1467,728958.5564117432
1468,1069408.4579544067
1469,1718975.1691207886
1470,1199022.8201675415
1471,770120.5251464844
1472,1061009.0391464233
1473,1638317.4772338867
1474,1016362.0185394287
1475,1052880.5026016235
1476,959649.8469772339
1477,1324037.8049545288
1478,215987.70378112793
1479,1036146.476524353
1480,1019047.9475708008
1481,1732638.2719650269
1482,1755212.2158660889
1483,1230079.4594955444
1484,663992.0768585205
1485,1070066.6666870117
1486,918963.2603530884
1487,1468906.0025024414
1488,1005985.7851333618
1489,417736.80016326904
1490,769762.8311538696
1491,1500143.1133422852
1492,921996.4167404175
1493,864633.4698181152
1494,858908.0693664551
1495,685122.0268554688
1496,1665666.3271484375
1497,1209460.0477142334
1498,238920.15351104736
1499,1521290.1880493164
1500,2234980.773918152
1501,1180787.396812439
1502,809120.684928894
1503,1715974.4571990967
1504,2354615.3315811157
1505,1345322.6051635742
1506,740214.3781433105
1507,1139602.5683517456
1508,793954.6548080444
1509,961934.5321731567
1510,1148523.3042297363
1511,1931043.531929016
1512,798830.1039810181
1513,2062125.301689148
1514,712743.7704696655
1515,40124.57930755615
1516,1160650.2865142822
1517,1242105.4577407837
1518,1299572.6349258423
1519,1541483.7887573242
1520,963940.4934768677
1521,1136043.293258667
1522,1227087.093597412
1523,1105224.0570983887
1524,1108985.295600891
1525,2086368.7340316772
1526,465331.0229797363
1527,815833.2274856567
1528,847256.2527236938
1529,1117422.8738479614
1530,613860.4410171509
1531,386484.8784637451
1532,1089669.273071289
1533,518435.833404541
1534,1018415.3435897827
1535,1500199.7249908447
1536,1284490.8373413086
1537,1683073.1119537354
1538,1243937.8721466064
1539,1176675.7321624756
1540,1672531.8168792725
1541,660635.2923355103
1542,1319152.6878051758
1543,1338425.6062316895
1544,431345.8727416992
1545,764244.9483261108
1546,1010741.968673706
1547,1636489.7838363647
1548,980937.440864563
1549,964532.8468856812
1550,312899.61890411377
1551,738400.5147247314
1552,1040099.0086669922
1553,945872.6156005859
1554,833855.880355835
1555,1275470.787261963
1556,786165.1545333862
1557,755989.8538665771
1558,1226787.5235443115
1559,915550.3695678711
1560,1074459.9200897217
1561,843328.5399093628
1562,1388938.0182495117
1563,951227.4779815674
1564,1490358.9121704102
1565,1189446.557800293
1566,1216177.7283172607
1567,915511.2264404297
1568,1044868.290435791
1569,702688.6535873413
1570,2150421.1177749634
1571,1490261.0247039795
1572,1871851.077911377
1573,1201742.643409729
1574,1626469.0457763672
1575,1382776.1098861694
1576,1688367.1119918823
1577,1373261.489517212
1578,477187.59925079346
1579,1408433.342163086
1580,1800194.9491958618
1581,1109356.3466949463
1582,1177798.249572754
1583,777498.3561859131
1584,1523862.5458374023
1585,664378.4527282715
1586,1361091.398727417
1587,1488434.1270980835
1588,1513381.94430542
1589,1096523.027633667
1590,780866.7184371948
1591,1518071.0819091797
1592,1025552.5262908936
1593,1426498.0065231323
1594,1958749.730796814
1595,675163.7097015381
1596,195883.9062347412
1597,1386640.7504730225
1598,742319.5907974243
1599,1877190.8683624268
1600,1262616.2320709229
1601,1746747.6224060059
1602,1791948.9562072754
1603,740552.0588912964
1604,1027900.761428833
1605,2015429.8098526
1606,320817.44159698486
1607,964519.8880386353
1608,979655.5408935547
1609,781338.7956237793
1610,365937.77185821533
1611,367737.73083496094
1612,1113206.5493850708
1613,1118803.135269165
1614,1160362.306236267
1615,1892990.577079773
1616,975053.2237854004
1617,979626.2323379517
1618,1035496.2224960327
1619,1297452.7778244019
1620,1594053.6305923462
1621,1283692.4800720215
1622,1848652.192352295
1623,1345693.8431472778
1624,1058810.6222000122
1625,714806.3537979126
1626,596431.678855896
1627,358206.2131347656
1628,425802.0539855957
1629,852593.2228927612
1630,1327428.6874008179
1631,578601.0950775146
1632,1148249.0600128174
1633,308536.2146759033
1634,1295133.479560852
1635,1691692.662246704
1636,977165.3947906494
1637,1228119.8514785767
1638,900009.0156326294
1639,803443.3938369751
1640,1638559.3481369019
1641,1348572.2386016846
1642,897646.8259506226
1643,1385849.291595459
1644,931768.4432449341
1645,869706.5332260132
1646,346344.0805130005
1647,1478409.4411468506
1648,1577900.35080719
1649,1537834.2604751587
1650,1469528.2409057617
1651,940833.842300415
1652,890507.8083114624
1653,1222627.7727355957
1654,540594.5087127686
1655,1022526.3546676636
1656,1246403.5434112549
1657,1896373.7733383179
1658,1731137.0667953491
1659,1072032.638305664
1660,2148723.656562805
1661,2221459.943222046
1662,1504415.9540176392
1663,1492521.1588745117
1664,1329299.0998764038
1665,1061229.1115646362
1666,1003201.2396774292
1667,760093.8076477051
1668,1026211.3644790649
1669,1637849.9201049805
1670,967589.3351821899
1671,1549981.7884521484
1672,229699.53828430176
1673,1525050.4405899048
1674,2016198.6387023926
1675,958626.5034484863
1676,1092208.4872665405
1677,1917057.1778182983
1678,160913.01558685303
1679,220082.88040924072
1680,2089689.3625335693
1681,886511.1372375488
1682,1022189.54322052
1683,1351376.0314407349
1684,1993621.9395141602
1685,319504.0763092041
1686,1989753.3479919434
1687,1507746.275253296
1688,1792868.529548645
1689,899109.6387634277
1690,1192507.9217910767
1691,1303547.5568847656
1692,1977349.2133483887
1693,1151878.5097808838
1694,1821263.6470947266
1695,947301.3572845459
1696,1352371.1209335327
1697,719560.840637207
1698,1340013.5712127686
1699,1297704.9930496216
1700,360765.0096054077
1701,1280253.5573349
1702,1230473.9118347168
1703,925292.3958282471
1704,2253227.8222732544
1705,2009335.138267517
1706,980486.1005096436
1707,873793.0167922974
1708,1105004.043006897
1709,548713.0282897949
1710,1075344.7271270752
1711,936177.3230361938
1712,458199.1241989136
1713,1072586.5438308716
1714,910709.0806655884
1715,532081.7077789307
1716,1114741.0058059692
1717,737183.4440307617
1718,771719.0279541016
1719,371962.00343322754
1720,993152.6967697144
1721,1633703.3061981201
1722,1316173.177116394
1723,993718.6455917358
1724,903372.9536056519
1725,2032586.0999298096
1726,974461.0293121338
1727,570967.4050064087
1728,892815.1585159302
1729,528908.6212310791
1730,860147.3452835083
1731,1271798.9277877808
1732,740103.2917251587
1733,1058980.288848877
1734,1184640.9207763672
1735,931812.9755325317
1736,1699123.5307388306
1737,1444412.446395874
1738,332510.4512863159
1739,1054684.0238265991
1740,663107.7893600464
1741,857717.2579193115
1742,168491.03756713867
1743,640847.0574951172
1744,796713.7149276733
1745,941863.8315582275
1746,1117759.491973877
1747,356875.833984375
1748,963045.6555099487
1749,1132125.2455749512
1750,2325541.327529907
1751,1462267.2261734009
1752,1682927.745803833
1753,2040778.0804519653
1754,1056345.8996658325
1755,995079.7035980225
1756,593020.0009307861
1757,1517035.5229263306
1758,1236637.2337112427
1759,714169.11277771
1760,1290679.3501281738
1761,1003682.8987426758
1762,1638102.0378799438
1763,222751.11107635498
1764,996835.5273895264
1765,667588.0876693726
1766,1510654.9749526978
1767,2501880.1483078003
1768,890813.1568756104
1769,883234.8303222656
1770,1413277.5849151611
1771,1334315.5772323608
1772,689208.7181167603
1773,1710098.0699310303
1774,1626359.3826293945
1775,1278122.7702178955
1776,708961.1737442017
1777,726863.4217300415
1778,1630152.1445159912
1779,1168252.8567886353
1780,1249976.0064163208
1781,937683.5643005371
1782,173833.00365447998
1783,1643952.5454711914
1784,872169.5798721313
1785,1039680.3587265015
1786,1150984.934577942
1787,1283936.8314361572
1788,901918.6960830688
1789,1032252.0842285156
1790,1028187.478012085
1791,360757.8455810547
1792,439107.3518753052
1793,827066.7250823975
1794,1989505.4124984741
1795,1442999.7096099854
1796,1111876.5795822144
1797,987623.0115280151
1798,1221476.3886947632
1799,1264343.421722412
1800,976919.5068893433
1801,1019984.7878189087
1802,424331.00260925293
1803,2277719.6441497803
1804,901977.6758728027
1805,1061286.366531372
1806,832450.7729415894
1807,1487612.8271331787
1808,1047541.6363983154
1809,1461222.5360031128
1810,1528306.5244293213
1811,1074755.972518921
1812,1006792.9789581299
1813,792063.1981887817
1814,1224950.7265014648
1815,1037245.6795272827
1816,1214960.4637298584
1817,1587481.87159729
1818,462866.1576766968
1819,1289013.2375717163
1820,963746.1778259277
1821,939247.2351150513
1822,1067084.1528244019
1823,1198264.2893066406
1824,949953.8463134766
1825,906819.607208252
1826,1020797.709312439
1827,871248.6763076782
1828,1598365.5564727783
1829,348001.1018218994
1830,1103938.9302139282
1831,1356307.9643173218
1832,1906582.6532058716
1833,1089452.0931243896
1834,788681.7132492065
1835,398806.98052215576
1836,1135223.3426132202
1837,1213326.6448135376
1838,677248.4494400024
1839,1058734.6249008179
1840,578565.8346176147
1841,878669.7778244019
1842,1473225.4875411987
1843,1353339.3534088135
1844,1505532.970199585
1845,1571224.2612380981
1846,907082.8786773682
1847,955557.4917373657
1848,959082.8166885376
1849,1657123.0345916748
1850,738961.1705093384
1851,576815.098991394
1852,1925401.3958129883
1853,1504011.160812378
1854,1161132.225151062
1855,1035245.7205581665
1856,1073553.9161224365
1857,1484278.9404144287
1858,946746.9978485107
1859,1346927.7805023193
1860,1065973.7869796753
1861,915195.8975219727
1862,232932.75511932373
1863,904113.5896835327
1864,1426047.4056930542
1865,993977.4993133545
1866,159451.7324295044
1867,882802.6496276855
1868,895816.2126464844
1869,1359916.004486084
1870,271414.33682250977
1871,511089.50427246094
1872,1263836.748954773
1873,1240614.7532043457
1874,660019.5084915161
1875,859529.1357421875
1876,1053909.2360076904
1877,-90605.72793579102
1878,616348.364326477
1879,1166751.970527649
1880,938182.0936508179
1881,449650.5749511719
1882,1244311.166229248
1883,1235759.4592514038
1884,1184340.888305664
1885,1008518.8294906616
1886,1434128.2597198486
1887,1193686.1013946533
1888,917131.6883773804
1889,1581079.151802063
1890,1031374.3178100586
1891,246355.20372009277
1892,1245375.8860092163
1893,542224.5677871704
1894,522012.93885040283
1895,1096433.4009017944
1896,778310.9479904175
1897,939170.4110870361
1898,1513234.619506836
1899,1660066.0428390503
1900,1495063.3528823853
1901,960564.6860427856
1902,488746.55796051025
1903,709771.0424957275
1904,1767512.7176589966
1905,733068.7538986206
1906,1024028.4457626343
1907,960750.2705078125
1908,334894.88777923584
1909,829587.83177948
1910,63790.22556304932
1911,1726994.8835601807
1912,1657952.9149093628
1913,958902.2554626465
1914,266372.36937713623
1915,779897.9478683472
1916,2023879.9090881348
1917,1055848.2618789673
1918,753691.5484771729
1919,777233.8808441162
1920,2035664.6496429443
1921,648423.3178939819
1922,314088.96169281006
1923,1192046.7017211914
1924,720012.3856658936
1925,1461672.279624939
1926,1105722.0037841797
1927,829471.8626480103
1928,475991.7730331421
1929,476279.7753677368
1930,1708375.7529449463
1931,1925098.4751968384
1932,922193.3184204102
1933,1069783.5713806152
1934,2316424.905395508
1935,1128178.0675582886
1936,812049.5120315552
1937,1214355.7053604126
1938,1430719.2998046875
1939,783551.6873321533
1940,-113879.53142547607
1941,1414189.9344940186
1942,1363408.7052612305
1943,790359.7848739624
1944,1152828.670059204
1945,572927.366394043
1946,735587.4768753052
1947,1254997.1491851807
1948,1613960.6548538208
1949,1657171.1904830933
1950,1765568.0832901
1951,2109441.134460449
1952,1610281.908340454
1953,1811140.1999435425
1954,899109.6387634277
1955,1718138.1230239868
1956,782808.1554794312
1957,1234985.2693634033
1958,830928.375579834
1959,96661.15356445312
1960,1041403.7839279175
1961,1458673.1925201416
1962,917101.8884353638
1963,667446.1904220581
1964,207207.08646392822
1965,231084.78897094727
1966,974546.577041626
1967,1439664.5726013184
1968,1788221.7318878174
1969,1768354.9979782104
1970,989409.214515686
1971,1153951.0537948608
1972,1072445.5012512207
1973,1005922.912147522
1974,895868.3525009155
1975,857149.657661438
1976,1019571.2930679321
1977,1502953.4791030884
1978,151160.933052063
1979,1020375.6141586304
1980,1381052.9161453247
1981,1084597.4948043823
1982,1445302.2967147827
1983,857041.7334518433
1984,888273.9260482788
1985,676448.7526092529
1986,1625925.5772247314
1987,756523.1951828003
1988,796542.6727142334
1989,1053929.5300827026
1990,1444112.3499069214
1991,607856.3080291748
1992,994890.2012252808
1993,1311961.7689208984
1994,1802009.4078598022
1995,1722062.7630691528
1996,858449.979927063
1997,949297.0866851807
1998,1564835.9790496826
1999,1217052.9665145874
2000,926788.994934082
2001,1749247.021850586
2002,1665142.629524231
2003,398306.9341278076
2004,759065.3848724365
2005,901746.3510055542
2006,2087751.6348266602
2007,1022358.0416183472
2008,1637811.137840271
2009,1015434.0458679199
2010,307036.87003326416
2011,1423011.7586212158
2012,995254.8614196777
2013,659042.574836731
2014,1187462.818244934
2015,2187178.1558151245
2016,809107.9497528076
2017,841637.9661026001
2018,1686658.3559188843
2019,935371.268447876
2020,2094270.7377166748
2021,454166.66569519043
2022,815929.15990448
2023,350357.94927215576
2024,1068872.0868530273
2025,859176.1541137695
2026,1980955.9271011353
2027,520906.77423095703
2028,979553.1160888672
2029,847046.0404281616
2030,941783.8790664673
2031,2024771.8830337524
2032,1017936.3645553589
2033,1022930.7923583984
2034,71615.28135681152
2035,500246.16076660156
2036,873367.5940933228
2037,878892.3109207153
2038,1132473.0415267944
2039,1054523.5299987793
2040,709343.2256240845
2041,890763.3776931763
2042,1138301.006439209
2043,889888.2336273193
2044,1506781.4240493774
2045,308361.7410888672
2046,973112.1528625488
2047,1238329.1351394653
2048,1714681.2226638794
2049,286301.22455596924
2050,652877.1675338745
2051,1126791.6802902222
2052,841064.2276535034
2053,2417668.4195404053
2054,2042858.306427002
2055,1603583.4074401855
2056,1663353.9578170776
2057,17558.742866516113
2058,1424104.674545288
2059,891946.1694564819
2060,984012.6114959717
2061,877187.2995529175
2062,797432.1262817383
2063,333082.0051727295
2064,1613470.0694198608
2065,908547.278717041
2066,766627.6856536865
2067,1020048.4876785278
2068,1334769.671005249
2069,1811591.107536316
2070,1692456.7276687622
2071,299311.3481750488
2072,649562.7150115967
2073,1196830.9076080322
2074,1120920.0674819946
2075,1015273.9095535278
2076,1194466.7513427734
2077,1083365.1983032227
2078,1534320.401359558
2079,955179.6571350098
2080,903051.7207565308
2081,818022.0268249512
2082,1905194.0209960938
2083,1184673.3726730347
2084,1271503.4974822998
2085,502252.3449707031
2086,892496.0450439453
2087,692244.3513870239
2088,1152266.1131820679
2089,1734339.119606018
2090,609480.8953018188
2091,1745555.7961044312
2092,1106622.0670166016
2093,983208.8788909912
2094,901660.2375411987
2095,946763.60206604
2096,1215007.0834884644
2097,1363855.4751205444
2098,942315.3151016235
2099,874033.1957244873
2100,1031616.3558883667
2101,801556.769821167
2102,1033528.7091217041
2103,1092605.1578979492
2104,773731.0030899048
2105,1542438.7851028442
2106,208140.22422790527
2107,1582147.865409851
2108,1880915.6782073975
2109,991233.0915298462
2110,797609.3934249878
2111,1589689.8870315552
2112,707033.7065811157
2113,996282.1726989746
2114,490913.2685852051
2115,894829.9330978394
2116,1509559.9468154907
2117,845232.3332748413
2118,1176402.6371612549
2119,1301800.7099761963
2120,425814.4791107178
2121,632402.1966934204
2122,1185818.201461792
2123,2032000.891418457
2124,1262692.6493606567
2125,896282.1131362915
2126,1102059.7678070068
2127,1144868.2596206665
2128,407910.8032836914
2129,1337075.9766921997
2130,268334.27157592773
2131,938188.1985168457
2132,887170.8663864136
2133,1586307.2027816772
2134,1037162.8573074341
2135,1013012.8678359985
2136,1049790.945892334
2137,814353.093170166
2138,1037085.0404129028
2139,1955190.142288208
2140,1071013.1877746582
2141,1147138.4399490356
2142,1203787.8091278076
2143,1397449.88722229
2144,512868.8977432251
2145,1268508.2987823486
2146,788277.8421478271
2147,1559534.7249526978
2148,1471984.6730194092
2149,1591182.8773345947
2150,712505.4085769653
2151,1835112.6321792603
2152,1268239.0809936523
2153,798019.191696167
2154,1556899.5223007202
2155,1330268.1136932373
2156,932549.1892852783
2157,914163.4812545776
2158,1583788.9402389526
2159,912141.6999053955
2160,910666.1024932861
2161,923888.7615280151
2162,1659967.2822723389
2163,792906.0775146484
2164,683085.3684768677
2165,1421653.4878234863
2166,1583467.3166656494
2167,954119.7561264038
2168,488395.0051498413
2169,395313.08375549316
2170,1531133.7864685059
2171,940505.6380310059
2172,1277534.3495178223
2173,716410.5846557617
2174,779605.8187713623
2175,1477595.9408187866
2176,803410.6078491211
2177,234816.39696502686
2178,890119.5889129639
2179,1077995.18309021
2180,2283144.722732544
2181,673503.2741317749
2182,1181277.757347107
2183,453806.6594390869
2184,1527894.9009933472
2185,713671.4884262085
2186,799600.8464889526
2187,2310901.4207458496
2188,373875.5637588501
2189,966775.2520523071
2190,1450861.3985214233
2191,262924.366897583
2192,1019170.0177230835
2193,1219000.8098754883
2194,672977.3535766602
2195,1828024.5694198608
2196,227565.2038192749
2197,798371.2804641724
2198,1616164.3975143433
2199,1350023.7473144531
2200,1049988.8376464844
2201,940084.1572113037
2202,943130.8102874756
2203,1268730.3811798096
2204,1255918.6422424316
2205,907615.7303695679
2206,28757.75456237793
2207,1279503.0292663574
2208,964477.5684204102
2209,845785.8983383179
2210,462027.1919631958
2211,1083015.7040786743
2212,-85299.84565734863
2213,983491.7013244629
2214,1799451.0434494019
2215,404996.99488067627
2216,2027479.047241211
2217,477276.0104293823
2218,1154878.154724121
2219,1508325.7442703247
2220,909304.555015564
2221,1475409.9652633667
2222,1456866.720840454
2223,1612238.3357009888
2224,1605606.0830917358
2225,988452.4532546997
2226,1946767.205253601
2227,-179334.91091156006
2228,1825612.6865844727
2229,733682.8616485596
2230,708714.3375930786
2231,1916710.2475967407
2232,1483447.0241851807
2233,1037374.4782180786
2234,785284.8433609009
2235,1141767.99344635
2236,1931752.1087036133
2237,1190295.7525939941
2238,1265868.2948226929
2239,2302066.476425171
2240,383934.14430999756
2241,916722.920501709
2242,-142742.78533935547
2243,1151365.9086380005
2244,913466.2676696777
2245,1361905.620765686
2246,1538659.2243804932
2247,681734.2878341675
2248,1524286.1359176636
2249,76810.55855560303
2250,994146.1884536743
2251,850726.6893157959
2252,1317697.5973739624
2253,724971.7015914917
2254,1589950.9826431274
2255,1456307.788116455
2256,1108169.1017837524
2257,1428269.668914795
2258,1254771.3462142944
2259,770922.2032623291
2260,1273528.2124710083
2261,555437.5017776489
2262,1028261.4947891235
2263,494349.82985687256
2264,775390.1001815796
2265,345679.58530426025
2266,988582.3307571411
2267,1962317.1979370117
2268,1292684.8893737793
2269,1320714.401939392
2270,1021362.1895751953
2271,254098.1579208374
2272,958978.3793106079
2273,786829.7372970581
2274,803128.7847900391
2275,916305.9819030762
2276,1117837.7936019897
2277,993335.6724700928
2278,1334279.686531067
2279,984245.4587631226
2280,1860722.685836792
2281,936359.5797195435
2282,1545349.733215332
2283,957097.9056396484
2284,1253883.5456848145
2285,1484463.161026001
2286,911888.796546936
2287,415779.19232177734
2288,584282.482749939
2289,1326975.5613861084
2290,1024769.4004364014
2291,1494989.5913848877
2292,1310311.786743164
2293,1351790.0231552124
2294,893957.25730896
2295,1261864.249015808
2296,1094323.1259155273
2297,1150910.3548583984
2298,1380748.0152511597
2299,1102322.8968734741
2300,1479087.1050949097
2301,830159.9654312134
2302,4371440.779685974
2303,688053.0329437256
2304,1494635.7140274048
2305,1400352.7170028687
2306,1131661.694328308
2307,261394.49028778076
2308,1082167.274131775
2309,1090110.9772644043
2310,925480.5719604492
2311,1005613.7132873535
2312,903521.1204223633
2313,952844.5472717285
2314,1479899.580795288
2315,1430661.3286437988
2316,1375874.1847763062
2317,1511289.8807373047
2318,1100531.4293518066
2319,1041475.4714584351
2320,1496643.134765625
2321,1230269.3903961182
2322,272346.7725601196
2323,1127645.4609375
2324,1358938.333618164
2325,1972058.5250854492
2326,967905.7192077637
2327,915739.834777832
2328,875139.7534866333
2329,854133.2248153687
2330,217427.79290771484
2331,976827.497756958
2332,1332463.2373809814
2333,885348.0190505981
2334,1448678.9233703613
2335,975390.9590072632
2336,1223954.6357650757
2337,1223926.2209320068
2338,1262876.2349014282
2339,764649.3144607544
2340,1200862.9355239868
2341,2017825.7753067017
2342,1502994.699645996
2343,1323414.190208435
2344,964509.7553710938
2345,1175856.1172714233
2346,1513143.305267334
2347,1235221.0586929321
2348,608546.9216156006
2349,1894095.8442687988
2350,8462.82331085205
2351,905402.5113601685
2352,1197996.2974777222
2353,303285.09759521484
2354,1181977.3309936523
2355,541631.0016860962
2356,1536753.8786468506
2357,134628.3329925537
2358,771442.2670288086
2359,1489111.1823654175
2360,1604722.4279022217
2361,586833.0150604248
2362,1119816.9041671753
2363,2172890.092338562
2364,237056.08058166504
2365,1821405.5051269531
2366,1040625.8552932739
2367,152194.39037322998
2368,1915420.956703186
2369,1966847.356124878
2370,868486.9634017944
2371,1167609.3202285767
2372,1396332.3673171997
2373,1918536.4989318848
2374,695448.2073440552
2375,1120625.3784255981
2376,946649.0383605957
2377,696795.8317260742
2378,729305.4454421997
2379,809605.7782669067
2380,1088594.3121414185
2381,1065512.8711929321
2382,1062207.0773391724
2383,658902.2002868652
2384,1061871.49319458
2385,990994.8673706055
2386,1099303.5029754639
2387,1398717.1360473633
2388,1374313.894607544
2389,750889.0262832642
2390,860399.2453384399
2391,750191.4286117554
2392,1138204.8604354858
2393,1176516.4885559082
2394,1816263.3934631348
2395,1676170.4935913086
2396,153221.73921203613
2397,1444261.5251693726
2398,1085563.7456130981
2399,1411885.7817459106
2400,1260921.359451294
2401,1415380.5868988037
2402,1380989.8704681396
2403,1512860.9819641113
2404,272882.5358428955
2405,780147.4799880981
2406,702821.8797988892
2407,581485.1785812378
2408,694185.5314712524
2409,871513.5536346436
2410,1428446.8972854614
2411,829484.1280517578
2412,831010.1683731079
2413,1009716.4334869385
2414,1055986.021812439
2415,787867.3211135864
2416,415721.5580291748
2417,1596043.209991455
2418,1593761.821434021
2419,1495669.7375030518
2420,900285.0738601685
2421,805107.8888092041
2422,1471728.8737335205
2423,690016.0816955566
2424,1071750.7620391846
2425,1513059.3259506226
2426,1430432.8254394531
2427,398932.25355529785
2428,325585.7849121094
2429,2264543.1951293945
2430,1670033.0820541382
2431,222936.60948944092
2432,705486.3473815918
2433,1069627.8380126953
2434,675477.7910308838
2435,1928782.931427002
2436,1098428.0438079834
2437,222344.8978729248
2438,1844524.5538253784
2439,1278563.8495635986
2440,706470.853805542
2441,865753.4662017822
2442,953471.7691040039
2443,1495451.7020339966
2444,1032247.8279800415
2445,420910.59593200684
2446,1146316.819595337
2447,648215.7612075806
2448,985501.9839401245
2449,1104696.2887878418
2450,936188.477645874
2451,1652626.3540344238
2452,490646.2157211304
2453,1459562.8143615723
2454,680599.3432998657
2455,456453.0045852661
2456,1203862.0618667603
2457,436812.53369903564
2458,838610.4276428223
2459,1479710.843460083
2460,1072731.0396194458
2461,905316.1808776855
2462,827249.4281845093
2463,1246649.555381775
2464,1659418.431716919
2465,1341565.6555023193
2466,1591954.5855789185
2467,290409.10026550293
2468,1302227.4363937378
2469,1000927.4649505615
2470,-85840.16626739502
2471,1811696.6364135742
2472,1917728.3825836182
2473,205565.27545166016
2474,962347.149269104
2475,1304154.8424301147
2476,2022729.8726654053
2477,1781671.3435134888
2478,953666.8976745605
2479,1087608.907875061
2480,1334020.8759384155
2481,1854387.0649795532
2482,988575.422492981
2483,871426.4073944092
2484,934538.0088272095
2485,1168417.0484924316
2486,268539.5024032593
2487,937053.3213272095
2488,1309447.310760498
2489,522900.12799072266
2490,1376973.1327972412
2491,1020454.2785186768
2492,884501.927230835
2493,1400757.5316848755
2494,2025785.3941802979
2495,664104.9675674438
2496,722491.24559021
2497,755258.7304077148
2498,758990.0027999878
2499,1782420.2872772217
2500,596801.1343917847
2501,832116.372718811
2502,1222081.0095291138
2503,828385.5319900513
2504,427780.03131866455
2505,415182.2722930908
2506,491196.43309020996
2507,838288.4810409546
2508,1384083.7002410889
2509,968860.9161834717
2510,447666.7768249512
2511,212788.76078033447
2512,1162435.8640060425
2513,54212.48757171631
2514,1009601.7400970459
2515,1808328.3719024658
2516,339158.66917419434
2517,996915.6580581665
2518,1080476.5622787476
2519,611584.0482788086
2520,1614505.8257751465
2521,954407.4197769165
2522,2025566.5697479248
2523,881070.4480285645
2524,1277970.1227493286
2525,395664.6826553345
2526,453608.38749694824
2527,1811999.8807754517
2528,402156.06216430664
2529,1298302.6604919434
2530,782172.0413589478
2531,960084.9782409668
2532,1237212.9164047241
2533,1727460.8600616455
2534,1765040.8934936523
2535,1505583.376548767
2536,1134927.48563385
2537,956476.3024749756
2538,1272944.5288467407
2539,742628.8726043701
2540,1294226.6024932861
2541,1100549.159500122
2542,1696816.8758773804
2543,1289165.6478881836
2544,1174193.7510299683
2545,1133483.8788833618
2546,1473629.858253479
2547,806751.976020813
2548,1470499.5676574707
2549,1574019.3327407837
2550,386951.40032958984
2551,1111265.2104949951
2552,744148.2339630127
2553,834369.0394744873
2554,1420711.8931732178
2555,1310874.5989074707
2556,1482802.4236831665
2557,927643.8675689697
2558,986236.3237762451
2559,2794.5294342041016
2560,263723.37687683105
2561,788496.3923721313
2562,1709297.5274429321
2563,1273845.142074585
2564,40919.29574584961
2565,1182599.2933120728
2566,1338474.6110916138
2567,561248.4745483398
2568,1103018.7082366943
2569,1133853.3367233276
2570,42618.95650482178
2571,2063397.187828064
2572,387469.11793518066
2573,1092850.9193115234
2574,1678940.0961990356
2575,1609533.2182769775
2576,1550542.5408935547
2577,1001279.5479507446
2578,406204.9995956421
2579,1730251.1546096802
2580,305805.1004333496
2581,1184093.5081634521
2582,993902.0806427002
2583,985702.405090332
2584,974187.9048843384
2585,907483.154220581
2586,1085381.209487915
2587,1493022.1796875
2588,1001887.0019683838
2589,754520.0109634399
2590,1532582.1265411377
2591,383135.55838012695
2592,689126.3904342651
2593,1141630.7875061035
2594,1989671.6572723389
2595,481810.9286880493
2596,899982.5156555176
2597,1551568.0512237549
2598,1489855.5977020264
2599,1397734.1443862915
2600,339726.51488494873
2601,931712.165763855
2602,1818107.6725769043
2603,1465948.7636871338
2604,767962.0483856201
2605,1829596.277885437
2606,1232134.8456878662
2607,848695.253364563
2608,574676.0864868164
2609,906837.4447402954
2610,2350288.042655945
2611,1929717.7764434814
2612,985282.3546676636
2613,2057191.8302612305
2614,1137522.2482910156
2615,958933.6621627808
2616,823777.3686599731
2617,1093900.1710128784
2618,384070.4777908325
2619,728512.6780319214
2620,963530.6418075562
2621,899218.0598449707
2622,61024.77614593506
2623,895355.0409011841
2624,978219.0286254883
2625,1722942.3497161865
2626,881090.5382232666
2627,1287573.534461975
2628,1104318.6975326538
2629,1324849.3032073975
2630,1001332.0215835571
2631,1489345.4815444946
2632,861889.3831481934
2633,1823505.8305282593
2634,1490790.2273101807
2635,965998.4982681274
2636,1022802.1670227051
2637,764887.9378356934
2638,783072.7601470947
2639,545944.4146347046
2640,858780.1717605591
2641,689252.4121551514
2642,972583.5103378296
2643,2126795.7376556396
2644,768712.6743240356
2645,1476290.358139038
2646,1498430.3944396973
2647,956572.4169311523
2648,654059.8965377808
2649,373378.1782608032
2650,1678388.2103042603
2651,1232919.7118606567
2652,329583.34397888184
2653,1032170.6429367065
2654,1215565.2024002075
2655,1292652.646850586
2656,703957.9223480225
2657,750012.8317184448
2658,1428135.2244110107
2659,1175245.978225708
2660,2269157.247138977
2661,1098411.9767456055
2662,917139.7858657837
2663,1494877.435798645
2664,396669.1162109375
2665,1610208.0468444824
2666,1848703.470298767
2667,471262.9152984619
2668,1700098.2453689575
2669,-130951.75323486328
2670,1267404.0805892944
2671,995753.1218032837
2672,1559626.4859771729
2673,177125.5846710205
2674,964938.2640686035
2675,1882820.8186569214
2676,377941.27197265625
2677,649939.8398895264
2678,1168261.1003189087
2679,942685.290939331
2680,787470.5183334351
2681,755162.760559082
2682,687399.7776031494
2683,2030127.2121276855
2684,1384213.2805633545
2685,1236964.534172058
2686,977579.8026351929
2687,760784.3053588867
2688,768424.2751083374
2689,936082.6327133179
2690,918520.1276626587
2691,1348669.3212051392
2692,1086659.1183776855
2693,1081049.7372589111
2694,1011663.9041519165
2695,1624982.8537750244
2696,1026688.3960571289
2697,1591379.6665039062
2698,1898124.5021972656
2699,2425603.577682495
2700,850922.0963058472
2701,1784410.8881225586
2702,1164369.5301208496
2703,532964.9433670044
2704,782695.3183059692
2705,590741.649482727
2706,1633353.3498764038
2707,783996.7264251709
2708,1882392.1934585571
2709,656454.1130599976
2710,1649359.2759780884
2711,1043787.0001068115
2712,3065549.3614349365
2713,1990866.7474212646
2714,1831641.8637771606
2715,1075368.469871521
2716,1311110.9034576416
2717,1014991.1006240845
2718,951570.9187011719
2719,269403.69024658203
2720,1803515.6399612427
2721,1735164.7225112915
2722,1730543.502456665
2723,2402167.4773483276
2724,2033550.89553833
2725,1264709.381538391
2726,311948.1230163574
2727,936174.9659042358
2728,984845.4137954712
2729,1329500.900466919
2730,1014790.4840240479
2731,1059647.7114639282
2732,808518.0382080078
2733,1087338.311531067
2734,846021.8172225952
2735,1510053.55594635
2736,1463744.19455719
2737,978466.670425415
2738,1139289.9088897705
2739,441064.8316421509
2740,920628.2219543457
2741,1291323.1668319702
2742,2144988.033798218
2743,772607.2331237793
2744,815397.4582443237
2745,1926540.6785202026
2746,1701233.6031265259
2747,1660301.529724121
2748,1160577.499862671
2749,790596.0584106445
2750,665357.1442565918
2751,410349.90983581543
2752,664941.8332290649
2753,1358830.5473556519
2754,1037657.1658325195
2755,1053494.3375473022
2756,1051866.6230010986
2757,884669.1307525635
2758,1965757.488105774
2759,1474853.4012451172
2760,228656.3097000122
2761,1104819.5190353394
2762,998268.5771942139
2763,1592300.0120391846
2764,1450335.5974121094
2765,666687.8618240356
2766,1013318.4630203247
2767,2139073.217689514
2768,1419052.623954773
2769,1233602.4154281616
2770,1484894.2819137573
2771,939603.2057571411
2772,446775.0903015137
2773,506708.98021698
2774,1273811.9664001465
2775,681327.2176589966
2776,1104576.813369751
2777,944239.0547180176
2778,138110.4983139038
2779,1188586.496246338
2780,1495267.7812347412
2781,1303954.8929290771
2782,1136681.3007583618
2783,1500354.8401031494
2784,83208.59587097168
2785,1066606.5661697388
2786,1613043.501548767
2787,1023975.707611084
2788,1019891.5868988037
2789,803329.6484985352
2790,1060632.5246276855
2791,965220.5452651978
2792,964546.0469284058
2793,1887907.2876434326
2794,417250.85388183594
2795,1005569.2306594849
2796,1741865.9660949707
2797,1191097.2128295898
2798,1164605.5629577637
2799,785678.052520752
2800,1318900.2476654053
2801,607500.7575683594
2802,1853270.6487731934
2803,1477054.6313171387
2804,244305.41829681396
2805,1605871.476196289
2806,1504494.700744629
2807,1215615.8901824951
2808,805576.7048110962
2809,108828.63026428223
2810,262808.9775466919
2811,489728.0043640137
2812,949778.9201660156
2813,1402322.3011703491
2814,375117.06287384033
2815,1226675.8540725708
2816,777946.6528396606
2817,1366488.115348816
2818,1377059.243461609
2819,-22414.262550354004
2820,592975.4354553223
2821,830211.8443756104
2822,1288027.690437317
2823,913371.4635009766
2824,943835.8775024414
2825,1253000.2871017456
2826,1396004.0570297241
2827,1185280.8254394531
2828,2198348.829559326
2829,764626.8855667114
2830,1118285.7914047241
2831,1055556.0382614136
2832,898629.4154891968
2833,826936.8226776123
2834,986245.6043395996
2835,1562141.244293213
2836,1073858.8815078735
2837,1948981.9593963623
2838,643989.3020706177
2839,693648.5959777832
2840,1154892.4721755981
2841,2111172.1621017456
2842,1831066.4821243286
2843,1890669.8350067139
2844,612637.8266448975
2845,863779.4483261108
2846,1875566.009010315
2847,1360882.8709945679
2848,351977.57988739014
2849,1474850.0615768433
2850,1753162.8883590698
2851,792580.0777053833
2852,1008327.9392242432
2853,111806.56314849854
2854,590332.9561767578
2855,1716721.9656524658
2856,1631858.5199203491
2857,1242188.430152893
2858,564092.4607391357
2859,1609102.6089248657
2860,914158.04662323
2861,1395642.1050109863
2862,1478069.2807998657
2863,2240503.45186615
2864,342288.4694747925
2865,709231.8295059204
2866,465086.67430877686
2867,1484242.6353988647
2868,480620.13764953613
2869,1288170.2126083374
2870,799041.3001785278
2871,1151624.4365997314
2872,2031893.53250885
2873,1938328.3125534058
2874,1017464.8030014038
2875,1246877.9728622437
2876,1129428.8697433472
2877,2001687.1263046265
2878,1101969.7155838013
2879,682660.0128097534
2880,1024330.978225708
2881,1080019.455543518
2882,-58866.55461883545
2883,1103267.3371810913
2884,1188931.949356079
2885,903768.0013198853
2886,1411857.0555343628
2887,712025.7828674316
2888,427588.66791534424
2889,-23525.664627075195
2890,1310972.9823989868
2891,1359860.7850341797
2892,610512.9987716675
2893,1042144.2154006958
2894,1634706.8125686646
2895,1974368.4402008057
2896,971806.7747650146
2897,348700.9983520508
2898,1142810.1265029907
2899,984174.0071182251
2900,1009732.5407104492
2901,1499075.665298462
2902,625779.1889038086
2903,1167258.1553497314
2904,1436207.3147201538
2905,1032596.5799865723
2906,652477.2046813965
2907,1476750.607635498
2908,927551.6153640747
2909,800526.181022644
2910,1179841.5937042236
2911,1507233.922302246
2912,831410.4760284424
2913,161727.0679473877
2914,906722.9424362183
2915,1103648.0280303955
2916,2102177.2833862305
2917,843399.2739257812
2918,945477.6726226807
2919,857789.3230743408
2920,1033256.1009750366
2921,853824.477645874
2922,850823.47215271
2923,431210.9994125366
2924,1293390.6624908447
2925,204619.20848846436
2926,1371493.2170791626
2927,1113874.3068771362
2928,371456.35219573975
2929,888249.1739349365
2930,1435681.799446106
2931,557016.2648239136
2932,1714926.1025543213
2933,1514347.2422027588
2934,1134541.2206420898
2935,957532.4568099976
2936,-133169.68663024902
2937,930149.8251495361
2938,938312.6712875366
2939,1339181.3207855225
2940,1966760.6606292725
2941,1593608.5312805176
2942,735834.8572311401
2943,1267216.0668640137
2944,976126.7156524658
2945,1435364.2646942139
2946,1126952.359237671
2947,356735.3825302124
2948,854355.3026351929
2949,425798.9994125366
2950,1177772.4638442993
2951,957183.7104263306
2952,1824083.0840301514
2953,1279633.1626052856
2954,933012.710144043
2955,356038.66931915283
2956,1545234.7078857422
2957,711423.9715423584
2958,1025614.1291503906
2959,850988.0170288086
2960,770249.1091308594
2961,909328.4154434204
2962,722690.2473373413
2963,970376.7666778564
2964,1497534.6207885742
2965,869598.6080780029
2966,1277171.1829681396
2967,836050.7649383545
2968,1247084.012397766
2969,1193003.2838974
2970,1068681.066444397
2971,992969.1143875122
2972,1596424.273651123
2973,1307196.562828064
2974,635056.484413147
2975,1095758.8007202148
2976,971845.0646057129
2977,940714.308265686
2978,326803.3143386841
2979,1575516.6160507202
2980,1490843.929649353
2981,1621882.2536315918
2982,1532288.4412612915
2983,258782.24685668945
2984,192872.84606933594
2985,821184.8457717896
2986,921656.3716812134
2987,38678.95193481445
2988,1301690.6711502075
2989,1272648.1365737915
2990,1681648.9264221191
2991,1389336.6107559204
2992,444834.0988082886
2993,397425.73792266846
2994,1253833.5308685303
2995,1019844.9081573486
2996,754611.6044158936
2997,856581.1467208862
2998,987000.5315170288
2999,1046092.3021240234
3000,1848497.3410873413
3001,1049657.9796218872
3002,1338023.1396026611
3003,957183.5291976929
3004,1819891.3408737183
3005,674877.9239501953
3006,2210624.0454940796
3007,814535.8942947388
3008,1804595.0499191284
3009,202705.5119934082
3010,391738.73431396484
3011,1285949.5382919312
3012,911993.4805908203
3013,1501855.0321502686
3014,987144.8050918579
3015,325048.9701080322
3016,891339.0324325562
3017,1383335.495918274
3018,182799.13758850098
3019,1103318.211730957
3020,807907.8126678467
3021,1029774.4235229492
3022,268052.6202774048
3023,976713.4789199829
3024,538684.1707305908
3025,1561779.552886963
3026,1131436.3875198364
3027,1354840.432006836
3028,2218439.2555618286
3029,781649.4221725464
3030,841510.0932388306
3031,1258631.5746917725
3032,809490.1051101685
3033,1152544.8924942017
3034,1681340.0371322632
3035,41192.90284729004
3036,717171.920211792
3037,968200.932220459
3038,2222744.281814575
3039,1504412.3018493652
3040,376309.46532440186
3041,1532672.5469741821
3042,1189552.4257354736
3043,888468.0965042114
3044,528902.1472854614
3045,758697.8387298584
3046,788424.9390258789
3047,662543.1741867065
3048,693308.5791473389
3049,1350851.0670547485
3050,357265.8091278076
3051,993770.316986084
3052,726059.4424591064
3053,1263787.2353973389
3054,827295.1424331665
3055,972669.8075790405
3056,1856114.7112960815
3057,1378527.65209198
3058,1611833.3336257935
3059,300288.3703689575
3060,1186660.006515503
3061,1061956.9261550903
3062,221584.91512298584
3063,1184863.5290756226
3064,864226.4432678223
3065,1824066.3053283691
3066,1063442.1631393433
3067,960974.1159667969
3068,1485926.2744369507
3069,1493529.916847229
3070,869128.44947052
3071,1555201.8704833984
3072,392388.6209487915
3073,1698244.268005371
3074,1106989.168663025
3075,833314.7262649536
3076,2371297.021080017
3077,1116680.2887954712
3078,1246745.6208572388
3079,948252.1228713989
3080,468482.646522522
3081,231401.4209136963
3082,391397.0905456543
3083,683972.4211120605
3084,433690.2019958496
3085,1403204.4285812378
3086,773448.121017456
3087,1109107.5173950195
3088,1805407.6717300415
3089,886756.9999160767
3090,973180.9592666626
3091,703290.4204406738
3092,1029588.8444747925
3093,928593.8742141724
3094,951944.2135696411
3095,1128270.81690979
3096,1057108.76272583
3097,1319411.5562820435
3098,833675.4849014282
3099,936936.1398162842
3100,1366591.533378601
3101,388798.85231781006
3102,879650.9734725952
3103,2191713.621398926
3104,1308636.359840393
3105,1472715.4970550537
3106,1037849.5732192993
3107,1207098.8400878906
3108,1469482.9729995728
3109,159564.89673614502
3110,695954.1574249268
3111,783317.6502532959
3112,1267465.8804779053
3113,1889637.0503845215
3114,981903.4707260132
3115,1105020.4673614502
3116,584489.6916122437
3117,1024025.1238555908
3118,1609924.1942062378
3119,770801.7849121094
3120,1057949.619140625
3121,2122484.23714447
3122,924272.7980880737
3123,1043800.5215530396
3124,1161791.0359039307
3125,1566558.972000122
3126,908318.2733917236
3127,2127080.1300964355
3128,920818.5992431641
3129,1820782.7219696045
3130,1191096.3511199951
3131,1078630.1280212402
3132,1070609.1759262085
3133,1078630.1280212402
3134,749586.64894104
3135,777537.2038650513
3136,1304881.142616272
3137,1554888.0808258057
3138,1085004.3620300293
3139,1816479.445739746
3140,821389.028213501
3141,1709279.646156311
3142,1541618.2209625244
3143,1584727.4309082031
3144,1083983.2235565186
3145,1340710.2942199707
3146,877197.2341766357
3147,1228767.4553146362
3148,711574.6371002197
3149,1471670.7883911133
3150,1010563.5747375488
3151,873251.4011459351
3152,830445.0492553711
3153,1256192.9730987549
3154,972513.8991775513
3155,854279.3115158081
3156,2090764.506942749
3157,1078001.1736068726
3158,1264297.5626602173
3159,1092413.9496765137
3160,1741528.412185669
3161,2177482.5662994385
3162,1411105.181175232
3163,210148.338180542
3164,1202622.5347595215
3165,1326910.4359970093
3166,714173.3010787964
3167,519431.3289413452
3168,1373052.3239059448
3169,777636.8927383423
3170,1936943.2905273438
3171,1646804.4752044678
3172,1273348.8232269287
3173,935881.9061584473
3174,784114.1164245605
3175,1354197.5497512817
3176,203249.6542816162
3177,945804.520942688
3178,470306.8852844238
3179,1663334.2260742188
3180,769330.3567657471
3181,1082132.6649780273
3182,609074.2652053833
3183,966699.4672012329
3184,852909.1763076782
3185,995522.0173110962
3186,998898.8727416992
3187,943950.1662979126
3188,1162864.338897705
3189,1234028.6239395142
3190,938650.8310928345
3191,1185162.6133346558
3192,778792.6026382446
3193,935087.4443969727
3194,1099615.6962127686
3195,10120.07495880127
3196,1906217.1761322021
3197,2042790.7471694946
3198,1276405.6534118652
3199,1261938.4006958008
3200,665036.869354248
3201,894850.4516983032
3202,1034090.0345611572
3203,1658999.7804336548
3204,1781563.5600280762
3205,1090846.325302124
3206,914583.8600997925
3207,635289.8046264648
3208,1481246.2373809814
3209,483206.8187408447
3210,363903.27362823486
3211,949239.1554336548
3212,752319.594909668
3213,821930.0763320923
3214,1358931.4173431396
3215,1775804.8703308105
3216,1284436.7477111816
3217,1173678.6010437012
3218,2113793.140388489
3219,1277332.529472351
3220,1339167.2268371582
3221,941008.2629394531
3222,366559.2048339844
3223,641452.9209518433
3224,870549.1593856812
3225,1884090.5295715332
3226,272384.10875701904
3227,1187240.4839782715
3228,638913.5258483887
3229,1283014.1221542358
3230,951314.285446167
3231,989456.4041976929
3232,1053097.3296203613
3233,1717819.228302002
3234,804239.5556564331
3235,1334864.0121002197
3236,645180.612487793
3237,1636600.000404358
3238,823449.6744995117
3239,764562.423866272
3240,470878.3910751343
3241,1257142.783882141
3242,1959762.2131576538
3243,1935880.0870742798
3244,1699986.6777267456
3245,942777.1039886475
3246,822099.7137145996
3247,737884.6085128784
3248,31698.608276367188
3249,1277362.9086456299
3250,900317.1125411987
3251,1273188.9242172241
3252,1612011.8286972046
3253,876945.1134643555
3254,2285699.6365585327
3255,234097.71411895752
3256,783989.7610321045
3257,1821785.857460022
3258,616440.3426208496
3259,547301.1419219971
3260,1069657.6140518188
3261,853030.3085021973
3262,288218.1275482178
3263,583655.7801055908
3264,1994929.5856018066
3265,1327231.7773513794
3266,917012.4290008545
3267,1316407.4470977783
3268,905568.335609436
3269,902082.8914871216
3270,622839.9346313477
3271,1374396.9517059326
3272,1417082.4773788452
3273,2327547.4689941406
3274,1015035.5315170288
3275,1094213.7784500122
3276,1720968.0634384155
3277,788957.8537979126
3278,77393.53775024414
3279,1355617.554862976
3280,940852.9493865967
3281,1596556.8203582764
3282,906696.5115432739
3283,1275808.3926773071
3284,968400.8877944946
3285,1905185.3562850952
3286,1477922.5655212402
3287,1197175.343788147
3288,1216962.8400039673
3289,1003185.4382095337
3290,859591.3080825806
3291,1412471.223739624
3292,1075643.5689926147
3293,1034093.2502288818
3294,927043.7129745483
3295,1109408.7084350586
3296,143370.08631896973
3297,1062607.5883407593
3298,1088313.3982315063
3299,778321.3437805176
3300,1464613.7960891724
3301,852831.3790664673
3302,1426877.354560852
3303,1780626.0312957764
3304,1387263.326637268
3305,2010198.3831558228
3306,685411.3447494507
3307,1411200.5473556519
3308,1088099.747718811
3309,988332.2948226929
3310,1353830.5764312744
3311,695696.0310897827
3312,995696.9490585327
3313,1150386.3112335205
3314,2310701.1736068726
3315,1217740.0166473389
3316,520276.6922302246
3317,1389189.5134887695
3318,883433.3904724121
3319,1307216.962020874
3320,1493983.1816635132
3321,989848.6761627197
3322,1177654.852508545
3323,2075223.5729293823
3324,1213359.660621643
3325,1899736.0658493042
3326,1617137.4634094238
3327,1821863.645866394
3328,266300.20001220703
3329,1377919.9399108887
3330,2408.6604080200195
3331,952604.5826721191
3332,308864.837059021
3333,853746.7914810181
3334,1491449.1558685303
3335,487628.98123931885
3336,189708.39310455322
3337,539735.272819519
3338,1451496.9121551514
3339,1930413.3384399414
3340,752896.9842147827
3341,789809.3057479858
3342,1000491.5851898193
3343,1103394.0610733032
3344,1006599.3985443115
3345,1309425.9914093018
3346,1119913.0940628052
3347,188536.64807891846
3348,2041520.700843811
3349,1227739.7540130615
3350,247004.96813201904
3351,1382682.6219329834
3352,338362.47205352783
3353,1500864.1501235962
3354,1784475.171409607
3355,790004.7206192017
3356,1596330.975578308
3357,697714.7367095947
3358,1672233.5918121338
3359,296224.05028533936
3360,1282910.2894515991
3361,1361046.4011001587
3362,1628150.253479004
3363,434363.07973480225
3364,1404201.7629470825
3365,440800.5750198364
3366,778888.7850341797
3367,845011.7380142212
3368,1446816.4633712769
3369,1077096.3999557495
3370,657802.1348648071
3371,1043800.5215530396
3372,656911.4303970337
3373,2156046.8452072144
3374,1248264.4459609985
3375,1569530.5001831055
3376,1254278.1721801758
3377,1828300.4117355347
3378,1923708.297164917
3379,87399.90856170654
3380,1269512.3416290283
3381,173916.13680267334
3382,955075.272605896
3383,1411149.5204620361
3384,389190.1567077637
3385,1039442.6647338867
3386,1935067.9219665527
3387,1375783.2799987793
3388,1294685.61592865
3389,868897.3733062744
3390,784248.8119049072
3391,909021.5403366089
3392,1360403.932899475
3393,980328.8555221558
3394,1165016.5345535278
3395,961836.8305282593
3396,534353.0547866821
3397,506765.83168792725
3398,1005060.9128341675
3399,338080.3801879883
3400,1176160.2418365479
3401,1054755.8847503662
3402,1449187.304107666
3403,322984.1071548462
3404,792330.165435791
3405,1342229.5095062256
3406,745066.930732727
3407,120750.69104766846
3408,980607.8999404907
3409,1248218.8541641235
3410,682505.4513015747
3411,1347564.2169189453
3412,1449732.4331512451
3413,1178823.1358261108
3414,1643401.1181488037
3415,746922.3446655273
3416,1293624.513343811
3417,1776516.3732299805
3418,891449.3232574463
3419,1583088.575088501
3420,680495.9055862427
3421,1604855.3238449097
3422,769828.7585906982
3423,1085094.250366211
3424,1638349.817237854
3425,1632736.8349151611
3426,167822.84978485107
3427,893070.1219787598
3428,1233407.5492248535
3429,1453689.231994629
3430,1016567.9504547119
3431,1103292.5647506714
3432,998497.2581329346
3433,692723.0778198242
3434,1157065.143814087
3435,943380.1229324341
3436,845598.8079376221
3437,407796.96993255615
3438,1200945.9389724731
3439,1238061.7647247314
3440,380953.47507476807
3441,1595285.5750427246
3442,872213.3300323486
3443,-81724.15823364258
3444,281787.1964416504
3445,644095.6794433594
3446,1614634.7894210815
3447,1096126.1113891602
3448,224600.53749847412
3449,1069692.7648239136
3450,1146148.102684021
3451,18063.058387756348
3452,1409764.0845336914
3453,1745897.2526931763
3454,746307.6691589355
3455,1472308.5437393188
3456,676999.4548187256
3457,862566.7050704956
3458,885156.4950332642
3459,1711500.0746383667
3460,1690737.8890457153
3461,994652.3909454346
3462,1074998.1970062256
3463,925814.2230377197
3464,411551.9172668457
3465,1736123.8926239014
3466,1021543.8614654541
3467,1145528.3340148926
3468,878146.5488128662
3469,1037901.7147979736
3470,1053683.2174987793
3471,924423.6280593872
3472,1278725.3594589233
3473,964582.3177566528
3474,133904.57221984863
3475,236636.47802734375
3476,1256716.102607727
3477,1329251.9367294312
3478,-146473.92373657227
3479,1495302.1551055908
3480,143188.80922698975
3481,927619.1089324951
3482,799014.9245147705
3483,1137085.3506317139
3484,770472.795249939
3485,1221901.0189056396
3486,1045452.4693984985
3487,1684340.0426559448
3488,1031549.0396118164
3489,416162.111328125
3490,1036790.3839492798
3491,1027089.6794433594
3492,1368403.6040115356
3493,459273.46633148193
3494,1631187.5356140137
3495,2009324.087020874
3496,1020259.6136322021
3497,1772749.702697754
3498,1783713.9278793335
3499,105132.3112487793
3500,1720001.4003982544
3501,839030.0437469482
3502,1269662.5533294678
3503,1511827.8300704956
3504,1922441.5267181396
3505,1308261.1636428833
3506,777042.3502655029
3507,976140.2552719116
3508,1220492.6465148926
3509,849121.5354003906
3510,1822332.2094802856
3511,1499486.1135101318
3512,575189.7156066895
3513,1610725.6693267822
3514,1439651.50100708
3515,1394963.4120864868
3516,291777.6513290405
3517,1278089.358039856
3518,1464767.1320419312
3519,890688.8048629761
3520,2303386.3534622192
3521,877108.450050354
3522,911436.9303283691
3523,1115091.7000808716
3524,1057628.0688095093
3525,347005.9814071655
3526,956584.2858657837
3527,1218310.3360214233
3528,1486594.6239700317
3529,1582259.2441482544
3530,1132684.3310775757
3531,1042325.2450790405
3532,897995.3334884644
3533,747088.7571487427
3534,451297.1908798218
3535,1282728.9200668335
3536,1274654.3012390137
3537,1396335.126953125
3538,872009.2543716431
3539,978912.5224151611
3540,245804.06155395508
3541,1610744.1347961426
3542,1015618.121421814
3543,1517129.169960022
3544,1109359.0751037598
3545,1702635.7554779053
3546,885134.9374542236
3547,782296.8974227905
3548,372311.1944656372
3549,914792.8652801514
3550,1094987.8488464355
3551,1992122.263885498
3552,811498.5161590576
3553,1603371.3066558838
3554,581586.9472961426
3555,1811217.847732544
3556,1524656.523727417
3557,2230875.68585968
3558,668312.8212738037
3559,777514.0918045044
3560,536173.3550949097
3561,145800.02108764648
3562,1875514.3622512817
3563,774377.2080001831
3564,1327835.4467010498
3565,901260.9975891113
3566,1042796.5030059814
3567,1444015.0873413086
3568,1797621.352241516
3569,1537356.9624786377
3570,1227549.6331176758
3571,885541.6550598145
3572,1938685.5077667236
3573,1620484.1308746338
3574,1793224.8218307495
3575,844745.3599700928
3576,1782314.2063903809
3577,822691.7259292603
3578,1184718.5566482544
3579,1313806.1772613525
3580,1288390.416168213
3581,1154722.7391586304
3582,776373.6935348511
3583,370479.3825149536
3584,944376.6711502075
3585,929683.8481369019
3586,1160858.8340377808
3587,1010798.5718536377
3588,723357.4306488037
3589,260193.85006713867
3590,1376989.7712097168
3591,1064327.7230911255
3592,77529.60209655762
3593,1612177.4927825928
3594,2168536.3653182983
3595,1590130.1972503662
3596,748771.6363601685
3597,1611064.3045959473
3598,524381.9233398438
3599,1170979.2397994995
3600,1794849.8680343628
3601,765458.2663650513
3602,543532.2504196167
3603,372139.8801879883
3604,880822.5796279907
3605,371574.0010986328
3606,796952.8035888672
3607,1243432.2690505981
3608,1268180.5129699707
3609,1287676.0533828735
3610,1001894.5463256836
3611,340659.78257751465
3612,1092029.905128479
3613,592674.4242477417
3614,1587306.0569076538
3615,305334.7691345215
3616,685654.1972579956
3617,890438.4003753662
3618,887480.6136169434
3619,762098.5964202881
3620,1010379.0715332031
3621,657174.4052734375
3622,1247561.9887008667
3623,2072091.2579574585
3624,743141.2189865112
3625,907920.4463272095
3626,371613.7420654297
3627,912750.7276382446
3628,1059979.2560424805
3629,691495.2954711914
3630,925906.9339141846
3631,2095438.7458953857
3632,1095190.245941162
3633,258256.92011260986
3634,2279022.340309143
3635,1052750.5880508423
3636,1480931.1585083008
3637,1912857.1143112183
3638,1283444.9339294434
3639,1085905.8895187378
3640,1922197.1094055176
3641,1137566.6099014282
3642,765243.4809646606
3643,405449.2308959961
3644,598955.6148986816
3645,1393140.8818588257
3646,1490696.133178711
3647,690311.2569274902
3648,1008703.384979248
3649,996797.828048706
3650,1048589.3143692017
3651,567260.3285293579
3652,520681.09477996826
3653,785812.115158081
3654,941215.8710250854
3655,1276836.6210632324
3656,960493.6223831177
3657,939663.1422119141
3658,1078031.0354690552
3659,1506921.4692306519
3660,441310.67833709717
3661,1157507.774559021
3662,1035693.0103988647
3663,326144.69219207764
3664,720221.7194824219
3665,208187.64293670654
3666,665501.1648864746
3667,603878.8917388916
3668,1184876.6616363525
3669,892476.9418487549
3670,1293906.3039855957
3671,1394221.7454223633
3672,1370438.916091919
3673,1126551.2102661133
3674,1334200.4385604858
3675,1063238.0805664062
3676,1777134.6406936646
3677,1782280.5027160645
3678,1116072.0525665283
3679,1341954.7485733032
3680,363999.9542007446
3681,605113.0504989624
3682,386293.8258590698
3683,1386126.4625167847
3684,851400.9260406494
3685,991626.7908325195
3686,1707796.4633102417
3687,893395.4397506714
3688,1142591.017173767
3689,1706858.7294311523
3690,108940.3733215332
3691,2352581.1663131714
3692,1315115.041557312
3693,1479795.0770874023
3694,1928225.9447097778
3695,893460.6901931763
3696,1514669.2295761108
3697,237712.75407409668
3698,901923.6932525635
3699,1363531.4389190674
3700,280398.7000732422
3701,1427411.9805297852
3702,1374430.6073150635
3703,1781985.9856185913
3704,1831832.9738998413
3705,647599.8788757324
3706,441412.1080093384
3707,937456.4849777222
3708,1305069.941268921
3709,1676568.8600463867
3710,1194959.0040893555
3711,1401402.8926849365
3712,1441824.8082733154
3713,208234.61460113525
3714,1069744.3372879028
3715,922546.8419113159
3716,1396517.43409729
3717,855349.6748809814
3718,539323.2897949219
3719,912609.0287628174
3720,1067458.2001190186
3721,1415968.758239746
3722,1010104.698348999
3723,888219.6568450928
3724,2228941.038192749
3725,1399235.7546539307
3726,972648.8309707642
3727,80511.82593536377
3728,1066562.591003418
3729,1371390.2188034058
3730,1468495.0348892212
3731,882275.998626709
3732,1665619.6132888794
3733,1234229.8756637573
3734,870186.985168457
3735,2151092.4912490845
3736,1178237.1283493042
3737,1841064.6406707764
3738,1356979.2505874634
3739,1166934.6449432373
3740,1744017.9955978394
3741,840107.9782714844
3742,1147758.801246643
3743,2068300.3104858398
3744,847304.3835830688
3745,2082202.6991882324
3746,587774.2402954102
3747,1004747.7978286743
3748,1219399.2642440796
3749,863786.1912384033
3750,-24345.803077697754
3751,1025869.7282562256
3752,954489.8996658325
3753,1269747.7139892578
3754,1049017.7837295532
3755,1135030.315711975
3756,853881.6531829834
3757,785029.7679595947
3758,1239514.870513916
3759,954757.3434371948
3760,1008080.1328582764
3761,770242.3057022095
3762,904436.003288269
3763,816217.1194152832
3764,897782.9738693237
3765,1340533.1224212646
3766,1141431.5723571777
3767,1508468.6260299683
3768,1281186.3518829346
3769,342623.8320465088
3770,1126530.3332443237
3771,1160899.321296692
3772,92641.4529800415
3773,685663.0397644043
3774,548234.167930603
3775,1031381.6551742554
3776,897649.5361785889
3777,1270120.5536727905
3778,-6244.531204223633
3779,1524879.5853347778
3780,1130780.235748291
3781,1515922.4172821045
3782,1737865.6271591187
3783,788351.4379425049
3784,1735546.444038391
3785,779340.1437301636
3786,1079862.3778915405
3787,532840.7392044067
3788,883543.0079421997
3789,2128507.5925216675
3790,1498287.1988677979
3791,1247215.5272827148
3792,1024793.4258651733
3793,886072.7526550293
3794,756695.1394882202
3795,174867.26844024658
3796,1184896.1704788208
3797,1054432.7855453491
3798,1346823.3372192383
3799,641203.3502960205
3800,1334419.8803482056
3801,879238.1618270874
3802,682433.1944732666
3803,520687.529296875
3804,1011460.18775177
3805,1665185.273979187
3806,450990.42195892334
3807,1047219.2975540161
3808,297181.78131103516
3809,515736.46173095703
3810,1514392.5883483887
3811,1302610.621246338
3812,1148850.3585586548
3813,250080.7473678589
3814,972770.6559906006
3815,395124.02794647217
3816,1519163.8162078857
3817,853807.757850647
3818,1581656.5243530273
3819,787208.9059524536
3820,473170.8744125366
3821,659388.6882324219
3822,1032160.3700408936
3823,1596520.4937973022
3824,1448564.512878418
3825,675969.3151016235
3826,787654.7833251953
3827,339395.48780822754
3828,1413022.2314453125
3829,227134.60451507568
3830,381151.50720214844
3831,1688066.9650802612
3832,982551.8273925781
3833,2489789.022010803
3834,144066.48782348633
3835,1542297.219581604
3836,938331.9805831909
3837,1181274.8211669922
3838,987174.3063812256
3839,425431.1868286133
3840,1630093.6876983643
3841,1350144.580734253
3842,465347.6179046631
3843,201013.76531219482
3844,574432.8154602051
3845,1176364.584487915
3846,1617825.6495056152
3847,352012.97218322754
3848,1810483.5828552246
3849,1485589.1628417969
3850,713895.2700576782
3851,859194.7008285522
3852,682859.8700561523
3853,351683.04569244385
3854,2071510.740409851
3855,1025311.9623794556
3856,1091432.2628631592
3857,1496249.1074295044
3858,971339.7750396729
3859,1028801.9580230713
3860,949819.4171676636
3861,1217730.757385254
3862,1002774.051689148
3863,965432.2842636108
3864,628574.1502456665
3865,1702073.729812622
3866,925379.291229248
3867,1146185.7512130737
3868,1462942.9996109009
3869,1984168.0747451782
3870,892746.1890563965
3871,878376.893699646
3872,913428.3314285278
3873,1828190.376777649
3874,1282888.1987838745
3875,2224669.2227020264
3876,1474802.5433578491
3877,1071608.03931427
3878,1734473.6077423096
3879,363633.2442855835
3880,560611.5390396118
3881,995080.4030990601
3882,759124.5772705078
3883,973657.7345504761
3884,1082612.1642532349
3885,348571.32734680176
3886,1497557.6790847778
3887,1600008.1152572632
3888,1745317.286529541
3889,325091.4429016113
3890,1217525.1137390137
3891,1882697.298576355
3892,1281876.5857925415
3893,1046006.8355560303
3894,1062669.83203125
3895,1372544.7695617676
3896,596257.4224472046
3897,1013446.6642303467
3898,518576.89488220215
3899,1072894.983680725
3900,799048.4265975952
3901,1170832.8473052979
3902,1394421.6685409546
3903,939326.2255249023
3904,255136.2707977295
3905,1078218.1100158691
3906,785710.7067642212
3907,2044125.6517410278
3908,1499674.9571151733
3909,1425018.2601470947
3910,1003781.354888916
3911,1150615.8335876465
3912,957049.0911026001
3913,1726833.392944336
3914,1500701.997833252
3915,670007.7636184692
3916,1169207.5491638184
3917,647031.2544250488
3918,956027.6000747681
3919,1614911.4102859497
3920,1338615.3317260742
3921,832379.6964874268
3922,1013878.0431365967
3923,782670.7035064697
3924,800944.511505127
3925,1739876.7517471313
3926,646840.7302398682
3927,1982682.6536331177
3928,1066314.05443573
3929,271937.92836761475
3930,1175789.922920227
3931,1064256.402671814
3932,867166.2085342407
3933,1651594.9738388062
3934,1287897.676185608
3935,1499155.3230514526
3936,717484.0362854004
3937,2057552.2465133667
3938,1044998.9576034546
3939,1162184.576057434
3940,378483.479057312
3941,1628703.1924972534
3942,1041880.6792755127
3943,1052833.4621887207
3944,396922.19802093506
3945,320872.9585494995
3946,904552.4107055664
3947,1014971.6771774292
3948,1998132.9658966064
3949,615318.8876419067
3950,786463.9345855713
3951,1948179.4511947632
3952,899607.6933517456
3953,786194.5069122314
3954,306778.495803833
3955,261722.30033111572
3956,1019213.2491073608
3957,719792.4939880371
3958,1382332.621208191
3959,104060.56694030762
3960,287260.4838409424
3961,1302037.3657836914
3962,1328997.3335494995
3963,2173129.254676819
3964,1265025.4009780884
3965,928068.6528167725
3966,958794.6254425049
3967,840994.0639953613
3968,1904596.7804031372
3969,347644.8292236328
3970,1252742.2185668945
3971,1597681.0219345093
3972,909153.7286376953
3973,1439823.7397918701
3974,1317513.8568954468
3975,941056.7052307129
3976,1104065.0853042603
3977,958655.7762145996
3978,1810861.104598999
3979,805874.3420181274
3980,886146.8124923706
3981,741064.9619216919
3982,435931.01316070557
3983,686073.3197402954
3984,883134.2723617554
3985,1942541.292892456
3986,757607.3898086548
3987,2017701.5008544922
3988,932843.234664917
3989,673199.1002960205
3990,979705.1554794312
3991,103761.77933502197
3992,680135.3125534058
3993,726893.0241165161
3994,1285785.6914978027
3995,1069292.7214431763
3996,1011285.8582611084
3997,1136385.131690979
3998,1213908.7958831787
3999,1004880.1630935669
4000,990839.8475494385
4001,1225503.515220642
4002,1276414.2221450806
4003,2154588.8671340942
4004,1802391.906288147
4005,1009015.1452178955
4006,1018188.3101959229
4007,1184105.61769104
4008,1206847.2037963867
4009,643264.64012146
4010,1120750.0233459473
4011,1036144.1128616333
4012,1484156.4796829224
4013,1269893.5632247925
4014,1014499.894569397
4015,1280385.8532714844
4016,917867.0912246704
4017,1350621.9460830688
4018,935215.5356292725
4019,943631.3756103516
4020,1443053.4679260254
4021,1359198.8238754272
4022,1091945.3146362305
4023,1485118.8318252563
4024,1417402.9432296753
4025,1232533.2312774658
4026,771345.4216461182
4027,1428870.8908462524
4028,881741.1294326782
4029,1137533.1264190674
4030,1236430.6714630127
4031,858506.0377883911
4032,1545910.1718063354
4033,405313.326210022
4034,1127879.818496704
4035,843396.4119720459
4036,96650.62828826904
4037,912089.3628234863
4038,1236064.6003723145
4039,1281951.0879364014
4040,1478561.2942886353
4041,773520.6274642944
4042,1276690.8313446045
4043,805641.340461731
4044,1314994.6043014526
4045,1019430.2326889038
4046,1363729.2151794434
4047,706331.1556091309
4048,1036177.5205535889
4049,1596833.8569030762
4050,755054.7215042114
4051,241296.36428833008
4052,1115857.7768249512
4053,908777.3248748779
4054,316554.8564376831
4055,1423819.0679702759
4056,1091496.1062469482
4057,852385.4125366211
4058,1454547.630722046
4059,548938.8204116821
4060,1572523.5888900757
4061,530282.89112854
4062,337623.0121002197
4063,965901.6098251343
4064,1504803.9461517334
4065,1503234.6053009033
4066,1118910.2186508179
4067,1890137.5659942627
4068,1380904.0728988647
4069,1003127.0593032837
4070,1853682.0971679688
4071,733362.0017089844
4072,569262.9079971313
4073,1954861.3697357178
4074,1850353.4739761353
4075,1895165.775543213
4076,1783318.4342956543
4077,1775591.0469818115
4078,1017439.4840774536
4079,448011.04445648193
4080,772032.6384811401
4081,1087742.1006011963
4082,1011839.0801315308
4083,1160713.8906326294
4084,1054267.1621170044
4085,681359.3128738403
4086,2378035.637275696
4087,877514.8589324951
4088,987654.1014328003
4089,-119672.89469146729
4090,1457952.6484603882
4091,1084688.4047775269
4092,995943.2233047485
4093,1668896.1481704712
4094,950002.767364502
4095,329293.8239517212
4096,540947.8388137817
4097,1280637.6495132446
4098,-41947.208587646484
4099,1055054.3231277466
4100,1284091.4391708374
4101,1139194.6344528198
4102,1584957.6436004639
4103,1518145.3141555786
4104,954725.0449295044
4105,1503491.5702133179
4106,1352690.9991836548
4107,1095766.6872787476
4108,885110.1474838257
4109,355375.1544036865
4110,1072108.1150131226
4111,1392054.4744491577
4112,1117975.8749771118
4113,846377.190612793
4114,1504790.9868774414
4115,1926614.947265625
4116,1421013.5953903198
4117,1999794.7288589478
4118,801800.3223953247
4119,249835.58758544922
4120,1889833.0796432495
4121,2423717.4135513306
4122,969831.2037124634
4123,897543.2493591309
4124,1522417.0769729614
4125,979122.4303894043
4126,182769.1566848755
4127,1440547.9726104736
4128,1038798.0431365967
4129,761753.782875061
4130,1117757.228111267
4131,-163820.69917297363
4132,825488.8687133789
4133,2084310.0672149658
4134,1095816.5696411133
4135,1301665.4273605347
4136,1483623.9409942627
4137,234940.92684173584
4138,1196226.3085403442
4139,1365219.122138977
4140,332890.1333847046
4141,613467.2888183594
4142,527165.6226882935
4143,1454718.078781128
4144,909070.447845459
4145,1101853.0849456787
4146,1585346.4493103027
4147,1313505.8645019531
4148,2041831.8428344727
4149,817795.5045547485
4150,701768.9980545044
4151,950869.781829834
4152,770573.950920105
4153,1729519.9323425293
4154,1014189.7667999268
4155,1282842.1825561523
4156,1595955.5326385498
4157,940257.0128097534
4158,535749.9365081787
4159,1068306.061126709
4160,1664407.392288208
4161,692512.4101638794
4162,842316.9508666992
4163,904567.3286056519
4164,1115042.7991638184
4165,984749.4024505615
4166,1203442.1504745483
4167,1839572.227836609
4168,1581449.9904632568
4169,678476.538192749
4170,1822928.8034057617
4171,1292574.5288238525
4172,765842.7430877686
4173,1162015.47265625
4174,1288199.2299346924
4175,1754581.7068023682
4176,1041277.0602645874
4177,934419.9836730957
4178,726051.3277130127
4179,573727.1762924194
4180,1812013.9372406006
4181,1174254.5639953613
4182,1017012.5421218872
4183,1802314.1740722656
4184,1282353.87449646
4185,687496.175704956
4186,-84315.48662567139
4187,1312717.2986373901
4188,1673203.0993270874
4189,800797.8454437256
4190,698752.478591919
4191,768809.0338516235
4192,1420178.9233322144
4193,1601470.6600341797
4194,789630.1812591553
4195,982686.7435836792
4196,1301139.648513794
4197,889602.446395874
4198,1335474.9661941528
4199,270847.1612472534
4200,1546297.3561325073
4201,1358680.7555007935
4202,882973.1574783325
4203,2231884.0062179565
4204,364370.50832366943
4205,1081429.1515274048
4206,852671.2474746704
4207,870467.4925231934
4208,1486785.0295791626
4209,1232385.804901123
4210,989516.2242050171
4211,685132.0023956299
4212,824874.7063674927
4213,1339557.6558990479
4214,450180.8916244507
4215,1072899.5989608765
4216,1280329.2958145142
4217,614082.2962112427
4218,934071.4587402344
4219,1169881.811302185
4220,1220974.4020080566
4221,258015.84352111816
4222,864743.500831604
4223,994221.2381286621
4224,1701509.8370895386
4225,789130.5133056641
4226,958321.9037780762
4227,1341430.7393493652
4228,1117227.6927261353
4229,1319512.702255249
4230,1140482.5355148315
4231,460875.83877563477
4232,665861.0067901611
4233,1619895.2491226196
4234,916046.9817886353
4235,785363.7092132568
4236,1071911.8137817383
4237,1220264.1698532104
4238,196642.47198486328
4239,1688262.7342758179
4240,787771.7860412598
4241,962229.1368865967
4242,852596.2004013062
4243,971848.9819412231
4244,1047714.1894073486
4245,1654307.0005340576
4246,1386642.0422592163
4247,1929218.786201477
4248,354345.30658721924
4249,1801571.3251800537
4250,639756.3467407227
4251,-519019.74030303955
4252,1353850.216796875
4253,762676.9189910889
4254,308801.48136138916
4255,597078.280090332
4256,1082764.3144226074
4257,38295.28369140625
4258,968513.7224960327
4259,1204774.8421707153
4260,928524.774520874
4261,553159.8036575317
4262,152765.13946533203
4263,1828946.3808746338
4264,650266.8810348511
4265,825970.5233688354
4266,1208015.282447815
4267,888323.4617004395
4268,832149.6124191284
4269,1299871.0328979492
4270,1543663.089668274
4271,267702.60622406006
4272,1187631.1158981323
4273,1627054.367012024
4274,937881.3770217896
4275,1326278.4032592773
4276,-75219.78286743164
4277,790561.5860443115
4278,777197.8948287964
4279,925346.6523132324
4280,1019583.358581543
4281,963868.2648696899
4282,1137308.0929718018
4283,2220799.5125427246
4284,1574334.7115478516
4285,811355.7194900513
4286,66380.95652770996
4287,945075.0842895508
4288,899911.3489761353
4289,720050.164604187
4290,1440425.4759521484
4291,1226860.6510238647
4292,828747.3028793335
4293,1387793.1187667847
4294,1462270.7042999268
4295,1606380.4644851685
4296,1408467.8457946777
4297,759191.3941802979
4298,799165.7482147217
4299,2409465.0838012695
4300,1134110.5602798462
4301,768939.9753570557
4302,903144.859588623
4303,1212736.9472732544
4304,921768.3125
4305,884273.9469451904
4306,1051112.4346618652
4307,1425341.2900619507
4308,133189.00693511963
4309,841736.8608627319
4310,1170231.708946228
4311,1618690.103012085
4312,714749.9795455933
4313,1259610.6633911133
4314,54504.467864990234
4315,467624.14849090576
4316,715280.6147155762
4317,817271.1187057495
4318,460344.0107727051
4319,867486.3636016846
4320,1278065.552055359
4321,897739.9107131958
4322,1513200.7181854248
4323,920688.2004394531
4324,1560651.7505187988
4325,493786.04179382324
4326,1280940.6779937744
4327,876360.9878005981
4328,184542.22428894043
4329,764500.7916412354
4330,945023.5788726807
4331,1001260.9135665894
4332,1020116.5069274902
4333,711221.3337783813
4334,1151437.0116500854
4335,876600.2747879028
4336,1172176.5517044067
4337,1261202.455230713
4338,1148208.8783874512
4339,1040943.7590560913
4340,1373175.4196243286
4341,99355.8698348999
4342,1682244.3767852783
4343,1489068.8967666626
4344,954691.6849365234
4345,963852.8715896606
4346,1086962.4828796387
4347,1084239.3011169434
4348,1829289.3316421509
4349,980016.4465637207
4350,720307.5654144287
4351,843429.6212234497
4352,1277292.622932434
4353,795422.6391830444
4354,658833.7344970703
4355,796544.1427307129
4356,522045.1345062256
4357,1427924.2005233765
4358,959372.3006591797
4359,455550.6615753174
4360,1113350.1502227783
4361,952004.4060745239
4362,1566859.8744430542
4363,926368.2017822266
4364,755266.5765991211
4365,743564.5594940186
4366,1448406.919517517
4367,871761.3153076172
4368,1238653.963798523
4369,1162248.340637207
4370,1307626.5682678223
4371,284935.85286712646
4372,1013846.4459075928
4373,682067.0475006104
4374,791082.7033996582
4375,1236692.9928207397
4376,1209385.4555282593
4377,1599203.961364746
4378,1373097.431678772
4379,955905.0027618408
4380,705722.095954895
4381,1137527.7357406616
4382,1126503.64944458
4383,1003746.2868881226
4384,985670.2498168945
4385,1192504.4519958496
4386,105332.89147949219
4387,1051674.0272445679
4388,894625.5048599243
4389,1873290.6265792847
4390,949219.6168746948
4391,1277143.7354660034
4392,1156226.8869476318
4393,884685.5635147095
4394,1448884.7657699585
4395,293026.2492828369
4396,819597.0969085693
4397,1143124.1344146729
4398,764241.039604187
4399,1030686.3898696899
4400,680782.7984771729
4401,1120390.6083068848
4402,932234.6817855835
4403,1090963.0359573364
4404,1396904.4473495483
4405,650014.5419540405
4406,743767.1047973633
4407,1257431.378036499
4408,965663.77003479
4409,1318504.1088943481
4410,804126.966545105
4411,1225197.7517929077
4412,1915128.5152740479
4413,1007801.2156219482
4414,1160611.5893630981
4415,947478.1674880981
4416,2132468.8469085693
4417,1065730.8199691772
4418,852934.9601287842
4419,1125110.9570159912
4420,1432096.370765686
4421,1805829.6928710938
4422,959492.4342346191
4423,109024.51279449463
4424,461701.70433044434
4425,1007804.8190155029
4426,1039176.0114593506
4427,441525.24518585205
4428,1386035.2246170044
4429,960832.5821228027
4430,1040120.2225723267
4431,1041242.9199371338
4432,1061986.8446044922
4433,1739364.6259307861
4434,419683.4018936157
4435,829587.83177948
4436,172210.676071167
4437,1292052.1481018066
4438,1499954.6110076904
4439,1272349.9132537842
4440,973334.6733322144
4441,560984.9933624268
4442,797550.6809310913
4443,1437246.239578247
4444,341745.40002441406
4445,1008456.2876815796
4446,2217992.0783081055
4447,667725.9566574097
4448,1069282.3789901733
4449,999856.4872512817
4450,951844.0714797974
4451,942707.1397781372
4452,534784.3389892578
4453,613915.2909622192
4454,1347368.9049072266
4455,898577.2172698975
4456,1866206.605140686
4457,1801993.6220245361
4458,885406.636680603
4459,1010323.5406112671
4460,876857.0615234375
4461,1818229.571296692
4462,535436.1728057861
4463,800424.6623840332
4464,346290.07458496094
4465,1091608.7611999512
4466,1031448.7401809692
4467,1025160.5208206177
4468,484690.43154907227
4469,1049614.4027175903
4470,785357.9532241821
4471,1418585.0854644775
4472,979585.03074646
4473,647385.3137435913
4474,1556400.5504989624
4475,1110364.7037124634
4476,33620.02845001221
4477,500349.8008880615
4478,1488664.8754119873
4479,1790497.2393188477
4480,1631183.4133987427
4481,791174.8429031372
4482,802255.6780853271
4483,1201451.099494934
4484,998954.4182281494
4485,2194754.3427963257
4486,947264.593963623
4487,1364745.3977279663
4488,683832.1711120605
4489,1450045.9006271362
4490,2445823.710632324
4491,1454256.0943832397
4492,982373.4725494385
4493,896795.70362854
4494,842882.0469207764
4495,913028.8455429077
4496,1015013.8686447144
4497,-256548.24076843262
4498,1093213.6772079468
4499,1471759.6020736694
4500,865708.0376663208
4501,1194318.4793701172
4502,1234477.377281189
4503,1519995.5424957275
4504,759438.6848602295
4505,1496177.599647522
4506,755984.356300354
4507,743404.9702758789
4508,1710651.529258728
4509,697271.8197479248
4510,1307348.2434005737
4511,2066066.9930038452
4512,357049.5079269409
4513,1643060.5192108154
4514,2350948.656074524
4515,949267.9373321533
4516,1002292.73777771
4517,408190.69624328613
4518,2153994.2596969604
4519,1938604.5181884766
4520,1832298.362602234
4521,1152942.0949783325
4522,1366335.5977630615
4523,47288.48484039307
4524,917551.7818756104
4525,900640.6762466431
4526,908021.67578125
4527,1595814.6356430054
4528,1700227.4847183228
4529,1515384.8281860352
4530,1610752.1210021973
4531,2014202.9215621948
4532,1569668.5577926636
4533,934072.2974014282
4534,1069130.384147644
4535,1154468.692062378
4536,935638.5439910889
4537,1613866.9379882812
4538,866208.9671325684
4539,1530562.0967788696
4540,952548.3062362671
4541,1939045.8038864136
4542,830352.1672668457
4543,1049523.066444397
4544,872299.8358154297
4545,807984.0613327026
4546,958571.3206863403
4547,898452.6949615479
4548,1001377.4926452637
4549,1068274.2775878906
4550,1087952.63180542
4551,1341777.4994277954
4552,1023431.4674606323
4553,1405036.7461013794
4554,650699.1508865356
4555,1015658.2983551025
4556,1403221.0490951538
4557,1199594.6742172241
4558,951509.7676239014
4559,1545006.204750061
4560,1288878.7630767822
4561,915450.0227432251
4562,736312.8548431396
4563,1031883.9415817261
4564,1795166.3883514404
4565,1228949.0353927612
4566,1508420.1383209229
4567,1139627.8016586304
4568,753388.3835754395
4569,-52492.13343811035
4570,1175884.4646987915
4571,1836245.8948669434
4572,1444274.1947784424
4573,1495374.6674194336
4574,1785240.5185012817
4575,2232163.8965148926
4576,1637520.4038467407
4577,1040137.958076477
4578,1067639.2742233276
4579,1632040.4785079956
4580,870620.6031112671
4581,419832.16271209717
4582,821192.0311126709
4583,275838.2840805054
4584,157236.50415802002
4585,1649467.7510681152
4586,365960.2124557495
4587,720587.7904510498
4588,998977.778678894
4589,1304418.5953445435
4590,1076669.907775879
4591,267442.77754974365
4592,1000345.0530776978
4593,2200863.8992385864
4594,968357.377494812
4595,22687.729209899902
4596,267690.02348327637
4597,959761.1688919067
4598,971323.7422714233
4599,675752.7817382812
4600,541441.0544128418
4601,790474.6620941162
4602,1408673.1275634766
4603,170088.66165924072
4604,1578275.3059768677
4605,862283.7535171509
4606,1296127.0927963257
4607,1960214.5201263428
4608,1126670.7364883423
4609,663786.9633407593
4610,738724.7662277222
4611,1049439.5830078125
4612,1649893.5388641357
4613,1290154.741973877
4614,959402.4363861084
4615,1001055.0869903564
4616,1805804.6245422363
4617,817599.4684448242
4618,1503217.5373306274
4619,1191859.3258514404
4620,1147655.0358276367
4621,1490222.9430541992
4622,241308.46852111816
4623,2185874.8837509155
4624,1818013.629600525
4625,856098.6175231934
4626,1901709.1920089722
4627,1281237.1192855835
4628,1034090.3671646118
4629,1747623.2429962158
4630,177617.72227478027
4631,78991.19062805176
4632,1217732.0600357056
4633,952064.5846939087
4634,685201.5758666992
4635,902295.3696212769
4636,1788203.4885177612
4637,485008.90937805176
4638,912559.2529678345
4639,376465.12480163574
4640,1298365.7171401978
4641,1096301.8546295166
4642,758044.1879119873
4643,1059279.0046157837
4644,1153937.65335083
4645,1194261.339981079
4646,1818962.8506393433
4647,1588364.218055725
4648,976772.8902893066
4649,1596142.9789886475
4650,1520041.163444519
4651,1139926.3104858398
4652,1196219.619354248
4653,1070664.6110992432
4654,1009826.7306518555
4655,1950244.573562622
4656,183374.2265625
4657,1041980.3673629761
4658,1661102.786102295
4659,748588.6488037109
4660,789596.611328125
4661,778740.7423019409
4662,881894.2008743286
4663,945007.2728118896
4664,758044.6684188843
4665,251369.5872116089
4666,770003.7815322876
4667,780701.4665145874
4668,1662505.3568725586
4669,1185486.5882034302
4670,1551623.3946990967
4671,1207015.9553070068
4672,990627.2539596558
4673,908220.5473403931
4674,231105.267288208
4675,746798.3564682007
4676,393600.13932800293
4677,1714150.4300613403
4678,1184948.5958328247
4679,986887.7867050171
4680,1049539.5799560547
4681,754869.0072860718
4682,1488949.045639038
4683,903634.6649093628
4684,1179243.4063415527
4685,531110.8793411255
4686,1153077.9298706055
4687,1588195.1172332764
4688,441224.4448547363
4689,717139.1176757812
4690,2063453.633644104
4691,1729847.8092956543
4692,1313187.3699951172
4693,1121512.776374817
4694,1240160.5264053345
4695,2025816.2201538086
4696,1509017.180229187
4697,1388022.146331787
4698,837357.5132369995
4699,1235047.2722930908
4700,1047792.3583908081
4701,1216544.5152359009
4702,1323094.5118103027
4703,806644.3483505249
4704,1369890.5967559814
4705,304788.089553833
4706,230349.59593963623
4707,976356.2945785522
4708,1247959.9588851929
4709,1064546.9129180908
4710,764553.0247497559
4711,647195.9565658569
4712,1512576.922531128
4713,759490.3670654297
4714,1097914.202079773
4715,1675884.4312820435
4716,1306967.0546646118
4717,315106.46073150635
4718,1814871.3498077393
4719,455330.9476547241
4720,796499.2947235107
4721,1411498.3342590332
4722,1714161.9145965576
4723,1284204.649673462
4724,899658.1236572266
4725,1046850.7545852661
4726,1176481.3846054077
4727,934204.2306594849
4728,1468124.032234192
4729,1270999.7684326172
4730,1020379.7956695557
4731,1438683.0292739868
4732,401746.1048965454
4733,1828604.5210952759
4734,930511.0161590576
4735,1375904.0507507324
4736,586006.0954284668
4737,903459.9319000244
4738,1488765.0168762207
4739,939329.864730835
4740,572269.0231704712
4741,521400.9133605957
4742,681364.9143371582
4743,1627718.9164581299
4744,1263363.8848190308
4745,1423477.4994659424
4746,757916.9318389893
4747,444455.7175292969
4748,1338394.7510528564
4749,1625897.622215271
4750,1017953.5323562622
4751,1164590.9456634521
4752,1482461.2258300781
4753,906026.878036499
4754,1014780.153427124
4755,1412868.0092391968
4756,676617.0925598145
4757,1044575.6846008301
4758,1560953.0433197021
4759,1532380.677192688
4760,1044938.3901443481
4761,497538.68685150146
4762,1095345.376953125
4763,1782172.0989761353
4764,1404989.3766174316
4765,1460704.8600997925
4766,1182940.570137024
4767,1235847.989944458
4768,320598.4850463867
4769,899485.9553833008
4770,735916.7531280518
4771,975193.8293762207
4772,1484153.1917953491
4773,928786.7806243896
4774,878811.9413146973
4775,1026372.9873046875
4776,1557609.7666015625
4777,1021082.7640228271
4778,1074812.4712371826
4779,1102666.2192993164
4780,540816.903503418
4781,1167654.7219085693
4782,518209.1156158447
4783,799134.4759979248
4784,1196143.2350845337
4785,1466570.2993087769
4786,872864.6306533813
4787,1032002.7036132812
4788,960190.8071594238
4789,888977.2940979004
4790,1177301.8277130127
4791,787775.1061553955
4792,426841.82720184326
4793,834399.8387069702
4794,688207.6566238403
4795,890738.4029312134
4796,1079659.3284759521
4797,1567020.9673690796
4798,1216230.870414734
4799,762793.6147460938
4800,1743883.5277938843
4801,814753.6888275146
4802,2278463.4203720093
4803,501337.7804031372
4804,735372.0560760498
4805,1048187.8879928589
4806,1197517.1599121094
4807,2068295.3489761353
4808,2135654.492111206
4809,901293.5105361938
4810,2073140.0269546509
4811,1294480.7553787231
4812,915869.7685699463
4813,1253528.0407104492
4814,1108375.241722107
4815,969607.7391281128
4816,229868.2896118164
4817,109661.67771911621
4818,889049.9987106323
4819,1477882.6800765991
4820,1222751.9394378662
4821,1975407.649307251
4822,715984.5020370483
4823,1433192.7237472534
4824,58454.42254638672
4825,1197730.6751708984
4826,613468.7151107788
4827,975110.0868301392
4828,1103160.8526229858
4829,1029062.8289031982
4830,672960.8702392578
4831,1758200.7440109253
4832,1158826.7105026245
4833,667201.900428772
4834,1306169.2808074951
4835,398170.82611083984
4836,1465820.1188812256
4837,627824.3223266602
4838,1724837.1325454712
4839,492928.16065979004
4840,1268619.005783081
4841,1833010.2215957642
4842,1303813.1117248535
4843,507186.6645812988
4844,1098164.2619400024
4845,1840419.8394927979
4846,1204404.878250122
4847,1446616.170249939
4848,966862.8112869263
4849,633883.6916046143
4850,1737359.3499984741
4851,1603053.450378418
4852,1071758.5397109985
4853,1235605.5514068604
4854,1038618.6423034668
4855,1126667.779876709
4856,1373888.701675415
4857,363880.67782592773
4858,1413818.9179763794
4859,777879.6906890869
4860,946138.0715408325
4861,505767.54724884033
4862,910458.2436828613
4863,655984.0362930298
4864,568014.2227554321
4865,1603833.0937652588
4866,889501.4400100708
4867,672854.2482681274
4868,1167390.9161224365
4869,-97949.53840637207
4870,1477903.4193344116
4871,406120.47845458984
4872,1641843.8498458862
4873,789670.4340286255
4874,290574.21520233154
4875,768240.8958206177
4876,1106410.2417068481
4877,1139034.6592330933
4878,454934.79092407227
4879,886078.266456604
4880,1813820.9838638306
4881,2041789.1815490723
4882,933226.0090255737
4883,898592.5145568848
4884,1930244.9066925049
4885,1163288.2578430176
4886,1703231.7615280151
4887,1127186.3515396118
4888,1001028.7777404785
4889,967335.5016174316
4890,1307611.1979980469
4891,1471109.8406143188
4892,825190.1086425781
4893,1038276.9105224609
4894,790587.2947845459
4895,974587.7072296143
4896,1613146.8092422485
4897,251883.78395843506
4898,895582.1486587524
4899,328330.6636810303
4900,-19577.48796081543
4901,1010751.7529067993
4902,1340964.6045303345
4903,1907441.7773895264
4904,841716.6595153809
4905,1166977.1141662598
4906,1010608.0410690308
4907,1125199.2992019653
4908,975593.3592224121
4909,1247848.431175232
4910,168423.06773376465
4911,908021.67578125
4912,1007288.3745346069
4913,638919.7320175171
4914,323970.733795166
4915,1237475.8395614624
4916,1281098.33127594
4917,981452.6937103271
4918,1216811.2781829834
4919,877214.5621566772
4920,513085.3913421631
4921,552534.109451294
4922,1131730.8163223267
4923,1166622.8257980347
4924,1008955.1357345581
4925,386911.071723938
4926,1473081.6615905762
4927,2119647.554359436
4928,1184648.8547821045
4929,1966682.0207595825
4930,1184597.919555664
4931,494078.3488082886
4932,1079809.2269058228
4933,901302.7866287231
4934,1095806.988647461
4935,783169.3663711548
4936,1084517.3915481567
4937,1218745.9601364136
4938,887414.9840316772
4939,908253.1414642334
4940,2078441.0513839722
4941,1023535.6229324341
4942,1112160.1440887451
4943,1111187.3884735107
4944,1580854.274406433
4945,1170587.9760513306
4946,986382.2086029053
4947,2158809.8572006226
4948,810361.3486175537
4949,1136468.287727356
4950,1278229.248260498
4951,2184431.1339035034
4952,1111399.1781463623
4953,1140976.7278747559
4954,996936.7961349487
4955,1177443.8271026611
4956,770300.5333480835
4957,674289.3293609619
4958,944571.7323074341
4959,2040159.7758255005
4960,1300986.9842834473
4961,1137824.0198364258
4962,1071299.2784957886
4963,1580798.9392929077
4964,971948.1239776611
4965,1288269.3866119385
4966,905734.8838806152
4967,747805.8629760742
4968,1880880.6645736694
4969,1209968.4655151367
4970,173232.80572509766
4971,1432597.427055359
4972,1127720.000175476
4973,2069475.2179870605
4974,970033.27684021
4975,141252.51944732666
4976,1029572.3972244263
4977,1214313.8859024048
4978,1212086.1336364746
4979,979070.274230957
4980,975827.7615585327
4981,1156455.375289917
4982,1318740.9555130005
4983,1363604.267944336
4984,1693904.700920105
4985,798428.0435791016
4986,1202606.2163772583
4987,1593804.6081314087
4988,1077454.8280792236
4989,906460.542755127
4990,832632.3376693726
4991,1164616.634613037
4992,1436794.7474899292
4993,504047.0280303955
4994,117600.49803161621
4995,568682.2937774658
4996,941207.9183654785
4997,926490.21509552
4998,1608288.3520355225
4999,1194369.721939087
5000,917029.916229248
5001,1250178.6380310059
5002,1593399.278137207
5003,1478868.8382034302
5004,1312107.339630127
5005,1582203.0347213745
5006,999722.075126648
5007,847296.6733551025
5008,1195308.3768615723
5009,938827.4311523438
5010,1390005.0648269653
5011,1754387.686050415
5012,234202.88494873047
5013,910785.8213043213
5014,1553677.2046203613
5015,2251074.2669448853
5016,690612.4958267212
5017,1536481.1741638184
5018,1155738.9610595703
5019,1988019.8450927734
5020,1606495.2056045532
5021,1813128.7712097168
5022,1382815.8354797363
5023,1652173.0704727173
5024,444496.4719467163
5025,1242785.8823165894
5026,1118978.2133712769
5027,154331.59117889404
5028,913562.1675872803
5029,968765.1057739258
5030,931480.5000228882
5031,950719.3683853149
5032,1403654.6456222534
5033,990579.6280517578
5034,1088797.7582702637
5035,185515.0065612793
5036,25887.920616149902
5037,902622.2371368408
5038,1995714.2269134521
5039,1998399.2550048828
5040,962995.3732833862
5041,374708.24981689453
5042,1043271.3529968262
5043,1247725.0657424927
5044,1480913.6965408325
5045,802404.0670089722
5046,2254900.4708709717
5047,839336.9972000122
5048,653508.633644104
5049,628380.8240661621
5050,1200066.3868255615
5051,1392367.1417541504
5052,2036429.3586425781
5053,729235.6729431152
5054,1502004.460975647
5055,906785.1517791748
5056,1313883.2892303467
5057,1269550.900390625
5058,485402.6456375122
5059,1786226.8403549194
5060,898748.3503952026
5061,816921.6471557617
5062,1335854.6857833862
5063,1694939.4244766235
5064,1571727.6261291504
5065,926535.414642334
5066,234213.36192321777
5067,1061239.863647461
5068,506503.82862854004
5069,732491.4816131592
5070,1489344.1525650024
5071,117142.82863616943
5072,679420.7267150879
5073,729115.8867416382
5074,528366.4456634521
5075,342275.40616607666
5076,1044547.3906936646
5077,962761.1005477905
5078,870025.7067718506
5079,754276.2691116333
5080,913417.3253860474
5081,1339262.3702850342
5082,790219.5927276611
5083,1929388.5192565918
5084,578991.4834442139
5085,961045.2250518799
5086,902941.236076355
5087,893003.4321899414
5088,1886852.1906967163
5089,969838.4720993042
5090,335209.0519180298
5091,912350.6696090698
5092,524381.9233398438
5093,439576.71659851074
5094,1021264.3877334595
5095,1690575.0144882202
5096,1695086.840888977
5097,969927.4929885864
5098,801878.0506362915
5099,1363559.1228179932
5100,830975.3323669434
5101,1713188.5514068604
5102,1537394.2506484985
5103,1257975.3998031616
5104,1203813.9508361816
5105,599890.8013534546
5106,707297.1723022461
5107,206363.8362121582
5108,969315.0381011963
5109,913188.0956497192
5110,866406.9544067383
5111,736758.7942733765
5112,912173.5500259399
5113,832955.7279205322
5114,342666.8591003418
5115,1478743.6157608032
5116,973335.1396255493
5117,939788.6068115234
5118,960456.4529800415
5119,1484258.076850891
5120,1721291.6568603516
5121,1262806.6310653687
5122,322166.86865997314
5123,1366731.01512146
5124,887939.0145721436
5125,509960.4734802246
5126,291793.6146392822
5127,795155.3300476074
5128,802128.669708252
5129,1230523.874320984
5130,1051117.0774841309
5131,1316798.766166687
5132,1209228.6075057983
5133,2264940.9312210083
5134,1081696.9335632324
5135,1055762.888381958
5136,1828595.0114517212
5137,988855.827293396
5138,1515040.0253372192
5139,1866348.1382751465
5140,950494.9470291138
5141,1414207.7171478271
5142,2254290.7476882935
5143,1298270.2484970093
5144,1058881.6263427734
5145,793772.5481796265
5146,713166.8939208984
5147,815607.5391235352
5148,1322115.3086776733
5149,1055843.190322876
5150,1616459.8486709595
5151,901567.6679458618
5152,1479514.9403305054
5153,1477375.0435638428
5154,1558732.1067810059
5155,1109303.432800293
5156,1131075.6362838745
5157,1953209.613960266
5158,972305.3722457886
5159,1491314.6155548096
5160,1801474.8788070679
5161,414735.88903808594
5162,1001765.9800338745
5163,1489877.2380218506
5164,351274.9224014282
5165,1726509.190750122
5166,1235779.0781707764
5167,1720507.1079711914
5168,998698.7823104858
5169,1513204.5562515259
5170,1187523.2183074951
5171,828134.2598114014
5172,1001621.4676208496
5173,935479.010925293
5174,1013943.5858306885
5175,944948.7764892578
5176,1200511.6607589722
5177,654269.800704956
5178,823577.389465332
5179,900696.174736023
5180,1069291.8652114868
5181,950700.4185714722
5182,1153860.4536209106
5183,441489.21270751953
5184,1446616.0253372192
5185,781187.891784668
5186,1258986.7508468628
5187,1101018.2106246948
5188,1091297.2516021729
5189,1016546.0873641968
5190,747485.9116134644
5191,994692.6604919434
5192,1604072.1394348145
5193,1579912.69997406
5194,172675.70320892334
5195,264690.1243286133
5196,989070.4771728516
5197,1569380.3074798584
5198,1448488.9618301392
5199,1022581.9918060303
5200,1357889.1489486694
5201,1810143.152168274
5202,1490669.2950134277
5203,2155058.310874939
5204,1100353.7839813232
5205,1271643.6770095825
5206,1384402.2302398682
5207,546620.0389556885
5208,1168550.6617584229
5209,2077277.746246338
5210,999010.4319381714
5211,1399996.0847167969
5212,1430585.1212844849
5213,1111984.2113113403
5214,942899.5569076538
5215,948373.4646835327
5216,1104153.5505905151
5217,1230436.7703704834
5218,1022924.7843933105
5219,718485.2062911987
5220,983644.0385513306
5221,95258.4442062378
5222,1030606.0419616699
5223,1354760.8127975464
5224,1735137.532043457
5225,1712759.29977417
5226,918493.143447876
5227,2129658.027320862
5228,1257519.363128662
5229,1036556.3151855469
5230,1494653.985031128
5231,1443438.5614624023
5232,579698.3202438354
5233,2576629.399543762
5234,1230275.672454834
5235,490918.94972229004
5236,1373570.521949768
5237,417505.61086273193
5238,863858.5552444458
5239,315945.67657470703
5240,803160.3759155273
5241,1217167.5135803223
5242,1071702.0005264282
5243,1081211.9694900513
5244,258220.08850860596
5245,648473.1925964355
5246,1798371.4585037231
5247,1389218.3753967285
5248,1494988.7528762817
5249,99498.78605651855
5250,1655099.050956726
5251,864745.0219268799
5252,1155526.4781570435
5253,1276770.8063812256
5254,1273374.142906189
5255,1623913.7877502441
5256,284123.6266555786
5257,1134951.052772522
5258,1003389.2466278076
5259,1818159.9157180786
5260,1156692.4961471558
5261,1524357.0521011353
5262,1576101.587524414
5263,967738.673248291
5264,1588022.4131317139
5265,896906.2856903076
5266,937539.4790496826
5267,946561.2814025879
5268,1405082.8575515747
5269,912192.1226196289
5270,1417515.9031906128
5271,1492605.204650879
5272,1514200.557609558
5273,1813578.5953979492
5274,1183729.7367095947
5275,1438219.919456482
5276,1022308.8498840332
5277,1457731.8713684082
5278,795673.580947876
5279,716405.1177978516
5280,665498.3365859985
5281,1488311.9060440063
5282,327743.64640808105
5283,791524.1505737305
5284,1089516.6631774902
5285,904401.3390579224
5286,328903.7445755005
5287,1542069.0267181396
5288,878550.3364334106
5289,857073.2475814819
5290,909893.0271987915
5291,949520.3003158569
5292,783195.6479721069
5293,941795.3033370972
5294,-5390.487655639648
5295,1459598.618637085
5296,1190865.3695907593
5297,1253406.5083618164
5298,1288012.8469085693
5299,1684325.2519378662
5300,530922.4519500732
5301,704513.3874435425
5302,379507.9933319092
5303,1239016.4047088623
5304,1617110.2988052368
5305,1451665.1153411865
5306,727272.7905273438
5307,1046335.6316680908
5308,930341.8862380981
5309,1007370.4957580566
5310,1010365.8783035278
5311,1139798.5497055054
5312,1038654.8522796631
5313,1202322.9066619873
5314,931521.4640426636
5315,900352.8515548706
5316,1068470.5576324463
5317,387179.35386657715
5318,441057.88903045654
5319,854809.2998428345
5320,965027.0884857178
5321,632748.3944625854
5322,915244.7030563354
5323,2738708.4737701416
5324,822479.1418762207
5325,1435007.8240585327
5326,466533.2991256714
5327,733648.9434661865
5328,1817639.0926361084
5329,1220973.5651397705
5330,1944991.1021957397
5331,301518.05783843994
5332,583170.5140228271
5333,831559.6362228394
5334,1106402.2178115845
5335,1044786.4843826294
5336,1986174.0837554932
5337,747716.220489502
5338,1461579.8069458008
5339,1334023.1902618408
5340,1454561.076034546
5341,1264211.943359375
5342,2051081.7190628052
5343,1224791.7454605103
5344,1046824.1930923462
5345,1471041.2518920898
5346,622398.8473815918
5347,1130601.4324035645
5348,1607572.267425537
5349,622756.360282898
5350,393657.68170166016
5351,804899.2442398071
5352,1627320.1534500122
5353,683765.2682418823
5354,912055.3638458252
5355,807693.4723358154
5356,986377.4192962646
5357,1266911.5401000977
5358,243285.14213562012
5359,268531.5133743286
5360,1177196.819656372
5361,369877.9005355835
5362,1267271.1220703125
5363,812428.1628036499
5364,58469.319160461426
5365,1752101.100906372
5366,710298.4739532471
5367,597730.249923706
5368,731300.836517334
5369,588119.3359985352
5370,2062030.832824707
5371,1245258.7068252563
5372,777482.1359634399
5373,979806.6590042114
5374,1207757.3108825684
5375,1569779.991279602
5376,805808.1907043457
5377,864182.0658340454
5378,952022.4112701416
5379,1074447.0206451416
5380,1218747.857536316
5381,904668.995262146
5382,740298.3466796875
5383,1004490.306427002
5384,1334989.3188323975
5385,1283479.8684310913
5386,1816259.0914459229
5387,1342215.348991394
5388,1334111.1532440186
5389,578727.583114624
5390,1681585.8422698975
5391,1429943.734512329
5392,753905.9254074097
5393,1145811.7235183716
5394,1005355.7244949341
5395,1629763.6558609009
5396,1194874.704071045
5397,1047328.1176681519
5398,1022125.5567932129
5399,1172787.077659607
5400,996522.1801605225
5401,756988.0376205444
5402,897938.7347946167
5403,1133428.7383422852
5404,859019.5643081665
5405,311073.8275375366
5406,1193199.2042541504
5407,1242620.6511535645
5408,1427103.7882995605
5409,1606941.8833770752
5410,1260439.564628601
5411,1013347.7333755493
5412,878858.2060699463
5413,1976768.7469711304
5414,429918.9645462036
5415,761488.4709625244
5416,864140.6310806274
5417,1095524.8621139526
5418,1477999.8485412598
5419,643107.1793441772
5420,1339615.8955917358
5421,1929099.8725280762
5422,1270067.9955368042
5423,754919.3426132202
5424,1249699.7562103271
5425,795375.9716796875
5426,1729690.8759307861
5427,1411515.4902648926
5428,1586413.8108444214
5429,774613.9198532104
5430,743842.1542282104
5431,1529133.7890014648
5432,1972458.7710113525
5433,733792.2811584473
5434,1286679.536125183
5435,1379626.4839401245
5436,826338.5466384888
5437,1128162.656967163
5438,1477460.1657409668
5439,1332843.562362671
5440,1549207.3924942017
5441,1057103.8870239258
5442,262451.6110610962
5443,591462.8859100342
5444,2011005.7548065186
5445,1772459.167137146
5446,951115.6320266724
5447,652877.1675338745
5448,630008.056427002
5449,833412.6170806885
5450,1598315.440979004
5451,1527664.9521331787
5452,692290.5095825195
5453,682259.2779769897
5454,1184025.5642700195
5455,129160.86260986328
5456,1102455.754081726
5457,920769.0932312012
5458,1045255.4340209961
5459,733457.5803909302
5460,486066.95626831055
5461,900570.760559082
5462,311041.28076934814
5463,694395.905632019
5464,408521.67444610596
5465,1337085.1955718994
5466,974724.6721343994
5467,1357456.0759887695
5468,879685.114616394
5469,333744.1714859009
5470,959796.749130249
5471,1062138.0753631592
5472,1422535.3906478882
5473,1731114.9580459595
5474,1208348.2717895508
5475,933738.2202377319
5476,1276660.1972808838
5477,969308.4194793701
5478,1668369.47215271
5479,1120451.2019119263
5480,952809.5516281128
5481,1728681.0386123657
5482,1066124.3440322876
5483,635215.2954940796
5484,729264.7414855957
5485,1223436.3342208862
5486,976571.4813613892
5487,1056851.0841445923
5488,1145405.1372909546
5489,1388297.4311294556
5490,2353825.893386841
5491,449629.29905700684
5492,-163924.3920288086
5493,970974.486076355
5494,890662.6728286743
5495,1151271.5038909912
5496,755085.2512130737
5497,1496624.468635559
5498,912828.7275543213
5499,1419805.2769851685
5500,1279662.0458602905
5501,1062973.859451294
5502,1137663.6877365112
5503,1329186.696861267
5504,1296917.7685317993
5505,1877388.8711929321
5506,1118235.0125350952
5507,186475.5761795044
5508,1607891.1799468994
5509,2022517.6003799438
5510,1281626.7723388672
5511,1153145.5238113403
5512,1081524.7547454834
5513,1474531.2659606934
5514,1250618.8169403076
5515,1281049.942955017
5516,1264178.3676834106
5517,1179089.2093429565
5518,1156732.8291473389
5519,1215140.8697738647
5520,1631746.657524109
5521,1106213.4527664185
5522,594360.4459075928
5523,895629.6848297119
5524,1051904.5965499878
5525,1100027.034751892
5526,1478660.441833496
5527,1527139.0240097046
5528,1153755.3488388062
5529,306131.2238922119
5530,913459.8195571899
5531,1498782.0085449219
5532,1822947.0118408203
5533,571745.0960617065
5534,510145.70865631104
5535,381731.5880203247
5536,1086563.4455337524
5537,2283826.8080444336
5538,1243648.286605835
5539,748672.9455947876
5540,641683.6328735352
5541,1128133.67552948
5542,743015.9635848999
5543,2092924.0187072754
5544,2029779.9893341064
5545,1069768.074645996
5546,1379144.6922302246
5547,579669.2097091675
5548,265996.9408798218
5549,1278035.9798431396
5550,308859.0943069458
5551,21769.214698791504
5552,1015668.7843475342
5553,1856198.5167770386
5554,1413929.072189331
5555,786409.693397522
5556,398047.82788848877
5557,1079551.4357681274
5558,982992.9100646973
5559,1015819.4776382446
5560,1750145.4106826782
5561,871005.8461227417
5562,1253159.4816360474
5563,380771.1326828003
5564,326234.6726837158
5565,815210.6093521118
5566,952328.2171859741
5567,1911544.932395935
5568,1114598.5814056396
5569,1444404.4596099854
5570,1304148.1380386353
5571,1907661.232536316
5572,355325.64289855957
5573,916948.6060028076
5574,1499173.3780593872
5575,1514273.0243682861
5576,1224870.8234786987
5577,1764243.6791915894
5578,367761.1735458374
5579,1351895.3672409058
5580,964707.5391235352
5581,1937155.3280715942
5582,1435187.5774383545
5583,621989.5025482178
5584,1378939.108139038
5585,1348357.7016448975
5586,1201493.4146499634
5587,1158533.2787857056
5588,1307687.244819641
5589,753598.8140029907
5590,891973.7046203613
5591,1216094.4468765259
5592,1154453.213607788
5593,1013667.1502532959
5594,1142996.8688812256
5595,968737.5847320557
5596,1248360.868774414
5597,1876889.9743118286
5598,494078.53563690186
5599,943555.0876464844
5600,735463.8326339722
5601,80844.72187805176
5602,2357474.8619384766
5603,418379.9434967041
5604,602017.5689468384
5605,1813961.468574524
5606,1197536.4960784912
5607,748057.8301315308
5608,1098877.1904678345
5609,1757592.6901550293
5610,504704.88663482666
5611,1753632.085243225
5612,1831200.1348953247
5613,1277746.9426345825
5614,1120734.5460891724
5615,1708645.8772735596
5616,1607027.2351074219
5617,1158482.2927474976
5618,205153.96490478516
5619,385692.8298034668
5620,1592907.6544189453
5621,1013540.6192092896
5622,182724.04138946533
5623,1252946.2864227295
5624,1039334.6951370239
5625,966242.7689743042
5626,1362379.0040130615
5627,590750.6913070679
5628,1805192.2932662964
5629,2604769.0037612915
5630,360601.17780303955
5631,1491358.7803192139
5632,859015.5617523193
5633,886794.2498092651
5634,658419.6922988892
5635,977721.6069641113
5636,1600205.0130767822
5637,1068076.1393814087
5638,1000451.6968078613
5639,951124.7899093628
5640,920038.4690551758
5641,1136410.3383026123
5642,142745.76319885254
5643,1115595.4547195435
5644,504849.60165405273
5645,173174.2399520874
5646,932671.4262542725
5647,1645749.7869415283
5648,660192.8600234985
5649,2060344.0536117554
5650,794058.8090438843
5651,1512595.0437088013
5652,663716.91355896
5653,1382729.9308166504
5654,508336.40451049805
5655,1059767.9676513672
5656,533100.3453521729
5657,357671.9758453369
5658,1646491.8038406372
5659,771305.6009674072
5660,697577.3840255737
5661,622673.4630889893
5662,1431612.3310089111
5663,974095.116859436
5664,955247.5579681396
5665,406435.57891082764
5666,1098276.5679092407
5667,2305379.5300979614
5668,1456980.8394470215
5669,1820435.2393035889
5670,1833023.4236831665
5671,610525.7109680176
5672,1299162.9464416504
5673,1833351.3109359741
5674,872568.7017364502
5675,715239.5596466064
5676,1198679.7617645264
5677,1954076.8427581787
5678,1301025.071006775
5679,1608386.1075515747
5680,907030.1875457764
5681,1259368.540863037
5682,2152018.3508987427
5683,1679451.4878845215
5684,714115.2877044678
5685,1064948.0942459106
5686,576321.4333496094
5687,901401.8003845215
5688,1483167.1667938232
5689,1344540.213294983
5690,1481691.1884536743
5691,808162.7260437012
5692,2107117.787628174
5693,1526456.2135849
5694,1146024.7644195557
5695,769177.2057876587
5696,448282.647064209
5697,1020905.9531402588
5698,750975.0590515137
5699,843330.4917068481
5700,819744.70362854
5701,835863.3112792969
5702,836292.297203064
5703,808434.4212646484
5704,576296.5330734253
5705,1604373.4607009888
5706,1014651.3719406128
5707,1461141.454093933
5708,1843124.8754577637
5709,1289731.818496704
5710,1048829.8744659424
5711,1106503.9580993652
5712,1344506.2683105469
5713,1386852.772064209
5714,872484.6500015259
5715,1975373.8231811523
5716,1109220.8468475342
5717,604683.3760528564
5718,1939599.2804412842
5719,1276020.6278839111
5720,1375393.4439315796
5721,662557.62940979
5722,1493956.8539657593
5723,973440.2501068115
5724,660025.1515045166
5725,497385.1736526489
5726,946777.8609695435
5727,759556.3397979736
5728,1383925.1135253906
5729,107939.06873321533
5730,1246191.3955230713
5731,1146006.9758987427
5732,785138.5955963135
5733,768887.8081283569
5734,943892.3839874268
5735,1464055.058441162
5736,1049978.0536117554
5737,898617.6182250977
5738,1138634.0180740356
5739,764362.7130889893
5740,1254622.8402404785
5741,921770.8830566406
5742,936821.6564865112
5743,1739136.0064315796
5744,827752.0040283203
5745,1042952.1373748779
5746,2167007.6281814575
5747,893651.0170516968
5748,852952.7370300293
5749,1066870.339012146
5750,1545680.6396255493
5751,842736.0621337891
5752,960421.8424758911
5753,943152.1094589233
5754,1434294.9924621582
5755,890484.3784179688
5756,855849.5172805786
5757,1126060.636505127
5758,949877.5505752563
5759,1046413.4424972534
5760,985950.5052185059
5761,1146585.9709625244
5762,1022227.4235992432
5763,867203.0089797974
5764,1038642.2476806641
5765,861504.5641403198
5766,480170.4898300171
5767,1234410.6871185303
5768,1152845.1813812256
5769,1584517.2317504883
5770,987595.8932571411
5771,1528774.0948181152
5772,1322583.8388519287
5773,1686340.4230041504
5774,1116003.4319763184
5775,2040724.5095367432
5776,1271514.8168258667
5777,1506090.5796203613
5778,182864.68202209473
5779,788254.7826004028
5780,956487.160232544
5781,1091870.337486267
5782,913467.22215271
5783,676644.3289642334
5784,436627.75538635254
5785,996429.8648986816
5786,1036133.4230651855
5787,431308.83364105225
5788,586638.0949020386
5789,1496670.554862976
5790,932452.9445953369
5791,553657.5897598267
5792,666567.6475067139
5793,920999.0267944336
5794,876140.1022644043
5795,965505.8145675659
5796,449233.50269317627
5797,1650418.616897583
5798,1196010.9101791382
5799,1739523.1735610962
5800,404820.36570739746
5801,1091990.7438735962
5802,1404899.4159164429
5803,1212324.256263733
5804,820379.5730667114
5805,869659.5250473022
5806,984489.771697998
5807,1462133.715019226
5808,992859.3210144043
5809,1519522.4897842407
5810,529295.5564880371
5811,1241942.6476211548
5812,1511963.561782837
5813,799393.7378616333
5814,1811314.8731765747
5815,1828551.8501434326
5816,814448.4007873535
5817,873087.768951416
5818,1088934.6485290527
5819,973832.4774627686
5820,1138783.910522461
5821,852982.0430831909
5822,1369971.663986206
5823,1777228.027015686
5824,1073440.9792480469
5825,1068385.41305542
5826,384139.6757736206
5827,831101.1643600464
5828,1893761.7986221313
5829,1940697.5665512085
5830,1632845.7297058105
5831,882703.426399231
5832,1272369.1478042603
5833,1573184.1818771362
5834,927435.4349212646
5835,606516.614326477
5836,146946.62608337402
5837,1443447.6018295288
5838,1106843.2235336304
5839,1888932.6583938599
5840,253013.66675567627
5841,1179045.6729660034
5842,1046619.8826904297
5843,45708.15595245361
5844,978984.671836853
5845,625396.3728408813
5846,1522799.9966583252
5847,1069405.223526001
5848,794827.1009521484
5849,1884766.4840316772
5850,1013992.3068313599
5851,1231245.902168274
5852,1349670.2856369019
5853,839553.5972976685
5854,456958.4556045532
5855,1456796.9108810425
5856,1129843.9482879639
5857,1907196.628791809
5858,951309.3745193481
5859,1083298.834663391
5860,2047411.7240753174
5861,1300668.0107574463
5862,1328368.6748580933
5863,837559.8931350708
5864,780579.6076278687
5865,733424.917098999
5866,725127.1996154785
5867,197468.5345840454
5868,725345.7504730225
5869,919574.1502304077
5870,847499.5406951904
5871,1295512.8607635498
5872,902666.3782196045
5873,1484653.2981872559
5874,1246398.9093322754
5875,1069327.7082214355
5876,937153.5672531128
5877,974340.0116729736
5878,892098.9701538086
5879,225168.710395813
5880,1407705.7434310913
5881,928019.8246383667
5882,1236941.1809158325
5883,2152968.4852523804
5884,1732915.3443069458
5885,1009933.9954986572
5886,1316840.6840438843
5887,2147379.588317871
5888,1095007.685256958
5889,338841.30055236816
5890,2027595.5936584473
5891,1020183.5214309692
5892,2019600.30027771
5893,989536.589881897
5894,784104.0316009521
5895,1033740.9781570435
5896,703627.1560974121
5897,1127518.9248046875
5898,228589.03787994385
5899,662789.1636505127
5900,507803.9334869385
5901,682388.1019363403
5902,1028488.013381958
5903,1274128.7976837158
5904,1345829.8225326538
5905,1783704.4093856812
5906,985957.6744003296
5907,2151950.313446045
5908,1053431.3063812256
5909,2149208.659339905
5910,788569.6137542725
5911,941405.8851089478
5912,180883.66383361816
5913,1828841.8778381348
5914,-69669.76634979248
5915,978497.8654251099
5916,1422356.5445785522
5917,1842946.1557006836
5918,1004340.2234802246
5919,1661278.268371582
5920,405976.29613494873
5921,886013.3750076294
5922,423277.00997924805
5923,1185009.6325302124
5924,859430.9872665405
5925,865253.7644424438
5926,903082.9239883423
5927,1757991.5182037354
5928,436449.43717956543
5929,784402.936340332
5930,1535779.472229004
5931,815358.452255249
5932,985254.3761749268
5933,800165.0408325195
5934,1566492.4575424194
5935,825611.0238265991
5936,922174.1819534302
5937,804549.0735778809
5938,1588942.2957763672
5939,1385543.6189422607
5940,1596559.3840255737
5941,735900.4058837891
5942,1834297.4533538818
5943,954194.4936981201
5944,198076.53736114502
5945,1940063.0430603027
5946,1233069.28881073
5947,1083761.1775360107
5948,1049238.1604766846
5949,1737300.5942764282
5950,1062397.6815872192
5951,1623060.8842773438
5952,897024.1709823608
5953,860918.7077713013
5954,454645.64876556396
5955,1697033.194229126
5956,875247.3877792358
5957,734177.4043960571
5958,1174215.1105041504
5959,796983.4978408813
5960,1141526.6445236206
5961,1892631.6352996826
5962,1174514.7304840088
5963,1198661.2115249634
5964,1934547.8236465454
5965,1481034.1975708008
5966,854279.3115158081
5967,461434.37912750244
5968,1367904.4670791626
5969,834035.8238830566
5970,779901.9579925537
5971,1394946.5721817017
5972,1600245.281539917
5973,1531848.9357070923
5974,896885.0333251953
5975,1478247.8304214478
5976,1468336.5496292114
5977,1602892.7688903809
5978,663738.1962814331
5979,1490487.1308517456
5980,456283.61531066895
5981,1042886.3848876953
5982,1102182.6147460938
5983,1177633.9045028687
5984,1315833.2408294678
5985,549713.7181854248
5986,1133298.228477478
5987,929550.7797393799
5988,1544982.2078552246
5989,2187371.63167572
5990,904279.0274887085
5991,1778306.3788375854
5992,958825.8691635132
5993,1540515.9613494873
5994,791352.650062561
5995,1105329.1667938232
5996,2363560.137741089
5997,1524418.5306549072
5998,294143.0406112671
5999,844141.2420959473
6000,1528714.827217102
6001,980213.5317077637
6002,1354482.3038406372
6003,745463.4253768921
6004,805391.399887085
6005,1627074.8456039429
6006,162701.00792694092
6007,927538.1476516724
6008,788836.2133255005
6009,862877.2467651367
6010,1007791.2462615967
6011,648.8751983642578
6012,733339.8124923706
6013,1081770.3155670166
6014,133939.53063201904
6015,1035375.1792831421
6016,1000315.3593521118
6017,1301670.1372528076
6018,1604614.5729522705
6019,869003.6784133911
6020,1117324.6434173584
6021,652948.3171615601
6022,723069.6047973633
6023,470844.6669769287
6024,903965.5366592407
6025,1439726.6723098755
6026,703696.9919891357
6027,457270.5657272339
6028,648642.6201629639
6029,970015.3836212158
6030,1974053.723373413
6031,1061116.0417099
6032,425099.4093017578
6033,1483182.1908569336
6034,275044.9302062988
6035,121137.46726989746
6036,1915527.2982406616
6037,1920197.5409622192
6038,805983.7252120972
6039,967050.2137374878
6040,876904.4771347046
6041,754953.6766815186
6042,957106.7664718628
6043,1222110.8967208862
6044,201936.5232925415
6045,443762.48861694336
6046,1727019.9308624268
6047,1210206.0586013794
6048,1138719.4903640747
6049,848457.5757675171
6050,890246.2672119141
6051,987043.8270263672
6052,908287.2532196045
6053,929248.6973800659
6054,792245.3292007446
6055,1595798.301750183
6056,820945.2561264038
6057,127157.92602539062
6058,701748.6337814331
6059,1320712.9025650024
6060,1528537.232055664
6061,183258.226272583
6062,1509511.4565811157
6063,743928.3018188477
6064,76976.26544952393
6065,169674.5938720703
6066,1809315.5156784058
6067,1137006.1783828735
6068,182656.35005187988
6069,722105.3778152466
6070,1683262.457496643
6071,1199444.5826721191
6072,1525526.1037826538
6073,888037.6837158203
6074,1358682.177017212
6075,1318450.8525390625
6076,1228208.7277069092
6077,1224106.8756484985
6078,1253221.2592926025
6079,930349.8345718384
6080,1798260.7681808472
6081,583487.901512146
6082,786350.0033569336
6083,739829.1465682983
6084,156980.7420425415
6085,594024.9738464355
6086,944389.6334686279
6087,978567.0525360107
6088,1308128.5536270142
6089,1477648.4603347778
6090,993381.0188980103
6091,1255996.7158584595
6092,2353643.0277557373
6093,175051.21937561035
6094,182714.02099609375
6095,1120254.8477478027
6096,1167341.6453552246
6097,1018351.6642379761
6098,1279051.2237854004
6099,1516780.5368270874
6100,749932.2724761963
6101,405892.4060897827
6102,1424135.3226623535
6103,1116723.9920883179
6104,1693093.2044830322
6105,761809.1144638062
6106,1003382.1084823608
6107,692954.6168136597
6108,974450.0321121216
6109,742432.8005828857
6110,732183.4102706909
6111,1181476.4042663574
6112,1059386.7271957397
6113,2278956.6194763184
6114,2084756.4237365723
6115,905039.9134902954
6116,614185.5836868286
6117,1475055.2310028076
6118,1166041.194442749
6119,1235892.0915145874
6120,1215612.823059082
6121,871487.2601623535
6122,1325120.6844787598
6123,506847.34117889404
6124,1313881.2292938232
6125,889490.6154022217
6126,1010448.0034637451
6127,779936.432144165
6128,1110111.2662200928
6129,968785.2859725952
6130,831476.4533462524
6131,917613.9666519165
6132,1454342.7297286987
6133,546039.8878555298
6134,1649345.4938430786
6135,911605.1751327515
6136,1508306.73336792
6137,1041764.5827102661
6138,1610462.284172058
6139,2432180.490020752
6140,737997.6826553345
6141,1443880.103981018
6142,1033009.7481994629
6143,782214.0276184082
6144,1439082.9606781006
6145,284843.52254486084
6146,292719.9184265137
6147,67338.9351196289
6148,1074193.7964019775
6149,2126407.7339019775
6150,1301405.3716812134
6151,1093844.4219284058
6152,1329452.6109085083
6153,452541.04919433594
6154,917242.477645874
6155,1178777.3222351074
6156,1496449.0095825195
6157,842874.969581604
6158,1539947.2424468994
6159,892727.5866241455
6160,360950.9116592407
6161,830892.2524490356
6162,990900.2664642334
6163,1770156.176689148
6164,1270595.041809082
6165,1005735.0043869019
6166,119616.7459564209
6167,795692.3570022583
6168,1411075.809539795
6169,925581.9085464478
6170,542000.635810852
6171,1742335.5976028442
6172,1579688.3387680054
6173,1926498.1962280273
6174,1899486.3334274292
6175,1964114.7341766357
6176,1264767.457183838
6177,993742.5296478271
6178,1160086.702835083
6179,1011460.4558105469
6180,1179291.924232483
6181,901686.8077850342
6182,1005241.9841918945
6183,1106797.743713379
6184,1251809.0015029907
6185,868588.9527053833
6186,921190.7250671387
6187,484522.3993759155
6188,877817.5306472778
6189,764812.9734649658
6190,667667.890007019
6191,798263.7312927246
6192,854831.1544494629
6193,1052054.3555755615
6194,313999.84353637695
6195,1386311.3982009888
6196,1279281.85181427
6197,1005145.9545288086
6198,879804.7943954468
6199,1131125.2394332886
6200,957642.6359481812
6201,1130873.5526504517
6202,1316116.8663253784
6203,885264.2617645264
6204,1219207.0698699951
6205,1043882.262588501
6206,911463.338432312
6207,393388.4439239502
6208,2370654.98248291
6209,898280.1967849731
6210,999060.5839385986
6211,956111.5696487427
6212,1102163.5805587769
6213,991992.1071853638
6214,1263809.0553359985
6215,721694.5338439941
6216,1180587.8407363892
6217,1589865.8744812012
6218,918495.268081665
6219,1736324.2908706665
6220,1154169.8779907227
6221,1199176.6691207886
6222,587811.876045227
6223,803415.8316421509
6224,999082.0917358398
6225,834182.5597610474
6226,887531.331199646
6227,1753080.73853302
6228,828626.6934051514
6229,677268.4730758667
6230,2029881.0149383545
6231,431940.65074920654
6232,827233.7016906738
6233,687644.9245147705
6234,1615889.7106170654
6235,906053.985534668
6236,975964.7485961914
6237,859391.9730911255
6238,1600742.0563812256
6239,593182.2598800659
6240,1200666.3407745361
6241,880272.1724243164
6242,681118.4254302979
6243,1463340.5372161865
6244,974279.695892334
6245,1459655.722518921
6246,1335974.2527236938
6247,633078.7010040283
6248,785213.1412506104
6249,1403546.2292633057
6250,1480319.992652893
6251,1086392.2080535889
6252,371962.00343322754
6253,929105.9253005981
6254,1112139.250869751
6255,1606324.0454559326
6256,804372.4546737671
6257,272151.6906967163
6258,450252.1385650635
6259,1266388.8576202393
6260,807120.6975021362
6261,978423.3803939819
6262,768898.6138534546
6263,1037431.0645980835
6264,1189693.064315796
6265,2386486.4922943115
6266,713033.6847915649
6267,1546055.4016113281
6268,625014.31980896
6269,714255.0331802368
6270,1538285.154724121
6271,877512.5576782227
6272,1366121.6422271729
6273,1455076.4369277954
6274,796873.9000167847
6275,1101841.9091567993
6276,1434643.1459960938
6277,267990.50869750977
6278,1314028.3041915894
6279,591091.0944213867
6280,1131455.5351715088
6281,823750.9472198486
6282,449334.5991821289
6283,281911.431640625
6284,1004056.3606033325
6285,585786.7475280762
6286,2124669.019180298
6287,788173.4664230347
6288,1013288.0985412598
6289,1698354.5361862183
6290,952766.0698776245
6291,442090.3989868164
6292,2044441.609085083
6293,947852.1569137573
6294,803869.4864196777
6295,1083242.428894043
6296,1786234.5804214478
6297,1504085.0956420898
6298,2027931.0254974365
6299,1531790.8093032837
6300,1466928.1294403076
6301,940727.1050796509
6302,-29978.272491455078
6303,995601.2330627441
6304,814561.8028335571
6305,683419.4632949829
6306,1399771.594947815
6307,1486255.4901885986
6308,707053.4536819458
6309,1565078.4300003052
6310,1869486.7819519043
6311,1140034.2880325317
6312,839902.8352508545
6313,1839005.3157730103
6314,1425173.4343719482
6315,1258528.5572128296
6316,1296553.1880340576
6317,317662.66886901855
6318,1905559.6796417236
6319,908911.6885223389
6320,1726629.4028778076
6321,20355.117973327637
6322,1091758.3599777222
6323,1678425.4783859253
6324,993995.0227355957
6325,451905.5386657715
6326,2237896.2441101074
6327,229723.9440460205
6328,870225.5522079468
6329,731641.3883056641
6330,1114541.348022461
6331,1170813.6880874634
6332,1954122.0796966553
6333,833757.1879119873
6334,869349.1224746704
6335,828147.1378479004
6336,1294743.7284317017
6337,752505.3931732178
6338,797690.1458358765
6339,1097098.7600479126
6340,1069463.6412963867
6341,676223.5231552124
6342,2029083.7633590698
6343,1023233.9537811279
6344,1812878.4124984741
6345,862729.8828430176
6346,1263928.0036773682
6347,653151.9584121704
6348,330659.748588562
6349,403709.61853790283
6350,2391465.599624634
6351,728349.3915100098
6352,2124073.9402542114
6353,1613822.8325424194
6354,712544.3621368408
6355,1459108.7443389893
6356,1138756.0365066528
6357,2029018.6999435425
6358,910806.8095550537
6359,369348.63136291504
6360,1080866.0954284668
6361,241151.88637542725
6362,957744.609413147
6363,1045132.0020523071
6364,165415.92207336426
6365,745743.1645965576
6366,1079067.9118881226
6367,1039890.8458786011
6368,423356.2292022705
6369,1144624.4698181152
6370,1575176.8555526733
6371,649640.9615020752
6372,64727.40554046631
6373,1264734.6900024414
6374,738710.4687042236
6375,1224152.4367980957
6376,726108.8906784058
6377,352406.05055999756
6378,815702.7932434082
6379,884694.2222137451
6380,1171709.4120864868
6381,1211198.9667892456
6382,645000.1796264648
6383,634629.6852416992
6384,998818.4944076538
6385,1940290.2481079102
6386,1696812.0026626587
6387,1098311.3530044556
6388,1157922.7503204346
6389,1058496.9058914185
6390,465484.6606750488
6391,1140642.846206665
6392,909576.3763427734
6393,1094258.1157226562
6394,1193212.3820877075
6395,1303275.6021575928
6396,754523.0452270508
6397,781464.9894332886
6398,1154789.1990890503
6399,1415563.9048233032
6400,383537.4670791626
6401,1013097.4462432861
6402,1512980.9904403687
6403,929054.9856109619
6404,1417894.757987976
6405,643381.3646469116
6406,1443360.570159912
6407,327378.6895523071
6408,1468473.6167297363
6409,1450270.2954559326
6410,206046.00811767578
6411,1584294.3901367188
6412,1064740.4041366577
6413,678273.0799026489
6414,795969.5140304565
6415,988510.5039749146
6416,914124.1929321289
6417,950982.2432098389
6418,997074.8777770996
6419,1492555.8146133423
6420,1272146.8358383179
6421,2163076.2064437866
6422,1021661.937286377
6423,890847.6393585205
6424,1196862.867149353
6425,885246.3721847534
6426,446385.54026031494
6427,1911486.371635437
6428,1259259.4557113647
6429,803143.4597015381
6430,735849.1689224243
6431,467828.0732803345
6432,1690215.3085479736
6433,2075740.1864318848
6434,865588.6216964722
6435,296513.7260131836
6436,1048232.662399292
6437,232202.57067871094
6438,915001.0722579956
6439,778009.4979171753
6440,1352690.4973526
6441,1492604.564338684
6442,699477.1027374268
6443,1008125.1712265015
6444,720077.27709198
6445,1541716.8411331177
6446,1659092.3940124512
6447,359714.3418273926
6448,1174838.2124099731
6449,951790.6258392334
6450,859131.0967636108
6451,1113051.5505218506
6452,241843.5071105957
6453,1035050.1636276245
6454,210542.4953918457
6455,1097218.9437561035
6456,60863.19306945801
6457,1137498.0253829956
6458,1807884.9871292114
6459,932133.1726150513
6460,1367903.7737426758
6461,368337.505317688
6462,730980.689376831
6463,401499.0700454712
6464,1157431.4867782593
6465,1296884.6041259766
6466,783851.603012085
6467,602398.815826416
6468,734098.327255249
6469,1372387.9713363647
6470,425893.48348236084
6471,1466603.0840911865
6472,1081054.5027999878
6473,653073.0678482056
6474,438524.55835723877
6475,996974.0769348145
6476,872051.6879730225
6477,1163720.4066314697
6478,1494660.2069473267
6479,219123.2784729004
6480,876748.191619873
6481,800068.7689743042
6482,175006.53702545166
6483,1136621.7869796753
6484,1434143.467475891
6485,1069652.5079956055
6486,1148070.599357605
6487,1225558.639213562
6488,193996.27239990234
6489,1454802.453590393
6490,1245429.0257797241
6491,1543019.8555297852
6492,917971.5543746948
6493,1202742.3548049927
6494,1619846.6713256836
6495,329196.6536026001
6496,666035.0116195679
6497,241127.5746459961
6498,1499374.526046753
6499,838641.1374588013
6500,740347.0593719482
6501,1715087.7824554443
6502,919181.2836990356
6503,1408374.521331787
6504,969842.1594085693
6505,1125799.609840393
6506,1282704.003692627
6507,1220212.1985168457
6508,1625751.5281295776
6509,920758.131149292
6510,581116.1200866699
6511,617897.6759719849
6512,2140504.3793411255
6513,1284572.0143203735
6514,1604847.0980987549
6515,854746.2821960449
6516,1797942.6131210327
6517,947783.6509170532
6518,786248.621963501
6519,1663894.6025924683
6520,315152.80199432373
6521,1569953.6307373047
6522,1034661.4847412109
6523,1840204.2630386353
6524,894942.3614654541
6525,814367.5681686401
6526,1296188.566696167
6527,1265137.9753723145
6528,1582259.2441482544
6529,1774995.8244476318
6530,845355.0002593994
6531,707829.4368896484
6532,252061.43406677246
6533,1366059.752494812
6534,952256.3203353882
6535,1007576.1431503296
6536,1334816.5449829102
6537,1458512.2076034546
6538,782550.9709320068
6539,766634.5476150513
6540,-16872.735313415527
6541,704854.4901199341
6542,740590.9430999756
6543,344370.1936264038
6544,758757.8531188965
6545,1547364.9435806274
6546,1008674.1116104126
6547,508441.84759521484
6548,863856.6699752808
6549,435177.74028778076
6550,594934.368927002
6551,1051037.0027542114
6552,1533155.6534423828
6553,837258.962059021
6554,885579.7180862427
6555,1266414.970451355
6556,1384579.3520507812
6557,2231539.5918655396
6558,938978.3684616089
6559,326915.4411315918
6560,1243465.4667129517
6561,950738.4440383911
6562,237026.42850494385
6563,1029361.4782791138
6564,820918.5358886719
6565,1959639.1854248047
6566,574195.5515823364
6567,875976.214881897
6568,504534.837852478
6569,808007.3871917725
6570,1342379.982269287
6571,1486909.7444763184
6572,771119.7962799072
6573,1008402.0071640015
6574,688673.318107605
6575,978468.1314620972
6576,1268203.014579773
6577,1440792.533126831
6578,1564340.4471054077
6579,1710048.7309570312
6580,947631.0699157715
6581,981291.2186050415
6582,1357736.8761062622
6583,1506710.428741455
6584,1615272.8584213257
6585,329660.9885787964
6586,797684.3616256714
6587,1155192.5136108398
6588,235633.47660064697
6589,470708.67098999023
6590,966804.6079864502
6591,133904.57221984863
6592,1766662.9890594482
6593,1460026.80594635
6594,1874492.0348739624
6595,948273.0826797485
6596,937234.4854888916
6597,1293033.054222107
6598,1123379.274345398
6599,966684.7536010742
6600,904114.3922042847
6601,1803681.2287139893
6602,838385.9969940186
6603,2350255.318786621
6604,573761.3701019287
6605,902450.4873962402
6606,1296779.6322250366
6607,1083285.2235488892
6608,1381021.732826233
6609,1485705.7546310425
6610,247347.65950012207
6611,939539.3397140503
6612,2259255.3243408203
6613,877146.1713027954
6614,1716020.4222717285
6615,1553215.062904358
6616,715038.4336166382
6617,855622.5908432007
6618,1473791.575088501
6619,665879.1435928345
6620,598148.5347671509
6621,1013758.5498275757
6622,1038468.464881897
6623,1280559.9518737793
6624,785714.6156768799
6625,1376374.3314285278
6626,1042800.9965133667
6627,1790461.424079895
6628,728113.1191101074
6629,2349762.9020233154
6630,444405.92541503906
6631,2160504.8439559937
6632,1060041.5889663696
6633,1861293.227470398
6634,434760.06993865967
6635,1221989.2796020508
6636,2079679.1715621948
6637,1219294.6711349487
6638,1477302.3440704346
6639,971704.850944519
6640,1818509.4575119019
6641,1071239.2527008057
6642,306772.36573791504
6643,1034912.7645111084
6644,1296091.08278656
6645,877628.7795181274
6646,970779.5185699463
6647,628913.4158554077
6648,907288.186378479
6649,955463.6798553467
6650,1475841.838256836
6651,1079718.537399292
6652,203881.7940750122
6653,1179641.4425888062
6654,1814616.5316314697
6655,953461.3572387695
6656,1484751.6441497803
6657,389106.6240539551
6658,1195370.2263641357
6659,1018057.1509170532
6660,1192720.2740631104
6661,582794.3235855103
6662,675020.3459472656
6663,202879.31774139404
6664,896552.2569122314
6665,968068.0354309082
6666,1010192.431427002
6667,1259646.3433532715
6668,1122883.262374878
6669,1589355.2469863892
6670,2026590.6851119995
6671,977288.0880661011
6672,879797.4118423462
6673,1219884.5037155151
6674,421260.80879211426
6675,1144174.871383667
6676,892230.6895980835
6677,1597883.6944503784
6678,939445.2321014404
6679,1072878.651550293
6680,-7176.805000305176
6681,956072.7600097656
6682,2134526.843612671
6683,1502996.9523468018
6684,1490454.8582458496
6685,201013.6121826172
6686,1733695.0564041138
6687,1196808.529144287
6688,975118.759223938
6689,1153982.8795394897
6690,1297471.3803100586
6691,954483.7943572998
6692,1476586.9291915894
6693,752650.2961730957
6694,1180056.8984222412
6695,1064382.1814117432
6696,1748883.3432922363
6697,900896.7940750122
6698,1440290.07421875
6699,1000540.9835510254
6700,693428.1647262573
6701,1489772.6471099854
6702,274341.861907959
6703,752544.8251647949
6704,1594608.5968093872
6705,1584356.724746704
6706,376864.47607421875
6707,790508.210899353
6708,1271134.9621124268
6709,1610646.3671188354
6710,1471578.2179641724
6711,689084.2503128052
6712,1788863.025138855
6713,1327891.5498199463
6714,1500894.9851837158
6715,1100657.092628479
6716,1431574.757019043
6717,987158.3375167847
6718,1382390.2218933105
6719,1545269.405593872
6720,627177.1465301514
6721,1168300.6795959473
6722,1441926.178237915
6723,210240.79405212402
6724,954934.7334747314
6725,284107.69679260254
6726,237241.99855041504
6727,1013292.311706543
6728,1281366.8480682373
6729,1130248.2971420288
6730,1034012.8649749756
6731,1805432.35887146
6732,993831.7142105103
6733,1144798.0024032593
6734,601753.7719497681
6735,2193754.888015747
6736,890776.854385376
6737,775972.731300354
6738,1285372.9916763306
6739,830835.1101989746
6740,1490453.6112823486
6741,674038.2747802734
6742,1553494.8257293701
6743,880931.705116272
6744,902327.674949646
6745,1465202.083404541
6746,453428.262550354
6747,1355044.6963043213
6748,562751.8904876709
6749,948336.0395355225
6750,596739.2966537476
6751,1109286.5519256592
6752,655431.0792617798
6753,957653.3502883911
6754,-17035.87689971924
6755,1499785.3965072632
6756,1615959.6976852417
6757,1625432.8369522095
6758,1326642.4661254883
6759,1588108.471206665
6760,611063.4391326904
6761,1116404.3684158325
6762,1030566.024772644
6763,1233936.8867874146
6764,1141366.9005584717
6765,608130.5214691162
6766,880133.9123306274
6767,2244428.184135437
6768,1502938.244293213
6769,1338449.879043579
6770,677757.0973587036
6771,1618586.5419006348
6772,463468.2054748535
6773,760923.1100997925
6774,1603656.0653381348
6775,1130785.5708847046
6776,573811.0449066162
6777,1480370.84664917
6778,1556943.9035568237
6779,909456.7503814697
6780,828297.3538665771
6781,288362.15076446533
6782,918026.123954773
6783,1307330.8609542847
6784,955731.2030944824
6785,378465.1514968872
6786,1044205.9572982788
6787,616384.0001678467
6788,779877.6116943359
6789,950835.3588256836
6790,884509.6123809814
6791,781996.2624893188
6792,346976.5503311157
6793,1143053.4358596802
6794,2029985.57106781
6795,1046788.8976516724
6796,1477903.9374313354
6797,1067882.5473098755
6798,985139.7858047485
6799,1062739.7206115723
6800,996672.7197875977
6801,825816.9009170532
6802,638764.2409210205
6803,940435.7596817017
6804,1691054.123222351
6805,1515389.8695983887
6806,350455.267288208
6807,1341635.451210022
6808,957285.9969482422
6809,1300349.1484680176
6810,483762.6654663086
6811,805945.2733001709
6812,1432449.486465454
6813,1216868.3122711182
6814,1468283.6683273315
6815,680864.7321166992
6816,2032640.9581680298
6817,123462.67461395264
6818,913210.0573348999
6819,816890.0619277954
6820,1068806.7142410278
6821,1725882.6348495483
6822,1273851.331237793
6823,1046755.6323699951
6824,1573578.5247650146
6825,1057740.1738586426
6826,1004639.7031936646
6827,695273.0875320435
6828,377305.2367477417
6829,1790833.5738296509
6830,31112.876762390137
6831,1330236.1127471924
6832,986858.597869873
6833,38435.304428100586
6834,1829556.1855926514
6835,551187.3703613281
6836,1623684.399269104
6837,1593296.998588562
6838,518029.48919677734
6839,869996.9213867188
6840,968536.856628418
6841,713399.2144393921
6842,327425.58323669434
6843,700233.1109848022
6844,1311866.0327453613
6845,682862.9365615845
6846,1075314.6895751953
6847,1013489.8420944214
6848,506269.9446334839
6849,986172.6940155029
6850,1327660.9312973022
6851,1069521.2137832642
6852,1224553.6759490967
6853,970804.9003067017
6854,920483.2146759033
6855,1004994.9617843628
6856,464110.5465698242
6857,1498195.7460632324
6858,1744769.7712478638
6859,882827.3820571899
6860,898840.1426773071
6861,415355.6891708374
6862,757424.6356124878
6863,505323.7229232788
6864,771442.3136062622
6865,904855.6049346924
6866,1186515.5399932861
6867,926907.2258300781
6868,1284784.3249053955
6869,481328.18270874023
6870,930537.7026901245
6871,1277013.562713623
6872,999677.6545333862
6873,1053685.6227874756
6874,1146475.3425369263
6875,742465.9199829102
6876,669174.0777511597
6877,810260.4319610596
6878,1157216.6614685059
6879,1052243.867149353
6880,950179.4135665894
6881,1344986.3819503784
6882,2199302.622932434
6883,982716.9923782349
6884,1143995.4010772705
6885,1284445.2162857056
6886,1407800.3359909058
6887,1607605.5524368286
6888,934146.09034729
6889,1577239.8811416626
6890,1013613.0061340332
6891,1098152.634880066
6892,192768.48244476318
6893,991000.8159713745
6894,863588.0184707642
6895,764036.0880508423
6896,446917.42041778564
6897,1960663.0652770996
6898,1016961.8315887451
6899,1250778.4594573975
6900,322626.8120880127
6901,1596278.0913619995
6902,968499.9654388428
6903,1157576.3821792603
6904,352659.43853759766
6905,830691.7292098999
6906,1681565.6621398926
6907,1237174.6307144165
6908,1584995.9414672852
6909,754904.0579071045
6910,1027884.9773025513
6911,1697967.535621643
6912,1176697.40549469
6913,94957.16463470459
6914,1185025.2327270508
6915,1816745.9085006714
6916,1604813.5393676758
6917,2026898.3100891113
6918,195883.9062347412
6919,1861068.460899353
6920,926034.5191879272
6921,1811138.3352508545
6922,717531.4772644043
6923,1269879.8205795288
6924,972402.7111434937
6925,1407058.5259017944
6926,1582212.6895751953
6927,1986099.780342102
6928,1498682.5519485474
6929,438501.7223739624
6930,975616.4912033081
6931,653656.9752655029
6932,604506.6766662598
6933,1498773.7462921143
6934,1589585.8080215454
6935,800151.1276550293
6936,386684.56688690186
6937,56982.92752838135
6938,1787952.9144134521
6939,141771.43298339844
6940,1533492.607925415
6941,250892.4510345459
6942,889039.0606842041
6943,265323.73750305176
6944,935845.6764450073
6945,1067010.9748687744
6946,921791.1731338501
6947,884177.1001586914
6948,1189135.2271957397
6949,1003874.8962860107
6950,687011.4688339233
6951,414929.3670349121
6952,280767.7244338989
6953,1575686.7206039429
6954,865626.3712081909
6955,1123461.6549987793
6956,1000807.1745223999
6957,1033550.4300537109
6958,990386.4384460449
6959,778552.122756958
6960,1359504.966873169
6961,1113692.207397461
6962,1138473.8072738647
6963,1262744.8457336426
6964,1098882.725593567
6965,1323499.033027649
6966,1059614.1415786743
6967,1461701.8520431519
6968,1506944.1557388306
6969,548916.7401657104
6970,895009.3820037842
6971,1518134.1631698608
6972,1484499.4788513184
6973,690790.4417419434
6974,-125209.53121185303
6975,1394759.270904541
6976,808887.3015823364
6977,2028420.340309143
6978,1167138.1039733887
6979,980709.2150878906
6980,462505.98818969727
6981,686809.102432251
6982,508239.6403656006
6983,1876219.4697723389
6984,1363646.0528030396
6985,459862.2341995239
6986,910714.903503418
6987,1996568.287284851
6988,1351088.895500183
6989,1309904.318107605
6990,1565416.2694473267
6991,991637.196144104
6992,1225477.380859375
6993,872856.6477813721
6994,771367.1534576416
6995,172621.29488372803
6996,1311926.0634918213
6997,1252357.5411376953
6998,666834.3320617676
6999,910357.6711044312
7000,296182.3900756836
7001,1111492.9213256836
7002,1378557.1013565063
7003,1583919.1387329102
7004,861316.6977767944
7005,795459.9160385132
7006,1442852.6625976562
7007,1805588.6516036987
7008,1491352.260734558
7009,1162356.4019317627
7010,1087769.6931152344
7011,373399.33235931396
7012,1101676.5415115356
7013,1706305.5230865479
7014,909713.8905639648
7015,1678837.5672073364
7016,1568826.8512420654
7017,1808659.445098877
7018,1222173.7280731201
7019,1028027.7220001221
7020,964496.3511276245
7021,901102.1943969727
7022,827744.2996673584
7023,866688.3994064331
7024,317577.77947998047
7025,684379.4987335205
7026,805900.0485076904
7027,1509979.613067627
7028,367192.4810409546
7029,815716.7894210815
7030,904042.62890625
7031,1006512.8412628174
7032,1528079.048400879
7033,1052862.5710525513
7034,810687.3636703491
7035,752424.1898269653
7036,1268827.505317688
7037,829360.0389099121
7038,1180849.976776123
7039,1087539.0205917358
7040,777190.8400802612
7041,761831.8885040283
7042,790948.4680252075
7043,643931.5451049805
7044,1213201.3386917114
7045,947531.2967300415
7046,833667.079170227
7047,666970.4615097046
7048,953352.1808853149
7049,1002695.5405807495
7050,413985.11431121826
7051,737571.9625930786
7052,1042629.8727645874
7053,886125.768196106
7054,1945163.8023986816
7055,781321.3560409546
7056,960984.2814407349
7057,890836.6410293579
7058,1464306.4491958618
7059,2080063.7782058716
7060,1789679.678718567
7061,1662364.5482177734
7062,774066.5909194946
7063,1552092.698677063
7064,901649.1018829346
7065,898735.7565612793
7066,769323.4155731201
7067,1263788.907524109
7068,1196522.7660751343
7069,1115354.4591827393
7070,1197953.93775177
7071,1377288.5405731201
7072,917502.2160263062
7073,715758.6629257202
7074,1378079.8742370605
7075,912223.7133483887
7076,1478446.0179672241
7077,290484.5174255371
7078,645261.915145874
7079,1093289.1096420288
7080,1568839.0408477783
7081,2243077.073577881
7082,2059157.2641067505
7083,958776.1593170166
7084,481770.0983352661
7085,470857.6870651245
7086,906971.1977310181
7087,541615.1237640381
7088,1203943.2266311646
7089,1062111.7151870728
7090,1290795.6386642456
7091,1654656.82522583
7092,877831.9016036987
7093,1084026.0227737427
7094,661632.2265930176
7095,1076982.2325210571
7096,2238702.21244812
7097,1443744.0622634888
7098,765028.012046814
7099,1178101.7399902344
7100,34013.583984375
7101,1570856.65650177
7102,907911.1816177368
7103,839858.5397567749
7104,549212.1691970825
7105,835259.901260376
7106,1409689.2634735107
7107,890154.6924667358
7108,1098711.7850341797
7109,930924.8313827515
7110,749749.5347290039
7111,1923160.3834457397
7112,1500986.6110916138
7113,962487.3663253784
7114,1141057.495689392
7115,998305.990852356
7116,526522.2208404541
7117,1038359.170753479
7118,895075.4054794312
7119,1681200.8276824951
7120,1008728.0556259155
7121,277312.72915649414
7122,1037494.9630203247
7123,992443.3440170288
7124,1933418.6880187988
7125,737675.1216964722
7126,1481923.7323379517
7127,1023374.0712051392
7128,1824212.2855453491
7129,837106.2300720215
7130,882534.672920227
7131,1303028.5144042969
7132,1168046.0113067627
7133,783195.4516983032
7134,207744.75257110596
7135,1295142.4055786133
7136,2079448.7519226074
7137,1050624.971572876
7138,753392.5314407349
7139,805589.8617095947
7140,727754.7770309448
7141,449934.97551727295
7142,1028130.4379196167
7143,768911.8149337769
7144,1093936.222366333
7145,821707.941116333
7146,1473133.8177261353
7147,1216089.8378067017
7148,432594.9493331909
7149,1485567.702003479
7150,1147671.4050292969
7151,1335504.4701004028
7152,734023.3190994263
7153,913297.6715545654
7154,682875.3842163086
7155,1888706.3532943726
7156,1083127.2896575928
7157,918878.9049911499
7158,1350882.3580245972
7159,1966144.6563339233
7160,1230544.37625885
7161,389644.72776794434
7162,699515.8748855591
7163,762914.2199859619
7164,2058832.743774414
7165,2046991.4902648926
7166,341191.65690612793
7167,1475438.7044296265
7168,1626164.5260543823
7169,93178.22776031494
7170,931052.3691482544
7171,1409848.8282699585
7172,1014643.5276031494
7173,1522422.7181015015
7174,1879377.2662658691
7175,783082.3326644897
7176,1587441.1495361328
7177,1040260.4782028198
7178,1105765.4563064575
7179,666092.4234085083
7180,1424996.3530197144
7181,888347.8226852417
7182,1588682.4083251953
7183,822479.1418762207
7184,848628.5069503784
7185,997545.8496551514
7186,1069534.887046814
7187,882737.5098648071
7188,894599.1593322754
7189,795434.714012146
7190,429466.64864349365
7191,577579.3386688232
7192,1222341.3828811646
7193,1929914.528175354
7194,1031598.3588104248
7195,948123.5500411987
7196,1390475.2235946655
7197,1060375.0110473633
7198,1269313.5783462524
7199,840765.6186447144
7200,964794.9363250732
7201,1457872.2424926758
7202,909420.3872528076
7203,1487634.7185592651
7204,905146.058670044
7205,1833396.181465149
7206,382131.69554138184
7207,1193571.1125030518
7208,1217718.0447235107
7209,441151.0800704956
7210,903907.0327072144
7211,1124749.1245040894
7212,1445841.0636291504
7213,294330.4072570801
7214,524383.0479736328
7215,1255668.1899795532
7216,1016232.1544494629
7217,1274109.5422821045
7218,992331.7984237671
7219,1574078.58694458
7220,855951.1455001831
7221,1284388.2500991821
7222,821579.3617553711
7223,964442.6404495239
7224,1581254.2411117554
7225,186367.7034225464
7226,1467359.0188446045
7227,940747.1678543091
7228,865164.7184524536
7229,1928477.3409194946
7230,1360020.5708007812
7231,659265.7568893433
7232,237921.92920684814
7233,2229645.365081787
7234,977091.8780670166
7235,245554.93761444092
7236,923658.0372314453
7237,689534.8359375
7238,773878.7219772339
7239,1110464.7014465332
7240,999011.646812439
7241,879506.5425033569
7242,226716.96482086182
7243,1125387.5378494263
7244,1149620.136001587
7245,857940.9032592773
7246,552048.8454666138
7247,840076.5117340088
7248,1480193.353363037
7249,1991132.087890625
7250,930778.6347427368
7251,1511512.6115493774
7252,1610855.1977157593
7253,1573152.5882339478
7254,1881878.6937484741
7255,718159.0884933472
7256,1572758.1758346558
7257,887499.3269271851
7258,1014465.2749099731
7259,794516.9194641113
7260,1234755.835243225
7261,1138351.120880127
7262,935557.1813201904
7263,1012127.4690628052
7264,1161788.2683868408
7265,916429.6481170654
7266,1571684.1206207275
7267,1649412.2294311523
7268,877148.5962219238
7269,189615.77474975586
7270,908910.6185379028
7271,1039502.580947876
7272,1214832.9884796143
7273,951414.7391357422
7274,1387787.1079711914
7275,1281948.9841003418
7276,947442.5336227417
7277,1552766.3295288086
7278,1009564.5049362183
7279,1398203.4881515503
7280,739977.619972229
7281,1452098.7474441528
7282,690689.9836883545
7283,971668.9708862305
7284,438885.1986846924
7285,331238.3291168213
7286,181126.9433746338
7287,1923947.1775054932
7288,940507.0216217041
7289,1635520.6257019043
7290,718885.6718063354
7291,1374905.595336914
7292,1074347.486503601
7293,1166410.3402404785
7294,784789.104675293
7295,490517.59621429443
7296,-106847.87034606934
7297,1390716.3048782349
7298,1132579.5843658447
7299,1059899.804824829
7300,1255102.9631958008
7301,907908.5634841919
7302,1819206.1968841553
7303,-241229.9930114746
7304,1313540.5933761597
7305,1095743.2562179565
7306,1482975.4641418457
7307,1274553.6327667236
7308,834923.1617965698
7309,1583473.863975525
7310,675277.0540237427
7311,787757.8073577881
7312,1483650.3349151611
7313,966693.841255188
7314,1318231.3879241943
7315,1724212.7356643677
7316,1361269.663017273
7317,990456.1239700317
7318,501402.3330078125
7319,641795.6259002686
7320,1228396.3475265503
7321,761061.660232544
7322,1462195.992263794
7323,1527611.0855941772
7324,1446334.8836517334
7325,1702433.7103729248
7326,815787.6295394897
7327,725042.1319198608
7328,895185.9795532227
7329,1096295.4246444702
7330,1201427.3958435059
7331,1113447.6459579468
7332,1049322.3663406372
7333,1576987.9426956177
7334,1383478.721862793
7335,1117114.0572814941
7336,1275092.604194641
7337,938640.7473831177
7338,91035.0807800293
7339,1181069.6822891235
7340,1634928.266418457
7341,1594299.1441421509
7342,1115185.7971343994
7343,960273.7330169678
7344,760132.3465881348
7345,924478.3749084473
7346,936811.2493133545
7347,789614.278755188
7348,1017363.2871551514
7349,1173700.3531417847
7350,1020897.4552688599
7351,291075.9018859863
7352,1521244.0330352783
7353,802628.5259399414
7354,1092973.0919952393
7355,723282.3609619141
7356,1512430.5223999023
7357,773677.3038635254
7358,1471285.5359268188
7359,753607.0083770752
7360,1611235.9737167358
7361,1263219.5914459229
7362,686907.6810913086
7363,1995735.2749786377
7364,1505786.7107315063
7365,1036761.2560348511
7366,1146419.7266311646
7367,902722.9460601807
7368,377720.0026550293
7369,2100437.2523651123
7370,913054.4457397461
7371,1292951.6757583618
7372,1400833.322052002
7373,1503466.8956375122
7374,1242301.8441314697
7375,358493.65299224854
7376,863657.6764373779
7377,1754129.2113189697
7378,648302.3058395386
7379,700019.6226425171
7380,1003735.8370819092
7381,951739.9962158203
7382,1196530.6139144897
7383,897828.1364593506
7384,1356471.2538375854
7385,1364146.5190200806
7386,1465490.9519195557
7387,1766396.5722351074
7388,1307555.749534607
7389,1090559.6923217773
7390,537604.2052001953
7391,907883.2577590942
7392,1681082.2435913086
7393,551981.2141723633
7394,678026.9914855957
7395,2006912.192817688
7396,1002686.2514266968
7397,877916.4622497559
7398,920993.190032959
7399,2067555.9680786133
7400,896879.6830978394
7401,809537.55809021
7402,991045.9365005493
7403,769921.853187561
7404,1149883.8326339722
7405,1263334.438835144
7406,1322529.672203064
7407,1878496.8548431396
7408,221290.6844177246
7409,902411.4777908325
7410,1274517.0040054321
7411,846737.786064148
7412,1891119.887145996
7413,1112201.6600723267
7414,900130.2101516724
7415,470080.04194641113
7416,1785577.5009918213
7417,1108824.216758728
7418,945714.4272994995
7419,1720485.8990249634
7420,439113.24657440186
7421,1078903.6981964111
7422,1304242.178970337
7423,852174.5615844727
7424,2751702.851287842
7425,1861434.3183288574
7426,1207219.6145248413
7427,648291.8243179321
7428,1189986.6578598022
7429,896210.413154602
7430,469739.7536315918
7431,789217.3012771606
7432,83540.89279937744
7433,897800.3253250122
7434,343574.3793106079
7435,1556675.6330490112
7436,466029.61267852783
7437,1595629.9521331787
7438,753997.3001480103
7439,652071.33543396
7440,582079.6351547241
7441,1008725.4427719116
7442,1161687.150177002
7443,393183.74099731445
7444,872500.1005630493
7445,1344664.6380386353
7446,823629.7919845581
7447,1235747.45287323
7448,1131218.0376052856
7449,1381916.8332977295
7450,1169143.1427993774
7451,2511219.796234131
7452,1683982.006011963
7453,405070.2671432495
7454,704211.7501373291
7455,151315.71969604492
7456,778343.2852554321
7457,1602229.6210250854
7458,904392.669998169
7459,453438.40771484375
7460,938634.2569503784
7461,331973.23024749756
7462,1809744.600944519
7463,1158983.100616455
7464,1228210.0343933105
7465,1416096.9790725708
7466,341605.9737625122
7467,606211.8555679321
7468,1053844.4262542725
7469,1339204.7518615723
7470,2539135.070991516
7471,1546340.5720062256
7472,226188.57698059082
7473,1022963.5578994751
7474,786433.193145752
7475,1148228.9564437866
7476,878107.0846176147
7477,992317.5958404541
7478,1808409.9384765625
7479,1413513.3317947388
7480,204015.7392730713
7481,814750.8378829956
7482,1286348.1272277832
7483,391815.71981048584
7484,1094254.685256958
7485,1134378.3318099976
7486,1347575.6394195557
7487,1313172.89402771
7488,1001060.1089553833
7489,1031209.1718139648
7490,222916.57723236084
7491,928947.2894973755
7492,806214.4365539551
7493,1690010.1998825073
7494,403386.1019515991
7495,675782.3484191895
7496,597378.4256820679
7497,776146.4122848511
7498,295463.38803100586
7499,1469266.7063903809
7500,210432.4470062256
7501,1053917.9973526
7502,1848922.4283447266
7503,1007630.513595581
7504,916730.2284011841
7505,1182792.3954238892
7506,977483.7755050659
7507,1606274.335281372
7508,593685.8782348633
7509,444415.9289932251
7510,926147.6483001709
7511,1004111.8495407104
7512,1843232.1797332764
7513,1192379.455833435
7514,1613279.030921936
7515,1805113.1727142334
7516,1363215.0303878784
7517,1074372.1844863892
7518,1401053.052406311
7519,475472.42781066895
7520,1749902.392944336
7521,344088.6021347046
7522,1554947.0089569092
7523,1186199.8833847046
7524,1579941.7258300781
7525,1072286.3554992676
7526,1637556.5638656616
7527,1294864.9344100952
7528,167651.03800201416
7529,1283307.016319275
7530,315997.0955581665
7531,459671.4349594116
7532,1643295.7608032227
7533,1232629.9559249878
7534,979608.3210525513
7535,2261341.8132019043
7536,2317751.668205261
7537,668242.8375701904
7538,333419.5690612793
7539,1734720.2899932861
7540,1529421.3978042603
7541,947273.8780517578
7542,1110202.4446716309
7543,1207932.348777771
7544,1511178.5061264038
7545,902451.0300064087
7546,1268444.2897644043
7547,1071407.749572754
7548,882207.5373687744
7549,635173.9699707031
7550,897643.5798187256
7551,1037521.7578125
7552,814974.9238357544
7553,1483641.3751983643
7554,1594879.9896469116
7555,1185468.2949295044
7556,836698.8014068604
7557,246031.51446533203
7558,956651.4788589478
7559,1112712.1404418945
7560,1940757.1684036255
7561,1570144.1568374634
7562,985579.4529724121
7563,297414.70861053467
7564,1109308.8873291016
7565,263022.6226119995
7566,1926982.6992874146
7567,1679710.6828842163
7568,1603247.9647521973
7569,1623816.308418274
7570,1683803.0306777954
7571,349041.2401199341
7572,1270703.2976074219
7573,869431.8833465576
7574,649775.3739318848
7575,421877.60649108887
7576,1428536.0686798096
7577,1071464.7893295288
7578,1254864.7526855469
7579,1113277.2866210938
7580,1119073.840270996
7581,640326.8531570435
7582,375875.374961853
7583,1251047.8266220093
7584,654941.5435791016
7585,1048529.6095504761
7586,394077.0911102295
7587,1341294.2308502197
7588,479514.85122680664
7589,878523.8620910645
7590,1206001.563697815
7591,1462493.081855774
7592,844800.6859436035
7593,1411845.621246338
7594,920168.9770278931
7595,1383004.7844314575
7596,-80453.74108886719
7597,170718.29133605957
7598,922856.541595459
7599,1248142.01612854
7600,192336.88333892822
7601,1286064.7047271729
7602,1305837.9415893555
7603,1024549.4032287598
7604,570248.0663223267
7605,728693.2995071411
7606,1077771.3855667114
7607,1469909.5642700195
7608,1131946.7959365845
7609,897115.7640304565
7610,242533.84293365479
7611,1174401.7314834595
7612,301266.04985046387
7613,731130.6753234863
7614,1466406.4143295288
7615,912377.2021713257
7616,1557733.27419281
7617,480356.8006820679
7618,1833482.2007522583
7619,543595.0165710449
7620,1060312.788696289
7621,608816.0603866577
7622,1085682.6593704224
7623,957919.0483856201
7624,1461921.1255493164
7625,1821858.6779327393
7626,1581714.6587982178
7627,1471483.655784607
7628,398049.72161102295
7629,1231994.2871246338
7630,1643014.5689086914
7631,747812.0392456055
7632,1276306.0094604492
7633,1904300.3818740845
7634,923781.9439239502
7635,-42819.24792480469
7636,39788.33863067627
7637,766701.8790130615
7638,1011953.279876709
7639,545264.9378890991
7640,1195374.6803970337
7641,1647994.191040039
7642,1490766.6502304077
7643,952698.8170394897
7644,1394307.0579681396
7645,1246427.5158920288
7646,1738499.491722107
7647,609282.3812637329
7648,1648250.8797683716
7649,1278192.4385604858
7650,1041891.0470581055
7651,1559071.0060806274
7652,988103.5789794922
7653,1451496.9121551514
7654,586938.4082641602
7655,805966.1615447998
7656,938551.6467895508
7657,1458518.4036254883
7658,286476.1602554321
7659,298958.96964263916
7660,1817719.9582595825
7661,755599.2902984619
7662,1202541.3414230347
7663,1600621.0564498901
7664,2071738.4003067017
7665,572907.0336151123
7666,895085.0236358643
7667,729295.189491272
7668,1432934.4619140625
7669,1038150.7237167358
7670,554773.8656997681
7671,852057.4679718018
7672,998464.0281600952
7673,1791365.5637893677
7674,796508.2811660767
7675,1463818.9280090332
7676,1176666.9541625977
7677,721896.0209960938
7678,1484737.6099243164
7679,980161.1456298828
7680,603193.9447937012
7681,1120763.4651107788
7682,1030653.1576538086
7683,1106033.267326355
7684,886231.4737930298
7685,1761771.5579605103
7686,1024484.2847213745
7687,425308.03887176514
7688,380912.7808532715
7689,1028934.2602462769
7690,1458675.7426376343
7691,978109.2571868896
7692,913706.23462677
7693,1436618.7705917358
7694,1557463.6756210327
7695,70076.40068817139
7696,1181816.5988464355
7697,743036.9184646606
7698,492768.87729644775
7699,986041.7791671753
7700,521407.4453125
7701,603087.5169525146
7702,1383089.7862167358
7703,893350.2248306274
7704,1818131.6954803467
7705,625001.512260437
7706,847380.1076278687
7707,1439375.3508300781
7708,1928324.3957977295
7709,930019.6114730835
7710,1351849.425315857
7711,687386.0578536987
7712,2128287.209701538
7713,1112723.0004119873
7714,602852.7720108032
7715,1505547.9764785767
7716,140948.84552001953
7717,1446986.082458496
7718,501947.37759399414
7719,1082022.2069854736
7720,951691.4742126465
7721,2241300.934791565
7722,906521.7770080566
7723,1080077.981552124
7724,1497053.043914795
7725,1351244.2780685425
7726,958080.1885528564
7727,699390.4907608032
7728,1298821.5392227173
7729,1089778.737564087
7730,1300366.789756775
7731,1491040.3059997559
7732,551212.4677658081
7733,1013719.1978149414
7734,1050042.53414917
7735,1404913.2851715088
7736,1520796.8993682861
7737,-182231.75994873047
7738,1125754.5705337524
7739,832320.4230270386
7740,617459.2472076416
7741,1526786.6614151
7742,1016782.769569397
7743,1524114.3087921143
7744,1047214.0192947388
7745,358044.01361846924
7746,581327.8299407959
7747,1231447.8464279175
7748,863934.0131759644
7749,1879464.6110229492
7750,1512309.2314071655
7751,1290646.7246780396
7752,1133639.6160125732
7753,907047.2718734741
7754,1231847.5907974243
7755,815692.3367614746
7756,993271.420425415
7757,1923667.9955444336
7758,81704.20686340332
7759,697008.1193771362
7760,1480746.4008865356
7761,1455899.5593338013
7762,963036.6001739502
7763,1022141.3089065552
7764,1348399.4205932617
7765,1483538.5058898926
7766,3303265.6659088135
7767,1803041.2651443481
7768,1593475.0368347168
7769,1006384.220489502
7770,1609356.4376983643
7771,241410.49849700928
7772,101179.1633682251
7773,1028247.6294174194
7774,550239.046661377
7775,635437.5698242188
7776,2333683.8729629517
7777,961811.0658340454
7778,360354.40599823
7779,733834.6128768921
7780,1042093.7160797119
7781,1004556.4518280029
7782,1628977.3022232056
7783,444670.2903137207
7784,1591907.840248108
7785,1559547.2287063599
7786,976596.3623886108
7787,1025499.8971328735
7788,869435.9126358032
7789,753067.3661270142
7790,610483.2655181885
7791,861767.7504806519
7792,1017735.8505325317
7793,637706.0314331055
7794,1441431.721672058
7795,841468.27318573
7796,1014681.2499389648
7797,915286.5065841675
7798,1271822.9386367798
7799,757094.6055221558
7800,1522535.135848999
7801,1597628.0564575195
7802,660396.8856887817
7803,950356.6758499146
7804,1716472.82736969
7805,874802.259185791
7806,2037186.5981674194
7807,992784.7764282227
7808,1234315.972038269
7809,1299079.1744613647
7810,681999.260269165
7811,853791.3001937866
7812,840124.150428772
7813,535368.2736282349
7814,1397194.982925415
7815,1021517.3232421875
7816,1034653.8547439575
7817,1995563.042350769
7818,779584.7177200317
7819,1902722.9383239746
7820,1280538.860420227
7821,685453.1327667236
7822,1254282.4020767212
7823,2029586.225479126
7824,1847218.9680023193
7825,1133111.6972427368
7826,1381664.346710205
7827,531512.553062439
7828,988281.3179626465
7829,1475832.9668197632
7830,993304.2311172485
7831,2330495.0365448
7832,1123830.40499115
7833,1486855.3303756714
7834,1237467.7995376587
7835,879539.9116363525
7836,1742792.2996444702
7837,1221158.362297058
7838,994877.6573028564
7839,691806.4007949829
7840,1452682.4202651978
7841,958507.0380096436
7842,1966193.033607483
7843,826870.6989593506
7844,799065.0470428467
7845,1657630.5616912842
7846,1288246.4074707031
7847,1115532.301902771
7848,1259968.745376587
7849,858839.820602417
7850,1265856.4040603638
7851,977685.5278167725
7852,397635.89447021484
7853,1536549.1025772095
7854,1014885.4224472046
7855,827651.3938903809
7856,573419.2922439575
7857,1257978.9709854126
7858,1599538.3427505493
7859,985074.5741195679
7860,1399282.5864868164
7861,1693316.9431915283
7862,812642.155380249
7863,1417385.2027664185
7864,999621.6140518188
7865,387004.03384399414
7866,1577298.357887268
7867,559982.7568588257
7868,903710.7203521729
7869,581980.1622161865
7870,384051.34425354004
7871,2341803.6780548096
7872,1076566.008972168
7873,868590.786819458
7874,1014795.2910003662
7875,885429.2745666504
7876,928138.288772583
7877,1064020.694076538
7878,876754.0953063965
7879,781251.4417800903
7880,464337.78660583496
7881,932464.6418609619
7882,1296291.6786117554
7883,945002.5376739502
7884,1171916.3198013306
7885,168491.03756713867
7886,1306049.1241378784
7887,803206.5959320068
7888,1286197.772277832
7889,1911522.298576355
7890,1483186.8589782715
7891,1259815.6362380981
7892,1876089.893951416
7893,1443207.1216049194
7894,1826468.5868301392
7895,1792662.6580963135
7896,1816244.2421646118
7897,589991.7602386475
7898,-1951.1239776611328
7899,1766457.4515075684
7900,209265.60042572021
7901,1582468.4471054077
7902,1211365.3061904907
7903,1375290.6670455933
7904,1059579.949684143
7905,989042.5822143555
7906,953365.0167388916
7907,1782124.999015808
7908,1527210.5960159302
7909,1477058.6668319702
7910,1574446.8523712158
7911,1255962.482421875
7912,1181319.638267517
7913,1904371.5396270752
7914,1011835.7390594482
7915,-74917.91228485107
7916,1259488.2689437866
7917,791254.9996109009
7918,479558.30823516846
7919,1098321.0371932983
7920,379510.64206695557
7921,1923170.3618164062
7922,83420.4614868164
7923,1668003.2011108398
7924,1939040.7147521973
7925,743262.0401000977
7926,1826431.4778747559
7927,1694973.1888656616
7928,975017.4343414307
7929,696597.3805236816
7930,1648197.7146453857
7931,1152377.1491241455
7932,745332.9090652466
7933,1270029.6215362549
7934,1896112.697303772
7935,263772.1931838989
7936,916191.3900985718
7937,1468437.1607437134
7938,929494.5235824585
7939,995462.1131515503
7940,1331957.9458694458
7941,605988.95677948
7942,1259954.0564193726
7943,886749.3707275391
7944,922648.6054229736
7945,1771541.4076919556
7946,1108323.2285766602
7947,845578.1451644897
7948,1396307.6580810547
7949,1391582.845451355
7950,1260088.71774292
7951,343712.641166687
7952,1148123.6349868774
7953,1470750.2817077637
7954,1329451.1227798462
7955,905611.1856079102
7956,785693.8266677856
7957,1330510.8817138672
7958,227068.98081970215
7959,982200.5048446655
7960,1133744.66040802
7961,1594889.1822814941
7962,1450649.135192871
7963,1701423.759399414
7964,976555.9638671875
7965,815974.2606048584
7966,951250.7465515137
7967,350058.7512207031
7968,1363941.962173462
7969,1308703.0182418823
7970,1033237.4342193604
7971,1128368.455986023
7972,1443697.0625991821
7973,2780442.5288848877
7974,1618769.0156707764
7975,1172720.5547790527
7976,689111.985420227
7977,2034153.6970672607
7978,1305498.0801391602
7979,1091920.0851287842
7980,890380.7542800903
7981,323558.53983306885
7982,2014452.0961837769
7983,1027006.9805755615
7984,2123408.9909210205
7985,468454.41707611084
7986,1749105.2175216675
7987,943961.905204773
7988,862177.998298645
7989,924376.9138412476
7990,1054741.6417922974
7991,1611441.008178711
7992,1492452.6914749146
7993,1137188.3543167114
7994,467896.8194580078
7995,715963.3930053711
7996,161150.0676651001
7997,1195465.0671768188
7998,1660175.7717514038
7999,659755.9880523682
8000,1703483.2582550049
8001,759084.7156066895
8002,1174792.2195358276
8003,999609.2935638428
8004,8870.522506713867
8005,1063729.364730835
8006,689201.9487304688
8007,1810325.1511917114
8008,298013.6559906006
8009,1379479.0922546387
8010,1007816.1568450928
8011,1058064.773902893
8012,879715.5212936401
8013,1901015.5010528564
8014,774717.4176559448
8015,340492.5242385864
8016,818711.6533355713
8017,1252475.1762313843
8018,1865311.5449447632
8019,1562376.301727295
8020,827518.1421585083
8021,568621.7066497803
8022,2343213.807434082
8023,2031686.1891784668
8024,1127888.361907959
8025,669503.5373382568
8026,311977.7569732666
8027,1445325.7178726196
8028,681609.1706466675
8029,819827.5221405029
8030,244372.1311187744
8031,1044449.2290878296
8032,650335.3588027954
8033,1010301.429145813
8034,1285018.4237289429
8035,867450.7102050781
8036,1219413.311454773
8037,1169309.504272461
8038,1584599.4933166504
8039,992886.0479125977
8040,1210596.5785980225
8041,2151121.9713516235
8042,1295101.7397918701
8043,2147917.3879699707
8044,1128368.455986023
8045,1815632.2424850464
8046,1313827.5556411743
8047,1260302.9484481812
8048,1600949.0974578857
8049,1228214.392654419
8050,1754023.0392684937
8051,1191516.1904678345
8052,1368963.4616394043
8053,1879523.4998779297
8054,905840.8780822754
8055,1819222.334602356
8056,1587816.5273590088
8057,70891.64042663574
8058,1270290.1858139038
8059,761017.9279403687
8060,1037733.185218811
8061,1031455.2471237183
8062,400482.7403717041
8063,1639638.587715149
8064,530306.152053833
8065,174357.73699188232
8066,891501.4875564575
8067,900084.5777740479
8068,770464.9187088013
8069,336606.888381958
8070,1159964.5843276978
8071,1279337.9618911743
8072,1193503.4179458618
8073,988453.292930603
8074,174720.1005935669
8075,1460070.1174697876
8076,898927.0808029175
8077,1804486.586593628
8078,1937704.3022613525
8079,702398.686882019
8080,452463.90955352783
8081,464396.2554702759
8082,461219.6971359253
8083,1227703.609512329
8084,1282644.1737365723
8085,848172.4061965942
8086,870468.1778182983
8087,1167632.9960708618
8088,904521.892364502
8089,790758.4561920166
8090,1227877.8598632812
8091,114862.90972137451
8092,873874.5276641846
8093,966519.0273895264
8094,684006.3499145508
8095,1822145.760307312
8096,1049978.8852081299
8097,154436.9555130005
8098,1242235.303314209
8099,1927230.1675338745
8100,999888.7894058228
8101,866125.066986084
8102,684402.4563751221
8103,1151650.7416305542
8104,2007627.2476882935
8105,1209709.8783111572
8106,143542.8918762207
8107,2066249.576637268
8108,888783.2087402344
8109,792185.9914093018
8110,961331.6083068848
8111,893493.9925003052
8112,2049718.45022583
8113,454664.75037384033
8114,1283238.2334823608
8115,1540919.4254455566
8116,-118606.31633758545
8117,1168063.6072540283
8118,961327.0422134399
8119,630991.5367736816
8120,922019.2914047241
8121,961821.4407958984
8122,970628.862487793
8123,45283.97262573242
8124,1712192.6832122803
8125,813101.5407333374
8126,1655656.108718872
8127,138129.71507263184
8128,648473.1925964355
8129,751904.3311538696
8130,1022329.9754486084
8131,1519330.0251235962
8132,1228579.164352417
8133,1055360.4475631714
8134,1990746.541809082
8135,1011618.9116210938
8136,1475108.2427902222
8137,690601.4816055298
8138,1002093.7708740234
8139,1870896.8024749756
8140,1079450.0381851196
8141,145736.59397888184
8142,1124726.3835830688
8143,929202.687286377
8144,923455.4231033325
8145,682587.6789627075
8146,1260996.5387268066
8147,925947.2472991943
