index,Price
0,2239428.5714285714
1,646098.2142857143
2,1061785.7142857143
3,677800.0
4,862000.0
5,748333.3333333334
6,551571.4285714285
7,1647066.6666666667
8,629428.5714285715
9,1267800.0
10,2128962.962962963
11,756087.5
12,1132841.75
13,629428.5714285715
14,600166.6666666666
15,1226777.7777777778
16,650950.0
17,762363.6363636364
18,2169777.777777778
19,367562.5
20,654574.6268656716
21,529750.0
22,972913.0434782609
23,1183750.0
24,1958821.4285714286
25,629428.5714285715
26,575105.2631578947
27,514428.5714285714
28,802000.0
29,1239539.1521197008
30,654574.6268656716
31,2138548.3870967743
32,387000.0
33,338357.14285714284
34,854142.8571428572
35,468666.6666666667
36,2067500.0
37,617562.5
38,1099951.6129032257
39,521600.0
40,1213111.111111111
41,1061500.0
42,1858993.4117647058
43,262944.44444444444
44,756087.5
45,1016500.0
46,632000.0
47,704888.7777777778
48,608833.3333333334
49,1239539.1521197008
50,894833.3333333334
51,2314500.0
52,601582.0895522388
53,826888.8888888889
54,2169777.777777778
55,718277.7777777778
56,622107.1428571428
57,1849457.142857143
58,1353020.238095238
59,1846250.0
60,600166.6666666666
61,1335388.888888889
62,1251350.0
63,1183750.0
64,2221250.0
65,1239539.1521197008
66,1061142.857142857
67,699273.6296296297
68,1721000.0
69,909200.0
70,737000.0
71,1229200.0
72,1147833.3333333333
73,2067500.0
74,1156100.0
75,1353020.238095238
76,538000.0
77,1239539.1521197008
78,556166.6666666666
79,2449583.3333333335
80,923750.0
81,712538.4615384615
82,551200.0
83,1245666.6666666667
84,1290833.3333333333
85,654574.6268656716
86,756087.5
87,1330000.0
88,601687.5
89,393583.3333333333
90,601600.0
91,1483000.0
92,1239539.1521197008
93,1817833.3333333333
94,1109583.3333333333
95,2128962.962962963
96,448681.8181818182
97,2891111.111111111
98,1312000.0
99,1886000.0
100,650950.0
101,1353020.238095238
102,1945000.0
103,1545444.4444444445
104,375375.0
105,654574.6268656716
106,1353020.238095238
107,1001300.0
108,527750.0
109,1229444.4444444445
110,3875000.0
111,1268000.0
112,601600.0
113,1308727.2727272727
114,1785833.3333333333
115,501509.1666666667
116,1353020.238095238
117,2829166.6666666665
118,1353020.238095238
119,1158250.0
120,1386250.0
121,378083.3333333333
122,1353020.238095238
123,1056125.0
124,930677.0833333334
125,1239539.1521197008
126,2118600.0
127,450050.0
128,854142.8571428572
129,776211.1111111111
130,468666.6666666667
131,831200.0
132,1239539.1521197008
133,2568714.285714286
134,632000.0
135,927100.0
136,890937.5
137,726040.625
138,854142.8571428572
139,713625.0
140,1860000.0
141,1239539.1521197008
142,871962.2950819673
143,1239539.1521197008
144,972913.0434782609
145,2838333.3333333335
146,1958821.4285714286
147,654574.6268656716
148,3875000.0
149,1153000.0
150,558600.0
151,766065.5737704918
152,513681.8181818182
153,842282.6086956522
154,1239539.1521197008
155,1381250.0
156,1775750.0
157,1156100.0
158,557388.8888888889
159,1488875.0
160,776211.1111111111
161,2480062.5
162,1521500.0
163,452833.3333333333
164,1132841.75
165,1785833.3333333333
166,1167500.0
167,762363.6363636364
168,686400.0
169,758303.4615384615
170,1354666.6666666667
171,1326714.2857142857
172,738750.0
173,513681.8181818182
174,541700.0
175,1099951.6129032257
176,930677.0833333334
177,514428.5714285714
178,948500.0
179,924045.4545454546
180,1754617.3840666423
181,1132841.75
182,629428.5714285715
183,699273.6296296297
184,1022500.0
185,1405333.3333333333
186,2169777.777777778
187,1099951.6129032257
188,442166.6666666667
189,830600.0
190,604375.0
191,961500.0
192,513681.8181818182
193,1230875.0
194,631700.0
195,844200.0
196,927100.0
197,776211.1111111111
198,766065.5737704918
199,1027250.0
200,496000.0
201,635971.4285714285
202,654574.6268656716
203,705000.0
204,1353020.238095238
205,3623750.0
206,654574.6268656716
207,1486388.888888889
208,854142.8571428572
209,1353020.238095238
210,758303.4615384615
211,826888.8888888889
212,1664142.857142857
213,756087.5
214,938500.0
215,679142.8571428572
216,997500.0
217,641166.6666666666
218,1591250.0
219,632000.0
220,1239539.1521197008
221,1239539.1521197008
222,2067500.0
223,1413571.4285714286
224,740071.4285714285
225,1216851.5666666667
226,1381250.0
227,781571.4285714285
228,608000.0
229,341571.4285714286
230,519000.0
231,776211.1111111111
232,889216.6666666666
233,2743666.6666666665
234,1132841.75
235,1163000.0
236,748500.0
237,889216.6666666666
238,1386250.0
239,2750000.0
240,923909.0
241,758303.4615384615
242,1840166.6666666667
243,1504000.0
244,2838333.3333333335
245,291000.0
246,592779.4117647059
247,1556375.0
248,1353020.238095238
249,1692857.142857143
250,551200.0
251,930677.0833333334
252,933455.3571428572
253,592779.4117647059
254,710400.0
255,758303.4615384615
256,2138548.3870967743
257,705000.0
258,760175.0
259,710400.0
260,631700.0
261,686200.0
262,1488875.0
263,1239539.1521197008
264,1849457.142857143
265,1099200.0
266,1886000.0
267,1353020.238095238
268,1263888.888888889
269,1495800.0
270,781571.4285714285
271,818333.3333333334
272,1044375.0
273,1798666.6666666667
274,393583.3333333333
275,1132841.75
276,872000.0
277,1306800.0
278,651587.5
279,1156100.0
280,1239539.1521197008
281,501666.6666666667
282,923750.0
283,537416.6666666666
284,513681.8181818182
285,1335388.888888889
286,923000.0
287,1556142.857142857
288,2524000.0
289,500625.0
290,1449600.0
291,2351666.6666666665
292,1239539.1521197008
293,2169777.777777778
294,1242000.0
295,911857.1428571428
296,551200.0
297,964500.0
298,862000.0
299,685843.75
300,852187.5
301,894833.3333333334
302,1846500.0
303,332166.6666666667
304,2838333.3333333335
305,902500.0
306,871962.2950819673
307,986250.0
308,930677.0833333334
309,964500.0
310,519666.6666666667
311,855125.0
312,527750.0
313,2585000.0
314,901386.3636363636
315,830600.0
316,593750.0
317,1353020.238095238
318,902500.0
319,448681.8181818182
320,592779.4117647059
321,776211.1111111111
322,622107.1428571428
323,613519.7142857143
324,1025000.0
325,510333.3333333333
326,281928.5714285714
327,1569166.6666666667
328,2389000.0
329,718277.7777777778
330,775000.0
331,1353020.238095238
332,601582.0895522388
333,1840166.6666666667
334,693375.0
335,603892.8571428572
336,758303.4615384615
337,1239539.1521197008
338,872000.0
339,933455.3571428572
340,1216851.5666666667
341,601582.0895522388
342,1239539.1521197008
343,1239539.1521197008
344,1153000.0
345,604375.0
346,1312000.0
347,751166.6666666666
348,350625.0
349,745285.7142857143
350,903750.0
351,1152500.0
352,1132841.75
353,2923125.0
354,630687.5
355,558600.0
356,432250.0
357,923909.0
358,1150500.0
359,830600.0
360,938500.0
361,758200.0
362,1284000.0
363,1087500.0
364,889216.6666666666
365,605142.8571428572
366,448681.8181818182
367,506333.3333333333
368,971450.0
369,930677.0833333334
370,1239539.1521197008
371,1306800.0
372,1453571.4285714286
373,1239539.1521197008
374,1335388.888888889
375,1306428.5714285714
376,1785833.3333333333
377,332166.6666666667
378,596400.0
379,902500.0
380,341571.4285714286
381,844200.0
382,758303.4615384615
383,403500.0
384,827600.0
385,631000.0
386,1306800.0
387,1527000.0
388,469050.0
389,557388.8888888889
390,601687.5
391,364125.0
392,2319555.5555555555
393,1239539.1521197008
394,1055000.0
395,2138548.3870967743
396,1930000.0
397,439571.4285714286
398,776211.1111111111
399,730600.0
400,827600.0
401,2221250.0
402,738750.0
403,378333.3333333333
404,693750.0
405,1640000.0
406,2923125.0
407,1849457.142857143
408,448681.8181818182
409,555857.1428571428
410,997125.0
411,1353020.238095238
412,933455.3571428572
413,924045.4545454546
414,1730071.4285714286
415,809712.5
416,1438662.1621621621
417,924045.4545454546
418,781571.4285714285
419,776211.1111111111
420,474333.3333333333
421,1239539.1521197008
422,1449600.0
423,854291.6666666666
424,1239539.1521197008
425,1438662.1621621621
426,468666.6666666667
427,1914750.0
428,601582.0895522388
429,886625.0
430,716750.0
431,1239539.1521197008
432,2221250.0
433,2416800.0
434,646098.2142857143
435,766065.5737704918
436,985950.0
437,592779.4117647059
438,923909.0
439,843357.1428571428
440,556166.6666666666
441,1150500.0
442,510333.3333333333
443,805500.0
444,332200.0
445,1527000.0
446,598125.0
447,1239539.1521197008
448,1239539.1521197008
449,938500.0
450,871962.2950819673
451,704250.0
452,1386250.0
453,1239539.1521197008
454,699273.6296296297
455,789775.7777777778
456,737200.0
457,813562.625
458,1619625.0
459,1858993.4117647058
460,1131666.6666666667
461,779166.6666666666
462,1239539.1521197008
463,677800.0
464,582333.3333333334
465,513681.8181818182
466,419900.0
467,347750.0
468,680500.0
469,1344166.6666666667
470,889216.6666666666
471,393583.3333333333
472,1239539.1521197008
473,889216.6666666666
474,579875.0
475,1353020.238095238
476,1639625.0
477,521600.0
478,1239539.1521197008
479,463142.85714285716
480,513681.8181818182
481,693375.0
482,1330000.0
483,1239539.1521197008
484,350625.0
485,1631166.6666666667
486,756087.5
487,494500.0
488,476833.3333333333
489,913200.0
490,1239539.1521197008
491,1647066.6666666667
492,889216.6666666666
493,964500.0
494,629428.5714285715
495,972913.0434782609
496,2351666.6666666665
497,833333.3333333334
498,601582.0895522388
499,1347062.5
500,779166.6666666666
501,439571.4285714286
502,1817833.3333333333
503,350625.0
504,726040.625
505,511214.28571428574
506,699273.6296296297
507,1353020.238095238
508,994625.0
509,1239539.1521197008
510,551571.4285714285
511,1004375.0
512,1239539.1521197008
513,712900.0
514,441500.0
515,933455.3571428572
516,726040.625
517,766065.5737704918
518,2138548.3870967743
519,2261250.0
520,573428.5714285715
521,1239539.1521197008
522,1840166.6666666667
523,1001300.0
524,581000.0
525,1156100.0
526,825000.0
527,1832000.0
528,482214.28571428574
529,894833.3333333334
530,4069687.5
531,1521500.0
532,1239539.1521197008
533,1214000.0
534,1216851.5666666667
535,862000.0
536,547683.3333333334
537,889216.6666666666
538,802000.0
539,498538.46153846156
540,1694600.0
541,1214000.0
542,1405333.3333333333
543,300437.5
544,1353020.238095238
545,1172428.5714285714
546,1560000.0
547,693375.0
548,1238928.5714285714
549,1306800.0
550,519666.6666666667
551,1239539.1521197008
552,1353020.238095238
553,885600.0
554,971450.0
555,1639625.0
556,1883833.3333333333
557,712538.4615384615
558,579750.0
559,2838333.3333333335
560,452833.3333333333
561,930677.0833333334
562,1061500.0
563,1353020.238095238
564,781666.6666666666
565,1238928.5714285714
566,592779.4117647059
567,654574.6268656716
568,1239539.1521197008
569,1730071.4285714286
570,1239539.1521197008
571,381500.0
572,281928.5714285714
573,1239539.1521197008
574,1792000.0
575,601582.0895522388
576,726040.625
577,878181.8181818182
578,474333.3333333333
579,1751416.6666666667
580,453400.0
581,716750.0
582,1694000.0
583,1239539.1521197008
584,1239539.1521197008
585,686400.0
586,2480062.5
587,1591250.0
588,1098125.0
589,1512000.0
590,876950.0
591,1132841.75
592,878181.8181818182
593,1424000.0
594,475200.0
595,1504000.0
596,474333.3333333333
597,889216.6666666666
598,1930000.0
599,448681.8181818182
600,1239539.1521197008
601,1840166.6666666667
602,625000.0
603,889216.6666666666
604,601582.0895522388
605,1694600.0
606,751166.6666666666
607,1132841.75
608,1169750.0
609,748333.3333333334
610,263677.77777777775
611,510333.3333333333
612,972913.0434782609
613,1743285.7142857143
614,698166.6666666666
615,592779.4117647059
616,601600.0
617,643375.0
618,1976250.0
619,1216851.5666666667
620,349428.5714285714
621,2480062.5
622,364000.0
623,551200.0
624,263677.77777777775
625,1785833.3333333333
626,699273.6296296297
627,2067500.0
628,2083157.894736842
629,1239539.1521197008
630,964166.6666666666
631,1132841.75
632,964166.6666666666
633,1460000.0
634,2351666.6666666665
635,1083666.6666666667
636,1239539.1521197008
637,367562.5
638,776211.1111111111
639,924045.4545454546
640,1832000.0
641,601582.0895522388
642,1545444.4444444445
643,1840166.6666666667
644,889216.6666666666
645,2940058.692033321
646,469050.0
647,364000.0
648,631000.0
649,784750.0
650,1353020.238095238
651,933455.3571428572
652,496000.0
653,621000.0
654,1216851.5666666667
655,601582.0895522388
656,2831200.0
657,650950.0
658,889216.6666666666
659,928088.8888888889
660,1239539.1521197008
661,347464.28571428574
662,901386.3636363636
663,1027250.0
664,371925.0
665,730000.0
666,378333.3333333333
667,499000.0
668,843357.1428571428
669,872000.0
670,1260000.0
671,830600.0
672,1591250.0
673,802000.0
674,575105.2631578947
675,452833.3333333333
676,730600.0
677,1239539.1521197008
678,541700.0
679,1174250.0
680,737000.0
681,1239539.1521197008
682,889216.6666666666
683,514428.5714285714
684,650950.0
685,1438662.1621621621
686,889216.6666666666
687,1694000.0
688,789775.7777777778
689,1239539.1521197008
690,1051600.0
691,1647066.6666666667
692,1353020.238095238
693,930677.0833333334
694,876950.0
695,600166.6666666666
696,448681.8181818182
697,1143750.0
698,762363.6363636364
699,2718433.692033321
700,625214.2857142857
701,766065.5737704918
702,2305250.0
703,901386.3636363636
704,1623375.0
705,889216.6666666666
706,1375000.0
707,856000.0
708,972913.0434782609
709,1832000.0
710,458857.14285714284
711,1239539.1521197008
712,1353020.238095238
713,871962.2950819673
714,1174250.0
715,759250.0
716,603892.8571428572
717,1239539.1521197008
718,758303.4615384615
719,629428.5714285715
720,1132841.75
721,871962.2950819673
722,2838333.3333333335
723,601582.0895522388
724,686200.0
725,737200.0
726,654574.6268656716
727,1239539.1521197008
728,1438662.1621621621
729,1863888.888888889
730,871962.2950819673
731,760175.0
732,1697916.6666666667
733,1290833.3333333333
734,341571.4285714286
735,756087.5
736,1044375.0
737,1216851.5666666667
738,556166.6666666666
739,1697916.6666666667
740,854291.6666666666
741,592779.4117647059
742,537416.6666666666
743,2128962.962962963
744,1061142.857142857
745,1239539.1521197008
746,2449583.3333333335
747,775000.0
748,639625.0
749,1239539.1521197008
750,2091250.0
751,928088.8888888889
752,1239539.1521197008
753,842282.6086956522
754,930677.0833333334
755,1239539.1521197008
756,930677.0833333334
757,366375.0
758,498538.46153846156
759,972913.0434782609
760,1977000.0
761,997125.0
762,1132841.75
763,704888.7777777778
764,364000.0
765,601582.0895522388
766,1405333.3333333333
767,2305250.0
768,718277.7777777778
769,760175.0
770,476833.3333333333
771,871962.2950819673
772,661666.6666666666
773,972913.0434782609
774,1521500.0
775,699273.6296296297
776,854291.6666666666
777,1326714.2857142857
778,924045.4545454546
779,1591250.0
780,894833.3333333334
781,378333.3333333333
782,1858400.0
783,964500.0
784,930677.0833333334
785,734250.0
786,1849457.142857143
787,892800.0
788,889216.6666666666
789,393583.3333333333
790,805500.0
791,756087.5
792,1623375.0
793,902500.0
794,1239539.1521197008
795,726040.625
796,656500.0
797,760175.0
798,871962.2950819673
799,737200.0
800,2831200.0
801,1375000.0
802,2128962.962962963
803,2923125.0
804,961500.0
805,596944.4444444445
806,475200.0
807,1158250.0
808,654574.6268656716
809,1251350.0
810,1285444.4444444445
811,1267800.0
812,575105.2631578947
813,551571.4285714285
814,1647066.6666666667
815,871962.2950819673
816,994625.0
817,1051600.0
818,608000.0
819,1216851.5666666667
820,1977000.0
821,1239539.1521197008
822,1405333.3333333333
823,501509.1666666667
824,1239539.1521197008
825,1431500.0
826,835562.5
827,775000.0
828,1132841.75
829,1239539.1521197008
830,579875.0
831,1051600.0
832,468666.6666666667
833,720250.0
834,2083157.894736842
835,565068.8
836,450050.0
837,1087500.0
838,1183750.0
839,946312.5
840,766065.5737704918
841,1230875.0
842,1785833.3333333333
843,356800.0
844,1158250.0
845,1239539.1521197008
846,737200.0
847,685843.75
848,1239539.1521197008
849,1239539.1521197008
850,2891111.111111111
851,1239539.1521197008
852,474333.3333333333
853,737000.0
854,930677.0833333334
855,998200.0
856,656500.0
857,1216851.5666666667
858,933455.3571428572
859,393583.3333333333
860,2083157.894736842
861,2585000.0
862,2838333.3333333335
863,930677.0833333334
864,1308727.2727272727
865,445785.71428571426
866,1268000.0
867,1239539.1521197008
868,1930000.0
869,617562.5
870,1958821.4285714286
871,923909.0
872,892800.0
873,661666.6666666666
874,1239539.1521197008
875,878181.8181818182
876,599800.0
877,654574.6268656716
878,707166.6666666666
879,1239539.1521197008
880,378083.3333333333
881,1030200.0
882,1051600.0
883,364125.0
884,856000.0
885,654574.6268656716
886,1692857.142857143
887,685843.75
888,718555.5555555555
889,2046777.7777777778
890,604375.0
891,654574.6268656716
892,1239539.1521197008
893,439583.3333333333
894,458857.14285714284
895,1027250.0
896,1061785.7142857143
897,1239539.1521197008
898,928088.8888888889
899,933455.3571428572
900,1226777.7777777778
901,608000.0
902,1239539.1521197008
903,762363.6363636364
904,1239539.1521197008
905,675285.7142857143
906,622857.1428571428
907,406750.0
908,1239539.1521197008
909,514428.5714285714
910,766065.5737704918
911,1647066.6666666667
912,685843.75
913,1479256.5714285714
914,759750.0
915,1353020.238095238
916,613519.7142857143
917,519000.0
918,964500.0
919,631700.0
920,476833.3333333333
921,1438400.0
922,1239539.1521197008
923,646098.2142857143
924,1479256.5714285714
925,1479256.5714285714
926,756087.5
927,889216.6666666666
928,1229444.4444444445
929,712538.4615384615
930,2838333.3333333335
931,889216.6666666666
932,608000.0
933,1306428.5714285714
934,712538.4615384615
935,1109583.3333333333
936,827600.0
937,2083157.894736842
938,928088.8888888889
939,387000.0
940,1242000.0
941,1849457.142857143
942,973571.4285714285
943,866833.3333333334
944,1545000.0
945,924045.4545454546
946,923909.0
947,1229444.4444444445
948,1087500.0
949,930677.0833333334
950,1239539.1521197008
951,756087.5
952,296750.0
953,1710250.0
954,1239539.1521197008
955,933455.3571428572
956,830600.0
957,866833.3333333334
958,773458.3333333334
959,2046777.7777777778
960,776211.1111111111
961,930677.0833333334
962,537416.6666666666
963,722666.6666666666
964,453400.0
965,537416.6666666666
966,781571.4285714285
967,654574.6268656716
968,1239539.1521197008
969,1083666.6666666667
970,469050.0
971,2164000.0
972,1239539.1521197008
973,600166.6666666666
974,593750.0
975,1239539.1521197008
976,776211.1111111111
977,933455.3571428572
978,730000.0
979,835562.5
980,1883833.3333333333
981,972913.0434782609
982,1099951.6129032257
983,1091500.0
984,802000.0
985,1239539.1521197008
986,948500.0
987,1239539.1521197008
988,933455.3571428572
989,498538.46153846156
990,1132841.75
991,406750.0
992,1083666.6666666667
993,1239539.1521197008
994,813333.3333333334
995,704888.7777777778
996,933455.3571428572
997,1694600.0
998,1239539.1521197008
999,848750.0
1000,850400.0
1001,775000.0
1002,646098.2142857143
1003,1031222.2222222222
1004,448681.8181818182
1005,2818126.8571428573
1006,648500.0
1007,381500.0
1008,871962.2950819673
1009,1268000.0
1010,387000.0
1011,1132841.75
1012,378083.3333333333
1013,2102500.0
1014,1413571.4285714286
1015,726040.625
1016,556166.6666666666
1017,530062.5
1018,766065.5737704918
1019,1211562.5
1020,1486388.888888889
1021,332000.0
1022,605142.8571428572
1023,650950.0
1024,291000.0
1025,2169777.777777778
1026,601687.5
1027,356800.0
1028,596944.4444444445
1029,1211562.5
1030,501509.1666666667
1031,2743666.6666666665
1032,583000.0
1033,1237830.7692307692
1034,889216.6666666666
1035,716666.6666666666
1036,1849457.142857143
1037,1438662.1621621621
1038,621000.0
1039,2261250.0
1040,1883833.3333333333
1041,1569166.6666666667
1042,734250.0
1043,387000.0
1044,553500.0
1045,1239539.1521197008
1046,1122250.0
1047,501666.6666666667
1048,1044375.0
1049,2838333.3333333335
1050,411642.85714285716
1051,684250.0
1052,516200.0
1053,1109583.3333333333
1054,1024357.1428571428
1055,889216.6666666666
1056,601582.0895522388
1057,776211.1111111111
1058,1239539.1521197008
1059,2046777.7777777778
1060,2138548.3870967743
1061,766065.5737704918
1062,553500.0
1063,608000.0
1064,474333.3333333333
1065,1415888.888888889
1066,469050.0
1067,1438662.1621621621
1068,1504000.0
1069,1849457.142857143
1070,825555.5555555555
1071,506333.3333333333
1072,1061142.857142857
1073,718277.7777777778
1074,1239539.1521197008
1075,1858993.4117647058
1076,1312000.0
1077,1061500.0
1078,1591250.0
1079,631700.0
1080,854291.6666666666
1081,1001300.0
1082,2937857.1428571427
1083,1132841.75
1084,856000.0
1085,686200.0
1086,556166.6666666666
1087,4069687.5
1088,1123083.3333333333
1089,510333.3333333333
1090,1438662.1621621621
1091,601582.0895522388
1092,1288875.0
1093,1239539.1521197008
1094,758303.4615384615
1095,1245666.6666666667
1096,1001300.0
1097,830600.0
1098,1353020.238095238
1099,630687.5
1100,842282.6086956522
1101,2524000.0
1102,585416.6666666666
1103,872000.0
1104,948500.0
1105,956250.0
1106,1163000.0
1107,1239539.1521197008
1108,352500.0
1109,818333.3333333334
1110,1647066.6666666667
1111,651500.0
1112,561625.0
1113,909200.0
1114,739250.0
1115,1353020.238095238
1116,1353020.238095238
1117,538125.0
1118,1560000.0
1119,1665000.0
1120,2319555.5555555555
1121,686400.0
1122,601582.0895522388
1123,1239539.1521197008
1124,889216.6666666666
1125,1504000.0
1126,1132841.75
1127,1265400.0
1128,1792000.0
1129,684250.0
1130,1056125.0
1131,643375.0
1132,1569166.6666666667
1133,4808000.0
1134,871962.2950819673
1135,2469166.6666666665
1136,766065.5737704918
1137,1239539.1521197008
1138,1780000.0
1139,756087.5
1140,1930000.0
1141,432562.5
1142,677800.0
1143,1099951.6129032257
1144,756087.5
1145,1239539.1521197008
1146,663500.0
1147,674500.0
1148,726040.625
1149,715437.5
1150,766065.5737704918
1151,1001300.0
1152,1226777.7777777778
1153,1353020.238095238
1154,2585000.0
1155,930677.0833333334
1156,677800.0
1157,336800.0
1158,2128962.962962963
1159,1238928.5714285714
1160,924045.4545454546
1161,514428.5714285714
1162,1775750.0
1163,972913.0434782609
1164,759750.0
1165,1353020.238095238
1166,760175.0
1167,894833.3333333334
1168,889216.6666666666
1169,889216.6666666666
1170,730000.0
1171,889216.6666666666
1172,1353020.238095238
1173,734250.0
1174,961500.0
1175,722666.6666666666
1176,933455.3571428572
1177,1239539.1521197008
1178,1353020.238095238
1179,781571.4285714285
1180,698166.6666666666
1181,596400.0
1182,1153000.0
1183,1156100.0
1184,1216851.5666666667
1185,712538.4615384615
1186,1132841.75
1187,608000.0
1188,852187.5
1189,677800.0
1190,635971.4285714285
1191,575105.2631578947
1192,601582.0895522388
1193,468666.6666666667
1194,1694600.0
1195,1099951.6129032257
1196,1330000.0
1197,928088.8888888889
1198,1664142.857142857
1199,1239539.1521197008
1200,720250.0
1201,975250.0
1202,1647066.6666666667
1203,1239539.1521197008
1204,766065.5737704918
1205,1061500.0
1206,981666.6666666666
1207,745285.7142857143
1208,513681.8181818182
1209,625000.0
1210,1424000.0
1211,758303.4615384615
1212,948500.0
1213,654574.6268656716
1214,739250.0
1215,1832000.0
1216,1692857.142857143
1217,621000.0
1218,1641250.0
1219,889216.6666666666
1220,263677.77777777775
1221,521600.0
1222,1846500.0
1223,760175.0
1224,827600.0
1225,650950.0
1226,726040.625
1227,986250.0
1228,2128962.962962963
1229,551200.0
1230,1239539.1521197008
1231,760175.0
1232,1051600.0
1233,1094500.0
1234,1504000.0
1235,521600.0
1236,483800.0
1237,1183750.0
1238,448681.8181818182
1239,1945000.0
1240,1001300.0
1241,876875.0
1242,1216851.5666666667
1243,596944.4444444445
1244,625000.0
1245,801600.0
1246,1914750.0
1247,1229200.0
1248,889216.6666666666
1249,2940058.692033321
1250,876950.0
1251,1239539.1521197008
1252,758303.4615384615
1253,446700.0
1254,825555.5555555555
1255,1353020.238095238
1256,344500.0
1257,1914750.0
1258,758303.4615384615
1259,387000.0
1260,629428.5714285715
1261,997125.0
1262,1353020.238095238
1263,997500.0
1264,608833.3333333334
1265,2982000.0
1266,1449600.0
1267,538000.0
1268,547683.3333333334
1269,709600.0
1270,760175.0
1271,818428.5714285715
1272,1438662.1621621621
1273,1131000.0
1274,855125.0
1275,682590.9090909091
1276,4279200.0
1277,964166.6666666666
1278,1239539.1521197008
1279,1470833.3333333333
1280,933455.3571428572
1281,2831200.0
1282,1347062.5
1283,2818126.8571428573
1284,855125.0
1285,2164000.0
1286,1353020.238095238
1287,635971.4285714285
1288,1353020.238095238
1289,1239539.1521197008
1290,1239539.1521197008
1291,1656812.5
1292,556166.6666666666
1293,889216.6666666666
1294,1083666.6666666667
1295,972913.0434782609
1296,332200.0
1297,1641250.0
1298,656500.0
1299,927100.0
1300,493750.0
1301,1386250.0
1302,2416800.0
1303,923909.0
1304,2138548.3870967743
1305,1239539.1521197008
1306,2718433.692033321
1307,601582.0895522388
1308,927100.0
1309,622107.1428571428
1310,1132841.75
1311,1353020.238095238
1312,2067500.0
1313,1504000.0
1314,1239539.1521197008
1315,513681.8181818182
1316,876875.0
1317,575105.2631578947
1318,654574.6268656716
1319,582333.3333333334
1320,656500.0
1321,878181.8181818182
1322,262944.44444444444
1323,726040.625
1324,894833.3333333334
1325,738750.0
1326,574075.0
1327,1449600.0
1328,1251350.0
1329,1353020.238095238
1330,1353020.238095238
1331,715437.5
1332,2305250.0
1333,972913.0434782609
1334,647166.6666666666
1335,1438662.1621621621
1336,850400.0
1337,1109583.3333333333
1338,1438662.1621621621
1339,1308727.2727272727
1340,818428.5714285715
1341,573428.5714285715
1342,450050.0
1343,924045.4545454546
1344,928088.8888888889
1345,871962.2950819673
1346,1306428.5714285714
1347,2102500.0
1348,776211.1111111111
1349,1239539.1521197008
1350,712538.4615384615
1351,1858400.0
1352,423583.3333333333
1353,461000.0
1354,827600.0
1355,625214.2857142857
1356,889216.6666666666
1357,930677.0833333334
1358,1031222.2222222222
1359,601582.0895522388
1360,1239539.1521197008
1361,842282.6086956522
1362,469050.0
1363,776211.1111111111
1364,1216851.5666666667
1365,596400.0
1366,1061142.857142857
1367,452833.3333333333
1368,972913.0434782609
1369,1413571.4285714286
1370,901386.3636363636
1371,805500.0
1372,1863888.888888889
1373,948500.0
1374,356800.0
1375,1239539.1521197008
1376,551200.0
1377,871962.2950819673
1378,1022500.0
1379,1353020.238095238
1380,784750.0
1381,1156100.0
1382,776211.1111111111
1383,685843.75
1384,651587.5
1385,654574.6268656716
1386,1470500.0
1387,1312000.0
1388,748500.0
1389,1488875.0
1390,411642.85714285716
1391,745285.7142857143
1392,510333.3333333333
1393,1585000.0
1394,1239539.1521197008
1395,450050.0
1396,1743285.7142857143
1397,869375.0
1398,1132841.75
1399,561625.0
1400,781571.4285714285
1401,593750.0
1402,1132841.75
1403,720250.0
1404,827600.0
1405,684250.0
1406,650950.0
1407,1027250.0
1408,930677.0833333334
1409,1239539.1521197008
1410,923909.0
1411,862000.0
1412,1132841.75
1413,1488875.0
1414,1187750.0
1415,2891111.111111111
1416,657166.6666666666
1417,552812.5
1418,866833.3333333334
1419,903750.0
1420,654574.6268656716
1421,710400.0
1422,3244125.0
1423,1245666.6666666667
1424,826888.8888888889
1425,856000.0
1426,2067500.0
1427,2718433.692033321
1428,654574.6268656716
1429,1353020.238095238
1430,1353020.238095238
1431,592779.4117647059
1432,1927500.0
1433,1353020.238095238
1434,704250.0
1435,712538.4615384615
1436,682125.0
1437,1817833.3333333333
1438,854291.6666666666
1439,1424000.0
1440,448500.0
1441,2351666.6666666665
1442,1156100.0
1443,446700.0
1444,561625.0
1445,458857.14285714284
1446,2221250.0
1447,776211.1111111111
1448,1694000.0
1449,1229444.4444444445
1450,2138548.3870967743
1451,716666.6666666666
1452,654574.6268656716
1453,435285.71428571426
1454,889216.6666666666
1455,1004375.0
1456,1150500.0
1457,1353020.238095238
1458,930677.0833333334
1459,871962.2950819673
1460,756087.5
1461,1132841.75
1462,639625.0
1463,930677.0833333334
1464,1639625.0
1465,674500.0
1466,871962.2950819673
1467,888375.0
1468,1239539.1521197008
1469,1353020.238095238
1470,1239539.1521197008
1471,628800.0
1472,933455.3571428572
1473,1958821.4285714286
1474,713625.0
1475,1239539.1521197008
1476,972913.0434782609
1477,1061142.857142857
1478,561625.0
1479,756087.5
1480,871962.2950819673
1481,1817833.3333333333
1482,1641250.0
1483,760175.0
1484,889216.6666666666
1485,828000.0
1486,802000.0
1487,1353020.238095238
1488,766065.5737704918
1489,558600.0
1490,705000.0
1491,1156100.0
1492,601582.0895522388
1493,682125.0
1494,924045.4545454546
1495,726040.625
1496,1353020.238095238
1497,1239539.1521197008
1498,463142.85714285716
1499,2128962.962962963
1500,1914750.0
1501,632000.0
1502,1239539.1521197008
1503,2118600.0
1504,1914750.0
1505,1131666.6666666667
1506,579750.0
1507,756087.5
1508,889216.6666666666
1509,722666.6666666666
1510,818428.5714285715
1511,1641250.0
1512,514428.5714285714
1513,2480062.5
1514,766065.5737704918
1515,356800.0
1516,894833.3333333334
1517,2138548.3870967743
1518,712538.4615384615
1519,976555.5555555555
1520,1239539.1521197008
1521,1438662.1621621621
1522,1061500.0
1523,1242000.0
1524,997125.0
1525,1229200.0
1526,654574.6268656716
1527,530062.5
1528,889216.6666666666
1529,1239539.1521197008
1530,529571.4285714285
1531,367562.5
1532,1239539.1521197008
1533,889216.6666666666
1534,854291.6666666666
1535,866833.3333333334
1536,1306428.5714285714
1537,1832000.0
1538,1239539.1521197008
1539,805500.0
1540,2046777.7777777778
1541,625214.2857142857
1542,1415888.888888889
1543,684250.0
1544,499000.0
1545,396750.0
1546,759750.0
1547,1131666.6666666667
1548,1099951.6129032257
1549,924045.4545454546
1550,390750.0
1551,1640000.0
1552,1239539.1521197008
1553,1239539.1521197008
1554,704250.0
1555,1694000.0
1556,450050.0
1557,592779.4117647059
1558,1353020.238095238
1559,854291.6666666666
1560,1438662.1621621621
1561,1044375.0
1562,1216851.5666666667
1563,930677.0833333334
1564,1156100.0
1565,866833.3333333334
1566,760175.0
1567,1421500.0
1568,1239539.1521197008
1569,441500.0
1570,2937857.1428571427
1571,1470833.3333333333
1572,2083157.894736842
1573,1239539.1521197008
1574,1798666.6666666667
1575,1353020.238095238
1576,1413571.4285714286
1577,1449600.0
1578,527750.0
1579,818428.5714285715
1580,1312000.0
1581,818428.5714285715
1582,1438662.1621621621
1583,909200.0
1584,1353020.238095238
1585,758200.0
1586,1353020.238095238
1587,1353020.238095238
1588,2412222.222222222
1589,547683.3333333334
1590,928088.8888888889
1591,1694600.0
1592,1132841.75
1593,1153000.0
1594,1914750.0
1595,332166.6666666667
1596,341571.4285714286
1597,985950.0
1598,536187.5
1599,1743285.7142857143
1600,988416.6666666666
1601,1504000.0
1602,1798666.6666666667
1603,350625.0
1604,1239539.1521197008
1605,2232500.0
1606,557388.8888888889
1607,802000.0
1608,654574.6268656716
1609,1132841.75
1610,666250.0
1611,375375.0
1612,1239539.1521197008
1613,886625.0
1614,892800.0
1615,1751416.6666666667
1616,622107.1428571428
1617,889216.6666666666
1618,1239539.1521197008
1619,1239539.1521197008
1620,1353020.238095238
1621,1344166.6666666667
1622,1858400.0
1623,1353020.238095238
1624,1239539.1521197008
1625,445785.71428571426
1626,623450.0
1627,682590.9090909091
1628,669000.0
1629,1132841.75
1630,1216851.5666666667
1631,474000.0
1632,1152500.0
1633,375375.0
1634,1239539.1521197008
1635,1251350.0
1636,699273.6296296297
1637,1239539.1521197008
1638,575105.2631578947
1639,871962.2950819673
1640,1353020.238095238
1641,1216000.0
1642,1257000.0
1643,1849457.142857143
1644,758303.4615384615
1645,651587.5
1646,872000.0
1647,1470500.0
1648,1527277.7777777778
1649,1353020.238095238
1650,1172428.5714285714
1651,878181.8181818182
1652,704888.7777777778
1653,622857.1428571428
1654,748500.0
1655,1239539.1521197008
1656,972913.0434782609
1657,2831200.0
1658,1721000.0
1659,608000.0
1660,2940058.692033321
1661,2389000.0
1662,1131000.0
1663,981666.6666666666
1664,1083666.6666666667
1665,886625.0
1666,933455.3571428572
1667,1132841.75
1668,827600.0
1669,2046777.7777777778
1670,1239539.1521197008
1671,1335388.888888889
1672,474333.3333333333
1673,1556142.857142857
1674,2838333.3333333335
1675,611555.5555555555
1676,876950.0
1677,2718433.692033321
1678,263677.77777777775
1679,961500.0
1680,2169777.777777778
1681,685843.75
1682,699273.6296296297
1683,937166.6666666666
1684,1846500.0
1685,466357.14285714284
1686,1914750.0
1687,1849457.142857143
1688,1099200.0
1689,601582.0895522388
1690,1438662.1621621621
1691,1156100.0
1692,2046777.7777777778
1693,698166.6666666666
1694,1846500.0
1695,876950.0
1696,1560000.0
1697,536187.5
1698,866833.3333333334
1699,1216851.5666666667
1700,682590.9090909091
1701,988416.6666666666
1702,684250.0
1703,694250.0
1704,2718433.692033321
1705,2831200.0
1706,513681.8181818182
1707,1098125.0
1708,1099951.6129032257
1709,872000.0
1710,1239539.1521197008
1711,770600.0
1712,605142.8571428572
1713,602500.0
1714,776211.1111111111
1715,296750.0
1716,878181.8181818182
1717,1132841.75
1718,766065.5737704918
1719,475200.0
1720,1239539.1521197008
1721,1623375.0
1722,1858993.4117647058
1723,621000.0
1724,699273.6296296297
1725,1754617.3840666423
1726,1239539.1521197008
1727,826888.8888888889
1728,889216.6666666666
1729,1212714.2857142857
1730,773458.3333333334
1731,1216851.5666666667
1732,928088.8888888889
1733,854291.6666666666
1734,1239539.1521197008
1735,1087500.0
1736,1656812.5
1737,1183750.0
1738,448681.8181818182
1739,997500.0
1740,366375.0
1741,583000.0
1742,498538.46153846156
1743,527250.0
1744,730000.0
1745,930677.0833333334
1746,779166.6666666666
1747,573428.5714285715
1748,1239539.1521197008
1749,504250.0
1750,2829166.6666666665
1751,1353020.238095238
1752,1657000.0
1753,2750000.0
1754,776211.1111111111
1755,1132841.75
1756,602500.0
1757,1556142.857142857
1758,1662000.0
1759,727562.5
1760,1153000.0
1761,1098125.0
1762,2923125.0
1763,445785.71428571426
1764,555857.1428571428
1765,775000.0
1766,1694600.0
1767,4069687.5
1768,928088.8888888889
1769,1239539.1521197008
1770,789775.7777777778
1771,886100.0
1772,378333.3333333333
1773,2128962.962962963
1774,876875.0
1775,1238928.5714285714
1776,776211.1111111111
1777,871962.2950819673
1778,1109583.3333333333
1779,1239539.1521197008
1780,1290833.3333333333
1781,1239539.1521197008
1782,446700.0
1783,1792000.0
1784,745285.7142857143
1785,758303.4615384615
1786,737000.0
1787,808000.0
1788,726040.625
1789,748500.0
1790,889216.6666666666
1791,448681.8181818182
1792,491625.0
1793,646098.2142857143
1794,2838333.3333333335
1795,911857.1428571428
1796,876950.0
1797,726040.625
1798,1239539.1521197008
1799,1344166.6666666667
1800,833333.3333333334
1801,1027250.0
1802,380781.25
1803,2221250.0
1804,601582.0895522388
1805,964166.6666666666
1806,871962.2950819673
1807,1229444.4444444445
1808,1239539.1521197008
1809,1353020.238095238
1810,2319555.5555555555
1811,1132841.75
1812,601687.5
1813,514428.5714285714
1814,1306428.5714285714
1815,529750.0
1816,885600.0
1817,2923125.0
1818,347464.28571428574
1819,1239539.1521197008
1820,1353020.238095238
1821,1132841.75
1822,1187750.0
1823,1122250.0
1824,513681.8181818182
1825,675285.7142857143
1826,1132841.75
1827,1239539.1521197008
1828,1156100.0
1829,432562.5
1830,1051600.0
1831,1183750.0
1832,1664142.857142857
1833,635971.4285714285
1834,854142.8571428572
1835,551200.0
1836,1239539.1521197008
1837,866833.3333333334
1838,631700.0
1839,842282.6086956522
1840,400400.0
1841,923750.0
1842,2138548.3870967743
1843,1641250.0
1844,976555.5555555555
1845,2138548.3870967743
1846,975250.0
1847,889216.6666666666
1848,654574.6268656716
1849,1353020.238095238
1850,350625.0
1851,403500.0
1852,2449583.3333333335
1853,1977000.0
1854,648500.0
1855,1239539.1521197008
1856,1239539.1521197008
1857,985950.0
1858,981666.6666666666
1859,1016500.0
1860,776211.1111111111
1861,592779.4117647059
1862,352500.0
1863,699273.6296296297
1864,808000.0
1865,557625.0
1866,364000.0
1867,1239539.1521197008
1868,1239539.1521197008
1869,997500.0
1870,390750.0
1871,527750.0
1872,789775.7777777778
1873,1239539.1521197008
1874,600166.6666666666
1875,924045.4545454546
1876,629428.5714285715
1877,381500.0
1878,582333.3333333334
1879,986250.0
1880,1239539.1521197008
1881,828571.4285714285
1882,716666.6666666666
1883,1239539.1521197008
1884,1239539.1521197008
1885,1239539.1521197008
1886,818333.3333333334
1887,1251350.0
1888,675285.7142857143
1889,1488875.0
1890,504250.0
1891,411642.85714285716
1892,805500.0
1893,441500.0
1894,565068.8
1895,1239539.1521197008
1896,513681.8181818182
1897,889216.6666666666
1898,1245666.6666666667
1899,1353020.238095238
1900,1527000.0
1901,1239539.1521197008
1902,674500.0
1903,727562.5
1904,876875.0
1905,511214.28571428574
1906,654574.6268656716
1907,871962.2950819673
1908,630687.5
1909,889216.6666666666
1910,551571.4285714285
1911,1314400.0
1912,2838333.3333333335
1913,1239539.1521197008
1914,514857.14285714284
1915,372916.6666666667
1916,1639625.0
1917,1239539.1521197008
1918,928088.8888888889
1919,514428.5714285714
1920,1930000.0
1921,648857.1428571428
1922,501509.1666666667
1923,1031222.2222222222
1924,680500.0
1925,1213111.111111111
1926,972913.0434782609
1927,871962.2950819673
1928,1061785.7142857143
1929,448681.8181818182
1930,1569166.6666666667
1931,1914750.0
1932,1239539.1521197008
1933,1239539.1521197008
1934,4069687.5
1935,828000.0
1936,556166.6666666666
1937,1239539.1521197008
1938,818333.3333333334
1939,450050.0
1940,476833.3333333333
1941,1817833.3333333333
1942,1051600.0
1943,530062.5
1944,1353020.238095238
1945,601600.0
1946,766065.5737704918
1947,1016500.0
1948,1353020.238095238
1949,1123083.3333333333
1950,1229200.0
1951,2718433.692033321
1952,1858400.0
1953,1817833.3333333333
1954,601582.0895522388
1955,1751416.6666666667
1956,889216.6666666666
1957,2138548.3870967743
1958,592779.4117647059
1959,387000.0
1960,886625.0
1961,923909.0
1962,758303.4615384615
1963,1061785.7142857143
1964,603892.8571428572
1965,352500.0
1966,654574.6268656716
1967,1977000.0
1968,2071500.0
1969,1005250.0
1970,726040.625
1971,988416.6666666666
1972,1438662.1621621621
1973,1239539.1521197008
1974,592779.4117647059
1975,608000.0
1976,608000.0
1977,1849457.142857143
1978,499000.0
1979,924045.4545454546
1980,712538.4615384615
1981,1239539.1521197008
1982,826875.0
1983,1239539.1521197008
1984,469050.0
1985,709600.0
1986,1341400.0
1987,1056125.0
1988,647166.6666666666
1989,1306800.0
1990,1353020.238095238
1991,617562.5
1992,901386.3636363636
1993,1239539.1521197008
1994,1730071.4285714286
1995,1131000.0
1996,758303.4615384615
1997,1239539.1521197008
1998,1353020.238095238
1999,657166.6666666666
2000,935388.8888888889
2001,1486388.888888889
2002,1368200.0
2003,406750.0
2004,332166.6666666667
2005,1886000.0
2006,1863888.888888889
2007,1239539.1521197008
2008,1245666.6666666667
2009,622107.1428571428
2010,463142.85714285716
2011,835562.5
2012,1239539.1521197008
2013,775000.0
2014,1083666.6666666667
2015,2169777.777777778
2016,582333.3333333334
2017,592779.4117647059
2018,1381250.0
2019,1226777.7777777778
2020,1754617.3840666423
2021,509142.85714285716
2022,514428.5714285714
2023,625214.2857142857
2024,964500.0
2025,715437.5
2026,2314500.0
2027,739250.0
2028,654574.6268656716
2029,530062.5
2030,727214.2857142857
2031,2169777.777777778
2032,726040.625
2033,933455.3571428572
2034,501666.6666666667
2035,356800.0
2036,924045.4545454546
2037,935388.8888888889
2038,1556375.0
2039,972913.0434782609
2040,561000.0
2041,802000.0
2042,1927500.0
2043,510333.3333333333
2044,1527000.0
2045,551200.0
2046,924045.4545454546
2047,2923125.0
2048,1330000.0
2049,514857.14285714284
2050,715437.5
2051,1239539.1521197008
2052,1239539.1521197008
2053,1368200.0
2054,2829166.6666666665
2055,1308727.2727272727
2056,2524000.0
2057,650950.0
2058,1479256.5714285714
2059,500625.0
2060,889216.6666666666
2061,734250.0
2062,530062.5
2063,501509.1666666667
2064,1353020.238095238
2065,452833.3333333333
2066,1239539.1521197008
2067,1132841.75
2068,866833.3333333334
2069,2838333.3333333335
2070,1267800.0
2071,551200.0
2072,775000.0
2073,1858993.4117647058
2074,981666.6666666666
2075,854291.6666666666
2076,547683.3333333334
2077,1239539.1521197008
2078,1353020.238095238
2079,575105.2631578947
2080,758303.4615384615
2081,871962.2950819673
2082,1330000.0
2083,716666.6666666666
2084,1344166.6666666667
2085,654574.6268656716
2086,923000.0
2087,699273.6296296297
2088,889216.6666666666
2089,1229444.4444444445
2090,378333.3333333333
2091,1798666.6666666667
2092,735562.5
2093,1132841.75
2094,613519.7142857143
2095,878181.8181818182
2096,1306800.0
2097,1016500.0
2098,862000.0
2099,575105.2631578947
2100,828000.0
2101,871962.2950819673
2102,909200.0
2103,1239539.1521197008
2104,766065.5737704918
2105,1211562.5
2106,669000.0
2107,1486388.888888889
2108,1858400.0
2109,878181.8181818182
2110,924045.4545454546
2111,1172428.5714285714
2112,889216.6666666666
2113,547683.3333333334
2114,579875.0
2115,556166.6666666666
2116,1308727.2727272727
2117,1174250.0
2118,866833.3333333334
2119,1561600.0
2120,682590.9090909091
2121,988416.6666666666
2122,972913.0434782609
2123,1330000.0
2124,1239539.1521197008
2125,1239539.1521197008
2126,2770000.0
2127,890937.5
2128,930677.0833333334
2129,890937.5
2130,493750.0
2131,1239539.1521197008
2132,726040.625
2133,1211562.5
2134,833333.3333333334
2135,537416.6666666666
2136,1239539.1521197008
2137,631700.0
2138,1239539.1521197008
2139,2743666.6666666665
2140,1239539.1521197008
2141,850400.0
2142,890937.5
2143,1080285.7142857143
2144,332000.0
2145,713625.0
2146,537416.6666666666
2147,1849457.142857143
2148,1545444.4444444445
2149,1619625.0
2150,720250.0
2151,2838333.3333333335
2152,2524000.0
2153,758303.4615384615
2154,993571.4285714285
2155,684250.0
2156,704888.7777777778
2157,654574.6268656716
2158,1308727.2727272727
2159,679142.8571428572
2160,1257000.0
2161,726040.625
2162,1229444.4444444445
2163,530062.5
2164,439714.28571428574
2165,1631166.6666666667
2166,2138548.3870967743
2167,621000.0
2168,366375.0
2169,448681.8181818182
2170,1143750.0
2171,1132841.75
2172,1479256.5714285714
2173,592779.4117647059
2174,632000.0
2175,1251350.0
2176,1132841.75
2177,419900.0
2178,679142.8571428572
2179,758303.4615384615
2180,2940058.692033321
2181,498538.46153846156
2182,1239539.1521197008
2183,730600.0
2184,1230875.0
2185,776211.1111111111
2186,647166.6666666666
2187,2351666.6666666665
2188,632000.0
2189,530062.5
2190,1561600.0
2191,448681.8181818182
2192,1239539.1521197008
2193,1326714.2857142857
2194,529750.0
2195,1730071.4285714286
2196,603892.8571428572
2197,928088.8888888889
2198,1792000.0
2199,1163000.0
2200,1239539.1521197008
2201,766065.5737704918
2202,776211.1111111111
2203,1527277.7777777778
2204,969957.1428571428
2205,773458.3333333334
2206,387000.0
2207,946312.5
2208,1239539.1521197008
2209,699273.6296296297
2210,491625.0
2211,632000.0
2212,393583.3333333333
2213,699273.6296296297
2214,1721000.0
2215,393583.3333333333
2216,1930000.0
2217,375375.0
2218,712538.4615384615
2219,1883833.3333333333
2220,716750.0
2221,562750.0
2222,2923125.0
2223,1488875.0
2224,1265400.0
2225,827600.0
2226,1930000.0
2227,499000.0
2228,1751416.6666666667
2229,635971.4285714285
2230,871962.2950819673
2231,2838333.3333333335
2232,1631166.6666666667
2233,1174250.0
2234,579750.0
2235,635971.4285714285
2236,1785833.3333333333
2237,2138548.3870967743
2238,866833.3333333334
2239,1512000.0
2240,601582.0895522388
2241,601582.0895522388
2242,381500.0
2243,1479256.5714285714
2244,766065.5737704918
2245,1353020.238095238
2246,1470833.3333333333
2247,758303.4615384615
2248,911857.1428571428
2249,387000.0
2250,1187750.0
2251,740071.4285714285
2252,1479256.5714285714
2253,738750.0
2254,1792000.0
2255,1619625.0
2256,712538.4615384615
2257,1167500.0
2258,946312.5
2259,1135200.0
2260,1211562.5
2261,739250.0
2262,776211.1111111111
2263,529571.4285714285
2264,654574.6268656716
2265,463142.85714285716
2266,1239539.1521197008
2267,2067500.0
2268,1001300.0
2269,1353020.238095238
2270,1132841.75
2271,623450.0
2272,608000.0
2273,684500.0
2274,862000.0
2275,889216.6666666666
2276,924045.4545454546
2277,758303.4615384615
2278,1239539.1521197008
2279,699273.6296296297
2280,2831200.0
2281,469050.0
2282,964166.6666666666
2283,933455.3571428572
2284,972913.0434782609
2285,818333.3333333334
2286,889216.6666666666
2287,601582.0895522388
2288,682125.0
2289,1504000.0
2290,1132841.75
2291,1260000.0
2292,1239539.1521197008
2293,826875.0
2294,850400.0
2295,693750.0
2296,1239539.1521197008
2297,889216.6666666666
2298,886100.0
2299,1239539.1521197008
2300,1061500.0
2301,514428.5714285714
2302,1927500.0
2303,758200.0
2304,1353020.238095238
2305,826875.0
2306,756087.5
2307,748500.0
2308,1056125.0
2309,756087.5
2310,513681.8181818182
2311,924045.4545454546
2312,928088.8888888889
2313,878181.8181818182
2314,1958821.4285714286
2315,835562.5
2316,1415888.888888889
2317,1091500.0
2318,933455.3571428572
2319,1187750.0
2320,1849457.142857143
2321,923909.0
2322,730600.0
2323,997125.0
2324,712538.4615384615
2325,2750000.0
2326,933455.3571428572
2327,601582.0895522388
2328,469050.0
2329,766065.5737704918
2330,682590.9090909091
2331,889216.6666666666
2332,1083666.6666666667
2333,745285.7142857143
2334,1479256.5714285714
2335,871962.2950819673
2336,842282.6086956522
2337,981666.6666666666
2338,937166.6666666666
2339,1132841.75
2340,707166.6666666666
2341,1656812.5
2342,1308727.2727272727
2343,1239539.1521197008
2344,1239539.1521197008
2345,1556142.857142857
2346,1353020.238095238
2347,781666.6666666666
2348,378333.3333333333
2349,2838333.3333333335
2350,411642.85714285716
2351,621000.0
2352,866833.3333333334
2353,408357.14285714284
2354,776211.1111111111
2355,453400.0
2356,1156100.0
2357,458857.14285714284
2358,573428.5714285715
2359,1087500.0
2360,1545444.4444444445
2361,332000.0
2362,712538.4615384615
2363,2480062.5
2364,338357.14285714284
2365,1785833.3333333333
2366,1239539.1521197008
2367,646098.2142857143
2368,4808000.0
2369,2083157.894736842
2370,513681.8181818182
2371,756087.5
2372,712538.4615384615
2373,2305250.0
2374,726040.625
2375,756087.5
2376,871962.2950819673
2377,699273.6296296297
2378,776211.1111111111
2379,659300.0
2380,801600.0
2381,1239539.1521197008
2382,766065.5737704918
2383,924045.4545454546
2384,529750.0
2385,933455.3571428572
2386,1098125.0
2387,1883833.3333333333
2388,1099951.6129032257
2389,439714.28571428574
2390,592779.4117647059
2391,521600.0
2392,1099951.6129032257
2393,1556375.0
2394,1665000.0
2395,1099200.0
2396,565068.8
2397,1694600.0
2398,705000.0
2399,1055000.0
2400,1353020.238095238
2401,1641250.0
2402,735562.5
2403,1229444.4444444445
2404,501509.1666666667
2405,514428.5714285714
2406,396750.0
2407,601582.0895522388
2408,445785.71428571426
2409,1239539.1521197008
2410,1353020.238095238
2411,592779.4117647059
2412,1438662.1621621621
2413,1239539.1521197008
2414,698166.6666666666
2415,930677.0833333334
2416,448681.8181818182
2417,1849457.142857143
2418,2524000.0
2419,1619625.0
2420,575105.2631578947
2421,625000.0
2422,1694000.0
2423,445785.71428571426
2424,712538.4615384615
2425,2076375.0
2426,1353020.238095238
2427,458857.14285714284
2428,608833.3333333334
2429,2351666.6666666665
2430,1368200.0
2431,423583.3333333333
2432,1214000.0
2433,1326714.2857142857
2434,490250.0
2435,2718433.692033321
2436,1098125.0
2437,499000.0
2438,1832000.0
2439,1123083.3333333333
2440,809712.5
2441,699273.6296296297
2442,647166.6666666666
2443,1504000.0
2444,1239539.1521197008
2445,458857.14285714284
2446,762363.6363636364
2447,403500.0
2448,1858993.4117647058
2449,504250.0
2450,871962.2950819673
2451,913200.0
2452,643375.0
2453,1631166.6666666667
2454,378333.3333333333
2455,375375.0
2456,1238928.5714285714
2457,491625.0
2458,938500.0
2459,1504000.0
2460,758303.4615384615
2461,704250.0
2462,573428.5714285715
2463,909200.0
2464,1163000.0
2465,1238928.5714285714
2466,1308727.2727272727
2467,677800.0
2468,2138548.3870967743
2469,1239539.1521197008
2470,650950.0
2471,2646666.6666666665
2472,2164000.0
2473,498538.46153846156
2474,556166.6666666666
2475,685843.75
2476,2351666.6666666665
2477,1312000.0
2478,1239539.1521197008
2479,923750.0
2480,1353020.238095238
2481,2351666.6666666665
2482,1132841.75
2483,1187750.0
2484,766065.5737704918
2485,1087500.0
2486,439583.3333333333
2487,1239539.1521197008
2488,1353020.238095238
2489,378333.3333333333
2490,1631166.6666666667
2491,933455.3571428572
2492,1239539.1521197008
2493,923909.0
2494,1743285.7142857143
2495,541300.0
2496,514428.5714285714
2497,1132841.75
2498,621000.0
2499,1312000.0
2500,651500.0
2501,439571.4285714286
2502,1099951.6129032257
2503,713625.0
2504,739250.0
2505,605142.8571428572
2506,682125.0
2507,1132841.75
2508,1631166.6666666667
2509,601582.0895522388
2510,458857.14285714284
2511,498538.46153846156
2512,886100.0
2513,501509.1666666667
2514,842282.6086956522
2515,1453571.4285714286
2516,682590.9090909091
2517,886100.0
2518,758303.4615384615
2519,625214.2857142857
2520,1849457.142857143
2521,759250.0
2522,1147833.3333333333
2523,1239539.1521197008
2524,1415888.888888889
2525,499000.0
2526,521600.0
2527,1656812.5
2528,902500.0
2529,1347062.5
2530,514428.5714285714
2531,654574.6268656716
2532,1460000.0
2533,2416800.0
2534,1631166.6666666667
2535,1353020.238095238
2536,1239539.1521197008
2537,654574.6268656716
2538,1156100.0
2539,530062.5
2540,538000.0
2541,762363.6363636364
2542,1330000.0
2543,1903062.5
2544,805500.0
2545,1239539.1521197008
2546,1091500.0
2547,756087.5
2548,1487083.3333333333
2549,1353020.238095238
2550,938500.0
2551,1239539.1521197008
2552,1132841.75
2553,956250.0
2554,923909.0
2555,712538.4615384615
2556,1958821.4285714286
2557,530062.5
2558,1027250.0
2559,263677.77777777775
2560,384111.1111111111
2561,842282.6086956522
2562,1229444.4444444445
2563,1353020.238095238
2564,387000.0
2565,707166.6666666666
2566,826875.0
2567,441500.0
2568,889216.6666666666
2569,1239539.1521197008
2570,344500.0
2571,2169777.777777778
2572,356800.0
2573,1239539.1521197008
2574,1368200.0
2575,1308727.2727272727
2576,913200.0
2577,622857.1428571428
2578,448681.8181818182
2579,1858400.0
2580,474333.3333333333
2581,1158250.0
2582,762363.6363636364
2583,1239539.1521197008
2584,762363.6363636364
2585,710400.0
2586,1056125.0
2587,1353020.238095238
2588,1056125.0
2589,1132841.75
2590,1091500.0
2591,608833.3333333334
2592,378333.3333333333
2593,923600.0
2594,1863888.888888889
2595,529571.4285714285
2596,575105.2631578947
2597,1123083.3333333333
2598,1591250.0
2599,1239539.1521197008
2600,541700.0
2601,704888.7777777778
2602,1792000.0
2603,1061500.0
2604,871962.2950819673
2605,1656812.5
2606,981666.6666666666
2607,773458.3333333334
2608,601687.5
2609,601582.0895522388
2610,2221250.0
2611,1353020.238095238
2612,1044375.0
2613,866833.3333333334
2614,1239539.1521197008
2615,1132841.75
2616,630687.5
2617,1132841.75
2618,493750.0
2619,871962.2950819673
2620,647166.6666666666
2621,878181.8181818182
2622,364000.0
2623,601582.0895522388
2624,699273.6296296297
2625,1665000.0
2626,889216.6666666666
2627,1479256.5714285714
2628,1239539.1521197008
2629,1641250.0
2630,924045.4545454546
2631,913200.0
2632,1187750.0
2633,2305250.0
2634,1488875.0
2635,1239539.1521197008
2636,1122250.0
2637,871962.2950819673
2638,1132841.75
2639,465166.6666666667
2640,889216.6666666666
2641,332166.6666666667
2642,842282.6086956522
2643,2829166.6666666665
2644,1239539.1521197008
2645,923909.0
2646,1353020.238095238
2647,716750.0
2648,718277.7777777778
2649,466357.14285714284
2650,1353020.238095238
2651,716666.6666666666
2652,682590.9090909091
2653,933455.3571428572
2654,2138548.3870967743
2655,1216851.5666666667
2656,625000.0
2657,930677.0833333334
2658,1353020.238095238
2659,2138548.3870967743
2660,2940058.692033321
2661,2091250.0
2662,781571.4285714285
2663,1131000.0
2664,375375.0
2665,1123083.3333333333
2666,1647066.6666666667
2667,654574.6268656716
2668,2818126.8571428573
2669,406750.0
2670,826875.0
2671,1238928.5714285714
2672,1290833.3333333333
2673,491625.0
2674,1239539.1521197008
2675,1330000.0
2676,448681.8181818182
2677,889216.6666666666
2678,1239539.1521197008
2679,621000.0
2680,928088.8888888889
2681,930677.0833333334
2682,350625.0
2683,1743285.7142857143
2684,1353020.238095238
2685,713625.0
2686,758303.4615384615
2687,469050.0
2688,766065.5737704918
2689,901386.3636363636
2690,1326714.2857142857
2691,1123083.3333333333
2692,889216.6666666666
2693,1157000.0
2694,1212714.2857142857
2695,1665000.0
2696,828000.0
2697,1619625.0
2698,2067500.0
2699,2232500.0
2700,527250.0
2701,1585000.0
2702,923909.0
2703,285125.0
2704,825555.5555555555
2705,521600.0
2706,1109583.3333333333
2707,1132841.75
2708,1566500.0
2709,598125.0
2710,1754617.3840666423
2711,901386.3636363636
2712,4069687.5
2713,4808000.0
2714,1569166.6666666667
2715,889216.6666666666
2716,1858993.4117647058
2717,1438662.1621621621
2718,601582.0895522388
2719,603892.8571428572
2720,1483000.0
2721,1665000.0
2722,1005250.0
2723,2982000.0
2724,2232500.0
2725,1216851.5666666667
2726,601582.0895522388
2727,654574.6268656716
2728,1044375.0
2729,1353020.238095238
2730,1132841.75
2731,1239539.1521197008
2732,1640000.0
2733,1239539.1521197008
2734,592779.4117647059
2735,1449600.0
2736,1694000.0
2737,1132841.75
2738,632000.0
2739,784750.0
2740,699273.6296296297
2741,722666.6666666666
2742,2829166.6666666665
2743,745285.7142857143
2744,632000.0
2745,1840166.6666666667
2746,1245666.6666666667
2747,1004375.0
2748,562750.0
2749,1132841.75
2750,514428.5714285714
2751,452833.3333333333
2752,598125.0
2753,866833.3333333334
2754,842282.6086956522
2755,1438662.1621621621
2756,972913.0434782609
2757,601582.0895522388
2758,1353020.238095238
2759,1308727.2727272727
2760,514857.14285714284
2761,1239539.1521197008
2762,973571.4285714285
2763,2083157.894736842
2764,1131666.6666666667
2765,553500.0
2766,1150500.0
2767,2891111.111111111
2768,1239539.1521197008
2769,1187750.0
2770,1156100.0
2771,831200.0
2772,458857.14285714284
2773,509142.85714285716
2774,1239539.1521197008
2775,727214.2857142857
2776,2091250.0
2777,685843.75
2778,466357.14285714284
2779,1239539.1521197008
2780,1556375.0
2781,1051600.0
2782,1239539.1521197008
2783,1849457.142857143
2784,501509.1666666667
2785,693750.0
2786,2818126.8571428573
2787,504250.0
2788,1239539.1521197008
2789,630687.5
2790,1438662.1621621621
2791,1239539.1521197008
2792,622107.1428571428
2793,1664142.857142857
2794,375375.0
2795,452833.3333333333
2796,1849457.142857143
2797,1239539.1521197008
2798,889216.6666666666
2799,596400.0
2800,1239539.1521197008
2801,513681.8181818182
2802,1639625.0
2803,1504000.0
2804,446700.0
2805,1977000.0
2806,2083157.894736842
2807,1405333.3333333333
2808,592779.4117647059
2809,482214.28571428574
2810,727214.2857142857
2811,608833.3333333334
2812,1132841.75
2813,1353020.238095238
2814,448681.8181818182
2815,1353020.238095238
2816,1239539.1521197008
2817,1306800.0
2818,2524000.0
2819,332200.0
2820,600166.6666666666
2821,871962.2950819673
2822,1030200.0
2823,776211.1111111111
2824,766065.5737704918
2825,924045.4545454546
2826,826875.0
2827,1187750.0
2828,2982000.0
2829,601582.0895522388
2830,1226777.7777777778
2831,622107.1428571428
2832,629428.5714285715
2833,581000.0
2834,1239539.1521197008
2835,2138548.3870967743
2836,632000.0
2837,1742200.0
2838,872000.0
2839,521600.0
2840,1239539.1521197008
2841,1743285.7142857143
2842,1353020.238095238
2843,1424000.0
2844,296750.0
2845,521600.0
2846,2138548.3870967743
2847,1353020.238095238
2848,608833.3333333334
2849,1353020.238095238
2850,2067500.0
2851,981666.6666666666
2852,1132841.75
2853,646098.2142857143
2854,332000.0
2855,2128962.962962963
2856,1849457.142857143
2857,1099951.6129032257
2858,756087.5
2859,1353020.238095238
2860,602500.0
2861,1623375.0
2862,1405333.3333333333
2863,2718433.692033321
2864,556166.6666666666
2865,537416.6666666666
2866,378083.3333333333
2867,1405333.3333333333
2868,529571.4285714285
2869,1353020.238095238
2870,862000.0
2871,748333.3333333334
2872,1914750.0
2873,2305250.0
2874,1132841.75
2875,946312.5
2876,1353020.238095238
2877,1312000.0
2878,1239539.1521197008
2879,378333.3333333333
2880,849000.0
2881,601687.5
2882,406750.0
2883,758303.4615384615
2884,1239539.1521197008
2885,776211.1111111111
2886,1886000.0
2887,656500.0
2888,770600.0
2889,393583.3333333333
2890,601916.6666666666
2891,1353020.238095238
2892,775000.0
2893,622107.1428571428
2894,1424000.0
2895,2314500.0
2896,1239539.1521197008
2897,514857.14285714284
2898,1239539.1521197008
2899,933455.3571428572
2900,776211.1111111111
2901,1849457.142857143
2902,601600.0
2903,1051600.0
2904,1886000.0
2905,622107.1428571428
2906,519000.0
2907,1156100.0
2908,621000.0
2909,931600.0
2910,1353020.238095238
2911,2770000.0
2912,530062.5
2913,439583.3333333333
2914,1640000.0
2915,1239539.1521197008
2916,1656812.5
2917,748500.0
2918,685843.75
2919,758303.4615384615
2920,1438662.1621621621
2921,762363.6363636364
2922,928088.8888888889
2923,378083.3333333333
2924,760175.0
2925,961500.0
2926,866833.3333333334
2927,1212714.2857142857
2928,650950.0
2929,776211.1111111111
2930,1353020.238095238
2931,770600.0
2932,1903062.5
2933,1216851.5666666667
2934,659300.0
2935,654574.6268656716
2936,406750.0
2937,504250.0
2938,871962.2950819673
2939,1260000.0
2940,1091500.0
2941,1353020.238095238
2942,931600.0
2943,800625.0
2944,889216.6666666666
2945,1840166.6666666667
2946,1976250.0
2947,608833.3333333334
2948,496000.0
2949,601687.5
2950,737000.0
2951,1239539.1521197008
2952,2750000.0
2953,923909.0
2954,740071.4285714285
2955,448681.8181818182
2956,1004375.0
2957,432250.0
2958,886625.0
2959,758200.0
2960,1132841.75
2961,685843.75
2962,737200.0
2963,827600.0
2964,1131666.6666666667
2965,758303.4615384615
2966,778500.0
2967,441500.0
2968,1353020.238095238
2969,946312.5
2970,830600.0
2971,555857.1428571428
2972,1109583.3333333333
2973,1353020.238095238
2974,718277.7777777778
2975,1239539.1521197008
2976,1239539.1521197008
2977,776211.1111111111
2978,674500.0
2979,1631166.6666666667
2980,1405333.3333333333
2981,1449600.0
2982,2046777.7777777778
2983,474333.3333333333
2984,514857.14285714284
2985,871962.2950819673
2986,776211.1111111111
2987,378400.0
2988,1239539.1521197008
2989,1239539.1521197008
2990,1229444.4444444445
2991,1694000.0
2992,347464.28571428574
2993,601582.0895522388
2994,1694000.0
2995,1150500.0
2996,775000.0
2997,1239539.1521197008
2998,1098125.0
2999,504250.0
3000,2716250.0
3001,1239539.1521197008
3002,1353020.238095238
3003,654574.6268656716
3004,2314500.0
3005,852187.5
3006,1639625.0
3007,871962.2950819673
3008,2770000.0
3009,551571.4285714285
3010,682590.9090909091
3011,923909.0
3012,621000.0
3013,1353020.238095238
3014,781571.4285714285
3015,475200.0
3016,1098125.0
3017,760175.0
3018,446700.0
3019,1239539.1521197008
3020,474333.3333333333
3021,756087.5
3022,468666.6666666667
3023,629428.5714285715
3024,408357.14285714284
3025,1560000.0
3026,608000.0
3027,1353020.238095238
3028,4069687.5
3029,709600.0
3030,631000.0
3031,976555.5555555555
3032,924045.4545454546
3033,1239539.1521197008
3034,1005250.0
3035,349428.5714285714
3036,628800.0
3037,1239539.1521197008
3038,1413571.4285714286
3039,1560000.0
3040,475200.0
3041,2138548.3870967743
3042,716666.6666666666
3043,601582.0895522388
3044,739250.0
3045,1214000.0
3046,1415888.888888889
3047,852187.5
3048,842282.6086956522
3049,1927500.0
3050,432562.5
3051,1132841.75
3052,718277.7777777778
3053,705100.0
3054,452833.3333333333
3055,435285.71428571426
3056,1569166.6666666667
3057,1353020.238095238
3058,1840166.6666666667
3059,1096500.0
3060,762363.6363636364
3061,800625.0
3062,445785.71428571426
3063,1131000.0
3064,556166.6666666666
3065,2818126.8571428573
3066,705100.0
3067,842282.6086956522
3068,1143750.0
3069,2923125.0
3070,889216.6666666666
3071,1849457.142857143
3072,605142.8571428572
3073,1694600.0
3074,673750.0
3075,513681.8181818182
3076,2118600.0
3077,701000.0
3078,1353020.238095238
3079,889216.6666666666
3080,654574.6268656716
3081,686400.0
3082,601582.0895522388
3083,490250.0
3084,403500.0
3085,1460000.0
3086,1150500.0
3087,1099951.6129032257
3088,1368200.0
3089,889216.6666666666
3090,855125.0
3091,776211.1111111111
3092,1239539.1521197008
3093,629428.5714285715
3094,1239539.1521197008
3095,766065.5737704918
3096,854291.6666666666
3097,818428.5714285715
3098,930677.0833333334
3099,685843.75
3100,2138548.3870967743
3101,448681.8181818182
3102,758303.4615384615
3103,2585000.0
3104,981666.6666666666
3105,1849457.142857143
3106,1239539.1521197008
3107,933455.3571428572
3108,1353020.238095238
3109,408357.14285714284
3110,445785.71428571426
3111,775000.0
3112,1045000.0
3113,1641250.0
3114,889216.6666666666
3115,737200.0
3116,439714.28571428574
3117,629428.5714285715
3118,1230875.0
3119,521600.0
3120,659300.0
3121,2164000.0
3122,601582.0895522388
3123,1239539.1521197008
3124,435285.71428571426
3125,2138548.3870967743
3126,776211.1111111111
3127,2937857.1428571427
3128,726040.625
3129,1656812.5
3130,813562.625
3131,1153000.0
3132,1239539.1521197008
3133,1153000.0
3134,1132841.75
3135,509142.85714285716
3136,1495800.0
3137,1341400.0
3138,946200.0
3139,2128962.962962963
3140,1326714.2857142857
3141,2838333.3333333335
3142,1858993.4117647058
3143,1958821.4285714286
3144,718555.5555555555
3145,2319555.5555555555
3146,643375.0
3147,1091500.0
3148,871962.2950819673
3149,1347062.5
3150,1239539.1521197008
3151,601582.0895522388
3152,582333.3333333334
3153,1344166.6666666667
3154,1239539.1521197008
3155,613519.7142857143
3156,2412222.222222222
3157,924045.4545454546
3158,1344166.6666666667
3159,933455.3571428572
3160,1479256.5714285714
3161,2169777.777777778
3162,562750.0
3163,349428.5714285714
3164,1239539.1521197008
3165,1091500.0
3166,871962.2950819673
3167,849000.0
3168,1353020.238095238
3169,1132841.75
3170,1335388.888888889
3171,2201750.0
3172,1662000.0
3173,762363.6363636364
3174,1132841.75
3175,1453571.4285714286
3176,350625.0
3177,928088.8888888889
3178,730600.0
3179,1156100.0
3180,1132841.75
3181,931600.0
3182,432250.0
3183,842282.6086956522
3184,613519.7142857143
3185,852187.5
3186,973571.4285714285
3187,1239539.1521197008
3188,1239539.1521197008
3189,835562.5
3190,1239539.1521197008
3191,1886000.0
3192,862000.0
3193,1239539.1521197008
3194,557625.0
3195,387000.0
3196,1863888.888888889
3197,1754617.3840666423
3198,1504000.0
3199,1239539.1521197008
3200,699273.6296296297
3201,704888.7777777778
3202,776211.1111111111
3203,1245666.6666666667
3204,1123083.3333333333
3205,1353020.238095238
3206,592779.4117647059
3207,519666.6666666667
3208,1109583.3333333333
3209,770600.0
3210,439571.4285714286
3211,575105.2631578947
3212,654574.6268656716
3213,1239539.1521197008
3214,1347062.5
3215,1883833.3333333333
3216,2083157.894736842
3217,1056125.0
3218,2412222.222222222
3219,1061142.857142857
3220,1353020.238095238
3221,1239539.1521197008
3222,356800.0
3223,442166.6666666667
3224,716750.0
3225,1780000.0
3226,561625.0
3227,1239539.1521197008
3228,625000.0
3229,1353020.238095238
3230,889216.6666666666
3231,889216.6666666666
3232,833333.3333333334
3233,1163000.0
3234,1132841.75
3235,1619625.0
3236,347464.28571428574
3237,1335388.888888889
3238,573428.5714285715
3239,1150500.0
3240,519000.0
3241,1556375.0
3242,2831200.0
3243,2067500.0
3244,1353020.238095238
3245,1044375.0
3246,648857.1428571428
3247,396750.0
3248,387000.0
3249,1344166.6666666667
3250,908285.7142857143
3251,1504000.0
3252,1977000.0
3253,699273.6296296297
3254,2718433.692033321
3255,784750.0
3256,631700.0
3257,2128962.962962963
3258,496000.0
3259,964500.0
3260,1157000.0
3261,441500.0
3262,463142.85714285716
3263,930677.0833333334
3264,2838333.3333333335
3265,801600.0
3266,961500.0
3267,866833.3333333334
3268,450050.0
3269,699273.6296296297
3270,488750.0
3271,1479256.5714285714
3272,759250.0
3273,3244125.0
3274,704888.7777777778
3275,1132841.75
3276,1353020.238095238
3277,557388.8888888889
3278,381500.0
3279,1353020.238095238
3280,889216.6666666666
3281,2239428.5714285714
3282,521411.1111111111
3283,760175.0
3284,602500.0
3285,2067500.0
3286,1308727.2727272727
3287,813562.625
3288,1239539.1521197008
3289,871962.2950819673
3290,773458.3333333334
3291,1353020.238095238
3292,986250.0
3293,716666.6666666666
3294,452833.3333333333
3295,657166.6666666666
3296,352500.0
3297,848750.0
3298,762363.6363636364
3299,1132841.75
3300,1858993.4117647058
3301,450050.0
3302,1883833.3333333333
3303,1860000.0
3304,818333.3333333334
3305,1863888.888888889
3306,561000.0
3307,1545444.4444444445
3308,705100.0
3309,828571.4285714285
3310,712538.4615384615
3311,737200.0
3312,685843.75
3313,1239539.1521197008
3314,3244125.0
3315,886100.0
3316,674500.0
3317,826875.0
3318,924045.4545454546
3319,854142.8571428572
3320,1470500.0
3321,622107.1428571428
3322,1187750.0
3323,2469166.6666666665
3324,1353020.238095238
3325,1798666.6666666667
3326,1665000.0
3327,1656812.5
3328,338357.14285714284
3329,1479256.5714285714
3330,263677.77777777775
3331,972913.0434782609
3332,375375.0
3333,680500.0
3334,1561600.0
3335,596400.0
3336,338357.14285714284
3337,1214000.0
3338,1353020.238095238
3339,2469166.6666666665
3340,1132841.75
3341,450050.0
3342,1326714.2857142857
3343,1239539.1521197008
3344,756087.5
3345,1556142.857142857
3346,813333.3333333334
3347,336800.0
3348,2169777.777777778
3349,1239539.1521197008
3350,501666.6666666667
3351,1229200.0
3352,608833.3333333334
3353,1449600.0
3354,1566500.0
3355,1132841.75
3356,1619625.0
3357,520250.0
3358,1665000.0
3359,692875.0
3360,1239539.1521197008
3361,1123083.3333333333
3362,1512000.0
3363,739250.0
3364,1353020.238095238
3365,666250.0
3366,928088.8888888889
3367,727214.2857142857
3368,886100.0
3369,648500.0
3370,496687.625
3371,1239539.1521197008
3372,727562.5
3373,1656812.5
3374,648500.0
3375,1849457.142857143
3376,1239539.1521197008
3377,1353020.238095238
3378,1780000.0
3379,411642.85714285716
3380,1087500.0
3381,439583.3333333333
3382,901386.3636363636
3383,927100.0
3384,393583.3333333333
3385,766065.5737704918
3386,1785833.3333333333
3387,712538.4615384615
3388,1051600.0
3389,928088.8888888889
3390,628800.0
3391,776211.1111111111
3392,748333.3333333334
3393,465166.6666666667
3394,547683.3333333334
3395,643375.0
3396,403500.0
3397,1226777.7777777778
3398,1027250.0
3399,406750.0
3400,1239539.1521197008
3401,1239539.1521197008
3402,2416800.0
3403,558600.0
3404,923000.0
3405,1335388.888888889
3406,766065.5737704918
3407,466357.14285714284
3408,1239539.1521197008
3409,1927500.0
3410,871962.2950819673
3411,1239539.1521197008
3412,1619625.0
3413,756087.5
3414,2937857.1428571427
3415,601600.0
3416,1353020.238095238
3417,1945000.0
3418,506333.3333333333
3419,1353020.238095238
3420,1132841.75
3421,1308727.2727272727
3422,748500.0
3423,574075.0
3424,866833.3333333334
3425,1099951.6129032257
3426,491625.0
3427,1239539.1521197008
3428,1239539.1521197008
3429,1285444.4444444445
3430,453400.0
3431,513681.8181818182
3432,622107.1428571428
3433,561000.0
3434,850400.0
3435,450050.0
3436,506333.3333333333
3437,727562.5
3438,923750.0
3439,3875000.0
3440,684500.0
3441,1792000.0
3442,694250.0
3443,308125.0
3444,439583.3333333333
3445,826888.8888888889
3446,1792000.0
3447,889216.6666666666
3448,338357.14285714284
3449,1239539.1521197008
3450,716666.6666666666
3451,332200.0
3452,818428.5714285715
3453,2102500.0
3454,871962.2950819673
3455,1903062.5
3456,632000.0
3457,1132841.75
3458,557388.8888888889
3459,2128962.962962963
3460,1470500.0
3461,1044375.0
3462,608000.0
3463,675285.7142857143
3464,669000.0
3465,1335388.888888889
3466,699273.6296296297
3467,756087.5
3468,1239539.1521197008
3469,1431500.0
3470,848750.0
3471,439571.4285714286
3472,1158250.0
3473,654574.6268656716
3474,551571.4285714285
3475,551571.4285714285
3476,1229444.4444444445
3477,1229444.4444444445
3478,356800.0
3479,1004375.0
3480,375375.0
3481,654574.6268656716
3482,1239539.1521197008
3483,1239539.1521197008
3484,1132841.75
3485,686200.0
3486,1239539.1521197008
3487,2046777.7777777778
3488,933455.3571428572
3489,650950.0
3490,1251350.0
3491,1135200.0
3492,1353020.238095238
3493,617562.5
3494,1290833.3333333333
3495,1099200.0
3496,557625.0
3497,1798666.6666666667
3498,1353020.238095238
3499,501666.6666666667
3500,1665000.0
3501,506333.3333333333
3502,1619625.0
3503,1449600.0
3504,2279166.6666666665
3505,1694600.0
3506,1132841.75
3507,756087.5
3508,923909.0
3509,506333.3333333333
3510,2831200.0
3511,1730071.4285714286
3512,930677.0833333334
3513,1641250.0
3514,1353020.238095238
3515,1216851.5666666667
3516,347464.28571428574
3517,943750.0
3518,2770000.0
3519,575105.2631578947
3520,2750000.0
3521,685843.75
3522,1239539.1521197008
3523,842282.6086956522
3524,854291.6666666666
3525,565068.8
3526,390750.0
3527,964166.6666666666
3528,1353020.238095238
3529,2083157.894736842
3530,1239539.1521197008
3531,1132841.75
3532,745285.7142857143
3533,1662000.0
3534,682125.0
3535,1237830.7692307692
3536,635971.4285714285
3537,1353020.238095238
3538,1239539.1521197008
3539,892800.0
3540,551200.0
3541,2138548.3870967743
3542,1239539.1521197008
3543,1088375.0
3544,1061785.7142857143
3545,1091500.0
3546,1187750.0
3547,709600.0
3548,608833.3333333334
3549,1886000.0
3550,1135200.0
3551,2279166.6666666665
3552,730600.0
3553,1883833.3333333333
3554,600166.6666666666
3555,1163000.0
3556,1976250.0
3557,2743666.6666666665
3558,285125.0
3559,809712.5
3560,408357.14285714284
3561,364000.0
3562,2128962.962962963
3563,776211.1111111111
3564,1238928.5714285714
3565,862000.0
3566,1132841.75
3567,948500.0
3568,1785833.3333333333
3569,976555.5555555555
3570,1239539.1521197008
3571,635971.4285714285
3572,4279200.0
3573,1022500.0
3574,1163000.0
3575,514428.5714285714
3576,2937857.1428571427
3577,450050.0
3578,1858993.4117647058
3579,1239539.1521197008
3580,1239539.1521197008
3581,530062.5
3582,514428.5714285714
3583,684500.0
3584,928088.8888888889
3585,600166.6666666666
3586,1239539.1521197008
3587,973571.4285714285
3588,579750.0
3589,527750.0
3590,684250.0
3591,766065.5737704918
3592,501666.6666666667
3593,2314500.0
3594,2750000.0
3595,1353020.238095238
3596,871962.2950819673
3597,1849457.142857143
3598,663500.0
3599,1135200.0
3600,1163000.0
3601,1132841.75
3602,332000.0
3603,493750.0
3604,878181.8181818182
3605,682590.9090909091
3606,632000.0
3607,1353020.238095238
3608,923600.0
3609,843357.1428571428
3610,1239539.1521197008
3611,519000.0
3612,1239539.1521197008
3613,964500.0
3614,1087500.0
3615,519666.6666666667
3616,625214.2857142857
3617,675285.7142857143
3618,601582.0895522388
3619,928088.8888888889
3620,602500.0
3621,930677.0833333334
3622,972913.0434782609
3623,2038125.0
3624,826888.8888888889
3625,1150500.0
3626,623450.0
3627,776211.1111111111
3628,933455.3571428572
3629,852187.5
3630,862000.0
3631,2169777.777777778
3632,938500.0
3633,344500.0
3634,2351666.6666666665
3635,1326714.2857142857
3636,1527277.7777777778
3637,2221250.0
3638,1353020.238095238
3639,1216851.5666666667
3640,1863888.888888889
3641,890937.5
3642,1132841.75
3643,552812.5
3644,756087.5
3645,1415888.888888889
3646,1903062.5
3647,871962.2950819673
3648,1846250.0
3649,1239539.1521197008
3650,704888.7777777778
3651,686200.0
3652,964500.0
3653,770600.0
3654,685843.75
3655,712538.4615384615
3656,889216.6666666666
3657,654574.6268656716
3658,1239539.1521197008
3659,1849457.142857143
3660,596400.0
3661,1285444.4444444445
3662,1239539.1521197008
3663,509142.85714285716
3664,611555.5555555555
3665,300437.5
3666,871962.2950819673
3667,605142.8571428572
3668,903750.0
3669,726040.625
3670,1657000.0
3671,1641250.0
3672,601916.6666666666
3673,1326714.2857142857
3674,1239539.1521197008
3675,972913.0434782609
3676,1504000.0
3677,2469166.6666666665
3678,1131583.3333333333
3679,1091500.0
3680,519000.0
3681,718277.7777777778
3682,458857.14285714284
3683,1641250.0
3684,773458.3333333334
3685,2138548.3870967743
3686,993571.4285714285
3687,601582.0895522388
3688,1056125.0
3689,1556142.857142857
3690,501509.1666666667
3691,2118600.0
3692,976555.5555555555
3693,1479256.5714285714
3694,1858400.0
3695,601582.0895522388
3696,1061142.857142857
3697,338357.14285714284
3698,601582.0895522388
3699,1353020.238095238
3700,565068.8
3701,1061142.857142857
3702,1239539.1521197008
3703,993571.4285714285
3704,2076375.0
3705,514428.5714285714
3706,623450.0
3707,699273.6296296297
3708,1353020.238095238
3709,1163000.0
3710,1099951.6129032257
3711,1353020.238095238
3712,971450.0
3713,423583.3333333333
3714,1640000.0
3715,1775750.0
3716,1353020.238095238
3717,1257000.0
3718,408357.14285714284
3719,1239539.1521197008
3720,1239539.1521197008
3721,1153000.0
3722,1239539.1521197008
3723,601582.0895522388
3724,1930000.0
3725,1958821.4285714286
3726,1239539.1521197008
3727,501666.6666666667
3728,504250.0
3729,1251350.0
3730,843357.1428571428
3731,581000.0
3732,2829166.6666666665
3733,866833.3333333334
3734,758303.4615384615
3735,1330000.0
3736,997500.0
3737,3875000.0
3738,1479256.5714285714
3739,933455.3571428572
3740,1123083.3333333333
3741,712900.0
3742,1251350.0
3743,2480062.5
3744,556166.6666666666
3745,1639625.0
3746,849000.0
3747,1056125.0
3748,1158250.0
3749,439571.4285714286
3750,291000.0
3751,726040.625
3752,975250.0
3753,1344166.6666666667
3754,924045.4545454546
3755,622857.1428571428
3756,852187.5
3757,972913.0434782609
3758,1353020.238095238
3759,1239539.1521197008
3760,737200.0
3761,601582.0895522388
3762,933455.3571428572
3763,869375.0
3764,500625.0
3765,1143750.0
3766,699273.6296296297
3767,1088375.0
3768,1353020.238095238
3769,475200.0
3770,1438662.1621621621
3771,933455.3571428572
3772,650950.0
3773,445785.71428571426
3774,529571.4285714285
3775,2319555.5555555555
3776,1150500.0
3777,1479256.5714285714
3778,378400.0
3779,1353020.238095238
3780,1239539.1521197008
3781,1413571.4285714286
3782,1665000.0
3783,842282.6086956522
3784,1914750.0
3785,705000.0
3786,933455.3571428572
3787,722000.0
3788,601582.0895522388
3789,2038125.0
3790,1504000.0
3791,1239539.1521197008
3792,1239539.1521197008
3793,648857.1428571428
3794,1132841.75
3795,603892.8571428572
3796,1556142.857142857
3797,693750.0
3798,1641250.0
3799,889216.6666666666
3800,866833.3333333334
3801,673750.0
3802,281928.5714285714
3803,718277.7777777778
3804,1239539.1521197008
3805,1665000.0
3806,654574.6268656716
3807,1239539.1521197008
3808,499000.0
3809,986250.0
3810,1147833.3333333333
3811,710400.0
3812,593750.0
3813,463142.85714285716
3814,827600.0
3815,608833.3333333334
3816,1527000.0
3817,573428.5714285715
3818,1156100.0
3819,469050.0
3820,296750.0
3821,775000.0
3822,1239539.1521197008
3823,1353020.238095238
3824,1131666.6666666667
3825,565068.8
3826,727214.2857142857
3827,499000.0
3828,1958821.4285714286
3829,682590.9090909091
3830,350625.0
3831,1229444.4444444445
3832,871962.2950819673
3833,1930000.0
3834,561625.0
3835,1308727.2727272727
3836,1132841.75
3837,435285.71428571426
3838,802000.0
3839,448681.8181818182
3840,1131000.0
3841,562750.0
3842,510333.3333333333
3843,561625.0
3844,496687.625
3845,825000.0
3846,1216851.5666666667
3847,674500.0
3848,1798666.6666666667
3849,1341400.0
3850,1132841.75
3851,699273.6296296297
3852,648857.1428571428
3853,493750.0
3854,1846500.0
3855,1239539.1521197008
3856,1187750.0
3857,1061500.0
3858,1239539.1521197008
3859,657166.6666666666
3860,654574.6268656716
3861,1098125.0
3862,1239539.1521197008
3863,622107.1428571428
3864,347750.0
3865,1353020.238095238
3866,1239539.1521197008
3867,1239539.1521197008
3868,1545444.4444444445
3869,1265400.0
3870,632000.0
3871,975250.0
3872,1239539.1521197008
3873,2770000.0
3874,760175.0
3875,2829166.6666666665
3876,1589250.0
3877,1098125.0
3878,2067500.0
3879,496687.625
3880,699273.6296296297
3881,969957.1428571428
3882,1132841.75
3883,654574.6268656716
3884,1239539.1521197008
3885,646098.2142857143
3886,1158250.0
3887,1792000.0
3888,2076375.0
3889,493750.0
3890,707166.6666666666
3891,1353020.238095238
3892,1694000.0
3893,758200.0
3894,828000.0
3895,684250.0
3896,692875.0
3897,654574.6268656716
3898,458857.14285714284
3899,1212714.2857142857
3900,1132841.75
3901,1216851.5666666667
3902,1353020.238095238
3903,901386.3636363636
3904,423583.3333333333
3905,758303.4615384615
3906,1132841.75
3907,2568714.285714286
3908,1216851.5666666667
3909,1556142.857142857
3910,889216.6666666666
3911,712538.4615384615
3912,1421500.0
3913,1977000.0
3914,778500.0
3915,400200.0
3916,781571.4285714285
3917,494500.0
3918,699273.6296296297
3919,886100.0
3920,778500.0
3921,664160.0
3922,1239539.1521197008
3923,380781.25
3924,646098.2142857143
3925,1730071.4285714286
3926,474000.0
3927,1483000.0
3928,608000.0
3929,501509.1666666667
3930,1239539.1521197008
3931,1132841.75
3932,521411.1111111111
3933,2128962.962962963
3934,813562.625
3935,1527000.0
3936,902500.0
3937,2585000.0
3938,889216.6666666666
3939,657166.6666666666
3940,384111.1111111111
3941,1163000.0
3942,734250.0
3943,872000.0
3944,601582.0895522388
3945,448681.8181818182
3946,601582.0895522388
3947,766065.5737704918
3948,2239428.5714285714
3949,390750.0
3950,928088.8888888889
3951,2940058.692033321
3952,679142.8571428572
3953,1132841.75
3954,493750.0
3955,390750.0
3956,629428.5714285715
3957,776211.1111111111
3958,2083157.894736842
3959,406750.0
3960,561625.0
3961,1098125.0
3962,1858993.4117647058
3963,1914750.0
3964,1238928.5714285714
3965,886625.0
3966,1239539.1521197008
3967,520250.0
3968,2449583.3333333335
3969,499000.0
3970,1239539.1521197008
3971,1216851.5666666667
3972,976555.5555555555
3973,1001300.0
3974,1099951.6129032257
3975,654574.6268656716
3976,730600.0
3977,889216.6666666666
3978,2102500.0
3979,530062.5
3980,601582.0895522388
3981,1132841.75
3982,378083.3333333333
3983,530062.5
3984,601582.0895522388
3985,1863888.888888889
3986,928088.8888888889
3987,1483000.0
3988,776211.1111111111
3989,565068.8
3990,1132841.75
3991,565068.8
3992,378333.3333333333
3993,611555.5555555555
3994,1094500.0
3995,1239539.1521197008
3996,813333.3333333334
3997,1556375.0
3998,737000.0
3999,1239539.1521197008
4000,643375.0
4001,1662000.0
4002,1344166.6666666667
4003,2940058.692033321
4004,2743666.6666666665
4005,1132841.75
4006,1132841.75
4007,760175.0
4008,1239539.1521197008
4009,494500.0
4010,435285.71428571426
4011,1239539.1521197008
4012,1265400.0
4013,1122250.0
4014,756087.5
4015,1647066.6666666667
4016,1132841.75
4017,1285444.4444444445
4018,596400.0
4019,745285.7142857143
4020,1109583.3333333333
4021,1840166.6666666667
4022,1187750.0
4023,1849457.142857143
4024,622857.1428571428
4025,1353020.238095238
4026,1214000.0
4027,1354666.6666666667
4028,889216.6666666666
4029,1239539.1521197008
4030,1239539.1521197008
4031,748500.0
4032,1308727.2727272727
4033,613519.7142857143
4034,1239539.1521197008
4035,871962.2950819673
4036,501666.6666666667
4037,469050.0
4038,705100.0
4039,843357.1428571428
4040,1488875.0
4041,538125.0
4042,1213111.111111111
4043,902500.0
4044,1353020.238095238
4045,1239539.1521197008
4046,1353020.238095238
4047,889216.6666666666
4048,758303.4615384615
4049,2524000.0
4050,928088.8888888889
4051,341571.4285714286
4052,1239539.1521197008
4053,452833.3333333333
4054,364000.0
4055,805500.0
4056,1132841.75
4057,1239539.1521197008
4058,1619625.0
4059,406750.0
4060,1470833.3333333333
4061,674500.0
4062,603892.8571428572
4063,596944.4444444445
4064,1131000.0
4065,2770000.0
4066,828000.0
4067,1730071.4285714286
4068,1512000.0
4069,856000.0
4070,1863888.888888889
4071,809712.5
4072,602500.0
4073,1413571.4285714286
4074,2718433.692033321
4075,1353020.238095238
4076,1860000.0
4077,1883833.3333333333
4078,1438662.1621621621
4079,393583.3333333333
4080,592779.4117647059
4081,1438662.1621621621
4082,825000.0
4083,648500.0
4084,933455.3571428572
4085,350625.0
4086,1785833.3333333333
4087,601582.0895522388
4088,654574.6268656716
4089,381500.0
4090,1239539.1521197008
4091,1239539.1521197008
4092,889216.6666666666
4093,1849457.142857143
4094,964500.0
4095,448681.8181818182
4096,639625.0
4097,1239539.1521197008
4098,300437.5
4099,632000.0
4100,1239539.1521197008
4101,1353020.238095238
4102,2083157.894736842
4103,1849457.142857143
4104,648500.0
4105,1245666.6666666667
4106,1230875.0
4107,1239539.1521197008
4108,878181.8181818182
4109,384111.1111111111
4110,748333.3333333334
4111,1545444.4444444445
4112,513666.6666666667
4113,862000.0
4114,1245666.6666666667
4115,1832000.0
4116,1087500.0
4117,3571250.0
4118,956250.0
4119,654574.6268656716
4120,1413571.4285714286
4121,3571250.0
4122,1239539.1521197008
4123,601582.0895522388
4124,1858993.4117647058
4125,601582.0895522388
4126,341571.4285714286
4127,1647066.6666666667
4128,1132841.75
4129,617750.0
4130,408357.14285714284
4131,499000.0
4132,730000.0
4133,2718433.692033321
4134,1239539.1521197008
4135,1353020.238095238
4136,1641250.0
4137,341571.4285714286
4138,1239539.1521197008
4139,1977000.0
4140,739250.0
4141,529571.4285714285
4142,393583.3333333333
4143,1631166.6666666667
4144,1150500.0
4145,842282.6086956522
4146,1172428.5714285714
4147,1353020.238095238
4148,2568714.285714286
4149,527250.0
4150,445785.71428571426
4151,1438662.1621621621
4152,1132841.75
4153,2818126.8571428573
4154,659300.0
4155,1306428.5714285714
4156,1131666.6666666667
4157,855125.0
4158,889216.6666666666
4159,698166.6666666666
4160,1817833.3333333333
4161,465166.6666666667
4162,727214.2857142857
4163,776211.1111111111
4164,2091250.0
4165,726040.625
4166,1239539.1521197008
4167,1099200.0
4168,1849457.142857143
4169,592779.4117647059
4170,1330000.0
4171,1561600.0
4172,628800.0
4173,1239539.1521197008
4174,994625.0
4175,1381250.0
4176,622107.1428571428
4177,924045.4545454546
4178,465166.6666666667
4179,378333.3333333333
4180,2128962.962962963
4181,1239539.1521197008
4182,1027250.0
4183,1840166.6666666667
4184,1375000.0
4185,341571.4285714286
4186,496687.625
4187,826875.0
4188,1849457.142857143
4189,1132841.75
4190,613519.7142857143
4191,598125.0
4192,1091500.0
4193,1353020.238095238
4194,871962.2950819673
4195,830600.0
4196,889216.6666666666
4197,758303.4615384615
4198,1131666.6666666667
4199,474333.3333333333
4200,712538.4615384615
4201,1300714.2857142857
4202,933455.3571428572
4203,1353020.238095238
4204,475200.0
4205,685843.75
4206,852187.5
4207,1239539.1521197008
4208,1284000.0
4209,1415888.888888889
4210,760175.0
4211,646098.2142857143
4212,704888.7777777778
4213,1239539.1521197008
4214,448681.8181818182
4215,872000.0
4216,1172428.5714285714
4217,766065.5737704918
4218,654574.6268656716
4219,1239539.1521197008
4220,2138548.3870967743
4221,686400.0
4222,776211.1111111111
4223,933455.3571428572
4224,1840166.6666666667
4225,720250.0
4226,1098125.0
4227,1237830.7692307692
4228,1438662.1621621621
4229,854142.8571428572
4230,766065.5737704918
4231,930677.0833333334
4232,469050.0
4233,1849457.142857143
4234,704888.7777777778
4235,581000.0
4236,1239539.1521197008
4237,997500.0
4238,514428.5714285714
4239,2818126.8571428573
4240,1132841.75
4241,654574.6268656716
4242,1239539.1521197008
4243,809712.5
4244,1174250.0
4245,1483000.0
4246,866833.3333333334
4247,3623750.0
4248,474333.3333333333
4249,1656812.5
4250,775000.0
4251,499000.0
4252,972913.0434782609
4253,854142.8571428572
4254,344500.0
4255,601600.0
4256,1027250.0
4257,501666.6666666667
4258,651587.5
4259,1239539.1521197008
4260,766065.5737704918
4261,442166.6666666667
4262,474000.0
4263,2351666.6666666665
4264,1239539.1521197008
4265,871962.2950819673
4266,1353020.238095238
4267,504250.0
4268,1044375.0
4269,1631166.6666666667
4270,1840166.6666666667
4271,516200.0
4272,1647066.6666666667
4273,1527000.0
4274,654574.6268656716
4275,1268000.0
4276,378400.0
4277,530062.5
4278,1132841.75
4279,596400.0
4280,827600.0
4281,1239539.1521197008
4282,1239539.1521197008
4283,2940058.692033321
4284,1556142.857142857
4285,871962.2950819673
4286,332200.0
4287,622107.1428571428
4288,469050.0
4289,625214.2857142857
4290,1216851.5666666667
4291,1657000.0
4292,400400.0
4293,913200.0
4294,1561600.0
4295,997500.0
4296,1211562.5
4297,1132841.75
4298,596944.4444444445
4299,1863888.888888889
4300,1132841.75
4301,928088.8888888889
4302,601582.0895522388
4303,1239539.1521197008
4304,871962.2950819673
4305,758303.4615384615
4306,842282.6086956522
4307,1347062.5
4308,530062.5
4309,973571.4285714285
4310,1239539.1521197008
4311,1840166.6666666667
4312,646098.2142857143
4313,1438662.1621621621
4314,501509.1666666667
4315,393583.3333333333
4316,631000.0
4317,748500.0
4318,730600.0
4319,601582.0895522388
4320,923909.0
4321,726040.625
4322,2138548.3870967743
4323,601582.0895522388
4324,1353020.238095238
4325,482214.28571428574
4326,1647066.6666666667
4327,756087.5
4328,579583.3333333334
4329,924045.4545454546
4330,878181.8181818182
4331,622107.1428571428
4332,635971.4285714285
4333,487500.0
4334,1239539.1521197008
4335,923750.0
4336,866833.3333333334
4337,1353020.238095238
4338,937166.6666666666
4339,969957.1428571428
4340,1353020.238095238
4341,551571.4285714285
4342,1945000.0
4343,948500.0
4344,878181.8181818182
4345,935388.8888888889
4346,1239539.1521197008
4347,547683.3333333334
4348,2838333.3333333335
4349,726040.625
4350,441500.0
4351,773458.3333333334
4352,1347062.5
4353,557388.8888888889
4354,718277.7777777778
4355,530062.5
4356,393583.3333333333
4357,1545444.4444444445
4358,592779.4117647059
4359,654574.6268656716
4360,705000.0
4361,654574.6268656716
4362,1167500.0
4363,709600.0
4364,781571.4285714285
4365,748500.0
4366,1144500.0
4367,709600.0
4368,1268000.0
4369,1239539.1521197008
4370,903750.0
4371,514428.5714285714
4372,1239539.1521197008
4373,1239539.1521197008
4374,622107.1428571428
4375,1958821.4285714286
4376,923909.0
4377,2138548.3870967743
4378,1958821.4285714286
4379,758303.4615384615
4380,878181.8181818182
4381,805500.0
4382,1024357.1428571428
4383,766065.5737704918
4384,596944.4444444445
4385,1099951.6129032257
4386,541700.0
4387,1132841.75
4388,513681.8181818182
4389,1353020.238095238
4390,871962.2950819673
4391,1263888.888888889
4392,1187750.0
4393,924045.4545454546
4394,1780000.0
4395,463142.85714285716
4396,720250.0
4397,1479256.5714285714
4398,809712.5
4399,933455.3571428572
4400,718277.7777777778
4401,1239539.1521197008
4402,718555.5555555555
4403,1239539.1521197008
4404,1144500.0
4405,530062.5
4406,632000.0
4407,1353020.238095238
4408,654574.6268656716
4409,1214000.0
4410,871962.2950819673
4411,1239539.1521197008
4412,1314400.0
4413,776211.1111111111
4414,923750.0
4415,1239539.1521197008
4416,2718433.692033321
4417,698166.6666666666
4418,647166.6666666666
4419,825000.0
4420,923909.0
4421,1004375.0
4422,871962.2950819673
4423,603892.8571428572
4424,739250.0
4425,756087.5
4426,886625.0
4427,654574.6268656716
4428,1619625.0
4429,981666.6666666666
4430,1239539.1521197008
4431,1239539.1521197008
4432,496000.0
4433,1664142.857142857
4434,448681.8181818182
4435,889216.6666666666
4436,541700.0
4437,1216851.5666666667
4438,1308727.2727272727
4439,1306428.5714285714
4440,621000.0
4441,930677.0833333334
4442,705000.0
4443,1569166.6666666667
4444,463142.85714285716
4445,1239539.1521197008
4446,1754617.3840666423
4447,600166.6666666666
4448,1098125.0
4449,901386.3636363636
4450,654574.6268656716
4451,776211.1111111111
4452,496687.625
4453,677800.0
4454,1353020.238095238
4455,766065.5737704918
4456,2838333.3333333335
4457,1004375.0
4458,699273.6296296297
4459,748500.0
4460,643375.0
4461,2770000.0
4462,1265400.0
4463,465166.6666666667
4464,493750.0
4465,510333.3333333333
4466,1099951.6129032257
4467,1132841.75
4468,674500.0
4469,685843.75
4470,1132841.75
4471,1353020.238095238
4472,1239539.1521197008
4473,930677.0833333334
4474,843357.1428571428
4475,1212714.2857142857
4476,263677.77777777775
4477,826888.8888888889
4478,1817833.3333333333
4479,1665000.0
4480,1883833.3333333333
4481,530062.5
4482,871962.2950819673
4483,1239539.1521197008
4484,981666.6666666666
4485,2169777.777777778
4486,994625.0
4487,1353020.238095238
4488,964500.0
4489,1080285.7142857143
4490,2232500.0
4491,1268000.0
4492,1438662.1621621621
4493,1239539.1521197008
4494,556166.6666666666
4495,924045.4545454546
4496,661666.6666666666
4497,356800.0
4498,901386.3636363636
4499,1172428.5714285714
4500,1131583.3333333333
4501,716666.6666666666
4502,1239539.1521197008
4503,1156100.0
4504,1132841.75
4505,1353020.238095238
4506,1132841.75
4507,1239539.1521197008
4508,1488875.0
4509,468666.6666666667
4510,1229444.4444444445
4511,2389000.0
4512,582333.3333333334
4513,1163000.0
4514,2891111.111111111
4515,1239539.1521197008
4516,574075.0
4517,384111.1111111111
4518,2169777.777777778
4519,2940058.692033321
4520,2138548.3870967743
4521,1239539.1521197008
4522,1083666.6666666667
4523,291000.0
4524,511214.28571428574
4525,575105.2631578947
4526,1044375.0
4527,1849457.142857143
4528,1903062.5
4529,2923125.0
4530,1623375.0
4531,4808000.0
4532,1353020.238095238
4533,2091250.0
4534,1239539.1521197008
4535,889216.6666666666
4536,776211.1111111111
4537,948500.0
4538,1239539.1521197008
4539,1163000.0
4540,654574.6268656716
4541,2940058.692033321
4542,1438662.1621621621
4543,648500.0
4544,1239539.1521197008
4545,439571.4285714286
4546,347464.28571428574
4547,648857.1428571428
4548,2091250.0
4549,592779.4117647059
4550,1239539.1521197008
4551,1449600.0
4552,756087.5
4553,1045000.0
4554,930677.0833333334
4555,716750.0
4556,1030200.0
4557,964166.6666666666
4558,654574.6268656716
4559,1479256.5714285714
4560,1647066.6666666667
4561,930677.0833333334
4562,928088.8888888889
4563,1239539.1521197008
4564,1099200.0
4565,1083666.6666666667
4566,1022500.0
4567,781571.4285714285
4568,694250.0
4569,381500.0
4570,629428.5714285715
4571,1817833.3333333333
4572,2319555.5555555555
4573,1545444.4444444445
4574,1330000.0
4575,2412222.222222222
4576,2201750.0
4577,737000.0
4578,1566250.0
4579,866833.3333333334
4580,762363.6363636364
4581,601582.0895522388
4582,496000.0
4583,446700.0
4584,262944.44444444444
4585,1335388.888888889
4586,561625.0
4587,611555.5555555555
4588,997125.0
4589,1239539.1521197008
4590,713625.0
4591,516200.0
4592,762363.6363636364
4593,2038125.0
4594,758303.4615384615
4595,387000.0
4596,498538.46153846156
4597,513681.8181818182
4598,889216.6666666666
4599,498538.46153846156
4600,964500.0
4601,450050.0
4602,1239539.1521197008
4603,411642.85714285716
4604,1211562.5
4605,646098.2142857143
4606,1091500.0
4607,1424000.0
4608,911857.1428571428
4609,1078125.0
4610,686400.0
4611,894833.3333333334
4612,876875.0
4613,760175.0
4614,871962.2950819673
4615,933455.3571428572
4616,1312000.0
4617,1239539.1521197008
4618,1353020.238095238
4619,866833.3333333334
4620,1239539.1521197008
4621,1156100.0
4622,463142.85714285716
4623,1846500.0
4624,1751416.6666666667
4625,773458.3333333334
4626,2118600.0
4627,1099951.6129032257
4628,909200.0
4629,1091500.0
4630,501509.1666666667
4631,441500.0
4632,933455.3571428572
4633,439571.4285714286
4634,366375.0
4635,871962.2950819673
4636,2743666.6666666665
4637,513681.8181818182
4638,997500.0
4639,448681.8181818182
4640,1415888.888888889
4641,1239539.1521197008
4642,871962.2950819673
4643,1239539.1521197008
4644,698166.6666666666
4645,1239539.1521197008
4646,1832000.0
4647,1156100.0
4648,654574.6268656716
4649,1619625.0
4650,1290833.3333333333
4651,972913.0434782609
4652,1556375.0
4653,629428.5714285715
4654,699273.6296296297
4655,2718433.692033321
4656,530062.5
4657,698166.6666666666
4658,1849457.142857143
4659,924045.4545454546
4660,506333.3333333333
4661,452833.3333333333
4662,727562.5
4663,923750.0
4664,889216.6666666666
4665,439583.3333333333
4666,1132841.75
4667,1132841.75
4668,1131000.0
4669,924045.4545454546
4670,869375.0
4671,1566250.0
4672,727562.5
4673,631700.0
4674,352500.0
4675,396750.0
4676,527750.0
4677,2128962.962962963
4678,1091500.0
4679,1239539.1521197008
4680,1132841.75
4681,737200.0
4682,892800.0
4683,889216.6666666666
4684,712538.4615384615
4685,930677.0833333334
4686,1239539.1521197008
4687,1903062.5
4688,378083.3333333333
4689,684500.0
4690,4279200.0
4691,2201750.0
4692,1353020.238095238
4693,1239539.1521197008
4694,1353020.238095238
4695,1863888.888888889
4696,1169750.0
4697,2083157.894736842
4698,521600.0
4699,1237830.7692307692
4700,756087.5
4701,878181.8181818182
4702,1858993.4117647058
4703,773458.3333333334
4704,1163000.0
4705,501509.1666666667
4706,423583.3333333333
4707,1239539.1521197008
4708,483800.0
4709,972913.0434782609
4710,654574.6268656716
4711,474000.0
4712,1284000.0
4713,601582.0895522388
4714,699273.6296296297
4715,3875000.0
4716,1495800.0
4717,677800.0
4718,2128962.962962963
4719,538125.0
4720,871962.2950819673
4721,562750.0
4722,1780000.0
4723,1239539.1521197008
4724,901386.3636363636
4725,707166.6666666666
4726,1239539.1521197008
4727,673750.0
4728,1153000.0
4729,1216851.5666666667
4730,1353020.238095238
4731,1561600.0
4732,601582.0895522388
4733,2305250.0
4734,511214.28571428574
4735,911857.1428571428
4736,474000.0
4737,776211.1111111111
4738,1308727.2727272727
4739,654574.6268656716
4740,856000.0
4741,466357.14285714284
4742,441500.0
4743,2128962.962962963
4744,843357.1428571428
4745,1229444.4444444445
4746,889216.6666666666
4747,384111.1111111111
4748,1088375.0
4749,1792000.0
4750,933455.3571428572
4751,1239539.1521197008
4752,1487083.3333333333
4753,776211.1111111111
4754,827600.0
4755,826875.0
4756,674500.0
4757,1239539.1521197008
4758,1527277.7777777778
4759,2416800.0
4760,1239539.1521197008
4761,766065.5737704918
4762,1239539.1521197008
4763,2067500.0
4764,1131666.6666666667
4765,1211562.5
4766,1212714.2857142857
4767,971450.0
4768,705000.0
4769,685843.75
4770,826888.8888888889
4771,933455.3571428572
4772,1958821.4285714286
4773,935388.8888888889
4774,592779.4117647059
4775,1214000.0
4776,1840166.6666666667
4777,629428.5714285715
4778,635971.4285714285
4779,1438662.1621621621
4780,692875.0
4781,712538.4615384615
4782,849000.0
4783,450050.0
4784,1239539.1521197008
4785,1958821.4285714286
4786,956250.0
4787,1239539.1521197008
4788,654574.6268656716
4789,494500.0
4790,889216.6666666666
4791,693375.0
4792,561625.0
4793,1239539.1521197008
4794,350625.0
4795,679142.8571428572
4796,1239539.1521197008
4797,1353020.238095238
4798,716666.6666666666
4799,737200.0
4800,1751416.6666666667
4801,705000.0
4802,2585000.0
4803,332000.0
4804,758303.4615384615
4805,1239539.1521197008
4806,1131583.3333333333
4807,2279166.6666666665
4808,993571.4285714285
4809,601582.0895522388
4810,2038125.0
4811,1099951.6129032257
4812,933455.3571428572
4813,866833.3333333334
4814,1239539.1521197008
4815,654574.6268656716
4816,601582.0895522388
4817,458857.14285714284
4818,727214.2857142857
4819,1858993.4117647058
4820,632000.0
4821,913200.0
4822,641166.6666666666
4823,1353020.238095238
4824,336800.0
4825,748333.3333333334
4826,930677.0833333334
4827,946200.0
4828,1239539.1521197008
4829,705100.0
4830,1239539.1521197008
4831,1858400.0
4832,1239539.1521197008
4833,809712.5
4834,1031222.2222222222
4835,469050.0
4836,1061500.0
4837,441500.0
4838,1860000.0
4839,931600.0
4840,1099951.6129032257
4841,2838333.3333333335
4842,1353020.238095238
4843,849000.0
4844,1662000.0
4845,1216851.5666666667
4846,759250.0
4847,948500.0
4848,1239539.1521197008
4849,565068.8
4850,2138548.3870967743
4851,1308727.2727272727
4852,712538.4615384615
4853,1216851.5666666667
4854,592779.4117647059
4855,592779.4117647059
4856,789775.7777777778
4857,393583.3333333333
4858,1211562.5
4859,871962.2950819673
4860,878181.8181818182
4861,458857.14285714284
4862,716750.0
4863,680500.0
4864,666250.0
4865,1504000.0
4866,601582.0895522388
4867,582333.3333333334
4868,1239539.1521197008
4869,381500.0
4870,1958821.4285714286
4871,601582.0895522388
4872,2838333.3333333335
4873,1174250.0
4874,601582.0895522388
4875,1132841.75
4876,1238928.5714285714
4877,1239539.1521197008
4878,529571.4285714285
4879,599800.0
4880,1330000.0
4881,1004375.0
4882,995125.0
4883,592779.4117647059
4884,2046777.7777777778
4885,726040.625
4886,1470833.3333333333
4887,1239539.1521197008
4888,1098125.0
4889,928088.8888888889
4890,923909.0
4891,2319555.5555555555
4892,617562.5
4893,894833.3333333334
4894,1132841.75
4895,521411.1111111111
4896,886100.0
4897,463142.85714285716
4898,773458.3333333334
4899,565068.8
4900,332200.0
4901,842282.6086956522
4902,1123083.3333333333
4903,1566500.0
4904,800625.0
4905,538000.0
4906,972913.0434782609
4907,1239539.1521197008
4908,474333.3333333333
4909,1415888.888888889
4910,411642.85714285716
4911,1044375.0
4912,1239539.1521197008
4913,439571.4285714286
4914,565068.8
4915,1031222.2222222222
4916,643375.0
4917,621000.0
4918,1306800.0
4919,1239539.1521197008
4920,490250.0
4921,727562.5
4922,930677.0833333334
4923,698166.6666666666
4924,848750.0
4925,650950.0
4926,1353020.238095238
4927,1930000.0
4928,1131583.3333333333
4929,1863888.888888889
4930,1031222.2222222222
4931,737200.0
4932,933455.3571428572
4933,601582.0895522388
4934,933455.3571428572
4935,730000.0
4936,435285.71428571426
4937,716666.6666666666
4938,933455.3571428572
4939,631700.0
4940,1846500.0
4941,699273.6296296297
4942,781571.4285714285
4943,831200.0
4944,1172428.5714285714
4945,1239539.1521197008
4946,720250.0
4947,1846500.0
4948,506333.3333333333
4949,933455.3571428572
4950,866833.3333333334
4951,1930000.0
4952,818428.5714285715
4953,1239539.1521197008
4954,557625.0
4955,923909.0
4956,930677.0833333334
4957,513681.8181818182
4958,556166.6666666666
4959,1945000.0
4960,1556142.857142857
4961,1733000.0
4962,1024357.1428571428
4963,1109583.3333333333
4964,654574.6268656716
4965,1353020.238095238
4966,726040.625
4967,930677.0833333334
4968,1229444.4444444445
4969,1238928.5714285714
4970,530062.5
4971,684250.0
4972,1239539.1521197008
4973,1742200.0
4974,611555.5555555555
4975,557388.8888888889
4976,1239539.1521197008
4977,830600.0
4978,1158250.0
4979,1239539.1521197008
4980,1211562.5
4981,923909.0
4982,911857.1428571428
4983,1353020.238095238
4984,1424000.0
4985,766065.5737704918
4986,1239539.1521197008
4987,1623375.0
4988,1239539.1521197008
4989,726040.625
4990,871962.2950819673
4991,1846250.0
4992,1245666.6666666667
4993,784750.0
4994,530062.5
4995,826888.8888888889
4996,1098125.0
4997,1640000.0
4998,2239428.5714285714
4999,593750.0
5000,561000.0
5001,1290833.3333333333
5002,1045000.0
5003,1229444.4444444445
5004,866833.3333333334
5005,1211562.5
5006,1239539.1521197008
5007,581000.0
5008,760175.0
5009,469050.0
5010,1239539.1521197008
5011,1780000.0
5012,364000.0
5013,981666.6666666666
5014,1156100.0
5015,2750000.0
5016,726040.625
5017,1030200.0
5018,1229444.4444444445
5019,2585000.0
5020,1561600.0
5021,1656812.5
5022,789775.7777777778
5023,1914750.0
5024,347464.28571428574
5025,1353020.238095238
5026,1083666.6666666667
5027,501666.6666666667
5028,654574.6268656716
5029,1239539.1521197008
5030,575105.2631578947
5031,930677.0833333334
5032,1061142.857142857
5033,973571.4285714285
5034,1187750.0
5035,565068.8
5036,356800.0
5037,601582.0895522388
5038,2838333.3333333335
5039,1743285.7142857143
5040,699273.6296296297
5041,493750.0
5042,617750.0
5043,1290833.3333333333
5044,1143750.0
5045,537416.6666666666
5046,1930000.0
5047,510333.3333333333
5048,923750.0
5049,902500.0
5050,886100.0
5051,1353020.238095238
5052,1639625.0
5053,654574.6268656716
5054,976555.5555555555
5055,758303.4615384615
5056,1353020.238095238
5057,1353020.238095238
5058,964500.0
5059,1312000.0
5060,1239539.1521197008
5061,651587.5
5062,971450.0
5063,981666.6666666666
5064,1211562.5
5065,2091250.0
5066,338357.14285714284
5067,889216.6666666666
5068,538125.0
5069,871962.2950819673
5070,1840166.6666666667
5071,646098.2142857143
5072,400200.0
5073,726040.625
5074,1257000.0
5075,646098.2142857143
5076,1211562.5
5077,621000.0
5078,575105.2631578947
5079,520250.0
5080,601582.0895522388
5081,1353020.238095238
5082,1132841.75
5083,2829166.6666666665
5084,651500.0
5085,1239539.1521197008
5086,699273.6296296297
5087,1239539.1521197008
5088,2480062.5
5089,465166.6666666667
5090,448681.8181818182
5091,575105.2631578947
5092,663500.0
5093,378083.3333333333
5094,608000.0
5095,1665000.0
5096,1045000.0
5097,1239539.1521197008
5098,773458.3333333334
5099,1353020.238095238
5100,704888.7777777778
5101,1775750.0
5102,1347062.5
5103,1353020.238095238
5104,1239539.1521197008
5105,565068.8
5106,573428.5714285715
5107,350625.0
5108,766065.5737704918
5109,704888.7777777778
5110,745285.7142857143
5111,928088.8888888889
5112,601582.0895522388
5113,842282.6086956522
5114,558600.0
5115,1061500.0
5116,889216.6666666666
5117,889216.6666666666
5118,969957.1428571428
5119,1527000.0
5120,2138548.3870967743
5121,835562.5
5122,446700.0
5123,1031222.2222222222
5124,704888.7777777778
5125,730000.0
5126,439714.28571428574
5127,686200.0
5128,631700.0
5129,843357.1428571428
5130,933455.3571428572
5131,1123083.3333333333
5132,1858993.4117647058
5133,2038125.0
5134,1099951.6129032257
5135,1239539.1521197008
5136,2305250.0
5137,730000.0
5138,1353020.238095238
5139,2716250.0
5140,654574.6268656716
5141,913200.0
5142,2221250.0
5143,976555.5555555555
5144,1187750.0
5145,579583.3333333334
5146,776211.1111111111
5147,871962.2950819673
5148,2138548.3870967743
5149,1415888.888888889
5150,2743666.6666666665
5151,601582.0895522388
5152,2524000.0
5153,1144500.0
5154,1569166.6666666667
5155,924045.4545454546
5156,1239539.1521197008
5157,2480062.5
5158,871962.2950819673
5159,1061500.0
5160,1413571.4285714286
5161,575105.2631578947
5162,1098125.0
5163,1353020.238095238
5164,378083.3333333333
5165,1780000.0
5166,1353020.238095238
5167,2128962.962962963
5168,889216.6666666666
5169,1055000.0
5170,1353020.238095238
5171,961500.0
5172,995125.0
5173,699273.6296296297
5174,776211.1111111111
5175,758303.4615384615
5176,805500.0
5177,498538.46153846156
5178,709600.0
5179,1132841.75
5180,1239539.1521197008
5181,1239539.1521197008
5182,1239539.1521197008
5183,519666.6666666667
5184,1353020.238095238
5185,646500.0
5186,2524000.0
5187,371925.0
5188,813562.625
5189,766065.5737704918
5190,928088.8888888889
5191,1239539.1521197008
5192,1239539.1521197008
5193,911857.1428571428
5194,646098.2142857143
5195,705000.0
5196,1239539.1521197008
5197,1061500.0
5198,1561600.0
5199,1099951.6129032257
5200,1353020.238095238
5201,2128962.962962963
5202,927100.0
5203,2232500.0
5204,1099951.6129032257
5205,1268000.0
5206,1099951.6129032257
5207,530062.5
5208,890937.5
5209,1413571.4285714286
5210,758303.4615384615
5211,1239539.1521197008
5212,1001300.0
5213,1239539.1521197008
5214,878181.8181818182
5215,889216.6666666666
5216,1239539.1521197008
5217,923909.0
5218,776211.1111111111
5219,842282.6086956522
5220,1239539.1521197008
5221,551571.4285714285
5222,1239539.1521197008
5223,2138548.3870967743
5224,2389000.0
5225,2524000.0
5226,901386.3636363636
5227,2232500.0
5228,885600.0
5229,762363.6363636364
5230,2923125.0
5231,1001300.0
5232,856000.0
5233,2038125.0
5234,844200.0
5235,601687.5
5236,1353020.238095238
5237,448681.8181818182
5238,453400.0
5239,551200.0
5240,756087.5
5241,1239539.1521197008
5242,712538.4615384615
5243,938500.0
5244,466357.14285714284
5245,648857.1428571428
5246,2138548.3870967743
5247,1216851.5666666667
5248,1858993.4117647058
5249,565068.8
5250,2305250.0
5251,686200.0
5252,988416.6666666666
5253,854142.8571428572
5254,1153000.0
5255,2239428.5714285714
5256,646098.2142857143
5257,720250.0
5258,1132841.75
5259,2838333.3333333335
5260,629428.5714285715
5261,1849457.142857143
5262,1306428.5714285714
5263,622107.1428571428
5264,1022500.0
5265,608000.0
5266,657166.6666666666
5267,781571.4285714285
5268,1353020.238095238
5269,889216.6666666666
5270,684250.0
5271,1169750.0
5272,2083157.894736842
5273,1798666.6666666667
5274,866833.3333333334
5275,1022500.0
5276,928088.8888888889
5277,1306428.5714285714
5278,601582.0895522388
5279,931600.0
5280,826888.8888888889
5281,1849457.142857143
5282,367562.5
5283,854142.8571428572
5284,1239539.1521197008
5285,712900.0
5286,1257000.0
5287,2923125.0
5288,933455.3571428572
5289,581000.0
5290,575105.2631578947
5291,654574.6268656716
5292,469050.0
5293,871962.2950819673
5294,263677.77777777775
5295,1080285.7142857143
5296,1051600.0
5297,1239539.1521197008
5298,1239539.1521197008
5299,3571250.0
5300,930677.0833333334
5301,281928.5714285714
5302,601600.0
5303,1239539.1521197008
5304,1004375.0
5305,1088375.0
5306,596944.4444444445
5307,1132841.75
5308,842282.6086956522
5309,964500.0
5310,756087.5
5311,1263888.888888889
5312,1132841.75
5313,760175.0
5314,592779.4117647059
5315,758303.4615384615
5316,933455.3571428572
5317,541700.0
5318,496687.625
5319,928088.8888888889
5320,825000.0
5321,555857.1428571428
5322,1239539.1521197008
5323,2585000.0
5324,611555.5555555555
5325,1886000.0
5326,496687.625
5327,713625.0
5328,1368200.0
5329,483800.0
5330,2818126.8571428573
5331,380781.25
5332,601582.0895522388
5333,474333.3333333333
5334,758303.4615384615
5335,1438662.1621621621
5336,1381250.0
5337,930677.0833333334
5338,1251350.0
5339,601916.6666666666
5340,988416.6666666666
5341,1216851.5666666667
5342,1930000.0
5343,1239539.1521197008
5344,1846250.0
5345,1260000.0
5346,350625.0
5347,762363.6363636364
5348,1561600.0
5349,734250.0
5350,375375.0
5351,445785.71428571426
5352,2239428.5714285714
5353,842282.6086956522
5354,709600.0
5355,756087.5
5356,632000.0
5357,843357.1428571428
5358,552812.5
5359,551571.4285714285
5360,713625.0
5361,669000.0
5362,997500.0
5363,802000.0
5364,344500.0
5365,1030200.0
5366,617562.5
5367,350625.0
5368,871962.2950819673
5369,285125.0
5370,1863888.888888889
5371,1353020.238095238
5372,557625.0
5373,871962.2950819673
5374,1527277.7777777778
5375,2351666.6666666665
5376,871962.2950819673
5377,740071.4285714285
5378,654574.6268656716
5379,513681.8181818182
5380,1099951.6129032257
5381,842282.6086956522
5382,281928.5714285714
5383,557625.0
5384,1183750.0
5385,1344166.6666666667
5386,2128962.962962963
5387,684250.0
5388,1239539.1521197008
5389,856000.0
5390,1353020.238095238
5391,1239539.1521197008
5392,758200.0
5393,833333.3333333334
5394,1239539.1521197008
5395,1353020.238095238
5396,1733000.0
5397,622107.1428571428
5398,964166.6666666666
5399,707166.6666666666
5400,735562.5
5401,1132841.75
5402,601582.0895522388
5403,1239539.1521197008
5404,699273.6296296297
5405,390750.0
5406,371925.0
5407,1239539.1521197008
5408,998200.0
5409,1792000.0
5410,1056125.0
5411,781571.4285714285
5412,336800.0
5413,2128962.962962963
5414,442166.6666666667
5415,705000.0
5416,1239539.1521197008
5417,712538.4615384615
5418,1958821.4285714286
5419,611555.5555555555
5420,1099951.6129032257
5421,1863888.888888889
5422,1561600.0
5423,871962.2950819673
5424,1239539.1521197008
5425,631700.0
5426,1504000.0
5427,790502.0
5428,1488875.0
5429,1132841.75
5430,1132841.75
5431,1211562.5
5432,1413571.4285714286
5433,596944.4444444445
5434,923909.0
5435,1479256.5714285714
5436,745285.7142857143
5437,935388.8888888889
5438,1061500.0
5439,1229444.4444444445
5440,1527277.7777777778
5441,656500.0
5442,448681.8181818182
5443,704888.7777777778
5444,1763750.0
5445,911857.1428571428
5446,601582.0895522388
5447,715437.5
5448,739250.0
5449,1226777.7777777778
5450,1488875.0
5451,976555.5555555555
5452,674500.0
5453,281928.5714285714
5454,504250.0
5455,332200.0
5456,1051600.0
5457,726040.625
5458,1239539.1521197008
5459,928088.8888888889
5460,468666.6666666667
5461,1421500.0
5462,432562.5
5463,465166.6666666667
5464,692875.0
5465,826875.0
5466,592779.4117647059
5467,648500.0
5468,842282.6086956522
5469,561625.0
5470,737200.0
5471,698166.6666666666
5472,1238928.5714285714
5473,1486388.888888889
5474,465166.6666666667
5475,519666.6666666667
5476,1229444.4444444445
5477,654574.6268656716
5478,1556142.857142857
5479,684250.0
5480,720250.0
5481,2743666.6666666665
5482,735562.5
5483,766065.5737704918
5484,930677.0833333334
5485,933455.3571428572
5486,889216.6666666666
5487,720250.0
5488,686200.0
5489,1977000.0
5490,1846500.0
5491,964500.0
5492,381500.0
5493,1239539.1521197008
5494,854291.6666666666
5495,1556142.857142857
5496,856000.0
5497,1527277.7777777778
5498,1239539.1521197008
5499,1647066.6666666667
5500,1353020.238095238
5501,1239539.1521197008
5502,909200.0
5503,1099951.6129032257
5504,1239539.1521197008
5505,1229200.0
5506,513681.8181818182
5507,498538.46153846156
5508,1109583.3333333333
5509,2449583.3333333335
5510,601916.6666666666
5511,1438662.1621621621
5512,651587.5
5513,1392500.0
5514,850400.0
5515,483800.0
5516,1556375.0
5517,1122250.0
5518,1927500.0
5519,510333.3333333333
5520,1353020.238095238
5521,720250.0
5522,928088.8888888889
5523,685843.75
5524,1239539.1521197008
5525,1239539.1521197008
5526,1267800.0
5527,1061500.0
5528,2102500.0
5529,378083.3333333333
5530,621000.0
5531,948500.0
5532,1914750.0
5533,372916.6666666667
5534,889216.6666666666
5535,448681.8181818182
5536,629428.5714285715
5537,2891111.111111111
5538,969957.1428571428
5539,871962.2950819673
5540,530062.5
5541,1290833.3333333333
5542,1306800.0
5543,1863888.888888889
5544,1743285.7142857143
5545,972913.0434782609
5546,1091500.0
5547,601687.5
5548,565068.8
5549,718555.5555555555
5550,364000.0
5551,403500.0
5552,871962.2950819673
5553,2469166.6666666665
5554,2138548.3870967743
5555,1132841.75
5556,393583.3333333333
5557,1268000.0
5558,842282.6086956522
5559,1239539.1521197008
5560,2838333.3333333335
5561,608000.0
5562,964166.6666666666
5563,393583.3333333333
5564,448681.8181818182
5565,647166.6666666666
5566,654574.6268656716
5567,2718433.692033321
5568,889216.6666666666
5569,1353020.238095238
5570,684250.0
5571,1792000.0
5572,375375.0
5573,938500.0
5574,1030200.0
5575,1353020.238095238
5576,510333.3333333333
5577,1780000.0
5578,448681.8181818182
5579,1213111.111111111
5580,686200.0
5581,2412222.222222222
5582,843357.1428571428
5583,347750.0
5584,1099951.6129032257
5585,1619625.0
5586,854142.8571428572
5587,1556375.0
5588,1353020.238095238
5589,930677.0833333334
5590,469050.0
5591,710400.0
5592,760175.0
5593,973571.4285714285
5594,529750.0
5595,513681.8181818182
5596,1353020.238095238
5597,1780000.0
5598,938500.0
5599,871962.2950819673
5600,581000.0
5601,347750.0
5602,2750000.0
5603,378083.3333333333
5604,601687.5
5605,2818126.8571428573
5606,718555.5555555555
5607,592779.4117647059
5608,759750.0
5609,1930000.0
5610,367562.5
5611,1131000.0
5612,1553750.0
5613,948500.0
5614,986250.0
5615,2083157.894736842
5616,1405333.3333333333
5617,1239539.1521197008
5618,338357.14285714284
5619,608833.3333333334
5620,1591250.0
5621,726040.625
5622,429312.5
5623,1061142.857142857
5624,1239539.1521197008
5625,1239539.1521197008
5626,866833.3333333334
5627,722000.0
5628,1330000.0
5629,4368750.0
5630,692875.0
5631,1405333.3333333333
5632,773458.3333333334
5633,604375.0
5634,646098.2142857143
5635,654574.6268656716
5636,1792000.0
5637,1187750.0
5638,756087.5
5639,601582.0895522388
5640,530062.5
5641,1239539.1521197008
5642,466357.14285714284
5643,1239539.1521197008
5644,730600.0
5645,501666.6666666667
5646,928088.8888888889
5647,913200.0
5648,530062.5
5649,2480062.5
5650,924045.4545454546
5651,1099951.6129032257
5652,432250.0
5653,1131666.6666666667
5654,408357.14285714284
5655,1099951.6129032257
5656,281928.5714285714
5657,344500.0
5658,2102500.0
5659,854291.6666666666
5660,366375.0
5661,408357.14285714284
5662,1927500.0
5663,1239539.1521197008
5664,707166.6666666666
5665,448681.8181818182
5666,1239539.1521197008
5667,1914750.0
5668,562750.0
5669,1353020.238095238
5670,1314400.0
5671,825555.5555555555
5672,1239539.1521197008
5673,2838333.3333333335
5674,1099951.6129032257
5675,608000.0
5676,2138548.3870967743
5677,1930000.0
5678,1527277.7777777778
5679,876875.0
5680,629428.5714285715
5681,1344166.6666666667
5682,4808000.0
5683,876875.0
5684,647166.6666666666
5685,1212714.2857142857
5686,872000.0
5687,575105.2631578947
5688,1527277.7777777778
5689,981666.6666666666
5690,1504000.0
5691,871962.2950819673
5692,2449583.3333333335
5693,1030200.0
5694,1239539.1521197008
5695,889216.6666666666
5696,452833.3333333333
5697,756087.5
5698,889216.6666666666
5699,647166.6666666666
5700,537416.6666666666
5701,862000.0
5702,1257000.0
5703,1239539.1521197008
5704,466357.14285714284
5705,1061500.0
5706,842282.6086956522
5707,1144500.0
5708,1665000.0
5709,1453571.4285714286
5710,756087.5
5711,1174250.0
5712,779166.6666666666
5713,1099951.6129032257
5714,758200.0
5715,1976250.0
5716,1132841.75
5717,400200.0
5718,1930000.0
5719,988416.6666666666
5720,1230875.0
5721,961500.0
5722,1156100.0
5723,390750.0
5724,347750.0
5725,930677.0833333334
5726,878181.8181818182
5727,928088.8888888889
5728,1662000.0
5729,463142.85714285716
5730,885600.0
5731,716666.6666666666
5732,871962.2950819673
5733,1061785.7142857143
5734,758303.4615384615
5735,1849457.142857143
5736,901386.3636363636
5737,1239539.1521197008
5738,756087.5
5739,1132841.75
5740,964166.6666666666
5741,1099951.6129032257
5742,854291.6666666666
5743,2319555.5555555555
5744,758303.4615384615
5745,1051600.0
5746,1930000.0
5747,500625.0
5748,727562.5
5749,848750.0
5750,2201750.0
5751,1099951.6129032257
5752,1122250.0
5753,622107.1428571428
5754,1061500.0
5755,511214.28571428574
5756,1239539.1521197008
5757,1239539.1521197008
5758,1239539.1521197008
5759,964166.6666666666
5760,530062.5
5761,705000.0
5762,699273.6296296297
5763,450050.0
5764,1239539.1521197008
5765,726040.625
5766,482214.28571428574
5767,712538.4615384615
5768,435285.71428571426
5769,1061142.857142857
5770,1239539.1521197008
5771,1556142.857142857
5772,1641250.0
5773,1785833.3333333333
5774,1132841.75
5775,2169777.777777778
5776,1415888.888888889
5777,1156100.0
5778,498538.46153846156
5779,579750.0
5780,1326714.2857142857
5781,2091250.0
5782,762363.6363636364
5783,737200.0
5784,718277.7777777778
5785,972913.0434782609
5786,1150500.0
5787,403500.0
5788,605142.8571428572
5789,1849457.142857143
5790,888250.0
5791,650950.0
5792,1239539.1521197008
5793,685843.75
5794,726040.625
5795,871962.2950819673
5796,448681.8181818182
5797,2102500.0
5798,923750.0
5799,1566250.0
5800,496000.0
5801,766065.5737704918
5802,1353020.238095238
5803,833333.3333333334
5804,1591250.0
5805,1927500.0
5806,646098.2142857143
5807,923909.0
5808,1239539.1521197008
5809,1094500.0
5810,826888.8888888889
5811,843357.1428571428
5812,927100.0
5813,592779.4117647059
5814,2469166.6666666665
5815,2128962.962962963
5816,625214.2857142857
5817,1096500.0
5818,654574.6268656716
5819,973571.4285714285
5820,1051600.0
5821,1239539.1521197008
5822,1353020.238095238
5823,1099200.0
5824,1132841.75
5825,1239539.1521197008
5826,608833.3333333334
5827,439571.4285714286
5828,2716250.0
5829,1730071.4285714286
5830,2083157.894736842
5831,601582.0895522388
5832,1353020.238095238
5833,1109583.3333333333
5834,592779.4117647059
5835,684500.0
5836,262944.44444444444
5837,927100.0
5838,608000.0
5839,2449583.3333333335
5840,686400.0
5841,1662000.0
5842,758303.4615384615
5843,551571.4285714285
5844,738750.0
5845,296750.0
5846,1061500.0
5847,889216.6666666666
5848,494500.0
5849,2067500.0
5850,1239539.1521197008
5851,818428.5714285715
5852,1479256.5714285714
5853,894833.3333333334
5854,623450.0
5855,1061500.0
5856,1556375.0
5857,2937857.1428571427
5858,1239539.1521197008
5859,889216.6666666666
5860,2568714.285714286
5861,1353020.238095238
5862,483800.0
5863,510333.3333333333
5864,1132841.75
5865,871962.2950819673
5866,871962.2950819673
5867,474333.3333333333
5868,592779.4117647059
5869,592779.4117647059
5870,1132841.75
5871,659300.0
5872,704888.7777777778
5873,1131666.6666666667
5874,1353020.238095238
5875,1239539.1521197008
5876,878181.8181818182
5877,924045.4545454546
5878,621000.0
5879,553500.0
5880,886100.0
5881,1150500.0
5882,1958821.4285714286
5883,2940058.692033321
5884,2128962.962962963
5885,513681.8181818182
5886,1239539.1521197008
5887,1863888.888888889
5888,1239539.1521197008
5889,332000.0
5890,1330000.0
5891,622107.1428571428
5892,2750000.0
5893,889216.6666666666
5894,2091250.0
5895,1239539.1521197008
5896,674500.0
5897,1056125.0
5898,561625.0
5899,709600.0
5900,608833.3333333334
5901,519666.6666666667
5902,972913.0434782609
5903,789775.7777777778
5904,843357.1428571428
5905,1840166.6666666667
5906,1027250.0
5907,2480062.5
5908,1157000.0
5909,1763750.0
5910,928088.8888888889
5911,855125.0
5912,364000.0
5913,2743666.6666666665
5914,263677.77777777775
5915,1150500.0
5916,1268000.0
5917,1486388.888888889
5918,894833.3333333334
5919,2128962.962962963
5920,387000.0
5921,601582.0895522388
5922,441500.0
5923,1438662.1621621621
5924,1056125.0
5925,513681.8181818182
5926,575105.2631578947
5927,1005250.0
5928,674500.0
5929,928088.8888888889
5930,985950.0
5931,1187750.0
5932,1239539.1521197008
5933,745285.7142857143
5934,1560000.0
5935,1438662.1621621621
5936,705000.0
5937,608000.0
5938,1080285.7142857143
5939,1353020.238095238
5940,1354666.6666666667
5941,928088.8888888889
5942,1664142.857142857
5943,871962.2950819673
5944,498538.46153846156
5945,2818126.8571428573
5946,712538.4615384615
5947,617750.0
5948,541300.0
5949,2305250.0
5950,510333.3333333333
5951,1849457.142857143
5952,601582.0895522388
5953,889216.6666666666
5954,654574.6268656716
5955,2083157.894736842
5956,513681.8181818182
5957,871962.2950819673
5958,635971.4285714285
5959,709600.0
5960,997500.0
5961,1697916.6666666667
5962,1647066.6666666667
5963,1239539.1521197008
5964,2128962.962962963
5965,833333.3333333334
5966,613519.7142857143
5967,730600.0
5968,1239539.1521197008
5969,581000.0
5970,514428.5714285714
5971,1306800.0
5972,1849457.142857143
5973,1858993.4117647058
5974,766065.5737704918
5975,1229444.4444444445
5976,648500.0
5977,1591250.0
5978,646098.2142857143
5979,988416.6666666666
5980,529571.4285714285
5981,1056125.0
5982,705100.0
5983,1353020.238095238
5984,562750.0
5985,737200.0
5986,1239539.1521197008
5987,1150500.0
5988,1353020.238095238
5989,1743285.7142857143
5990,776211.1111111111
5991,1143750.0
5992,758303.4615384615
5993,1030200.0
5994,573428.5714285715
5995,1239539.1521197008
5996,2940058.692033321
5997,1230875.0
5998,674500.0
5999,675285.7142857143
6000,1099951.6129032257
6001,1239539.1521197008
6002,1353020.238095238
6003,956250.0
6004,450050.0
6005,1512000.0
6006,448500.0
6007,608000.0
6008,599800.0
6009,556166.6666666666
6010,557625.0
6011,356800.0
6012,770600.0
6013,1239539.1521197008
6014,375375.0
6015,964166.6666666666
6016,889216.6666666666
6017,866833.3333333334
6018,751166.6666666666
6019,510333.3333333333
6020,1239539.1521197008
6021,565068.8
6022,674500.0
6023,393583.3333333333
6024,1239539.1521197008
6025,1958821.4285714286
6026,601582.0895522388
6027,458857.14285714284
6028,775000.0
6029,593750.0
6030,2128962.962962963
6031,1213111.111111111
6032,448681.8181818182
6033,1216851.5666666667
6034,442166.6666666667
6035,439583.3333333333
6036,2716250.0
6037,2279166.6666666665
6038,928088.8888888889
6039,622107.1428571428
6040,726040.625
6041,1132841.75
6042,1239539.1521197008
6043,1239539.1521197008
6044,338357.14285714284
6045,682590.9090909091
6046,876875.0
6047,1239539.1521197008
6048,1239539.1521197008
6049,758200.0
6050,469050.0
6051,842282.6086956522
6052,928088.8888888889
6053,1326714.2857142857
6054,1132841.75
6055,1619625.0
6056,1288875.0
6057,513681.8181818182
6058,494500.0
6059,1216851.5666666667
6060,981666.6666666666
6061,727214.2857142857
6062,1849457.142857143
6063,396750.0
6064,375375.0
6065,350625.0
6066,1721000.0
6067,1239539.1521197008
6068,439583.3333333333
6069,516200.0
6070,1312000.0
6071,1131000.0
6072,1623375.0
6073,924045.4545454546
6074,789775.7777777778
6075,1840166.6666666667
6076,1431500.0
6077,1239539.1521197008
6078,933455.3571428572
6079,827600.0
6080,1413571.4285714286
6081,682125.0
6082,390750.0
6083,396750.0
6084,608833.3333333334
6085,582333.3333333334
6086,876950.0
6087,654574.6268656716
6088,760175.0
6089,760175.0
6090,726040.625
6091,903750.0
6092,4069687.5
6093,603892.8571428572
6094,601582.0895522388
6095,850400.0
6096,718555.5555555555
6097,1239539.1521197008
6098,813333.3333333334
6099,1527000.0
6100,613519.7142857143
6101,601582.0895522388
6102,805500.0
6103,408357.14285714284
6104,1631166.6666666667
6105,490250.0
6106,848750.0
6107,666250.0
6108,647166.6666666666
6109,350625.0
6110,599800.0
6111,1216851.5666666667
6112,1051600.0
6113,2829166.6666666665
6114,2568714.285714286
6115,842282.6086956522
6116,332000.0
6117,1545444.4444444445
6118,972913.0434782609
6119,1239539.1521197008
6120,964166.6666666666
6121,685843.75
6122,903750.0
6123,938500.0
6124,1216851.5666666667
6125,601582.0895522388
6126,756087.5
6127,1239539.1521197008
6128,686200.0
6129,686200.0
6130,646098.2142857143
6131,621000.0
6132,948500.0
6133,406750.0
6134,1131000.0
6135,1216851.5666666667
6136,1300714.2857142857
6137,1132841.75
6138,1308727.2727272727
6139,2831200.0
6140,378333.3333333333
6141,1001300.0
6142,758303.4615384615
6143,1132841.75
6144,1216851.5666666667
6145,411642.85714285716
6146,514428.5714285714
6147,423583.3333333333
6148,1099951.6129032257
6149,1930000.0
6150,2524000.0
6151,1239539.1521197008
6152,1239539.1521197008
6153,698166.6666666666
6154,1150500.0
6155,2138548.3870967743
6156,1123083.3333333333
6157,592779.4117647059
6158,1561600.0
6159,601582.0895522388
6160,601582.0895522388
6161,738750.0
6162,722666.6666666666
6163,1665000.0
6164,1353020.238095238
6165,699273.6296296297
6166,344500.0
6167,758303.4615384615
6168,2923125.0
6169,675285.7142857143
6170,380781.25
6171,1751416.6666666667
6172,1470500.0
6173,2067500.0
6174,1780000.0
6175,2718433.692033321
6176,1239539.1521197008
6177,889216.6666666666
6178,1099951.6129032257
6179,1099951.6129032257
6180,972913.0434782609
6181,726040.625
6182,1315800.0
6183,972913.0434782609
6184,1344166.6666666667
6185,439571.4285714286
6186,536187.5
6187,605000.0
6188,928088.8888888889
6189,601600.0
6190,565068.8
6191,579583.3333333334
6192,469050.0
6193,1239539.1521197008
6194,367562.5
6195,1353020.238095238
6196,1470500.0
6197,854291.6666666666
6198,766065.5737704918
6199,885600.0
6200,1239539.1521197008
6201,1886000.0
6202,1556142.857142857
6203,928088.8888888889
6204,1353020.238095238
6205,781571.4285714285
6206,685843.75
6207,442166.6666666667
6208,1743285.7142857143
6209,685843.75
6210,1027250.0
6211,621000.0
6212,1239539.1521197008
6213,842282.6086956522
6214,1344166.6666666667
6215,575105.2631578947
6216,890937.5
6217,1527000.0
6218,726040.625
6219,2319555.5555555555
6220,1078125.0
6221,1239539.1521197008
6222,707166.6666666666
6223,646098.2142857143
6224,1239539.1521197008
6225,776211.1111111111
6226,1150500.0
6227,2412222.222222222
6228,740071.4285714285
6229,930677.0833333334
6230,1846500.0
6231,448681.8181818182
6232,631700.0
6233,445785.71428571426
6234,1353020.238095238
6235,773458.3333333334
6236,758303.4615384615
6237,647166.6666666666
6238,1353020.238095238
6239,734250.0
6240,1306800.0
6241,760175.0
6242,871962.2950819673
6243,976555.5555555555
6244,1135200.0
6245,2076375.0
6246,1260000.0
6247,730600.0
6248,1214000.0
6249,1123083.3333333333
6250,1479256.5714285714
6251,830600.0
6252,475200.0
6253,924045.4545454546
6254,995125.0
6255,1792000.0
6256,756087.5
6257,432562.5
6258,684500.0
6259,854142.8571428572
6260,854142.8571428572
6261,1239539.1521197008
6262,1132841.75
6263,592779.4117647059
6264,833333.3333333334
6265,2940058.692033321
6266,928088.8888888889
6267,997500.0
6268,1078125.0
6269,886625.0
6270,1099951.6129032257
6271,601582.0895522388
6272,1479256.5714285714
6273,2923125.0
6274,654574.6268656716
6275,557625.0
6276,1183750.0
6277,499000.0
6278,1449600.0
6279,521600.0
6280,641166.6666666666
6281,776211.1111111111
6282,448500.0
6283,923000.0
6284,776211.1111111111
6285,889216.6666666666
6286,4368750.0
6287,450050.0
6288,1239539.1521197008
6289,2128962.962962963
6290,1132841.75
6291,482214.28571428574
6292,2038125.0
6293,716750.0
6294,889216.6666666666
6295,1438662.1621621621
6296,1368200.0
6297,1306428.5714285714
6298,1785833.3333333333
6299,2319555.5555555555
6300,1061500.0
6301,842282.6086956522
6302,406750.0
6303,738750.0
6304,581000.0
6305,378333.3333333333
6306,2102500.0
6307,1143750.0
6308,1306800.0
6309,1354666.6666666667
6310,1381250.0
6311,1239539.1521197008
6312,871962.2950819673
6313,2314500.0
6314,1486388.888888889
6315,1504000.0
6316,2138548.3870967743
6317,468666.6666666667
6318,3571250.0
6319,758303.4615384615
6320,1314400.0
6321,393583.3333333333
6322,1239539.1521197008
6323,1392500.0
6324,986250.0
6325,705000.0
6326,2480062.5
6327,463142.85714285716
6328,592779.4117647059
6329,930677.0833333334
6330,946200.0
6331,1239539.1521197008
6332,2221250.0
6333,758303.4615384615
6334,889216.6666666666
6335,889216.6666666666
6336,778500.0
6337,1132841.75
6338,537416.6666666666
6339,1239539.1521197008
6340,1174250.0
6341,930677.0833333334
6342,2169777.777777778
6343,1285444.4444444445
6344,2128962.962962963
6345,1239539.1521197008
6346,1344166.6666666667
6347,871962.2950819673
6348,499000.0
6349,393583.3333333333
6350,2449583.3333333335
6351,520250.0
6352,2169777.777777778
6353,1798666.6666666667
6354,718277.7777777778
6355,976555.5555555555
6356,718555.5555555555
6357,2831200.0
6358,556166.6666666666
6359,739250.0
6360,1239539.1521197008
6361,364125.0
6362,710400.0
6363,827600.0
6364,263677.77777777775
6365,439714.28571428574
6366,1239539.1521197008
6367,698166.6666666666
6368,956250.0
6369,776211.1111111111
6370,1353020.238095238
6371,722000.0
6372,352500.0
6373,538000.0
6374,461000.0
6375,923909.0
6376,727562.5
6377,718277.7777777778
6378,611555.5555555555
6379,889216.6666666666
6380,801600.0
6381,1300714.2857142857
6382,646098.2142857143
6383,933455.3571428572
6384,730000.0
6385,1004375.0
6386,3571250.0
6387,1927500.0
6388,1080285.7142857143
6389,1239539.1521197008
6390,429312.5
6391,1239539.1521197008
6392,1239539.1521197008
6393,872000.0
6394,1976250.0
6395,1238928.5714285714
6396,599800.0
6397,1132841.75
6398,885600.0
6399,1977000.0
6400,448681.8181818182
6401,889216.6666666666
6402,585416.6666666666
6403,1099951.6129032257
6404,1143750.0
6405,527750.0
6406,1061500.0
6407,1132841.75
6408,1504000.0
6409,1251350.0
6410,350625.0
6411,2524000.0
6412,1438662.1621621621
6413,758303.4615384615
6414,766065.5737704918
6415,762363.6363636364
6416,675285.7142857143
6417,727214.2857142857
6418,756087.5
6419,1849457.142857143
6420,1239539.1521197008
6421,2038125.0
6422,1239539.1521197008
6423,685843.75
6424,1438662.1621621621
6425,601582.0895522388
6426,650950.0
6427,2239428.5714285714
6428,718555.5555555555
6429,894833.3333333334
6430,871962.2950819673
6431,650950.0
6432,1785833.3333333333
6433,1785833.3333333333
6434,664160.0
6435,439571.4285714286
6436,1239539.1521197008
6437,705000.0
6438,776211.1111111111
6439,646500.0
6440,1239539.1521197008
6441,2239428.5714285714
6442,727214.2857142857
6443,1239539.1521197008
6444,1239539.1521197008
6445,1245666.6666666667
6446,1860000.0
6447,408357.14285714284
6448,1662000.0
6449,654574.6268656716
6450,530062.5
6451,1285444.4444444445
6452,646098.2142857143
6453,775000.0
6454,530062.5
6455,1251350.0
6456,349428.5714285714
6457,1438662.1621621621
6458,1665000.0
6459,924045.4545454546
6460,1030200.0
6461,722000.0
6462,871962.2950819673
6463,527750.0
6464,818428.5714285715
6465,760175.0
6466,453400.0
6467,585416.6666666666
6468,852187.5
6469,1237830.7692307692
6470,408357.14285714284
6471,1144500.0
6472,1239539.1521197008
6473,520250.0
6474,730600.0
6475,1239539.1521197008
6476,933455.3571428572
6477,1415888.888888889
6478,1131666.6666666667
6479,349428.5714285714
6480,556166.6666666666
6481,565068.8
6482,498538.46153846156
6483,1132841.75
6484,759250.0
6485,547683.3333333334
6486,933455.3571428572
6487,1016500.0
6488,341571.4285714286
6489,843357.1428571428
6490,885600.0
6491,911857.1428571428
6492,727214.2857142857
6493,1239539.1521197008
6494,2923125.0
6495,718277.7777777778
6496,872000.0
6497,553500.0
6498,1405333.3333333333
6499,530062.5
6500,928088.8888888889
6501,1099200.0
6502,878181.8181818182
6503,1375000.0
6504,1132841.75
6505,1083666.6666666667
6506,1306800.0
6507,2138548.3870967743
6508,1647066.6666666667
6509,679142.8571428572
6510,432250.0
6511,826888.8888888889
6512,2982000.0
6513,1251350.0
6514,2083157.894736842
6515,1239539.1521197008
6516,1665000.0
6517,830600.0
6518,556166.6666666666
6519,1527000.0
6520,556166.6666666666
6521,1858993.4117647058
6522,622107.1428571428
6523,1527277.7777777778
6524,601582.0895522388
6525,513666.6666666667
6526,1284000.0
6527,1290833.3333333333
6528,2083157.894736842
6529,1099200.0
6530,928088.8888888889
6531,726040.625
6532,448681.8181818182
6533,1858993.4117647058
6534,648500.0
6535,1132841.75
6536,826875.0
6537,1641250.0
6538,625000.0
6539,1132841.75
6540,476833.3333333333
6541,930677.0833333334
6542,779166.6666666666
6543,403500.0
6544,766065.5737704918
6545,2138548.3870967743
6546,964500.0
6547,356800.0
6548,685843.75
6549,448681.8181818182
6550,474333.3333333333
6551,869375.0
6552,1470833.3333333333
6553,1135200.0
6554,521411.1111111111
6555,1239539.1521197008
6556,1156100.0
6557,1863888.888888889
6558,758303.4615384615
6559,608833.3333333334
6560,759750.0
6561,930677.0833333334
6562,498538.46153846156
6563,776211.1111111111
6564,496000.0
6565,2351666.6666666665
6566,529571.4285714285
6567,726040.625
6568,930677.0833333334
6569,530062.5
6570,1353020.238095238
6571,886100.0
6572,1096500.0
6573,901386.3636363636
6574,740071.4285714285
6575,933455.3571428572
6576,1479256.5714285714
6577,684250.0
6578,835562.5
6579,2838333.3333333335
6580,654574.6268656716
6581,781571.4285714285
6582,1641250.0
6583,1914750.0
6584,1308727.2727272727
6585,718277.7777777778
6586,871962.2950819673
6587,718555.5555555555
6588,378400.0
6589,448500.0
6590,621000.0
6591,551571.4285714285
6592,1692857.142857143
6593,1353020.238095238
6594,1639625.0
6595,745285.7142857143
6596,997500.0
6597,1030200.0
6598,894833.3333333334
6599,758303.4615384615
6600,1239539.1521197008
6601,2718433.692033321
6602,1132841.75
6603,2718433.692033321
6604,442166.6666666667
6605,621000.0
6606,1051600.0
6607,762363.6363636364
6608,1353020.238095238
6609,1308727.2727272727
6610,565068.8
6611,827600.0
6612,2351666.6666666665
6613,601582.0895522388
6614,1353020.238095238
6615,1353020.238095238
6616,561000.0
6617,647166.6666666666
6618,1061500.0
6619,740071.4285714285
6620,718277.7777777778
6621,850400.0
6622,1438662.1621621621
6623,1306428.5714285714
6624,933455.3571428572
6625,1353020.238095238
6626,1239539.1521197008
6627,1730071.4285714286
6628,599800.0
6629,2937857.1428571427
6630,458857.14285714284
6631,4069687.5
6632,964500.0
6633,2232500.0
6634,509142.85714285716
6635,716666.6666666666
6636,2568714.285714286
6637,1415888.888888889
6638,1211562.5
6639,1239539.1521197008
6640,1785833.3333333333
6641,972913.0434782609
6642,514428.5714285714
6643,675285.7142857143
6644,813333.3333333334
6645,538125.0
6646,686200.0
6647,347464.28571428574
6648,1239539.1521197008
6649,654574.6268656716
6650,684250.0
6651,1239539.1521197008
6652,603892.8571428572
6653,705100.0
6654,2818126.8571428573
6655,1239539.1521197008
6656,1958821.4285714286
6657,625214.2857142857
6658,805500.0
6659,972913.0434782609
6660,1099951.6129032257
6661,332000.0
6662,1214000.0
6663,439583.3333333333
6664,601582.0895522388
6665,565068.8
6666,1239539.1521197008
6667,1353020.238095238
6668,1099951.6129032257
6669,1353020.238095238
6670,2038125.0
6671,1239539.1521197008
6672,390750.0
6673,869375.0
6674,872000.0
6675,889216.6666666666
6676,601582.0895522388
6677,1405333.3333333333
6678,825000.0
6679,1239539.1521197008
6680,387000.0
6681,716750.0
6682,1832000.0
6683,1591250.0
6684,1504000.0
6685,530062.5
6686,2937857.1428571427
6687,828000.0
6688,1132841.75
6689,1479256.5714285714
6690,1239539.1521197008
6691,654574.6268656716
6692,1183750.0
6693,751166.6666666666
6694,2138548.3870967743
6695,1438662.1621621621
6696,2128962.962962963
6697,575105.2631578947
6698,971450.0
6699,699273.6296296297
6700,445785.71428571426
6701,1239539.1521197008
6702,350625.0
6703,396750.0
6704,1849457.142857143
6705,1470500.0
6706,408357.14285714284
6707,773458.3333333334
6708,1306428.5714285714
6709,1123083.3333333333
6710,1087500.0
6711,378333.3333333333
6712,1665000.0
6713,1504000.0
6714,1031222.2222222222
6715,1239539.1521197008
6716,1091500.0
6717,902500.0
6718,1030200.0
6719,1290833.3333333333
6720,639625.0
6721,1027250.0
6722,833333.3333333334
6723,682590.9090909091
6724,1239539.1521197008
6725,423583.3333333333
6726,739250.0
6727,1239539.1521197008
6728,948500.0
6729,1353020.238095238
6730,758303.4615384615
6731,1710250.0
6732,557625.0
6733,483800.0
6734,378333.3333333333
6735,2585000.0
6736,613519.7142857143
6737,889216.6666666666
6738,1647066.6666666667
6739,496000.0
6740,1156100.0
6741,527750.0
6742,1290833.3333333333
6743,930677.0833333334
6744,1239539.1521197008
6745,1798666.6666666667
6746,499000.0
6747,1977000.0
6748,639625.0
6749,1315800.0
6750,826888.8888888889
6751,1229444.4444444445
6752,519666.6666666667
6753,1239539.1521197008
6754,291000.0
6755,1405333.3333333333
6756,1849457.142857143
6757,1335388.888888889
6758,781666.6666666666
6759,1341400.0
6760,581250.0
6761,1353020.238095238
6762,1239539.1521197008
6763,1216851.5666666667
6764,1213111.111111111
6765,453400.0
6766,679142.8571428572
6767,4069687.5
6768,1849457.142857143
6769,1238928.5714285714
6770,350625.0
6771,1561600.0
6772,889216.6666666666
6773,452833.3333333333
6774,1527000.0
6775,1353020.238095238
6776,1257000.0
6777,1958821.4285714286
6778,2770000.0
6779,704888.7777777778
6780,519666.6666666667
6781,446700.0
6782,776211.1111111111
6783,1239539.1521197008
6784,575105.2631578947
6785,938500.0
6786,601582.0895522388
6787,529571.4285714285
6788,889216.6666666666
6789,871962.2950819673
6790,928088.8888888889
6791,1132841.75
6792,390750.0
6793,1438662.1621621621
6794,1785833.3333333333
6795,1239539.1521197008
6796,1169750.0
6797,698166.6666666666
6798,869375.0
6799,1239539.1521197008
6800,557625.0
6801,439571.4285714286
6802,852187.5
6803,876950.0
6804,1312000.0
6805,1470833.3333333333
6806,536187.5
6807,889216.6666666666
6808,654574.6268656716
6809,789775.7777777778
6810,448500.0
6811,487500.0
6812,1083666.6666666667
6813,2319555.5555555555
6814,562750.0
6815,521600.0
6816,1846500.0
6817,603892.8571428572
6818,604375.0
6819,468666.6666666667
6820,1239539.1521197008
6821,2128962.962962963
6822,835562.5
6823,924045.4545454546
6824,1512000.0
6825,541300.0
6826,876950.0
6827,474000.0
6828,448681.8181818182
6829,1742200.0
6830,387000.0
6831,1239539.1521197008
6832,1239539.1521197008
6833,423583.3333333333
6834,1697916.6666666667
6835,849000.0
6836,1798666.6666666667
6837,1792000.0
6838,432250.0
6839,1239539.1521197008
6840,1239539.1521197008
6841,1135200.0
6842,439583.3333333333
6843,445785.71428571426
6844,1619625.0
6845,617562.5
6846,831200.0
6847,933455.3571428572
6848,393583.3333333333
6849,762363.6363636364
6850,1285444.4444444445
6851,1239539.1521197008
6852,986250.0
6853,1132841.75
6854,622857.1428571428
6855,530062.5
6856,964500.0
6857,2076375.0
6858,1665000.0
6859,581250.0
6860,654574.6268656716
6861,600166.6666666666
6862,596400.0
6863,432250.0
6864,601582.0895522388
6865,726040.625
6866,1479256.5714285714
6867,758303.4615384615
6868,1061142.857142857
6869,603892.8571428572
6870,608000.0
6871,1290833.3333333333
6872,933455.3571428572
6873,802000.0
6874,848750.0
6875,628800.0
6876,350625.0
6877,1132841.75
6878,756087.5
6879,776211.1111111111
6880,889216.6666666666
6881,1031222.2222222222
6882,2940058.692033321
6883,981666.6666666666
6884,981666.6666666666
6885,1662000.0
6886,1091500.0
6887,2923125.0
6888,1132841.75
6889,1958821.4285714286
6890,751166.6666666666
6891,1239539.1521197008
6892,603892.8571428572
6893,1132841.75
6894,871962.2950819673
6895,928088.8888888889
6896,393583.3333333333
6897,1863888.888888889
6898,1239539.1521197008
6899,826875.0
6900,439571.4285714286
6901,1353020.238095238
6902,1239539.1521197008
6903,656500.0
6904,541700.0
6905,536187.5
6906,1312000.0
6907,1051600.0
6908,1527277.7777777778
6909,657166.6666666666
6910,886625.0
6911,2524000.0
6912,1099951.6129032257
6913,474000.0
6914,1239539.1521197008
6915,2838333.3333333335
6916,2524000.0
6917,1930000.0
6918,341571.4285714286
6919,1846500.0
6920,1239539.1521197008
6921,1479256.5714285714
6922,530062.5
6923,759750.0
6924,831200.0
6925,1239539.1521197008
6926,1131583.3333333333
6927,1386250.0
6928,1308727.2727272727
6929,516200.0
6930,621000.0
6931,872000.0
6932,530062.5
6933,1619625.0
6934,1694600.0
6935,862000.0
6936,650950.0
6937,406750.0
6938,1312000.0
6939,262944.44444444444
6940,1527000.0
6941,341571.4285714286
6942,766065.5737704918
6943,338357.14285714284
6944,490250.0
6945,1051600.0
6946,930677.0833333334
6947,924045.4545454546
6948,1239539.1521197008
6949,766065.5737704918
6950,930677.0833333334
6951,601582.0895522388
6952,541700.0
6953,1353020.238095238
6954,556166.6666666666
6955,1239539.1521197008
6956,889216.6666666666
6957,1132841.75
6958,347750.0
6959,494500.0
6960,1260000.0
6961,1353020.238095238
6962,1251350.0
6963,1239539.1521197008
6964,781571.4285714285
6965,1438400.0
6966,801600.0
6967,1144500.0
6968,712538.4615384615
6969,1132841.75
6970,601582.0895522388
6971,1030200.0
6972,1156100.0
6973,366375.0
6974,308125.0
6975,1353020.238095238
6976,685843.75
6977,4808000.0
6978,1326714.2857142857
6979,1132841.75
6980,605142.8571428572
6981,350625.0
6982,641166.6666666666
6983,1647066.6666666667
6984,1353020.238095238
6985,666250.0
6986,601582.0895522388
6987,1639625.0
6988,1239539.1521197008
6989,1239539.1521197008
6990,1641250.0
6991,1239539.1521197008
6992,1214000.0
6993,935388.8888888889
6994,629428.5714285715
6995,603892.8571428572
6996,1031222.2222222222
6997,1239539.1521197008
6998,930677.0833333334
6999,1239539.1521197008
7000,646098.2142857143
7001,1927500.0
7002,1569166.6666666667
7003,1958821.4285714286
7004,592779.4117647059
7005,869375.0
7006,1239539.1521197008
7007,2818126.8571428573
7008,1405333.3333333333
7009,716666.6666666666
7010,1239539.1521197008
7011,553500.0
7012,1027250.0
7013,2164000.0
7014,651587.5
7015,1251350.0
7016,1840166.6666666667
7017,1832000.0
7018,1556375.0
7019,878181.8181818182
7020,766065.5737704918
7021,1239539.1521197008
7022,956250.0
7023,888250.0
7024,423583.3333333333
7025,889216.6666666666
7026,631700.0
7027,1306428.5714285714
7028,608833.3333333334
7029,573428.5714285715
7030,1027250.0
7031,699273.6296296297
7032,2138548.3870967743
7033,705000.0
7034,871962.2950819673
7035,956250.0
7036,1504000.0
7037,1257000.0
7038,1438662.1621621621
7039,737000.0
7040,928088.8888888889
7041,1132841.75
7042,557388.8888888889
7043,514428.5714285714
7044,1733000.0
7045,621000.0
7046,1226777.7777777778
7047,332000.0
7048,611555.5555555555
7049,842282.6086956522
7050,908285.7142857143
7051,1132841.75
7052,901386.3636363636
7053,1239539.1521197008
7054,876875.0
7055,1132841.75
7056,894833.3333333334
7057,601582.0895522388
7058,760175.0
7059,2831200.0
7060,1817833.3333333333
7061,1591250.0
7062,596944.4444444445
7063,2128962.962962963
7064,902500.0
7065,601582.0895522388
7066,928088.8888888889
7067,1239539.1521197008
7068,1353020.238095238
7069,762363.6363636364
7070,813562.625
7071,1903062.5
7072,856000.0
7073,871962.2950819673
7074,1353020.238095238
7075,621000.0
7076,1405333.3333333333
7077,375375.0
7078,770600.0
7079,889216.6666666666
7080,2829166.6666666665
7081,2829166.6666666665
7082,1312000.0
7083,654574.6268656716
7084,930677.0833333334
7085,347464.28571428574
7086,776211.1111111111
7087,393583.3333333333
7088,1211562.5
7089,964500.0
7090,805500.0
7091,1721000.0
7092,924045.4545454546
7093,1239539.1521197008
7094,647166.6666666666
7095,889216.6666666666
7096,2038125.0
7097,1840166.6666666667
7098,579750.0
7099,686200.0
7100,551571.4285714285
7101,1545444.4444444445
7102,1056125.0
7103,556166.6666666666
7104,718277.7777777778
7105,494500.0
7106,1353020.238095238
7107,928088.8888888889
7108,737200.0
7109,1150500.0
7110,869375.0
7111,2221250.0
7112,1169750.0
7113,530062.5
7114,781571.4285714285
7115,1174250.0
7116,453400.0
7117,625214.2857142857
7118,575105.2631578947
7119,1840166.6666666667
7120,1132841.75
7121,596400.0
7122,1421500.0
7123,972913.0434782609
7124,1314400.0
7125,592779.4117647059
7126,1840166.6666666667
7127,1214000.0
7128,2083157.894736842
7129,675285.7142857143
7130,712900.0
7131,759250.0
7132,1251350.0
7133,889216.6666666666
7134,561625.0
7135,1479256.5714285714
7136,1846500.0
7137,1239539.1521197008
7138,631700.0
7139,513681.8181818182
7140,1239539.1521197008
7141,623450.0
7142,766065.5737704918
7143,727214.2857142857
7144,1239539.1521197008
7145,751166.6666666666
7146,1156100.0
7147,629428.5714285715
7148,378083.3333333333
7149,866833.3333333334
7150,538000.0
7151,1183750.0
7152,1132841.75
7153,592779.4117647059
7154,439714.28571428574
7155,1730071.4285714286
7156,842282.6086956522
7157,833333.3333333334
7158,1858993.4117647058
7159,1798666.6666666667
7160,1239539.1521197008
7161,378083.3333333333
7162,605000.0
7163,596944.4444444445
7164,3244125.0
7165,1785833.3333333333
7166,344500.0
7167,1479256.5714285714
7168,1657000.0
7169,411642.85714285716
7170,654574.6268656716
7171,886100.0
7172,933455.3571428572
7173,1061500.0
7174,1743285.7142857143
7175,450050.0
7176,1001300.0
7177,776211.1111111111
7178,872000.0
7179,530062.5
7180,1353020.238095238
7181,727214.2857142857
7182,866833.3333333334
7183,611555.5555555555
7184,1239539.1521197008
7185,1099951.6129032257
7186,1239539.1521197008
7187,555857.1428571428
7188,758200.0
7189,862000.0
7190,490250.0
7191,611555.5555555555
7192,1341400.0
7193,2718433.692033321
7194,680500.0
7195,766065.5737704918
7196,923909.0
7197,854142.8571428572
7198,1158250.0
7199,450050.0
7200,1239539.1521197008
7201,1163000.0
7202,825555.5555555555
7203,1308727.2727272727
7204,726040.625
7205,2067500.0
7206,751166.6666666666
7207,1131583.3333333333
7208,760175.0
7209,384111.1111111111
7210,1056125.0
7211,1132841.75
7212,1561600.0
7213,448681.8181818182
7214,579875.0
7215,972913.0434782609
7216,622107.1428571428
7217,1216851.5666666667
7218,1239539.1521197008
7219,1172428.5714285714
7220,506333.3333333333
7221,1619625.0
7222,527250.0
7223,1239539.1521197008
7224,1353020.238095238
7225,698166.6666666666
7226,2239428.5714285714
7227,827600.0
7228,776211.1111111111
7229,1312000.0
7230,1347062.5
7231,496687.625
7232,423583.3333333333
7233,1785833.3333333333
7234,776211.1111111111
7235,630687.5
7236,720250.0
7237,536187.5
7238,646098.2142857143
7239,557625.0
7240,1239539.1521197008
7241,707166.6666666666
7242,432562.5
7243,849000.0
7244,789775.7777777778
7245,908285.7142857143
7246,403500.0
7247,685843.75
7248,1958821.4285714286
7249,1229200.0
7250,776211.1111111111
7251,1504000.0
7252,1527000.0
7253,1958821.4285714286
7254,1647066.6666666667
7255,889216.6666666666
7256,1099951.6129032257
7257,737200.0
7258,1239539.1521197008
7259,1239539.1521197008
7260,1353020.238095238
7261,933455.3571428572
7262,641166.6666666666
7263,1132841.75
7264,762363.6363636364
7265,601582.0895522388
7266,1479256.5714285714
7267,1055000.0
7268,601582.0895522388
7269,341571.4285714286
7270,630687.5
7271,1174250.0
7272,1238928.5714285714
7273,1239539.1521197008
7274,1055000.0
7275,1353020.238095238
7276,673750.0
7277,2102500.0
7278,935388.8888888889
7279,1239539.1521197008
7280,1132841.75
7281,1694000.0
7282,639625.0
7283,1239539.1521197008
7284,674500.0
7285,446700.0
7286,411642.85714285716
7287,2232500.0
7288,776211.1111111111
7289,2239428.5714285714
7290,871962.2950819673
7291,1158250.0
7292,762363.6363636364
7293,1187750.0
7294,705000.0
7295,674500.0
7296,403500.0
7297,1353020.238095238
7298,686200.0
7299,828000.0
7300,705100.0
7301,536187.5
7302,1858400.0
7303,381500.0
7304,1353020.238095238
7305,629428.5714285715
7306,1488875.0
7307,1344166.6666666667
7308,1056125.0
7309,927100.0
7310,871962.2950819673
7311,347464.28571428574
7312,1958821.4285714286
7313,972913.0434782609
7314,1840166.6666666667
7315,1566250.0
7316,1512000.0
7317,762363.6363636364
7318,601687.5
7319,601687.5
7320,1083666.6666666667
7321,928088.8888888889
7322,1545444.4444444445
7323,1405333.3333333333
7324,1030200.0
7325,1553750.0
7326,1044375.0
7327,648857.1428571428
7328,601582.0895522388
7329,1239539.1521197008
7330,1099951.6129032257
7331,504250.0
7332,622107.1428571428
7333,805500.0
7334,1353020.238095238
7335,1239539.1521197008
7336,1123083.3333333333
7337,1239539.1521197008
7338,463142.85714285716
7339,1353020.238095238
7340,1798666.6666666667
7341,843357.1428571428
7342,760175.0
7343,766065.5737704918
7344,726040.625
7345,773458.3333333334
7346,629428.5714285715
7347,592779.4117647059
7348,511214.28571428574
7349,735562.5
7350,995125.0
7351,527750.0
7352,2083157.894736842
7353,514428.5714285714
7354,1239539.1521197008
7355,1306800.0
7356,1647066.6666666667
7357,889216.6666666666
7358,1300714.2857142857
7359,1213111.111111111
7360,1657000.0
7361,854142.8571428572
7362,872000.0
7363,1945000.0
7364,1245666.6666666667
7365,705000.0
7366,656500.0
7367,601582.0895522388
7368,367562.5
7369,2940058.692033321
7370,673750.0
7371,1438400.0
7372,981666.6666666666
7373,1883833.3333333333
7374,1353020.238095238
7375,825555.5555555555
7376,506333.3333333333
7377,1424000.0
7378,611555.5555555555
7379,527750.0
7380,1239539.1521197008
7381,1239539.1521197008
7382,760175.0
7383,773458.3333333334
7384,835562.5
7385,601916.6666666666
7386,1267800.0
7387,1308727.2727272727
7388,1846250.0
7389,1239539.1521197008
7390,928088.8888888889
7391,601582.0895522388
7392,1265400.0
7393,1132841.75
7394,490250.0
7395,1229200.0
7396,1099951.6129032257
7397,766065.5737704918
7398,889216.6666666666
7399,2585000.0
7400,673750.0
7401,924045.4545454546
7402,596944.4444444445
7403,582333.3333333334
7404,1239539.1521197008
7405,933455.3571428572
7406,971450.0
7407,1780000.0
7408,411642.85714285716
7409,575105.2631578947
7410,1527000.0
7411,625000.0
7412,4368750.0
7413,1099951.6129032257
7414,726040.625
7415,1061785.7142857143
7416,1930000.0
7417,1078125.0
7418,1239539.1521197008
7419,2128962.962962963
7420,510333.3333333333
7421,758303.4615384615
7422,1279071.4285714286
7423,894833.3333333334
7424,2750000.0
7425,1413571.4285714286
7426,716666.6666666666
7427,784750.0
7428,1239539.1521197008
7429,556166.6666666666
7430,352500.0
7431,862000.0
7432,332200.0
7433,513681.8181818182
7434,677800.0
7435,1849457.142857143
7436,468666.6666666667
7437,1591250.0
7438,693375.0
7439,1132841.75
7440,332000.0
7441,557625.0
7442,818428.5714285715
7443,378083.3333333333
7444,1353020.238095238
7445,1353020.238095238
7446,709600.0
7447,1239539.1521197008
7448,1239539.1521197008
7449,1239539.1521197008
7450,1431500.0
7451,2164000.0
7452,1163000.0
7453,509142.85714285716
7454,739250.0
7455,466357.14285714284
7456,514428.5714285714
7457,2083157.894736842
7458,762363.6363636364
7459,608833.3333333334
7460,654574.6268656716
7461,474333.3333333333
7462,2128962.962962963
7463,1415888.888888889
7464,903750.0
7465,760175.0
7466,461000.0
7467,605142.8571428572
7468,629428.5714285715
7469,1858993.4117647058
7470,778500.0
7471,3571250.0
7472,445785.71428571426
7473,622107.1428571428
7474,390750.0
7475,1239539.1521197008
7476,871962.2950819673
7477,513681.8181818182
7478,2128962.962962963
7479,1353020.238095238
7480,646098.2142857143
7481,748500.0
7482,1239539.1521197008
7483,384111.1111111111
7484,972913.0434782609
7485,1239539.1521197008
7486,1239539.1521197008
7487,1098125.0
7488,964500.0
7489,1239539.1521197008
7490,429312.5
7491,854291.6666666666
7492,1132841.75
7493,2469166.6666666665
7494,506333.3333333333
7495,685843.75
7496,902500.0
7497,1132841.75
7498,561625.0
7499,1061500.0
7500,930677.0833333334
7501,1239539.1521197008
7502,1792000.0
7503,1239539.1521197008
7504,1150500.0
7505,1239539.1521197008
7506,1239539.1521197008
7507,1527000.0
7508,529750.0
7509,924045.4545454546
7510,889216.6666666666
7511,1024357.1428571428
7512,876875.0
7513,972913.0434782609
7514,1521500.0
7515,1163000.0
7516,1353020.238095238
7517,903750.0
7518,1858993.4117647058
7519,784750.0
7520,2046777.7777777778
7521,582333.3333333334
7522,2138548.3870967743
7523,1239539.1521197008
7524,2138548.3870967743
7525,848750.0
7526,1030200.0
7527,712538.4615384615
7528,349428.5714285714
7529,1213111.111111111
7530,909200.0
7531,375375.0
7532,2067500.0
7533,779166.6666666666
7534,766065.5737704918
7535,2071500.0
7536,1743285.7142857143
7537,565068.8
7538,748500.0
7539,2524000.0
7540,892800.0
7541,758303.4615384615
7542,555857.1428571428
7543,1239539.1521197008
7544,1279071.4285714286
7545,1239539.1521197008
7546,1344166.6666666667
7547,1239539.1521197008
7548,734250.0
7549,718277.7777777778
7550,878181.8181818182
7551,625214.2857142857
7552,439571.4285714286
7553,1183750.0
7554,1453571.4285714286
7555,1239539.1521197008
7556,933455.3571428572
7557,628800.0
7558,1239539.1521197008
7559,1239539.1521197008
7560,1930000.0
7561,1958821.4285714286
7562,751166.6666666666
7563,561625.0
7564,878181.8181818182
7565,432562.5
7566,2838333.3333333335
7567,1488875.0
7568,1486388.888888889
7569,761000.0
7570,927100.0
7571,682590.9090909091
7572,1353020.238095238
7573,601582.0895522388
7574,513681.8181818182
7575,855125.0
7576,843357.1428571428
7577,964166.6666666666
7578,923909.0
7579,371925.0
7580,629428.5714285715
7581,737200.0
7582,448681.8181818182
7583,778500.0
7584,631700.0
7585,1239539.1521197008
7586,432562.5
7587,1099951.6129032257
7588,1132841.75
7589,592779.4117647059
7590,1167500.0
7591,789775.7777777778
7592,541300.0
7593,1094500.0
7594,852187.5
7595,1488875.0
7596,406750.0
7597,530062.5
7598,630687.5
7599,1344166.6666666667
7600,408357.14285714284
7601,1306800.0
7602,844200.0
7603,902500.0
7604,529571.4285714285
7605,928088.8888888889
7606,781666.6666666666
7607,2524000.0
7608,964166.6666666666
7609,699273.6296296297
7610,300437.5
7611,538000.0
7612,682590.9090909091
7613,1640000.0
7614,1694000.0
7615,685843.75
7616,1229444.4444444445
7617,931600.0
7618,3571250.0
7619,403500.0
7620,1239539.1521197008
7621,296750.0
7622,776211.1111111111
7623,928088.8888888889
7624,760175.0
7625,1860000.0
7626,1353020.238095238
7627,1521500.0
7628,669000.0
7629,1239539.1521197008
7630,2138548.3870967743
7631,888375.0
7632,1099951.6129032257
7633,1163000.0
7634,654574.6268656716
7635,387000.0
7636,356800.0
7637,514428.5714285714
7638,964500.0
7639,924045.4545454546
7640,1239539.1521197008
7641,1527277.7777777778
7642,1561600.0
7643,889216.6666666666
7644,1353020.238095238
7645,994625.0
7646,876875.0
7647,682590.9090909091
7648,1099200.0
7649,1488875.0
7650,1150500.0
7651,1569166.6666666667
7652,1438662.1621621621
7653,1353020.238095238
7654,631000.0
7655,514428.5714285714
7656,704888.7777777778
7657,1375000.0
7658,666250.0
7659,527750.0
7660,1353020.238095238
7661,553500.0
7662,813562.625
7663,1619625.0
7664,1229200.0
7665,737200.0
7666,930677.0833333334
7667,685843.75
7668,1279071.4285714286
7669,848750.0
7670,496687.625
7671,1239539.1521197008
7672,1239539.1521197008
7673,1368200.0
7674,1132841.75
7675,1061142.857142857
7676,902500.0
7677,770600.0
7678,1061500.0
7679,685843.75
7680,930677.0833333334
7681,716666.6666666666
7682,1886000.0
7683,902500.0
7684,685843.75
7685,1656812.5
7686,933455.3571428572
7687,623450.0
7688,458857.14285714284
7689,1239539.1521197008
7690,1405333.3333333333
7691,654574.6268656716
7692,972913.0434782609
7693,971450.0
7694,1163000.0
7695,501666.6666666667
7696,1846250.0
7697,537416.6666666666
7698,674500.0
7699,1024357.1428571428
7700,527750.0
7701,439714.28571428574
7702,948500.0
7703,758303.4615384615
7704,1330000.0
7705,466357.14285714284
7706,1239539.1521197008
7707,1239539.1521197008
7708,1785833.3333333333
7709,699273.6296296297
7710,2319555.5555555555
7711,521600.0
7712,1656812.5
7713,872000.0
7714,482214.28571428574
7715,1470500.0
7716,263677.77777777775
7717,833333.3333333334
7718,698166.6666666666
7719,1353020.238095238
7720,830600.0
7721,1763750.0
7722,1078125.0
7723,2091250.0
7724,1392500.0
7725,1300714.2857142857
7726,1239539.1521197008
7727,625214.2857142857
7728,1308727.2727272727
7729,661666.6666666666
7730,911857.1428571428
7731,1030200.0
7732,826888.8888888889
7733,756087.5
7734,756087.5
7735,997500.0
7736,1245666.6666666667
7737,381500.0
7738,1099951.6129032257
7739,842282.6086956522
7740,582333.3333333334
7741,876875.0
7742,871962.2950819673
7743,1353020.238095238
7744,924045.4545454546
7745,902500.0
7746,902500.0
7747,1131666.6666666667
7748,758303.4615384615
7749,1424000.0
7750,1131666.6666666667
7751,988416.6666666666
7752,1239539.1521197008
7753,871962.2950819673
7754,1239539.1521197008
7755,679142.8571428572
7756,1132841.75
7757,1639625.0
7758,651500.0
7759,871962.2950819673
7760,1631166.6666666667
7761,923909.0
7762,1239539.1521197008
7763,1306800.0
7764,1353020.238095238
7765,1251350.0
7766,2891111.111111111
7767,1312000.0
7768,1131666.6666666667
7769,756087.5
7770,1883833.3333333333
7771,501509.1666666667
7772,344500.0
7773,622107.1428571428
7774,490250.0
7775,639625.0
7776,1930000.0
7777,928088.8888888889
7778,390750.0
7779,1306800.0
7780,1239539.1521197008
7781,707166.6666666666
7782,2083157.894736842
7783,527750.0
7784,2128962.962962963
7785,2319555.5555555555
7786,726040.625
7787,1662000.0
7788,647166.6666666666
7789,871962.2950819673
7790,474333.3333333333
7791,694250.0
7792,972913.0434782609
7793,403500.0
7794,2770000.0
7795,886625.0
7796,924045.4545454546
7797,854291.6666666666
7798,1306428.5714285714
7799,871962.2950819673
7800,1353020.238095238
7801,1883833.3333333333
7802,923750.0
7803,1438662.1621621621
7804,1413571.4285714286
7805,592779.4117647059
7806,2314500.0
7807,842282.6086956522
7808,1216851.5666666667
7809,844200.0
7810,490250.0
7811,862000.0
7812,766065.5737704918
7813,770600.0
7814,1858993.4117647058
7815,2091250.0
7816,1239539.1521197008
7817,2046777.7777777778
7818,631000.0
7819,1368200.0
7820,1216851.5666666667
7821,332166.6666666667
7822,1131000.0
7823,2038125.0
7824,2102500.0
7825,656500.0
7826,1353020.238095238
7827,403500.0
7828,622107.1428571428
7829,1087500.0
7830,946200.0
7831,4069687.5
7832,854142.8571428572
7833,737000.0
7834,1353020.238095238
7835,450050.0
7836,1945000.0
7837,886100.0
7838,1239539.1521197008
7839,378333.3333333333
7840,1061500.0
7841,889216.6666666666
7842,2829166.6666666665
7843,556166.6666666666
7844,854142.8571428572
7845,1914750.0
7846,923909.0
7847,684250.0
7848,1239539.1521197008
7849,726040.625
7850,1216851.5666666667
7851,889216.6666666666
7852,601582.0895522388
7853,1335388.888888889
7854,1132841.75
7855,1239539.1521197008
7856,367562.5
7857,890937.5
7858,1335388.888888889
7859,766065.5737704918
7860,1239539.1521197008
7861,2128962.962962963
7862,419900.0
7863,1647066.6666666667
7864,730000.0
7865,344500.0
7866,789775.7777777778
7867,496687.625
7868,601582.0895522388
7869,641166.6666666666
7870,601582.0895522388
7871,3875000.0
7872,878181.8181818182
7873,601582.0895522388
7874,889216.6666666666
7875,1212714.2857142857
7876,871962.2950819673
7877,1239539.1521197008
7878,556166.6666666666
7879,1132841.75
7880,601582.0895522388
7881,685843.75
7882,1353020.238095238
7883,878181.8181818182
7884,1438662.1621621621
7885,498538.46153846156
7886,1353020.238095238
7887,930677.0833333334
7888,781666.6666666666
7889,2221250.0
7890,1619625.0
7891,923909.0
7892,2480062.5
7893,976555.5555555555
7894,2818126.8571428573
7895,2305250.0
7896,1330000.0
7897,871962.2950819673
7898,263677.77777777775
7899,2305250.0
7900,530062.5
7901,1022500.0
7902,1239539.1521197008
7903,886100.0
7904,2083157.894736842
7905,1239539.1521197008
7906,854291.6666666666
7907,1314400.0
7908,976555.5555555555
7909,1094500.0
7910,1245666.6666666667
7911,1353020.238095238
7912,1214000.0
7913,1314400.0
7914,1239539.1521197008
7915,501509.1666666667
7916,1239539.1521197008
7917,1306800.0
7918,654574.6268656716
7919,766065.5737704918
7920,601582.0895522388
7921,2118600.0
7922,338357.14285714284
7923,1308727.2727272727
7924,1792000.0
7925,558600.0
7926,2838333.3333333335
7927,1004375.0
7928,872000.0
7929,611555.5555555555
7930,1453571.4285714286
7931,813562.625
7932,766065.5737704918
7933,748333.3333333334
7934,1413571.4285714286
7935,300437.5
7936,592779.4117647059
7937,1545444.4444444445
7938,1239539.1521197008
7939,1239539.1521197008
7940,2923125.0
7941,520250.0
7942,869375.0
7943,601582.0895522388
7944,766065.5737704918
7945,1483000.0
7946,825555.5555555555
7947,995125.0
7948,1080285.7142857143
7949,1144500.0
7950,1662000.0
7951,491625.0
7952,698166.6666666666
7953,1545444.4444444445
7954,1495800.0
7955,496000.0
7956,601582.0895522388
7957,1460000.0
7958,474333.3333333333
7959,972913.0434782609
7960,698166.6666666666
7961,1958821.4285714286
7962,1817833.3333333333
7963,1730071.4285714286
7964,1239539.1521197008
7965,956250.0
7966,972913.0434782609
7967,446700.0
7968,1267800.0
7969,1099951.6129032257
7970,894833.3333333334
7971,1239539.1521197008
7972,684250.0
7973,1785833.3333333333
7974,1488875.0
7975,890937.5
7976,758303.4615384615
7977,4368750.0
7978,1094500.0
7979,995125.0
7980,679142.8571428572
7981,551200.0
7982,2164000.0
7983,1239539.1521197008
7984,4808000.0
7985,393583.3333333333
7986,1488875.0
7987,1132841.75
7988,675285.7142857143
7989,889216.6666666666
7990,1239539.1521197008
7991,1858993.4117647058
7992,1308727.2727272727
7993,813333.3333333334
7994,650950.0
7995,727214.2857142857
7996,338357.14285714284
7997,1216851.5666666667
7998,2201750.0
7999,565068.8
8000,2118600.0
8001,1132841.75
8002,1099951.6129032257
8003,781571.4285714285
8004,432250.0
8005,758303.4615384615
8006,664160.0
8007,1330000.0
8008,705000.0
8009,1641250.0
8010,1239539.1521197008
8011,1187750.0
8012,889216.6666666666
8013,1386250.0
8014,1132841.75
8015,930677.0833333334
8016,889216.6666666666
8017,712538.4615384615
8018,2305250.0
8019,1080285.7142857143
8020,1239539.1521197008
8021,466357.14285714284
8022,2718433.692033321
8023,2449583.3333333335
8024,1239539.1521197008
8025,583000.0
8026,541700.0
8027,1229444.4444444445
8028,666250.0
8029,1438662.1621621621
8030,341571.4285714286
8031,1886000.0
8032,1239539.1521197008
8033,933455.3571428572
8034,1504000.0
8035,734250.0
8036,1263888.888888889
8037,1239539.1521197008
8038,1156100.0
8039,1239539.1521197008
8040,2138548.3870967743
8041,2389000.0
8042,1183750.0
8043,2261250.0
8044,1239539.1521197008
8045,1368200.0
8046,1083666.6666666667
8047,1308727.2727272727
8048,1792000.0
8049,1239539.1521197008
8050,1639625.0
8051,923909.0
8052,1239539.1521197008
8053,2232500.0
8054,575105.2631578947
8055,2138548.3870967743
8056,781666.6666666666
8057,356800.0
8058,760175.0
8059,1288875.0
8060,622107.1428571428
8061,1239539.1521197008
8062,650950.0
8063,1156100.0
8064,496687.625
8065,423583.3333333333
8066,575105.2631578947
8067,1150500.0
8068,762363.6363636364
8069,378083.3333333333
8070,890937.5
8071,1344166.6666666667
8072,878181.8181818182
8073,871962.2950819673
8074,498538.46153846156
8075,1061142.857142857
8076,679142.8571428572
8077,1314400.0
8078,1780000.0
8079,474333.3333333333
8080,384111.1111111111
8081,739250.0
8082,575105.2631578947
8083,760175.0
8084,1216851.5666666667
8085,581000.0
8086,575105.2631578947
8087,866833.3333333334
8088,842282.6086956522
8089,1132841.75
8090,1099951.6129032257
8091,364000.0
8092,931600.0
8093,716750.0
8094,601582.0895522388
8095,1780000.0
8096,776211.1111111111
8097,565068.8
8098,1527277.7777777778
8099,2829166.6666666665
8100,1239539.1521197008
8101,1239539.1521197008
8102,366375.0
8103,635971.4285714285
8104,1792000.0
8105,1647066.6666666667
8106,501509.1666666667
8107,2305250.0
8108,601582.0895522388
8109,1132841.75
8110,716750.0
8111,601582.0895522388
8112,2891111.111111111
8113,482214.28571428574
8114,4368750.0
8115,712538.4615384615
8116,476833.3333333333
8117,1239539.1521197008
8118,850400.0
8119,930677.0833333334
8120,1239539.1521197008
8121,692875.0
8122,1187750.0
8123,466357.14285714284
8124,1742200.0
8125,558600.0
8126,1751416.6666666667
8127,646098.2142857143
8128,648857.1428571428
8129,1132841.75
8130,1239539.1521197008
8131,1849457.142857143
8132,2524000.0
8133,946200.0
8134,2128962.962962963
8135,1239539.1521197008
8136,1561600.0
8137,445785.71428571426
8138,1438662.1621621621
8139,1840166.6666666667
8140,889216.6666666666
8141,466357.14285714284
8142,923600.0
8143,1239539.1521197008
8144,592779.4117647059
8145,666250.0
8146,601916.6666666666
8147,776211.1111111111
