index,Price
0,2490633.8
1,618972.56
2,994434.2
3,480894.56
4,894237.8
5,716295.7
6,456124.16
7,1985029.9
8,515180.66
9,1614457.5
10,2139070.0
11,739407.94
12,1073464.4
13,610660.0
14,786246.1
15,962106.8
16,514395.16
17,614171.06
18,2436183.0
19,402675.88
20,641292.5
21,957590.6
22,1041987.94
23,1382210.4
24,1705829.2
25,764301.5
26,556888.94
27,586703.4
28,716765.6
29,1205864.6
30,670752.25
31,2140060.8
32,315589.88
33,398768.5
34,807707.5
35,430195.53
36,1525646.9
37,534864.25
38,1031503.6
39,592495.0
40,1098520.6
41,1096335.5
42,1607185.8
43,253088.84
44,766189.2
45,1275282.8
46,664891.4
47,598840.4
48,435938.03
49,1170551.9
50,863322.4
51,2891844.2
52,760392.8
53,936543.2
54,1679932.6
55,565698.2
56,705486.06
57,1787223.0
58,1209540.6
59,1838983.0
60,651859.5
61,1244132.8
62,1390908.4
63,1096037.8
64,2463366.0
65,1635877.5
66,1208419.2
67,611646.25
68,1488708.5
69,674953.1
70,679909.7
71,1351285.0
72,1089894.5
73,2285461.0
74,1301931.1
75,2031485.5
76,438322.78
77,1172036.0
78,534667.8
79,2821328.8
80,754401.75
81,730374.0
82,473411.9
83,1641739.4
84,919385.06
85,652967.8
86,654817.5
87,1167066.0
88,807391.06
89,490162.56
90,656428.6
91,1244525.0
92,1336973.0
93,1769451.2
94,1130615.4
95,1802513.8
96,501552.3
97,2492793.5
98,1362663.8
99,1251731.4
100,667660.06
101,1423739.0
102,1709302.5
103,1158257.5
104,198591.45
105,694256.25
106,2026167.8
107,1366816.1
108,599355.9
109,1746816.6
110,3017310.0
111,1116552.2
112,495055.9
113,1272805.1
114,2079728.0
115,553202.6
116,1473811.2
117,2228135.2
118,1264054.1
119,1384859.5
120,2211212.5
121,452371.5
122,1332298.9
123,977632.9
124,910385.8
125,1369775.5
126,1900522.9
127,647998.2
128,939796.5
129,803506.25
130,495665.16
131,833837.1
132,1152822.0
133,2357824.8
134,546409.25
135,1022812.9
136,1295697.2
137,752236.3
138,939732.2
139,860100.5
140,1353721.9
141,1545939.1
142,967362.94
143,995824.44
144,1141022.9
145,2748189.5
146,2397426.2
147,750564.1
148,2614376.5
149,853298.7
150,567651.1
151,763073.75
152,546739.6
153,840895.4
154,1302716.5
155,1410887.1
156,1741256.6
157,1228378.5
158,480404.8
159,1276563.0
160,981017.06
161,2206403.0
162,1630797.5
163,476865.34
164,1167379.9
165,2062754.2
166,1312225.0
167,685604.75
168,538961.1
169,705484.25
170,1747910.0
171,1213842.1
172,713714.3
173,639777.8
174,544530.94
175,1218651.4
176,682135.2
177,423133.25
178,1142888.0
179,963781.1
180,3061695.0
181,1187636.9
182,621383.8
183,588641.44
184,1232878.9
185,1385310.4
186,1680853.8
187,1512752.6
188,527970.7
189,811776.2
190,592600.44
191,812743.2
192,406469.97
193,1148852.5
194,617331.7
195,1223745.8
196,904461.9
197,722238.44
198,707253.2
199,900287.6
200,615400.3
201,629418.94
202,739991.56
203,936830.5
204,1230728.9
205,2402900.2
206,2034709.5
207,1648109.5
208,1120806.1
209,1119616.6
210,782586.7
211,820152.7
212,2117921.5
213,638937.56
214,857006.0
215,574342.1
216,700092.44
217,765663.7
218,2063970.8
219,640455.5
220,1193614.6
221,1308817.5
222,1975961.8
223,1792451.8
224,688070.8
225,1184088.5
226,1093507.2
227,769810.1
228,794959.0
229,417502.9
230,636579.25
231,677298.25
232,751832.4
233,2404613.2
234,1080011.9
235,898580.3
236,907659.6
237,816222.3
238,2402296.8
239,2244262.8
240,747591.56
241,756094.9
242,2034262.6
243,1403309.5
244,3666026.0
245,262441.62
246,631683.06
247,1635113.2
248,1354334.8
249,1770989.4
250,523643.97
251,812026.7
252,1082276.2
253,607311.1
254,729316.06
255,765920.0
256,1388807.4
257,1124566.6
258,755069.1
259,692975.1
260,562310.25
261,796363.06
262,1471861.1
263,1402540.6
264,1901865.5
265,1132892.2
266,1127786.5
267,1201942.4
268,1467655.9
269,2172322.2
270,1043495.75
271,1045004.8
272,1185539.2
273,1842913.1
274,509114.25
275,1176921.6
276,895645.44
277,881292.06
278,651260.5
279,1258795.8
280,1247175.8
281,499034.62
282,818388.2
283,680160.2
284,586949.94
285,1650343.6
286,792453.44
287,1268163.9
288,1756731.4
289,632237.6
290,1702034.2
291,2250907.2
292,1368071.4
293,1622981.9
294,2046896.2
295,988970.2
296,491287.78
297,776090.94
298,838059.8
299,582671.44
300,935817.9
301,722247.4
302,2531820.0
303,412927.44
304,3378161.8
305,777561.94
306,975538.5
307,767272.0
308,719222.8
309,789995.1
310,564778.8
311,597043.94
312,574151.44
313,1918191.9
314,784132.2
315,721424.3
316,599878.0
317,1984073.9
318,919651.3
319,516183.94
320,714368.1
321,781199.4
322,680703.25
323,611004.8
324,935061.06
325,576065.2
326,365282.6
327,947868.56
328,2986794.2
329,763819.25
330,733159.06
331,1467443.4
332,808446.8
333,1537061.8
334,662995.4
335,525067.44
336,698809.3
337,1230621.2
338,795557.7
339,1091877.2
340,1462652.1
341,696054.3
342,1465352.1
343,1471817.1
344,896985.94
345,647265.0
346,1312872.4
347,702015.3
348,446268.5
349,504950.6
350,818311.44
351,1411168.9
352,1039544.2
353,1455821.6
354,642759.44
355,455132.22
356,440609.88
357,1024341.56
358,992299.1
359,780155.94
360,742554.94
361,624633.6
362,1269483.6
363,968566.25
364,780187.7
365,551211.44
366,531792.44
367,456702.16
368,987067.7
369,685906.1
370,1196394.9
371,2216316.0
372,1513370.9
373,1239121.4
374,1707750.0
375,1408414.5
376,2025594.9
377,384860.75
378,595592.56
379,944167.06
380,356326.53
381,842905.94
382,806189.5
383,823625.2
384,835432.94
385,685094.2
386,1161714.6
387,1540083.6
388,461648.53
389,522637.97
390,851258.8
391,421571.8
392,2411595.5
393,1169865.9
394,991268.06
395,2283954.5
396,1240467.9
397,460297.97
398,755617.3
399,707008.06
400,619106.5
401,2143715.2
402,800402.56
403,337349.56
404,662945.3
405,1212313.1
406,2188841.5
407,1880154.6
408,561479.7
409,566062.9
410,961568.7
411,1575336.4
412,823060.44
413,858450.0
414,2063034.1
415,780593.5
416,1265912.4
417,1175620.9
418,1178497.8
419,833777.9
420,420363.84
421,1193780.4
422,2425576.0
423,733861.6
424,1034715.94
425,1666643.4
426,420793.3
427,1961513.5
428,580586.0
429,942684.8
430,720356.9
431,1249784.6
432,2237688.8
433,2064812.6
434,602431.25
435,1007646.56
436,1162032.5
437,606742.44
438,1028310.4
439,1271458.4
440,661442.06
441,1144860.9
442,563482.44
443,947235.6
444,327109.62
445,1286653.0
446,805336.0
447,1064809.0
448,974634.1
449,749353.06
450,950117.4
451,917296.3
452,1956756.0
453,1157735.2
454,765822.2
455,778301.25
456,753651.0
457,834873.0
458,1435081.4
459,1447374.0
460,963496.2
461,831318.6
462,893364.7
463,622322.2
464,575324.4
465,525434.94
466,558024.6
467,532854.3
468,741126.25
469,1923821.9
470,819020.7
471,443567.94
472,1053846.6
473,867439.75
474,885282.56
475,1287158.6
476,2066852.8
477,555914.44
478,1463993.0
479,611342.0
480,471971.3
481,709589.8
482,1430312.2
483,1444866.2
484,496830.53
485,1801713.2
486,659919.94
487,583138.44
488,583506.44
489,994002.06
490,1187404.9
491,1107889.0
492,811027.94
493,1090236.2
494,598333.6
495,1006612.9
496,3028532.8
497,835882.5
498,612589.0
499,1239842.9
500,1030325.5
501,410851.12
502,1978796.0
503,485232.16
504,691928.8
505,473646.47
506,630407.94
507,1401825.4
508,824296.4
509,900913.06
510,486546.56
511,1429775.1
512,979605.6
513,676124.1
514,470339.12
515,1191690.1
516,688708.25
517,693377.06
518,1677539.5
519,2484358.2
520,629647.56
521,1273509.0
522,1587732.9
523,983658.2
524,542495.94
525,1149416.5
526,891534.0
527,1694642.1
528,449503.03
529,830148.06
530,4208791.5
531,1665770.9
532,1216694.9
533,903144.56
534,1191772.2
535,814358.7
536,500530.2
537,920537.44
538,817396.9
539,195574.27
540,1666201.6
541,1489571.1
542,1523691.1
543,299066.62
544,1891301.2
545,1319788.2
546,1479599.4
547,861690.06
548,999812.8
549,1142109.1
550,587870.8
551,1097520.5
552,1802122.6
553,830452.6
554,835322.2
555,1415848.0
556,1890104.4
557,658620.44
558,621009.94
559,3783190.8
560,543641.25
561,1105078.4
562,1147093.6
563,1478391.0
564,987009.6
565,1066799.0
566,579061.6
567,687113.3
568,1391896.1
569,1919023.0
570,1208306.1
571,498452.03
572,294193.75
573,1611079.8
574,1951278.4
575,497904.66
576,745209.1
577,939751.2
578,388907.7
579,2353461.5
580,613062.7
581,653824.4
582,1753640.8
583,870196.44
584,1281722.4
585,546269.8
586,2845236.0
587,2053491.0
588,954564.3
589,1758832.1
590,744547.6
591,1265592.6
592,872858.5
593,1453005.8
594,591488.2
595,1659948.9
596,520247.72
597,833780.06
598,1665561.8
599,432302.0
600,859344.1
601,1931421.6
602,565256.8
603,744411.7
604,602617.56
605,1418430.2
606,676664.2
607,1055146.2
608,1327649.8
609,996811.8
610,231262.72
611,457990.94
612,959339.1
613,2064476.5
614,783213.6
615,627091.8
616,570140.9
617,652072.5
618,1244956.1
619,1100557.5
620,233051.48
621,2431112.2
622,384236.2
623,396300.53
624,395523.38
625,1858417.0
626,764375.25
627,1845750.6
628,2478989.5
629,1094915.2
630,858865.0
631,1119785.8
632,1238809.5
633,945756.6
634,2479341.5
635,802312.5
636,1321188.6
637,319743.1
638,1074994.2
639,836710.7
640,1592102.0
641,606733.56
642,1344658.4
643,1654070.5
644,878994.4
645,2903918.2
646,441658.38
647,407314.94
648,872450.7
649,473259.8
650,1178982.5
651,786180.56
652,567841.8
653,631132.94
654,1625451.6
655,640145.06
656,2559004.2
657,694111.8
658,824991.94
659,1208078.2
660,1497638.1
661,519694.28
662,858765.75
663,977394.2
664,494319.38
665,836081.44
666,414078.38
667,652028.75
668,1401095.6
669,903140.75
670,1714095.4
671,618114.9
672,1684229.9
673,630847.2
674,560862.7
675,511634.94
676,687195.25
677,1680416.8
678,448587.44
679,1170871.0
680,762549.75
681,1097993.2
682,815818.3
683,467269.06
684,505559.6
685,1973846.5
686,841306.06
687,1767266.4
688,754769.25
689,1119853.8
690,1229357.6
691,2066073.5
692,698562.56
693,798980.06
694,874527.9
695,726081.8
696,450054.72
697,1133383.4
698,664439.7
699,2291692.0
700,583157.94
701,805318.1
702,2469268.5
703,786598.7
704,2434423.8
705,930972.56
706,1332738.1
707,662297.3
708,1144267.0
709,1855459.4
710,474004.6
711,911501.94
712,1161017.5
713,1035158.9
714,1084517.1
715,943357.1
716,575826.25
717,1468180.0
718,650566.2
719,535593.2
720,999877.9
721,946156.56
722,2853354.2
723,837031.94
724,855481.75
725,218445.98
726,760728.06
727,1286228.1
728,1283453.4
729,1444690.2
730,883539.8
731,970780.6
732,1691793.0
733,804195.9
734,441041.97
735,683093.5
736,1017966.1
737,1368005.4
738,670019.1
739,1910399.0
740,974981.44
741,612578.44
742,527829.3
743,2329052.8
744,1029478.25
745,1043486.56
746,2308165.0
747,914546.2
748,419861.66
749,1224247.6
750,1570751.0
751,1038683.8
752,1187743.2
753,1106311.0
754,784581.1
755,1208115.8
756,935271.5
757,465642.66
758,605570.0
759,1000844.6
760,1700114.9
761,949061.75
762,856008.94
763,697393.44
764,465758.78
765,619951.6
766,1645921.0
767,2746855.0
768,549561.4
769,640640.44
770,482690.9
771,907838.0
772,527589.0
773,1301078.0
774,1124635.6
775,728881.6
776,755856.1
777,1283823.5
778,1173219.9
779,1897918.2
780,922190.75
781,371962.28
782,1751898.8
783,1140080.5
784,487325.6
785,640368.7
786,1816043.9
787,1174350.4
788,872438.44
789,450913.88
790,874828.5
791,770603.06
792,1681295.2
793,945974.9
794,2003913.5
795,833190.56
796,674312.94
797,806957.0
798,804336.8
799,401242.66
800,1997853.5
801,1163448.6
802,2532838.0
803,2075186.9
804,547467.44
805,700011.6
806,415789.47
807,1210478.8
808,808044.06
809,1270119.9
810,1114117.2
811,1605648.9
812,538597.9
813,530414.7
814,1284512.6
815,907586.06
816,1490676.6
817,846973.1
818,865065.9
819,1246142.9
820,1203183.9
821,1092456.9
822,1605804.6
823,321422.7
824,1437913.2
825,1687835.0
826,880749.7
827,783715.25
828,1027468.56
829,1676368.6
830,828649.6
831,976859.94
832,484527.94
833,977541.4
834,1898029.4
835,558428.8
836,500052.34
837,902421.9
838,1103283.9
839,989175.5
840,743459.06
841,1205083.2
842,2157774.2
843,435736.56
844,1274825.1
845,1067691.0
846,552991.0
847,703796.06
848,1150145.1
849,1354623.0
850,2768422.8
851,1310253.1
852,589257.8
853,741562.3
854,611534.0
855,1307208.6
856,705890.06
857,1419935.9
858,754939.4
859,439239.25
860,2482162.2
861,2366663.0
862,2440995.5
863,991886.94
864,1030629.25
865,511625.03
866,889791.25
867,1266034.8
868,1916053.2
869,685565.06
870,1465134.4
871,931292.94
872,1201887.6
873,565764.4
874,1389055.2
875,851701.3
876,794180.2
877,580502.6
878,698334.3
879,862567.2
880,459254.06
881,995604.56
882,916382.2
883,408443.56
884,739012.56
885,659587.56
886,1578069.6
887,685607.56
888,958417.75
889,2609187.2
890,765418.44
891,679070.9
892,1452983.9
893,463458.97
894,587179.4
895,885732.8
896,836459.1
897,1397600.8
898,1066827.0
899,810045.5
900,1381672.6
901,826746.25
902,1654524.6
903,631150.75
904,1100264.0
905,722813.44
906,795824.0
907,463162.72
908,1243702.2
909,511763.72
910,677074.6
911,1334293.2
912,754382.25
913,1255826.2
914,1053989.5
915,1269195.9
916,822239.1
917,474184.25
918,972460.44
919,704594.56
920,493814.53
921,1135855.9
922,1301387.4
923,645411.4
924,1139484.1
925,1464324.6
926,688694.06
927,1003471.0
928,1665533.6
929,690945.94
930,1882686.4
931,766522.56
932,587745.1
933,1153151.0
934,758272.9
935,1009743.9
936,583914.7
937,1862905.0
938,954310.1
939,326067.03
940,1085109.4
941,1796890.4
942,943006.94
943,1062040.8
944,1838928.5
945,1106613.8
946,1134472.1
947,1975133.0
948,986887.06
949,946753.0
950,1374575.0
951,703701.75
952,300282.34
953,1143945.4
954,1567358.4
955,711333.44
956,736162.94
957,1018060.4
958,703572.25
959,2307913.5
960,721002.8
961,845057.9
962,591992.5
963,755560.25
964,21910.027
965,573521.06
966,793489.56
967,676783.75
968,1002462.25
969,989574.94
970,563136.6
971,2041654.4
972,1238292.5
973,579497.9
974,597167.7
975,1208920.9
976,758060.3
977,923054.06
978,788686.7
979,913604.7
980,1480060.8
981,792670.44
982,976982.3
983,1335666.9
984,680921.9
985,1242221.4
986,964456.7
987,994383.3
988,963517.0
989,697308.9
990,1040888.6
991,848644.56
992,1271366.4
993,909591.94
994,901383.8
995,747923.94
996,901197.56
997,2039947.6
998,1398205.0
999,1165950.9
1000,869940.2
1001,669499.0
1002,669329.94
1003,1209781.6
1004,467503.78
1005,3311057.2
1006,545725.44
1007,368053.53
1008,925247.75
1009,1212591.8
1010,452590.22
1011,947003.25
1012,520025.03
1013,1591625.4
1014,1459635.4
1015,725525.75
1016,543139.75
1017,544728.25
1018,750970.7
1019,1591357.5
1020,1563892.8
1021,316646.75
1022,571702.75
1023,817061.1
1024,299609.47
1025,2115599.8
1026,857604.5
1027,403716.2
1028,723775.44
1029,1296515.1
1030,340181.22
1031,2327862.0
1032,749516.7
1033,1228642.1
1034,841899.25
1035,850874.6
1036,1950037.4
1037,1347936.5
1038,728218.6
1039,2583672.0
1040,1705849.1
1041,1357986.8
1042,651387.1
1043,386958.25
1044,380624.0
1045,1048243.2
1046,856195.8
1047,497195.62
1048,818761.7
1049,2237156.5
1050,466345.1
1051,655122.56
1052,412097.6
1053,1101891.5
1054,1141974.0
1055,866707.3
1056,646366.75
1057,829658.75
1058,1102115.8
1059,2373389.8
1060,1981057.6
1061,626008.5
1062,542170.4
1063,737508.8
1064,559919.06
1065,1186047.4
1066,653817.75
1067,1342376.2
1068,1378671.6
1069,2034533.6
1070,774167.2
1071,524437.06
1072,879910.7
1073,583864.3
1074,1127204.9
1075,1765734.5
1076,1477807.1
1077,993563.4
1078,1715945.5
1079,604166.0
1080,706616.2
1081,1137445.5
1082,2720665.8
1083,1160076.5
1084,681743.3
1085,697513.7
1086,555084.56
1087,4232594.5
1088,1096303.9
1089,544335.4
1090,1563541.2
1091,762968.44
1092,1316325.0
1093,914952.25
1094,909228.25
1095,1518134.5
1096,916660.5
1097,708785.7
1098,1416931.5
1099,486257.66
1100,958658.25
1101,1701299.0
1102,613052.1
1103,666080.94
1104,861355.0
1105,1463095.0
1106,1048177.06
1107,1139537.1
1108,376377.97
1109,988098.75
1110,2031405.5
1111,946045.5
1112,470728.12
1113,721444.3
1114,608072.0
1115,2429518.2
1116,1211920.0
1117,470620.22
1118,1329644.0
1119,1439469.5
1120,1841185.1
1121,666270.1
1122,622726.9
1123,1144584.6
1124,784631.3
1125,1124238.4
1126,1461108.2
1127,987507.56
1128,1919402.1
1129,608501.25
1130,960295.2
1131,647657.5
1132,914646.8
1133,4202659.5
1134,888594.6
1135,2305800.5
1136,787987.2
1137,1472722.1
1138,1792843.5
1139,706330.56
1140,1630267.5
1141,414892.28
1142,544150.56
1143,1110494.8
1144,577513.94
1145,1263441.5
1146,558020.7
1147,598661.2
1148,702185.0
1149,761194.25
1150,868387.75
1151,1415646.0
1152,1180583.5
1153,1150661.4
1154,2952767.0
1155,1195704.5
1156,675248.0
1157,364256.8
1158,2207224.2
1159,1000850.6
1160,975398.6
1161,725763.06
1162,1906687.2
1163,915404.2
1164,958824.75
1165,852763.56
1166,687932.94
1167,871239.94
1168,904664.1
1169,1002627.6
1170,867923.8
1171,880138.06
1172,1359111.5
1173,835810.75
1174,797104.8
1175,799045.75
1176,921509.5
1177,968039.06
1178,1991080.1
1179,912904.56
1180,895645.2
1181,609715.06
1182,1015374.4
1183,1176216.2
1184,1517226.2
1185,778426.1
1186,1388756.6
1187,749657.7
1188,817551.56
1189,632799.06
1190,672594.06
1191,642681.9
1192,518480.56
1193,586852.44
1194,2270315.5
1195,1521264.6
1196,1462354.1
1197,689294.7
1198,1615293.9
1199,1061389.9
1200,960022.6
1201,748532.44
1202,2545162.2
1203,1232285.1
1204,642041.5
1205,1155324.1
1206,723286.5
1207,813642.44
1208,647173.94
1209,730348.25
1210,1910311.6
1211,742168.56
1212,1227513.5
1213,507123.03
1214,573215.25
1215,1980238.4
1216,1691108.1
1217,988706.44
1218,1721589.6
1219,896835.5
1220,365380.44
1221,584821.5
1222,1756506.0
1223,681508.1
1224,1144276.8
1225,607174.9
1226,643597.7
1227,905449.6
1228,1801502.1
1229,485041.94
1230,1404854.1
1231,620651.56
1232,1195519.4
1233,1215819.5
1234,1461413.4
1235,583799.44
1236,463711.47
1237,1368806.2
1238,385571.4
1239,2018199.5
1240,837211.0
1241,890275.1
1242,1034209.44
1243,628745.44
1244,629326.4
1245,726801.75
1246,1907748.9
1247,1118768.6
1248,904868.56
1249,2134097.8
1250,819099.94
1251,1323261.0
1252,607778.75
1253,524191.84
1254,717755.56
1255,1483929.9
1256,303808.84
1257,1700840.0
1258,666353.7
1259,352214.47
1260,691321.44
1261,1064875.2
1262,1248864.9
1263,1141242.8
1264,562739.7
1265,3324231.8
1266,1399117.4
1267,652419.94
1268,386244.0
1269,631078.3
1270,896577.3
1271,651824.8
1272,1449680.4
1273,1711748.1
1274,709490.44
1275,627435.44
1276,3966486.5
1277,674871.44
1278,912030.7
1279,1826555.5
1280,993822.2
1281,1942932.6
1282,836198.25
1283,2399790.5
1284,728127.06
1285,2136563.8
1286,1026863.94
1287,773405.94
1288,1457788.0
1289,1256783.6
1290,1312027.4
1291,1600394.4
1292,579436.94
1293,1029886.44
1294,899234.25
1295,932012.3
1296,254302.42
1297,1296962.4
1298,573970.06
1299,889344.94
1300,288220.6
1301,1530894.1
1302,1798767.0
1303,875126.44
1304,3149870.5
1305,978312.25
1306,2474373.8
1307,597040.44
1308,905061.5
1309,638953.4
1310,1170841.6
1311,1200616.5
1312,2262530.2
1313,1615298.9
1314,1078962.2
1315,472512.75
1316,723277.2
1317,631452.9
1318,512659.03
1319,464588.3
1320,744355.9
1321,927932.7
1322,352400.16
1323,860638.7
1324,1130775.0
1325,801851.8
1326,533001.7
1327,1401052.9
1328,2089072.4
1329,1586307.6
1330,1533029.9
1331,739401.6
1332,1627879.4
1333,819999.9
1334,647859.25
1335,1226781.9
1336,896134.25
1337,1362923.5
1338,1642037.0
1339,1570366.6
1340,686333.9
1341,558552.2
1342,570522.56
1343,1000579.0
1344,894470.2
1345,748343.7
1346,1274592.1
1347,2542334.0
1348,701652.4
1349,1310156.2
1350,723235.9
1351,1751000.9
1352,432246.97
1353,513019.5
1354,764966.25
1355,772245.4
1356,1071405.1
1357,823005.4
1358,950231.2
1359,686640.1
1360,1151772.8
1361,1295178.8
1362,492386.8
1363,775012.0
1364,1151582.8
1365,633468.6
1366,1186399.0
1367,587645.1
1368,1321715.2
1369,1852458.4
1370,1004236.2
1371,914823.7
1372,1742985.6
1373,921300.6
1374,488178.3
1375,1682185.5
1376,409087.22
1377,1037697.44
1378,1228283.8
1379,1469469.2
1380,553405.6
1381,969308.75
1382,723319.7
1383,650380.5
1384,809516.1
1385,725623.75
1386,1377143.1
1387,1450253.8
1388,876661.94
1389,1806550.5
1390,398002.88
1391,588819.0
1392,683822.94
1393,1462888.9
1394,1478618.4
1395,626961.3
1396,1475327.0
1397,1265330.5
1398,844378.3
1399,442453.75
1400,750245.44
1401,678587.25
1402,934855.0
1403,665248.44
1404,795845.7
1405,661648.25
1406,459480.88
1407,1004735.06
1408,591208.44
1409,985631.75
1410,1013410.0
1411,832488.7
1412,942682.7
1413,1362175.2
1414,1044391.2
1415,3090400.2
1416,651479.5
1417,507831.12
1418,1198535.6
1419,753211.7
1420,590187.0
1421,721859.0
1422,3177721.0
1423,1463462.5
1424,687918.8
1425,666086.2
1426,1983441.6
1427,2750327.0
1428,1811139.5
1429,1070463.1
1430,1449952.5
1431,597099.9
1432,1012283.4
1433,1602939.5
1434,842444.7
1435,695599.06
1436,792593.7
1437,1500700.4
1438,1044383.3
1439,1938277.2
1440,456076.03
1441,2477448.5
1442,1225313.2
1443,554386.3
1444,632143.94
1445,361923.72
1446,2085988.6
1447,877694.8
1448,1648064.2
1449,1323686.8
1450,1937861.8
1451,769100.44
1452,654244.25
1453,447583.3
1454,745295.56
1455,1340999.5
1456,1047124.0
1457,1221520.6
1458,986276.8
1459,953991.6
1460,725733.2
1461,1289802.0
1462,893612.0
1463,1159203.1
1464,1476483.0
1465,444933.06
1466,558727.5
1467,677873.94
1468,1063337.9
1469,1510861.0
1470,868479.06
1471,744887.0
1472,923119.94
1473,1703083.4
1474,944000.94
1475,1378060.8
1476,828762.4
1477,1014340.4
1478,653732.2
1479,757729.25
1480,963606.2
1481,1572877.9
1482,1824973.5
1483,690643.3
1484,967951.25
1485,946887.1
1486,771405.56
1487,1250509.1
1488,862190.94
1489,560738.8
1490,660325.94
1491,1118460.8
1492,548527.3
1493,627878.56
1494,802453.9
1495,653717.0
1496,1221030.0
1497,966296.0
1498,403365.8
1499,2142583.5
1500,2109597.2
1501,587989.56
1502,1200546.8
1503,2148694.8
1504,2219216.5
1505,932217.9
1506,685069.25
1507,806230.4
1508,714599.56
1509,736935.56
1510,803875.9
1511,1628007.4
1512,533611.7
1513,2039750.6
1514,595198.56
1515,410656.2
1516,898080.8
1517,1950526.5
1518,920774.25
1519,1361783.8
1520,1330024.6
1521,1085511.0
1522,1061606.9
1523,1044022.9
1524,844963.94
1525,1256132.2
1526,870474.4
1527,567578.1
1528,789301.4
1529,1718584.8
1530,861655.3
1531,368707.6
1532,1047759.9
1533,662726.06
1534,878362.25
1535,1405763.4
1536,1312475.0
1537,1511974.5
1538,1385215.5
1539,768819.4
1540,2011424.8
1541,667532.56
1542,1478724.9
1543,664560.25
1544,524166.34
1545,384368.03
1546,676962.56
1547,974311.2
1548,1023605.4
1549,832275.25
1550,358476.12
1551,984184.2
1552,1161816.9
1553,1021396.94
1554,915916.9
1555,1874604.6
1556,464735.56
1557,620404.44
1558,1016908.6
1559,875231.56
1560,1306516.9
1561,900291.7
1562,1244873.5
1563,944942.06
1564,1171420.2
1565,1150149.1
1566,874933.0
1567,1485394.1
1568,1089770.0
1569,466368.7
1570,2344662.8
1571,1508206.0
1572,1997008.4
1573,1273120.5
1574,1852010.5
1575,1462656.5
1576,1435480.9
1577,1759501.6
1578,506342.84
1579,907616.4
1580,1586405.0
1581,705401.9
1582,1242850.2
1583,716516.25
1584,1391675.5
1585,710395.5
1586,1304595.1
1587,1596659.2
1588,1646499.9
1589,452896.16
1590,989840.44
1591,1822324.4
1592,875237.06
1593,980086.44
1594,1996727.0
1595,282823.66
1596,356326.53
1597,1234722.6
1598,695587.25
1599,1993806.1
1600,1299342.5
1601,1919464.8
1602,1412460.8
1603,267643.75
1604,1113979.6
1605,2771481.5
1606,568478.4
1607,807130.94
1608,479718.53
1609,1083162.1
1610,660141.2
1611,318125.7
1612,1882186.2
1613,1175212.4
1614,1328846.4
1615,1584825.8
1616,528185.3
1617,903521.44
1618,943269.7
1619,1719198.2
1620,1496114.1
1621,1303890.8
1622,2084413.8
1623,1379413.4
1624,1119005.4
1625,396082.28
1626,403431.06
1627,697786.5
1628,713502.1
1629,976510.94
1630,1254302.8
1631,503701.72
1632,815893.6
1633,558304.8
1634,1458016.1
1635,1093066.5
1636,749653.3
1637,1271832.4
1638,622520.94
1639,672058.4
1640,1368335.8
1641,1208924.2
1642,892192.44
1643,1554582.1
1644,616364.8
1645,659164.3
1646,743818.3
1647,1518269.1
1648,1356667.8
1649,1317928.5
1650,1276954.8
1651,940457.06
1652,759291.44
1653,809164.56
1654,831262.8
1655,1111691.6
1656,1139496.5
1657,2013403.0
1658,2063223.1
1659,755854.9
1660,2335102.0
1661,3016764.0
1662,1639142.8
1663,1408800.8
1664,1031507.75
1665,1512974.0
1666,736532.1
1667,1341464.5
1668,755255.2
1669,2224460.5
1670,1072841.4
1671,1509907.2
1672,510467.94
1673,1955380.9
1674,2123774.5
1675,877266.6
1676,654813.5
1677,2816396.2
1678,290785.94
1679,808527.94
1680,2186042.0
1681,661740.44
1682,702750.94
1683,1365468.1
1684,2126880.5
1685,362186.28
1686,1776932.1
1687,2135672.8
1688,1192761.6
1689,706997.8
1690,1442674.5
1691,1299977.2
1692,2918543.5
1693,765836.5
1694,2102745.5
1695,760156.25
1696,1282910.0
1697,597629.7
1698,1010010.75
1699,972947.25
1700,636137.94
1701,1295443.2
1702,750247.4
1703,621880.06
1704,2125200.2
1705,2826378.2
1706,617864.1
1707,898246.3
1708,988025.3
1709,813004.44
1710,1324865.5
1711,792067.9
1712,648657.94
1713,566940.6
1714,694103.25
1715,239617.11
1716,796220.9
1717,1068294.2
1718,680967.7
1719,474822.22
1720,1445135.6
1721,1939356.2
1722,1584369.2
1723,845119.06
1724,742210.0
1725,1845683.4
1726,1351588.2
1727,850954.56
1728,830555.44
1729,924021.7
1730,681210.06
1731,1153012.6
1732,761491.06
1733,721925.3
1734,1242499.8
1735,779889.06
1736,1439032.1
1737,1298150.0
1738,468277.16
1739,699434.56
1740,327408.88
1741,719018.56
1742,238438.33
1743,548742.56
1744,623920.1
1745,849541.4
1746,629730.1
1747,616005.0
1748,1156420.8
1749,527998.44
1750,2079635.5
1751,1081116.9
1752,1406614.6
1753,2969006.8
1754,817256.6
1755,1168361.9
1756,390142.25
1757,1682475.5
1758,1232907.2
1759,617942.8
1760,820092.5
1761,1023053.9
1762,2602658.5
1763,242729.94
1764,386418.88
1765,567232.44
1766,1453092.0
1767,3552727.0
1768,867373.3
1769,864894.56
1770,1028328.7
1771,757880.56
1772,468853.75
1773,1718466.6
1774,850849.5
1775,1006261.94
1776,754615.25
1777,1048805.6
1778,1103122.4
1779,1162007.4
1780,988724.6
1781,1300040.9
1782,479580.06
1783,1850513.4
1784,664147.5
1785,715864.2
1786,846097.2
1787,896153.44
1788,678955.3
1789,789735.9
1790,900752.3
1791,481369.62
1792,669834.1
1793,669300.56
1794,2030036.0
1795,1252526.0
1796,981030.7
1797,701450.3
1798,1145178.4
1799,1576206.8
1800,710750.06
1801,1184140.8
1802,427940.6
1803,2183968.8
1804,700121.5
1805,759096.9
1806,1346718.5
1807,1798454.4
1808,1348324.2
1809,1816143.2
1810,2344863.8
1811,1225623.8
1812,769350.56
1813,461550.47
1814,1324526.5
1815,1912921.8
1816,912795.5
1817,2434951.5
1818,535093.8
1819,1337474.1
1820,1198767.4
1821,1242278.4
1822,1362880.6
1823,911204.0
1824,555164.44
1825,736760.7
1826,1038808.94
1827,1204044.6
1828,1312598.8
1829,364761.0
1830,1217812.9
1831,1202243.8
1832,1969008.6
1833,412603.47
1834,1160794.4
1835,832427.75
1836,1420722.9
1837,1165555.4
1838,533011.6
1839,677043.06
1840,407471.97
1841,535367.25
1842,1845785.5
1843,1629799.9
1844,1158835.1
1845,2430386.5
1846,869900.7
1847,834455.3
1848,543667.75
1849,1761135.6
1850,331545.22
1851,454214.2
1852,2475527.8
1853,1533521.6
1854,763307.4
1855,1307011.5
1856,1141114.4
1857,1091132.5
1858,892519.7
1859,1502701.6
1860,774637.44
1861,516170.25
1862,375838.03
1863,703832.8
1864,831133.44
1865,694230.2
1866,424807.2
1867,1282947.0
1868,1221877.5
1869,1030041.6
1870,416621.06
1871,631852.5
1872,888847.06
1873,1351813.0
1874,603162.75
1875,917071.5
1876,638651.25
1877,375486.84
1878,524617.56
1879,1001092.44
1880,1177929.9
1881,555743.94
1882,717948.7
1883,1646198.5
1884,1221649.4
1885,1429760.8
1886,796086.75
1887,1443710.2
1888,690006.56
1889,1348758.1
1890,507612.28
1891,858051.7
1892,567485.1
1893,493433.3
1894,505310.03
1895,1274686.2
1896,464106.2
1897,945281.9
1898,1689577.5
1899,1547492.5
1900,1557410.6
1901,1130576.0
1902,663627.25
1903,557728.2
1904,984294.25
1905,548707.56
1906,576739.44
1907,936817.8
1908,709567.75
1909,806330.9
1910,487762.84
1911,1490340.6
1912,2785074.0
1913,1034443.8
1914,462420.03
1915,414124.94
1916,1619526.4
1917,1105068.1
1918,1017330.5
1919,443459.4
1920,1855269.1
1921,669735.1
1922,487828.12
1923,1152294.6
1924,549765.06
1925,1065102.1
1926,1109665.6
1927,789930.94
1928,628464.94
1929,541209.0
1930,1041786.1
1931,2288946.2
1932,945801.3
1933,1159353.5
1934,5154432.0
1935,899900.06
1936,650780.1
1937,1206045.9
1938,787443.1
1939,486528.1
1940,504379.66
1941,1098992.6
1942,1172963.1
1943,543477.06
1944,895297.56
1945,429730.34
1946,784452.1
1947,1192634.1
1948,1496905.5
1949,1132006.5
1950,1136853.2
1951,2921782.2
1952,1750139.0
1953,1864994.1
1954,706997.8
1955,1807829.4
1956,797570.6
1957,1755162.5
1958,624551.75
1959,410298.78
1960,1180723.6
1961,905221.06
1962,775918.2
1963,970401.6
1964,578933.94
1965,366995.25
1966,866389.9
1967,2108019.2
1968,2786149.8
1969,1070393.4
1970,780047.25
1971,1096942.8
1972,1253552.8
1973,1045238.06
1974,615312.1
1975,674960.4
1976,760882.56
1977,1786800.1
1978,419180.1
1979,1181019.0
1980,743145.1
1981,1537640.0
1982,922885.25
1983,913778.94
1984,538263.44
1985,469039.9
1986,1572573.2
1987,1461226.4
1988,592824.06
1989,1008954.1
1990,1530137.1
1991,595278.8
1992,1126871.0
1993,1290573.4
1994,1671015.8
1995,1523194.2
1996,642439.5
1997,1160916.4
1998,1631430.2
1999,683547.94
2000,711206.56
2001,1487851.6
2002,1356077.5
2003,464460.1
2004,293413.34
2005,1184175.9
2006,2308423.0
2007,1033802.56
2008,1823103.4
2009,646676.8
2010,452037.88
2011,1085065.8
2012,1616508.0
2013,947655.25
2014,1139596.6
2015,2320735.2
2016,492917.5
2017,584923.2
2018,1414044.2
2019,1368589.6
2020,1732238.1
2021,554570.94
2022,520954.22
2023,508964.2
2024,923777.94
2025,815485.5
2026,2621034.5
2027,585481.1
2028,623132.3
2029,519432.28
2030,685730.06
2031,2096548.5
2032,625983.06
2033,927293.9
2034,526074.3
2035,446596.38
2036,985565.0
2037,946054.56
2038,1597848.2
2039,994026.0
2040,749374.3
2041,751540.3
2042,1602841.9
2043,545350.4
2044,1360883.1
2045,310265.28
2046,857412.8
2047,1455821.6
2048,1437052.4
2049,465402.3
2050,1056021.1
2051,1224726.0
2052,853428.06
2053,2073063.0
2054,3025552.5
2055,1292430.2
2056,1870463.0
2057,611634.7
2058,1150614.8
2059,624672.4
2060,833186.6
2061,666623.3
2062,544411.0
2063,446159.12
2064,1408505.9
2065,543826.06
2066,749422.06
2067,1187369.4
2068,1039360.6
2069,2759838.5
2070,1615814.5
2071,724682.9
2072,718467.56
2073,1574201.5
2074,731579.75
2075,934562.6
2076,538880.94
2077,1725679.2
2078,976831.94
2079,595495.7
2080,950119.8
2081,884472.75
2082,1488792.4
2083,809236.2
2084,1328708.4
2085,676385.2
2086,736124.25
2087,681829.0
2088,868788.06
2089,2133474.8
2090,347522.72
2091,1546107.0
2092,746032.0
2093,1040041.06
2094,639274.9
2095,939870.0
2096,1239258.5
2097,1249276.4
2098,930026.3
2099,458080.66
2100,737942.5
2101,997228.8
2102,747446.8
2103,1156035.6
2104,780483.56
2105,1248572.1
2106,633717.06
2107,1302738.4
2108,1899344.9
2109,872502.8
2110,814808.25
2111,1321156.1
2112,668542.75
2113,520445.4
2114,681874.9
2115,599104.1
2116,1392991.8
2117,964894.6
2118,1196915.5
2119,1272568.2
2120,709464.06
2121,761769.56
2122,1002269.94
2123,1379221.1
2124,2015588.2
2125,1050109.2
2126,1642898.5
2127,846071.8
2128,685429.4
2129,960185.1
2130,406566.12
2131,1291632.6
2132,675419.8
2133,1138255.2
2134,818162.25
2135,634721.3
2136,1500636.0
2137,585299.9
2138,1290419.8
2139,2640302.0
2140,1349390.0
2141,977576.3
2142,843114.56
2143,848421.0
2144,284351.2
2145,1003615.3
2146,555694.9
2147,1583035.8
2148,1444766.1
2149,1975258.1
2150,813058.44
2151,2080507.1
2152,1785057.0
2153,826943.7
2154,970289.3
2155,643044.44
2156,688715.2
2157,610664.7
2158,1431553.0
2159,516315.22
2160,1111063.0
2161,818363.8
2162,1656092.2
2163,596116.56
2164,369701.9
2165,1196762.0
2166,2323731.8
2167,713782.44
2168,349854.2
2169,518657.22
2170,1181393.1
2171,1087081.1
2172,1484525.4
2173,593602.75
2174,598785.06
2175,1429290.6
2176,1248303.5
2177,495443.34
2178,538319.6
2179,783012.56
2180,2533311.2
2181,401768.4
2182,1166832.9
2183,715138.56
2184,1242181.1
2185,715434.56
2186,501191.22
2187,2246345.0
2188,515400.25
2189,677194.94
2190,1602932.1
2191,523342.0
2192,1375427.0
2193,1303097.5
2194,717209.25
2195,1671073.1
2196,505657.44
2197,1209268.4
2198,1605021.0
2199,1011870.3
2200,1414611.0
2201,697242.8
2202,774416.94
2203,1287961.4
2204,1175017.2
2205,641852.25
2206,354335.88
2207,1028529.3
2208,1262142.9
2209,706634.2
2210,817894.25
2211,662986.56
2212,626434.3
2213,663396.56
2214,2477562.2
2215,643529.9
2216,2432003.2
2217,397362.56
2218,756949.25
2219,1682048.4
2220,636642.94
2221,943171.7
2222,1808097.6
2223,1384973.5
2224,1261286.5
2225,828707.9
2226,1746489.8
2227,657212.44
2228,1660725.6
2229,645531.8
2230,1306857.5
2231,2374152.0
2232,1314232.6
2233,1152716.1
2234,684007.75
2235,554807.6
2236,1909362.6
2237,1909372.9
2238,1185572.5
2239,2654614.2
2240,477247.34
2241,664559.3
2242,321091.22
2243,1195149.2
2244,700193.94
2245,1218732.4
2246,1364689.9
2247,1027101.44
2248,1214046.5
2249,340490.97
2250,1343350.1
2251,649517.44
2252,1607835.2
2253,703744.8
2254,1537272.6
2255,1672872.9
2256,826684.3
2257,1332006.5
2258,1075863.4
2259,1210564.6
2260,1292036.6
2261,526744.2
2262,976558.06
2263,605791.5
2264,572793.75
2265,526209.56
2266,1090913.9
2267,2143458.2
2268,990809.56
2269,936224.94
2270,966463.6
2271,545031.5
2272,690456.56
2273,968383.5
2274,1012686.8
2275,1156508.1
2276,1071958.8
2277,803362.4
2278,1586073.5
2279,696870.0
2280,3925207.2
2281,538341.44
2282,1192821.0
2283,1063739.6
2284,940689.3
2285,783952.3
2286,933498.44
2287,629669.6
2288,635248.25
2289,1074341.5
2290,1084297.0
2291,1419254.9
2292,1299242.2
2293,1282757.5
2294,755074.75
2295,693289.6
2296,1117111.0
2297,871530.94
2298,898760.44
2299,1158101.1
2300,1104643.9
2301,580016.44
2302,2161767.8
2303,590358.8
2304,1759375.0
2305,964576.5
2306,775065.7
2307,805932.1
2308,865097.2
2309,777914.5
2310,726364.6
2311,1200701.4
2312,897762.6
2313,743820.56
2314,1222811.1
2315,1028448.94
2316,1577640.6
2317,1365524.4
2318,1353890.6
2319,1269278.2
2320,1708596.0
2321,860028.94
2322,592768.44
2323,1019880.9
2324,751553.6
2325,2800871.0
2326,944557.2
2327,819419.44
2328,580868.8
2329,707788.44
2330,621498.06
2331,793037.7
2332,950573.7
2333,793388.06
2334,1563624.6
2335,779842.75
2336,1018796.7
2337,689130.25
2338,1003894.44
2339,1070844.8
2340,774480.7
2341,2137861.5
2342,1328657.9
2343,1708713.2
2344,1251470.6
2345,1451631.2
2346,1404191.0
2347,734255.4
2348,615171.5
2349,3242706.0
2350,448389.53
2351,630865.3
2352,977334.25
2353,380522.44
2354,1254488.8
2355,373869.34
2356,1304411.0
2357,478899.34
2358,613644.0
2359,1038270.56
2360,1790425.5
2361,279540.38
2362,674982.2
2363,2296375.8
2364,402955.16
2365,1992307.4
2366,1149720.1
2367,666001.25
2368,4370046.0
2369,2158283.0
2370,609097.2
2371,882843.5
2372,829308.4
2373,2151626.0
2374,673751.0
2375,847588.5
2376,923393.3
2377,735086.4
2378,842324.4
2379,567864.25
2380,869997.06
2381,1339428.5
2382,869980.06
2383,1035056.06
2384,756113.25
2385,1178366.1
2386,1066804.0
2387,2317554.5
2388,1469837.0
2389,293387.84
2390,571248.56
2391,602265.75
2392,1193646.0
2393,1671560.6
2394,1720209.9
2395,1333831.0
2396,557267.0
2397,1672053.6
2398,909175.7
2399,1052476.6
2400,1105125.5
2401,1867994.5
2402,1108779.2
2403,1754042.6
2404,512003.6
2405,545074.2
2406,369939.88
2407,568636.1
2408,425764.72
2409,1083737.4
2410,1261949.8
2411,621540.4
2412,1601807.5
2413,1422417.1
2414,646923.3
2415,1157819.8
2416,466564.12
2417,1930643.6
2418,1873941.2
2419,2094030.8
2420,581261.2
2421,628349.75
2422,1521344.2
2423,431915.34
2424,692152.94
2425,2318810.0
2426,1879127.5
2427,639653.44
2428,503379.6
2429,2038194.8
2430,1220412.9
2431,458797.4
2432,945709.75
2433,1232248.1
2434,460877.66
2435,2653266.2
2436,1056803.8
2437,488417.0
2438,1736577.6
2439,944542.6
2440,779837.5
2441,743702.25
2442,732141.6
2443,1497500.1
2444,1335832.2
2445,483683.22
2446,860011.8
2447,319911.1
2448,1110757.5
2449,519685.88
2450,832571.2
2451,997357.2
2452,502966.75
2453,1740981.1
2454,500592.3
2455,409729.4
2456,990292.2
2457,575993.5
2458,749565.25
2459,1006437.8
2460,865791.2
2461,870993.9
2462,728509.2
2463,923437.6
2464,1238567.4
2465,1019067.75
2466,1270547.2
2467,590096.06
2468,1552878.0
2469,1321013.8
2470,748011.3
2471,1936040.5
2472,2829164.0
2473,701094.44
2474,627483.94
2475,761771.7
2476,1717303.6
2477,1172418.9
2478,1377826.8
2479,890258.25
2480,1141193.1
2481,2619098.2
2482,1025676.75
2483,839565.94
2484,747622.2
2485,1020431.5
2486,424496.75
2487,1165386.5
2488,1224268.5
2489,356437.16
2490,1363888.2
2491,910106.06
2492,991793.5
2493,992661.3
2494,1979175.4
2495,766442.9
2496,530289.06
2497,1182653.9
2498,663402.56
2499,1302680.9
2500,369774.84
2501,548120.44
2502,1129216.0
2503,907646.4
2504,561114.2
2505,582110.3
2506,640494.8
2507,1184124.0
2508,1355620.9
2509,576933.3
2510,645378.5
2511,446764.0
2512,833674.2
2513,387320.84
2514,912442.9
2515,1618944.1
2516,563837.9
2517,846739.8
2518,644036.5
2519,612593.56
2520,1966772.8
2521,885847.9
2522,2147777.0
2523,1250845.5
2524,1234395.2
2525,475112.28
2526,461765.0
2527,1280570.1
2528,874113.0
2529,1442725.8
2530,552193.56
2531,534879.9
2532,1005084.0
2533,1809703.9
2534,1874368.4
2535,1593719.6
2536,1221652.4
2537,551623.0
2538,1121456.0
2539,587131.7
2540,762783.6
2541,978996.94
2542,1149750.9
2543,1344994.9
2544,766807.5
2545,1087292.1
2546,1190465.2
2547,604170.2
2548,1725119.8
2549,1564028.8
2550,697149.3
2551,1499826.5
2552,930108.2
2553,1035973.2
2554,1088932.6
2555,757688.3
2556,1734350.0
2557,527429.3
2558,961543.7
2559,291753.6
2560,350548.66
2561,987129.7
2562,1918486.4
2563,1407029.9
2564,346138.5
2565,793563.6
2566,844218.3
2567,463853.78
2568,877526.5
2569,1184392.6
2570,341699.75
2571,2092548.2
2572,400904.47
2573,1482712.4
2574,1248766.8
2575,1275995.5
2576,904328.75
2577,490237.03
2578,491015.53
2579,1701588.0
2580,544910.8
2581,1269288.9
2582,830234.6
2583,1097020.9
2584,848042.8
2585,744260.9
2586,1238686.4
2587,1418956.0
2588,1108355.4
2589,990462.6
2590,1306872.4
2591,570214.7
2592,524486.06
2593,850484.4
2594,1660329.6
2595,548000.5
2596,609774.2
2597,1199135.0
2598,1292290.5
2599,1467698.9
2600,438290.53
2601,693387.4
2602,1964651.0
2603,1072995.1
2604,655046.6
2605,1323311.6
2606,944544.5
2607,641566.4
2608,538838.94
2609,639494.56
2610,2611410.8
2611,1017003.5
2612,1388994.5
2613,1473517.4
2614,1572788.9
2615,1005577.06
2616,539932.94
2617,1433239.2
2618,337439.78
2619,1196666.1
2620,626471.7
2621,854082.25
2622,337190.16
2623,677109.6
2624,690721.5
2625,1736624.4
2626,682075.5
2627,1383900.2
2628,1199985.9
2629,1337547.4
2630,1052704.8
2631,1022236.44
2632,970759.7
2633,1797061.5
2634,1481609.6
2635,1029495.5
2636,879796.75
2637,927237.06
2638,1110621.1
2639,555579.0
2640,900428.7
2641,373871.88
2642,937700.0
2643,2229423.5
2644,798908.6
2645,1202688.5
2646,1517372.2
2647,686890.94
2648,822928.94
2649,373052.9
2650,1817214.1
2651,662218.0
2652,515777.06
2653,893325.75
2654,1785714.1
2655,1222296.0
2656,587366.5
2657,871242.6
2658,1049412.4
2659,1552357.5
2660,2656513.5
2661,1475473.4
2662,914698.8
2663,1331452.1
2664,293145.88
2665,1310262.1
2666,2155440.2
2667,835421.4
2668,2110596.5
2669,420115.6
2670,623877.4
2671,831500.6
2672,1137032.9
2673,483007.9
2674,1000756.06
2675,1392924.6
2676,464688.88
2677,692763.56
2678,1199826.9
2679,834300.1
2680,1477887.1
2681,997157.75
2682,414371.56
2683,2347184.2
2684,1495715.6
2685,1343722.6
2686,725304.5
2687,546991.9
2688,687757.94
2689,706497.4
2690,923149.9
2691,1067800.9
2692,959214.25
2693,1159748.0
2694,1067648.5
2695,1558987.8
2696,718313.0
2697,1798357.2
2698,1729949.5
2699,2767976.5
2700,536789.56
2701,1916460.8
2702,983959.9
2703,337350.97
2704,717531.94
2705,447224.5
2706,1374018.5
2707,1163268.9
2708,1406894.9
2709,840080.2
2710,1866612.2
2711,1125166.0
2712,3399545.2
2713,3441267.8
2714,1347554.0
2715,902111.7
2716,1275092.0
2717,1513380.6
2718,751239.8
2719,605656.8
2720,1263734.4
2721,1648882.9
2722,1373044.8
2723,2967079.5
2724,2460245.0
2725,1099820.5
2726,539954.8
2727,671879.75
2728,903062.44
2729,1199462.2
2730,1331600.4
2731,878329.94
2732,773956.0
2733,1252750.1
2734,560618.7
2735,1669015.8
2736,1399922.0
2737,1043136.1
2738,565387.3
2739,699212.06
2740,648159.8
2741,962976.44
2742,2722455.5
2743,705204.8
2744,536202.4
2745,1923302.0
2746,1664207.5
2747,1269101.4
2748,601741.4
2749,1192186.0
2750,414671.7
2751,485228.78
2752,826592.94
2753,1176329.9
2754,942944.25
2755,1267494.1
2756,1059401.2
2757,598267.7
2758,1838578.5
2759,1312631.2
2760,426454.0
2761,1576333.1
2762,884170.06
2763,2153874.8
2764,1203590.5
2765,425090.44
2766,1123565.8
2767,2820850.5
2768,1292604.1
2769,1264608.9
2770,1119227.0
2771,749922.0
2772,902486.3
2773,496322.06
2774,1170677.5
2775,644484.56
2776,1596079.9
2777,605752.75
2778,347904.72
2779,941739.2
2780,1395219.0
2781,1129941.2
2782,1079577.4
2783,1750215.6
2784,451020.5
2785,734403.4
2786,2078012.6
2787,471567.22
2788,1478756.2
2789,598383.25
2790,1567707.6
2791,1656712.9
2792,645146.75
2793,1794128.8
2794,361053.62
2795,630859.3
2796,1994603.2
2797,954939.3
2798,775215.25
2799,547464.6
2800,1284444.8
2801,464325.7
2802,1484906.0
2803,1470537.0
2804,462236.56
2805,1899950.9
2806,1813924.4
2807,1552475.4
2808,578452.6
2809,353334.47
2810,692991.06
2811,438976.7
2812,1072624.4
2813,1204853.5
2814,450390.44
2815,1198853.2
2816,887401.7
2817,1212388.6
2818,1506203.6
2819,306384.75
2820,795525.94
2821,1258549.2
2822,1207030.5
2823,768049.8
2824,813521.06
2825,928513.4
2826,849186.2
2827,1039168.7
2828,3531082.5
2829,613101.1
2830,1027706.2
2831,720975.7
2832,683693.94
2833,839714.4
2834,1091143.9
2835,2544258.8
2836,631965.2
2837,1885878.9
2838,798052.94
2839,582784.9
2840,1217587.0
2841,2160900.8
2842,1725726.4
2843,1612529.6
2844,347502.56
2845,486524.3
2846,2525617.0
2847,1088156.6
2848,557478.25
2849,1308366.6
2850,1408618.6
2851,654398.0
2852,1114473.0
2853,523501.84
2854,374492.94
2855,2159021.8
2856,2254035.5
2857,928219.6
2858,538352.0
2859,1898760.4
2860,745970.44
2861,1704287.5
2862,1253224.1
2863,3106535.2
2864,518636.25
2865,526435.0
2866,424086.25
2867,1408272.1
2868,553110.1
2869,1455691.4
2870,824034.6
2871,855506.5
2872,2011320.6
2873,1906246.0
2874,1008639.94
2875,925696.75
2876,1689544.4
2877,1511323.5
2878,1224976.1
2879,356842.62
2880,1004820.3
2881,995013.56
2882,443123.88
2883,769206.75
2884,1085741.8
2885,709129.75
2886,2035899.2
2887,634835.56
2888,626203.3
2889,439837.5
2890,768535.94
2891,1345074.2
2892,553009.75
2893,927676.9
2894,1127628.2
2895,2323728.2
2896,1559146.0
2897,491766.47
2898,1140537.4
2899,701686.7
2900,894689.5
2901,1884911.8
2902,418158.8
2903,1163119.5
2904,2346498.2
2905,635248.3
2906,640111.7
2907,1120340.8
2908,658786.75
2909,851533.06
2910,1103065.5
2911,3589089.2
2912,511393.34
2913,477117.62
2914,1226997.0
2915,1460356.6
2916,1341410.0
2917,1110156.4
2918,612315.2
2919,723730.75
2920,1223082.8
2921,704907.94
2922,874587.06
2923,457631.44
2924,736407.75
2925,506998.84
2926,1135383.2
2927,1106236.0
2928,574918.06
2929,731287.9
2930,1167982.4
2931,542379.8
2932,1808464.5
2933,1237613.2
2934,778454.3
2935,648184.94
2936,420115.6
2937,522572.6
2938,993937.25
2939,1334877.8
2940,2011611.4
2941,2129103.0
2942,1018420.94
2943,867767.6
2944,986285.6
2945,1900627.4
2946,1266027.1
2947,589401.06
2948,635248.7
2949,642585.94
2950,996471.25
2951,1162699.0
2952,2570589.8
2953,955768.25
2954,609922.4
2955,456523.75
2956,932005.94
2957,391540.84
2958,1117721.1
2959,560055.5
2960,1199808.9
2961,640778.6
2962,467407.25
2963,809985.6
2964,928978.0
2965,775235.94
2966,801654.25
2967,762666.7
2968,1348666.9
2969,956842.8
2970,852088.4
2971,589140.25
2972,1181799.5
2973,1106205.9
2974,500209.8
2975,953936.2
2976,1198933.0
2977,715274.94
2978,589527.7
2979,1543159.9
2980,1291514.5
2981,2020687.2
2982,2403730.2
2983,562599.2
2984,431546.97
2985,1040469.44
2986,689731.25
2987,451039.22
2988,1494231.9
2989,1350725.2
2990,1843135.2
2991,1444166.8
2992,425362.16
2993,595827.0
2994,1769965.8
2995,1236457.0
2996,1052238.8
2997,1267136.2
2998,910180.3
2999,390024.56
3000,2017825.6
3001,1225732.6
3002,1337183.4
3003,823079.25
3004,2244566.8
3005,984475.25
3006,1769335.2
3007,853740.25
3008,2068452.2
3009,601510.06
3010,510265.03
3011,994574.1
3012,760709.7
3013,1122244.5
3014,688077.8
3015,487312.94
3016,1154170.8
3017,816665.94
3018,386772.22
3019,1126083.1
3020,715191.5
3021,749619.9
3022,472075.6
3023,638285.44
3024,408245.28
3025,1336098.4
3026,821151.0
3027,1638907.0
3028,4451874.0
3029,665472.4
3030,705780.9
3031,1312950.4
3032,672358.2
3033,1274753.6
3034,1617550.9
3035,354140.4
3036,612568.94
3037,859817.2
3038,2200727.0
3039,2003585.9
3040,572306.2
3041,2381288.8
3042,951690.4
3043,691939.5
3044,587492.3
3045,1340953.8
3046,1050351.5
3047,892662.7
3048,995373.0
3049,1787867.9
3050,405337.1
3051,1075375.2
3052,555533.2
3053,1013453.4
3054,622349.8
3055,390151.03
3056,1437185.6
3057,1351865.6
3058,1642473.9
3059,986611.1
3060,876929.94
3061,837456.9
3062,271361.6
3063,821210.3
3064,549966.06
3065,2589750.5
3066,810251.44
3067,864403.7
3068,1219365.1
3069,2062774.6
3070,907458.8
3071,1553985.5
3072,525080.3
3073,1749761.5
3074,797982.1
3075,546004.9
3076,1953582.5
3077,747895.1
3078,1133204.5
3079,838925.75
3080,700856.25
3081,723947.94
3082,617412.56
3083,480410.2
3084,355026.66
3085,1406729.8
3086,971546.5
3087,1344603.5
3088,1411524.5
3089,949124.3
3090,797424.5
3091,771193.4
3092,985213.25
3093,669673.5
3094,894734.25
3095,797994.56
3096,1189542.9
3097,1005741.9
3098,1119173.6
3099,636949.2
3100,1723872.4
3101,436481.12
3102,721570.1
3103,2515441.0
3104,1060759.2
3105,1794016.4
3106,1331514.0
3107,1087024.5
3108,1451188.9
3109,203551.03
3110,443908.2
3111,693276.94
3112,1576136.9
3113,1753661.0
3114,885812.9
3115,1219926.4
3116,401354.38
3117,698189.56
3118,1340758.0
3119,638491.75
3120,718582.7
3121,2128659.0
3122,559162.9
3123,1341049.2
3124,414186.5
3125,1638111.4
3126,798950.8
3127,2526308.8
3128,639515.0
3129,1698498.0
3130,892269.7
3131,825026.7
3132,1041538.06
3133,825026.7
3134,993781.7
3135,523855.47
3136,1394963.0
3137,1607417.0
3138,1019568.5
3139,1872196.2
3140,939455.0
3141,2121822.5
3142,1386267.4
3143,1919091.4
3144,762810.44
3145,2407331.0
3146,578282.9
3147,1076833.0
3148,914030.94
3149,1330108.2
3150,1328705.0
3151,683788.9
3152,635474.44
3153,1504698.1
3154,1389156.9
3155,586294.44
3156,1932357.1
3157,1379852.4
3158,1506535.2
3159,1093619.0
3160,1807319.8
3161,1582802.0
3162,722483.06
3163,206054.3
3164,1203074.1
3165,1309444.2
3166,1072164.6
3167,1102824.5
3168,1076029.2
3169,922308.56
3170,1555372.9
3171,1864521.5
3172,1111634.5
3173,1011422.1
3174,971465.94
3175,1109661.0
3176,393339.9
3177,859586.25
3178,896679.75
3179,1258581.1
3180,907510.56
3181,862004.8
3182,529682.0
3183,960440.4
3184,432313.03
3185,704566.7
3186,895035.56
3187,1288637.6
3188,1458157.1
3189,837314.7
3190,1181132.5
3191,1454453.8
3192,940984.8
3193,1295183.0
3194,725934.44
3195,239378.61
3196,1924491.4
3197,1959136.0
3198,1429558.0
3199,1080918.5
3200,607480.2
3201,747812.5
3202,833535.94
3203,1682977.1
3204,1275109.2
3205,909873.4
3206,682999.94
3207,593559.25
3208,1135990.6
3209,733803.0
3210,497566.34
3211,661793.6
3212,621116.5
3213,1072574.4
3214,1257595.8
3215,1779410.8
3216,1595025.2
3217,963835.0
3218,2522159.5
3219,1139988.2
3220,1163397.8
3221,926520.1
3222,586922.56
3223,558409.6
3224,610780.4
3225,1483101.5
3226,469826.25
3227,971887.8
3228,629434.0
3229,1008314.8
3230,792904.4
3231,832609.2
3232,891616.94
3233,1377325.4
3234,1338961.5
3235,1300173.1
3236,354072.7
3237,1527828.5
3238,563232.6
3239,919107.94
3240,580398.94
3241,1497951.0
3242,2374948.8
3243,1913566.1
3244,1199991.2
3245,1199251.6
3246,685271.3
3247,488192.72
3248,336872.34
3249,1578411.5
3250,883047.9
3251,1356749.5
3252,1462970.1
3253,654829.0
3254,2490285.2
3255,537092.75
3256,653093.7
3257,2032367.2
3258,482901.34
3259,766604.56
3260,1007933.9
3261,847771.9
3262,418327.0
3263,855853.56
3264,2975626.0
3265,1177916.2
3266,726121.1
3267,816111.94
3268,473222.22
3269,838488.06
3270,515044.9
3271,1497495.9
3272,888206.75
3273,3084624.5
3274,823977.6
3275,1270892.2
3276,1786455.6
3277,536399.94
3278,226215.17
3279,1260690.6
3280,799322.56
3281,2089984.8
3282,489095.22
3283,686873.9
3284,597173.25
3285,2776197.0
3286,1342145.2
3287,801938.75
3288,1188980.5
3289,813818.2
3290,713076.4
3291,944533.4
3292,743608.25
3293,771748.56
3294,611237.56
3295,654909.06
3296,352602.7
3297,1011259.7
3298,696876.2
3299,1396492.8
3300,1687407.9
3301,600966.1
3302,1770236.0
3303,1751770.0
3304,888254.4
3305,1697799.4
3306,631524.4
3307,1967883.1
3308,771630.75
3309,1064352.9
3310,718804.5
3311,708560.8
3312,748893.9
3313,935839.25
3314,2979990.5
3315,821043.75
3316,691003.7
3317,911018.7
3318,1073559.6
3319,940417.06
3320,1961936.1
3321,830531.0
3322,1065786.0
3323,2208944.2
3324,1094971.9
3325,1804274.6
3326,1394652.2
3327,1679412.0
3328,283410.3
3329,1435234.2
3330,282091.5
3331,1018025.7
3332,527988.4
3333,484627.16
3334,1555380.9
3335,487249.84
3336,433342.84
3337,843011.8
3338,1116887.2
3339,2590481.8
3340,983167.8
3341,525422.94
3342,976930.25
3343,1243097.2
3344,745007.5
3345,1519630.5
3346,863589.1
3347,313230.0
3348,2643057.8
3349,1608466.4
3350,545596.56
3351,873083.5
3352,626697.94
3353,1485416.4
3354,1866853.4
3355,1281336.6
3356,1707578.6
3357,603728.2
3358,1301597.0
3359,590561.7
3360,1300714.8
3361,1041192.1
3362,1745963.4
3363,594276.25
3364,1110512.8
3365,674221.94
3366,902870.06
3367,687122.06
3368,957761.94
3369,567148.3
3370,428133.9
3371,1341049.2
3372,690342.5
3373,2145803.8
3374,628445.56
3375,1813241.6
3376,1666267.0
3377,1534558.4
3378,1921499.5
3379,533774.7
3380,1156603.5
3381,474558.25
3382,852233.4
3383,908752.94
3384,468586.3
3385,792582.25
3386,2399157.0
3387,735797.2
3388,1181237.4
3389,1096361.1
3390,664656.06
3391,851603.94
3392,860617.56
3393,407694.47
3394,575868.44
3395,614888.44
3396,382472.44
3397,559606.7
3398,1030101.8
3399,422861.56
3400,1229682.6
3401,1408799.6
3402,1301052.9
3403,432893.03
3404,672011.0
3405,1185167.0
3406,740015.44
3407,382433.0
3408,1422649.0
3409,1458788.2
3410,1032226.8
3411,1156392.8
3412,1484223.0
3413,792323.9
3414,2358523.0
3415,635224.9
3416,944350.7
3417,1888373.8
3418,408006.44
3419,1635396.1
3420,1049742.1
3421,1394240.0
3422,1060048.4
3423,658076.5
3424,1165991.1
3425,1650339.1
3426,573984.8
3427,1127831.0
3428,1338661.1
3429,1189819.1
3430,496608.6
3431,556006.7
3432,538030.9
3433,550080.1
3434,793670.3
3435,717135.7
3436,472493.1
3437,623196.94
3438,836899.3
3439,2219989.5
3440,648397.7
3441,1835478.9
3442,708086.4
3443,246712.97
3444,500579.62
3445,977420.2
3446,1934169.6
3447,846191.2
3448,299424.34
3449,1330609.0
3450,771326.4
3451,291980.62
3452,506071.06
3453,1827259.5
3454,783996.0
3455,1388049.9
3456,704081.75
3457,1067811.6
3458,568382.44
3459,2402613.0
3460,2091219.5
3461,1188910.2
3462,786804.75
3463,665531.9
3464,673582.1
3465,1457767.0
3466,866566.56
3467,739955.4
3468,1261430.6
3469,1345385.4
3470,1167577.0
3471,542199.75
3472,1156818.0
3473,632116.8
3474,484971.03
3475,523456.7
3476,1848439.4
3477,1447836.0
3478,336691.38
3479,1362806.2
3480,479883.34
3481,479139.06
3482,954863.6
3483,978071.06
3484,995187.5
3485,921540.25
3486,1225288.0
3487,1800481.0
3488,868683.5
3489,926032.8
3490,1006381.25
3491,848398.25
3492,1626486.8
3493,443287.2
3494,1307384.6
3495,1427945.4
3496,667622.4
3497,2310461.0
3498,1701627.2
3499,527385.1
3500,1568353.2
3501,560211.9
3502,1475309.8
3503,1779476.2
3504,2240951.0
3505,1340201.5
3506,1104887.0
3507,744364.3
3508,953723.25
3509,527047.56
3510,2381407.5
3511,1483190.2
3512,684583.5
3513,1398539.5
3514,1798519.6
3515,1282771.8
3516,485872.25
3517,1057252.9
3518,1850765.6
3519,494081.84
3520,3142353.5
3521,622467.2
3522,1298221.0
3523,913438.3
3524,1180302.6
3525,457856.94
3526,548742.2
3527,1036319.44
3528,2096610.1
3529,2264418.2
3530,1103413.6
3531,1139107.5
3532,630202.1
3533,1241490.1
3534,532877.8
3535,1453934.2
3536,530168.2
3537,1219802.5
3538,1160216.8
3539,1359212.5
3540,655602.06
3541,1857351.4
3542,1030667.0
3543,1935459.1
3544,979973.4
3545,1679573.6
3546,1095550.6
3547,686865.56
3548,584524.8
3549,1083555.4
3550,1263147.1
3551,2633045.0
3552,829672.44
3553,1665882.2
3554,748600.94
3555,1127632.6
3556,1872787.0
3557,2490483.8
3558,351979.53
3559,944549.6
3560,471862.0
3561,416295.7
3562,2338009.5
3563,795522.6
3564,1103999.8
3565,811836.56
3566,1172694.5
3567,910561.7
3568,2299257.0
3569,1129753.9
3570,1208714.5
3571,695068.9
3572,3803787.5
3573,1084704.2
3574,1201987.1
3575,477515.1
3576,2756274.5
3577,524741.94
3578,1094795.6
3579,1414366.0
3580,1542934.9
3581,608154.5
3582,414737.53
3583,687251.44
3584,825088.8
3585,699450.4
3586,1191125.6
3587,1191487.6
3588,721012.7
3589,565417.94
3590,672509.9
3591,807743.2
3592,562600.25
3593,1840333.4
3594,2380547.2
3595,1500065.9
3596,1106758.8
3597,2098991.5
3598,491884.88
3599,1791900.4
3600,1494038.9
3601,1257175.6
3602,296916.97
3603,465968.28
3604,1016909.4
3605,645269.06
3606,464777.5
3607,1632026.5
3608,734597.3
3609,1143283.0
3610,1314129.2
3611,510009.38
3612,1770236.0
3613,870710.56
3614,1125114.0
3615,449318.3
3616,525352.9
3617,944379.75
3618,656210.1
3619,821576.7
3620,619801.9
3621,774516.4
3622,1101403.6
3623,1984925.6
3624,977766.75
3625,1037069.9
3626,549175.7
3627,618807.0
3628,1072684.6
3629,977710.5
3630,840603.44
3631,2222011.8
3632,919078.25
3633,357667.6
3634,2216726.5
3635,1401788.6
3636,1612054.8
3637,3198757.0
3638,1047665.8
3639,968462.56
3640,1731028.5
3641,875195.1
3642,1288513.2
3643,523620.5
3644,403434.88
3645,1215129.8
3646,1354613.6
3647,924729.0
3648,1060342.9
3649,1203815.8
3650,685114.6
3651,561586.06
3652,537274.3
3653,850060.44
3654,712346.1
3655,704122.4
3656,820386.8
3657,694029.3
3658,1215580.9
3659,1660182.2
3660,432345.62
3661,1101222.6
3662,1412266.5
3663,517725.7
3664,750468.25
3665,288925.6
3666,641310.94
3667,560303.9
3668,695342.06
3669,782614.25
3670,1635865.2
3671,1519072.9
3672,605218.6
3673,1420649.6
3674,1627757.5
3675,929016.4
3676,1563822.8
3677,2108639.8
3678,1099387.0
3679,1385214.5
3680,458411.9
3681,572550.56
3682,794400.2
3683,1478028.8
3684,541224.56
3685,1601943.4
3686,1246381.5
3687,733313.94
3688,1126705.4
3689,1266452.6
3690,496724.16
3691,2462756.5
3692,1198614.0
3693,1231345.4
3694,1918753.5
3695,590773.25
3696,1698296.4
3697,439568.0
3698,600637.1
3699,1320803.4
3700,443278.4
3701,1544309.8
3702,1360293.1
3703,851985.7
3704,2507231.0
3705,505167.12
3706,551565.4
3707,715531.25
3708,1227781.5
3709,1179929.9
3710,1757166.0
3711,1394149.9
3712,935730.56
3713,421516.75
3714,1099368.6
3715,2606030.8
3716,1401212.8
3717,1043981.3
3718,524898.4
3719,1226586.4
3720,1216023.2
3721,816162.4
3722,1548452.5
3723,651542.0
3724,2331603.2
3725,1535138.1
3726,1204712.0
3727,541992.44
3728,449368.06
3729,1362668.4
3730,1290803.4
3731,639080.44
3732,2100770.8
3733,1055736.2
3734,775932.4
3735,1623745.1
3736,632850.1
3737,3168651.8
3738,1378809.1
3739,1089336.5
3740,1271751.4
3741,685369.56
3742,1587887.4
3743,3423452.0
3744,645936.3
3745,1633755.5
3746,517393.3
3747,1050847.8
3748,1173479.9
3749,480607.72
3750,232569.38
3751,724349.94
3752,793447.44
3753,1364519.0
3754,921269.75
3755,505376.9
3756,910794.0
3757,925537.3
3758,1235173.2
3759,1098871.9
3760,734956.3
3761,604193.4
3762,929598.8
3763,899108.56
3764,646879.3
3765,923848.0
3766,803742.3
3767,1695994.0
3768,1128349.8
3769,600723.6
3770,1139848.2
3771,1027413.56
3772,419878.3
3773,392874.03
3774,553351.8
3775,1406291.4
3776,1117958.2
3777,1328522.6
3778,555617.06
3779,1626341.8
3780,1366413.0
3781,1301109.4
3782,1546535.8
3783,720868.3
3784,1886149.0
3785,667538.94
3786,1108356.6
3787,851627.8
3788,531053.5
3789,2095707.0
3790,1762323.8
3791,1470662.2
3792,1085808.4
3793,627646.5
3794,925541.7
3795,478025.47
3796,1028740.56
3797,782624.6
3798,1358065.5
3799,682224.06
3800,1068118.8
3801,631339.56
3802,331061.22
3803,748590.56
3804,1116697.2
3805,1412061.5
3806,473274.53
3807,1418670.5
3808,529921.7
3809,666627.3
3810,1381744.4
3811,809581.1
3812,649598.44
3813,413660.78
3814,805064.0
3815,480728.44
3816,1508631.4
3817,682325.7
3818,1103439.5
3819,583890.4
3820,301200.34
3821,849152.0
3822,1445143.6
3823,1409631.1
3824,1049728.4
3825,504315.16
3826,816717.06
3827,473135.6
3828,1663007.9
3829,647595.44
3830,435903.12
3831,1648515.0
3832,982534.94
3833,1880192.5
3834,464146.1
3835,1227738.5
3836,895625.0
3837,505168.03
3838,712302.7
3839,405030.88
3840,1497167.4
3841,532339.2
3842,502563.3
3843,655953.9
3844,447373.72
3845,673765.25
3846,1102035.9
3847,555409.56
3848,1918385.4
3849,1355059.6
3850,924467.4
3851,851627.56
3852,613409.0
3853,301070.0
3854,1975757.4
3855,1225159.5
3856,882592.6
3857,1089233.0
3858,1230856.9
3859,784543.0
3860,722321.6
3861,1038764.5
3862,1273289.5
3863,666951.4
3864,569727.1
3865,1544381.9
3866,1220218.2
3867,1004697.75
3868,1533422.2
3869,1279500.4
3870,664855.75
3871,750456.7
3872,1119046.6
3873,2222704.8
3874,888512.44
3875,2781588.8
3876,1301122.5
3877,1028475.8
3878,1754392.8
3879,427007.66
3880,643748.2
3881,1515273.8
3882,961704.94
3883,707582.8
3884,1187393.9
3885,627698.56
3886,1153415.2
3887,1754714.5
3888,2431958.0
3889,287577.28
3890,777900.06
3891,1392884.5
3892,1343718.0
3893,671496.7
3894,658556.2
3895,428554.44
3896,574069.0
3897,480855.53
3898,348052.78
3899,963390.5
3900,1226590.2
3901,1026120.7
3902,1870160.2
3903,915978.56
3904,442535.88
3905,799573.44
3906,968755.7
3907,2437910.5
3908,1142043.4
3909,1303197.0
3910,1069369.6
3911,761874.94
3912,1408010.5
3913,1560069.4
3914,1019090.4
3915,487724.94
3916,865875.25
3917,561674.8
3918,697110.56
3919,1091498.4
3920,918287.2
3921,914245.94
3922,1434824.0
3923,624440.9
3924,628216.8
3925,1824585.6
3926,495535.72
3927,1431677.0
3928,522238.06
3929,465304.78
3930,1118896.9
3931,944318.9
3932,645774.1
3933,2050412.9
3934,780231.0
3935,1269486.4
3936,576482.56
3937,2892188.0
3938,1059341.2
3939,673077.06
3940,448216.12
3941,1196395.0
3942,778572.2
3943,914673.1
3944,672910.9
3945,532967.5
3946,632977.8
3947,732247.25
3948,1959329.4
3949,475732.4
3950,1116638.9
3951,2991126.0
3952,554969.9
3953,938708.0
3954,347703.06
3955,508303.03
3956,633135.8
3957,974422.5
3958,1921922.6
3959,456563.78
3960,620990.06
3961,1175914.4
3962,1331339.6
3963,1939322.5
3964,1103713.4
3965,842337.06
3966,1152431.9
3967,696053.4
3968,2860116.2
3969,459051.3
3970,979065.9
3971,1081658.6
3972,864392.6
3973,962257.6
3974,1188856.4
3975,714516.75
3976,718070.8
3977,891486.44
3978,3207109.0
3979,556231.25
3980,671035.06
3981,937086.06
3982,462555.56
3983,702848.44
3984,627257.8
3985,1620134.8
3986,828782.06
3987,1836632.8
3988,634342.56
3989,566951.44
3990,1383423.2
3991,370140.94
3992,471637.16
3993,861900.75
3994,813800.94
3995,1209159.2
3996,1075047.9
3997,1002665.9
3998,869580.94
3999,1429768.9
4000,594602.6
4001,1263305.2
4002,1388379.5
4003,3458450.2
4004,3216947.0
4005,956163.75
4006,1230037.1
4007,755337.9
4008,1302088.4
4009,515452.56
4010,516974.47
4011,1194211.1
4012,1083585.9
4013,1188557.6
4014,716128.2
4015,1712381.8
4016,922119.94
4017,1166369.0
4018,675713.4
4019,843727.8
4020,1123031.2
4021,2049532.1
4022,875522.6
4023,1819748.9
4024,934235.3
4025,1183773.0
4026,1229113.1
4027,1960391.0
4028,937367.75
4029,1566894.4
4030,1316713.8
4031,931438.7
4032,1294461.1
4033,578441.44
4034,1106668.9
4035,1120155.8
4036,489187.12
4037,645160.0
4038,883108.8
4039,1047357.56
4040,1371051.8
4041,740032.7
4042,1054366.4
4043,795245.1
4044,1648944.9
4045,1066345.4
4046,1285860.2
4047,731289.75
4048,768336.1
4049,1946568.6
4050,926106.3
4051,368235.53
4052,1238736.4
4053,632688.6
4054,363537.62
4055,883388.6
4056,912073.7
4057,1018383.75
4058,1799109.8
4059,381213.7
4060,1479720.4
4061,894028.9
4062,699548.8
4063,703438.1
4064,1768648.4
4065,1958197.6
4066,640792.7
4067,1836591.8
4068,1468582.5
4069,751871.06
4070,1725356.5
4071,920567.44
4072,626470.5
4073,1920715.2
4074,2972586.5
4075,1607377.1
4076,1287846.4
4077,2005466.2
4078,1194565.8
4079,513350.75
4080,555206.7
4081,1548623.0
4082,774633.25
4083,689983.56
4084,867916.4
4085,416137.38
4086,1924774.6
4087,623698.8
4088,746272.3
4089,374954.34
4090,1834681.2
4091,1386570.9
4092,927542.1
4093,1772569.8
4094,956029.2
4095,440816.9
4096,760808.7
4097,1277419.8
4098,259022.61
4099,571764.56
4100,1267935.4
4101,1352706.2
4102,1779906.1
4103,1868153.9
4104,691894.6
4105,1492859.4
4106,1317720.9
4107,1261750.2
4108,872753.2
4109,370133.6
4110,821831.25
4111,1257471.1
4112,501078.4
4113,1105222.4
4114,1700825.9
4115,2027500.8
4116,960197.44
4117,3309539.2
4118,960231.44
4119,611129.9
4120,1782502.9
4121,2547055.8
4122,1247688.1
4123,623885.94
4124,1696468.0
4125,789546.75
4126,347739.88
4127,1404196.4
4128,1038738.94
4129,672412.4
4130,394221.4
4131,586911.4
4132,867923.8
4133,2838372.8
4134,1356186.2
4135,1335810.5
4136,2814658.0
4137,380863.47
4138,1162587.2
4139,1393205.0
4140,580496.0
4141,613251.25
4142,324215.34
4143,1145260.0
4144,1088762.9
4145,996908.06
4146,1386822.2
4147,1393252.1
4148,2508382.5
4149,647342.56
4150,462232.78
4151,1302312.9
4152,1049693.8
4153,2555792.0
4154,656660.06
4155,1249877.9
4156,1329707.1
4157,587484.4
4158,759914.1
4159,728528.3
4160,1850869.0
4161,471528.8
4162,506673.2
4163,790851.25
4164,1731265.6
4165,724176.7
4166,1444911.0
4167,1277747.1
4168,1744749.8
4169,630409.6
4170,1217443.8
4171,1529430.6
4172,731447.56
4173,1241017.5
4174,1317261.1
4175,1689467.9
4176,616778.4
4177,837853.3
4178,409209.94
4179,380863.4
4180,2126219.2
4181,1775277.0
4182,1108314.8
4183,1719084.6
4184,1209610.4
4185,328930.5
4186,448648.66
4187,882685.6
4188,1567733.6
4189,1132666.5
4190,749735.2
4191,762218.3
4192,1319476.4
4193,1640313.9
4194,491238.3
4195,716763.6
4196,1107714.1
4197,632630.1
4198,863564.1
4199,557253.44
4200,794063.4
4201,1373164.6
4202,826642.9
4203,1706306.6
4204,394086.12
4205,679142.5
4206,829880.0
4207,1067657.6
4208,1349795.9
4209,1076662.0
4210,688102.5
4211,601744.4
4212,754977.8
4213,1212835.6
4214,489356.9
4215,855626.5
4216,1105488.0
4217,684206.3
4218,625675.44
4219,1115125.0
4220,1983667.5
4221,551028.75
4222,625480.44
4223,942982.7
4224,1642616.2
4225,753109.06
4226,932743.3
4227,1201797.6
4228,1370439.6
4229,1338449.0
4230,801267.9
4231,897159.8
4232,551279.6
4233,2299119.0
4234,725459.56
4235,590057.9
4236,1193674.4
4237,1014826.5
4238,542663.44
4239,2011405.5
4240,1211261.9
4241,613095.5
4242,810753.75
4243,901041.7
4244,1256547.4
4245,1124359.0
4246,1149617.9
4247,4552209.0
4248,673152.75
4249,1709828.2
4250,723902.3
4251,649096.4
4252,1017610.3
4253,779951.3
4254,282135.5
4255,467296.5
4256,1176046.4
4257,497617.5
4258,660425.1
4259,1341893.2
4260,798383.94
4261,602529.75
4262,491791.34
4263,2544820.0
4264,1013304.44
4265,711868.6
4266,1333883.9
4267,483088.84
4268,836340.7
4269,1365119.4
4270,2315529.2
4271,523095.66
4272,1683637.0
4273,1305032.8
4274,716937.9
4275,953544.4
4276,437468.28
4277,604936.5
4278,982465.7
4279,707661.44
4280,869259.56
4281,932660.2
4282,1600361.1
4283,2384216.0
4284,1337685.8
4285,765675.75
4286,326583.3
4287,591133.5
4288,548643.06
4289,499958.12
4290,1184211.1
4291,1561737.0
4292,479055.6
4293,938441.1
4294,1749965.5
4295,1250517.6
4296,1144062.4
4297,1083881.0
4298,652920.1
4299,2011728.4
4300,1388174.5
4301,967161.0
4302,617527.94
4303,1028983.44
4304,1028255.5
4305,773485.2
4306,958387.94
4307,932604.9
4308,582662.8
4309,1048841.0
4310,1064701.1
4311,1813580.9
4312,686947.6
4313,2247483.0
4314,352450.78
4315,501675.28
4316,626775.4
4317,901457.94
4318,761922.75
4319,530301.2
4320,866089.4
4321,681065.1
4322,2125761.0
4323,543779.7
4324,1592055.1
4325,287075.16
4326,1724034.8
4327,544760.06
4328,641937.75
4329,707881.56
4330,814631.44
4331,672898.3
4332,608421.9
4333,599176.0
4334,1099252.6
4335,1021818.8
4336,1175783.0
4337,1030420.5
4338,787523.44
4339,1163219.4
4340,1314921.1
4341,528638.06
4342,2123060.8
4343,1127902.1
4344,1016909.9
4345,929405.0
4346,1217165.0
4347,519875.06
4348,2560181.2
4349,746216.9
4350,449830.3
4351,606314.3
4352,1335733.5
4353,481900.4
4354,569078.3
4355,515517.1
4356,407143.94
4357,1325812.4
4358,617218.0
4359,862436.0
4360,713055.06
4361,628895.6
4362,1760444.4
4363,819454.1
4364,654487.2
4365,944847.0
4366,986653.3
4367,765121.25
4368,972351.94
4369,1290986.6
4370,706069.75
4371,523139.97
4372,982015.1
4373,969710.4
4374,603537.9
4375,1000309.0
4376,865375.8
4377,1543585.4
4378,1478567.1
4379,725379.6
4380,799948.5
4381,753341.4
4382,1046587.9
4383,764693.06
4384,578933.4
4385,1192404.4
4386,511978.5
4387,1134060.2
4388,531296.9
4389,1487888.2
4390,826352.5
4391,1699405.8
4392,1131799.6
4393,903221.56
4394,1928506.0
4395,521845.56
4396,808454.8
4397,1519711.6
4398,979246.56
4399,879562.7
4400,470586.62
4401,1150917.0
4402,748465.2
4403,1095272.4
4404,899862.1
4405,531701.6
4406,517471.84
4407,830383.25
4408,590312.44
4409,1283897.6
4410,1008287.25
4411,1155991.2
4412,2078039.0
4413,912662.0
4414,840494.75
4415,1271120.2
4416,2906328.8
4417,818027.2
4418,553723.7
4419,786600.75
4420,849097.56
4421,1499708.0
4422,860099.7
4423,529163.9
4424,424786.78
4425,639209.0
4426,927488.56
4427,621438.7
4428,1487567.1
4429,528841.44
4430,1340559.4
4431,1570203.5
4432,659081.7
4433,1403790.4
4434,417952.62
4435,806330.9
4436,532720.6
4437,1285741.0
4438,1296761.4
4439,1202351.4
4440,782233.6
4441,1084422.8
4442,664697.8
4443,939188.8
4444,491811.12
4445,1111937.1
4446,3009320.2
4447,633919.3
4448,1008835.25
4449,1083970.2
4450,615075.8
4451,755862.8
4452,359290.38
4453,612863.9
4454,1706680.8
4455,746102.75
4456,2977377.5
4457,1188820.9
4458,696050.56
4459,755762.5
4460,605951.7
4461,2176443.2
4462,1302537.8
4463,460375.62
4464,300517.84
4465,583081.8
4466,937368.06
4467,1224944.4
4468,617623.75
4469,863770.7
4470,934811.06
4471,1144808.1
4472,1137071.6
4473,660361.6
4474,1365989.4
4475,1333149.9
4476,338703.44
4477,718887.4
4478,1306405.1
4479,1561570.6
4480,1875689.2
4481,551558.56
4482,1051732.4
4483,1046317.75
4484,726689.0
4485,2176497.8
4486,845657.75
4487,1402075.1
4488,995682.56
4489,1086197.4
4490,2825885.8
4491,1177689.0
4492,1194315.6
4493,771522.44
4494,538029.3
4495,1122569.9
4496,667865.3
4497,550170.94
4498,968468.8
4499,1299281.0
4500,704907.4
4501,770166.9
4502,1419398.2
4503,1293306.8
4504,1174867.2
4505,1282537.6
4506,1077129.1
4507,928970.44
4508,1592470.9
4509,500764.1
4510,1631004.6
4511,3062906.0
4512,442808.0
4513,1846681.5
4514,2656819.8
4515,876924.9
4516,527466.5
4517,441461.88
4518,2114340.5
4519,2239180.5
4520,2284991.8
4521,1106006.8
4522,919478.6
4523,219078.08
4524,590627.8
4525,567647.0
4526,1480124.4
4527,2202560.0
4528,2294253.5
4529,2605924.5
4530,2011942.6
4531,3710505.0
4532,1473941.5
4533,1454954.9
4534,853638.56
4535,948149.0
4536,661303.3
4537,1208970.9
4538,876342.56
4539,972116.2
4540,716497.6
4541,2753273.2
4542,1039600.3
4543,542461.4
4544,1313053.6
4545,519310.4
4546,488682.53
4547,698013.0
4548,1421151.4
4549,793828.6
4550,1204662.9
4551,1440762.0
4552,612678.94
4553,1400659.8
4554,667664.0
4555,675420.8
4556,1259643.4
4557,945761.44
4558,780205.25
4559,1459613.1
4560,1520730.4
4561,911139.9
4562,888456.9
4563,1193123.8
4564,1182721.4
4565,806392.5
4566,1065265.0
4567,703785.75
4568,506892.2
4569,217691.39
4570,704362.5
4571,1891345.6
4572,1774695.4
4573,1579711.4
4574,1558360.0
4575,2245407.8
4576,2153128.8
4577,683590.5
4578,915045.0
4579,1316701.2
4580,693880.06
4581,604617.44
4582,568282.0
4583,421604.2
4584,259774.94
4585,1371073.0
4586,533940.75
4587,721043.1
4588,880968.5
4589,1483940.2
4590,999117.9
4591,540106.9
4592,918224.3
4593,1992668.6
4594,668378.3
4595,372807.6
4596,459318.34
4597,491455.53
4598,808235.7
4599,476547.38
4600,732910.3
4601,456978.78
4602,1420078.9
4603,427316.75
4604,1495554.9
4605,643276.0
4606,1410361.0
4607,1679273.2
4608,773537.2
4609,1016314.2
4610,558194.75
4611,892754.75
4612,957853.56
4613,746910.7
4614,1323134.0
4615,972324.25
4616,1282188.2
4617,1100408.6
4618,1162747.4
4619,1251847.1
4620,1011548.5
4621,1333428.9
4622,429534.56
4623,2600371.2
4624,1967019.0
4625,636358.6
4626,1951993.1
4627,931080.8
4628,856099.56
4629,1588547.6
4630,602070.9
4631,868427.1
4632,1090124.4
4633,527276.5
4634,388366.7
4635,880515.5
4636,2639681.5
4637,408472.56
4638,769210.3
4639,459116.56
4640,1250044.5
4641,1264335.4
4642,807585.44
4643,1239483.6
4644,690456.3
4645,1102953.8
4646,2086793.1
4647,1230316.1
4648,538334.25
4649,1701406.8
4650,1117576.9
4651,1060176.9
4652,1804003.4
4653,547614.9
4654,716248.94
4655,2688400.8
4656,632951.75
4657,728704.2
4658,1896256.8
4659,1044204.4
4660,523095.6
4661,482391.12
4662,785586.94
4663,679294.9
4664,884888.7
4665,520427.1
4666,1120099.8
4667,1422774.4
4668,1691911.9
4669,971784.0
4670,1400202.4
4671,1624712.4
4672,694894.3
4673,721750.3
4674,366995.25
4675,353071.4
4676,654278.7
4677,2087711.6
4678,1029437.6
4679,1024680.2
4680,1117931.8
4681,747170.1
4682,1154165.6
4683,739918.94
4684,634623.94
4685,734394.2
4686,1049487.0
4687,1692246.2
4688,445542.78
4689,1109653.6
4690,3857553.0
4691,2400476.5
4692,1316199.4
4693,1171735.0
4694,1683138.2
4695,1837029.4
4696,1587523.4
4697,1750529.0
4698,589624.1
4699,1247151.5
4700,711465.94
4701,1067764.9
4702,1701485.8
4703,753352.0
4704,1138590.9
4705,361787.16
4706,427966.97
4707,1234772.2
4708,475163.03
4709,1012216.8
4710,602118.5
4711,482901.94
4712,1357741.4
4713,520682.97
4714,783202.4
4715,2631007.2
4716,1470743.2
4717,536490.06
4718,2164244.0
4719,663559.44
4720,1103062.8
4721,602966.0
4722,2096767.4
4723,1193567.9
4724,818853.44
4725,584178.8
4726,989321.1
4727,634036.4
4728,1243362.9
4729,1193165.5
4730,1191279.9
4731,1510974.8
4732,665191.44
4733,2232247.8
4734,543517.2
4735,1011595.9
4736,443585.28
4737,684804.56
4738,1395147.1
4739,658129.56
4740,742066.94
4741,710446.56
4742,423015.84
4743,2537471.8
4744,941602.7
4745,1459738.0
4746,663568.06
4747,491744.28
4748,1764068.0
4749,1984257.2
4750,796105.2
4751,1438598.1
4752,1661242.5
4753,745059.3
4754,938836.25
4755,852209.44
4756,738946.7
4757,1109735.6
4758,1667072.8
4759,1732168.8
4760,1001527.1
4761,631824.75
4762,1241119.6
4763,1910627.1
4764,1003653.8
4765,1252369.0
4766,1038704.3
4767,995549.1
4768,805745.0
4769,595727.75
4770,739071.3
4771,1142198.9
4772,1940014.5
4773,603653.0
4774,596256.2
4775,698210.94
4776,2080767.6
4777,615360.94
4778,587949.75
4779,1455467.1
4780,823924.9
4781,929547.2
4782,1092478.5
4783,514996.22
4784,1205943.9
4785,1615048.1
4786,914704.94
4787,1222205.5
4788,583886.5
4789,580534.75
4790,873681.4
4791,936018.5
4792,473851.2
4793,954895.06
4794,403000.3
4795,556264.75
4796,998472.56
4797,1423347.0
4798,1190833.0
4799,729633.7
4800,2101220.8
4801,654476.2
4802,3596680.2
4803,307176.7
4804,687504.7
4805,1272252.6
4806,1048509.06
4807,2861217.2
4808,1522769.1
4809,682007.1
4810,2276407.0
4811,1110413.8
4812,804391.75
4813,1025920.5
4814,1242966.8
4815,585027.56
4816,605841.9
4817,417869.6
4818,761721.94
4819,1786436.0
4820,743008.7
4821,1066132.5
4822,559787.1
4823,1260403.6
4824,344858.8
4825,941146.0
4826,790124.4
4827,898141.7
4828,1283311.9
4829,808936.8
4830,888945.4
4831,1682256.8
4832,1060602.4
4833,865831.2
4834,1203426.9
4835,590993.8
4836,952126.94
4837,512645.1
4838,1890531.0
4839,908364.94
4840,1188002.9
4841,2403910.0
4842,1266776.9
4843,734383.6
4844,1192953.9
4845,1396303.1
4846,847772.8
4847,1037713.25
4848,966309.6
4849,662230.06
4850,2625315.2
4851,1342397.5
4852,656265.5
4853,1016801.75
4854,620055.9
4855,675131.94
4856,691599.2
4857,431235.4
4858,1436673.5
4859,721876.06
4860,819931.06
4861,671879.4
4862,666178.3
4863,521686.9
4864,556574.9
4865,1703003.1
4866,743031.5
4867,461173.12
4868,1264835.1
4869,458105.62
4870,1529238.4
4871,805618.44
4872,3675754.8
4873,968878.75
4874,693835.25
4875,1094079.9
4876,958309.0
4877,1112554.8
4878,547438.6
4879,912099.7
4880,1251559.2
4881,1187531.1
4882,729074.25
4883,600006.8
4884,2781484.8
4885,852770.1
4886,1612488.0
4887,1112739.8
4888,1020061.06
4889,1037973.1
4890,1031864.25
4891,1924035.8
4892,636262.7
4893,867096.4
4894,1123658.5
4895,562317.06
4896,1046987.2
4897,415858.94
4898,682267.4
4899,492575.5
4900,306768.2
4901,903595.9
4902,1393398.1
4903,1786411.6
4904,839322.8
4905,789056.2
4906,933002.56
4907,1264947.8
4908,770935.5
4909,1242696.2
4910,350008.34
4911,1480124.4
4912,1013828.56
4913,432543.38
4914,685883.9
4915,1165426.0
4916,649832.75
4917,737940.75
4918,1226378.9
4919,911587.75
4920,503394.62
4921,643212.0
4922,1469886.9
4923,903000.7
4924,1057384.0
4925,702083.3
4926,1402979.1
4927,2471047.0
4928,985942.25
4929,1501343.2
4930,972900.8
4931,554848.1
4932,980609.75
4933,634228.3
4934,986345.94
4935,756382.44
4936,496620.94
4937,809860.5
4938,794355.6
4939,839159.2
4940,3239769.0
4941,649105.4
4942,899434.9
4943,917602.56
4944,1337654.0
4945,1158758.6
4946,754356.2
4947,2040846.1
4948,625269.7
4949,835564.6
4950,1335739.6
4951,1857763.6
4952,725497.75
4953,911709.06
4954,563618.25
4955,1189831.8
4956,1064889.0
4957,467015.8
4958,740187.1
4959,1927115.6
4960,1210428.4
4961,1525499.6
4962,1186618.9
4963,1520272.1
4964,748512.9
4965,1389137.4
4966,538955.06
4967,812503.8
4968,1616759.9
4969,1060053.2
4970,594704.4
4971,620857.4
4972,1171936.1
4973,2233316.5
4974,835323.7
4975,572404.44
4976,1531543.9
4977,847246.7
4978,1327220.9
4979,1609069.4
4980,824367.6
4981,836996.56
4982,689763.06
4983,1425075.4
4984,1280915.6
4985,778685.3
4986,1168607.0
4987,2000190.0
4988,1264640.8
4989,658776.7
4990,1511279.0
4991,1410422.4
4992,1475755.0
4993,507701.7
4994,627071.56
4995,716672.2
4996,902412.0
4997,1026990.2
4998,2001533.1
4999,856106.7
5000,715542.1
5001,939392.2
5002,2148069.5
5003,1781227.6
5004,962950.8
5005,1203222.8
5006,1195414.9
5007,474081.6
5008,819805.4
5009,550765.7
5010,1382899.4
5011,2012963.5
5012,342051.8
5013,792224.7
5014,1136990.6
5015,3039740.2
5016,665514.44
5017,970515.25
5018,1344349.0
5019,2128467.0
5020,1742691.4
5021,1633693.9
5022,995619.94
5023,1301652.6
5024,338288.84
5025,1600842.1
5026,1148438.9
5027,488444.2
5028,781668.4
5029,1198525.6
5030,539190.25
5031,1200755.0
5032,1187209.2
5033,968108.75
5034,1071274.5
5035,592796.2
5036,333603.1
5037,618728.44
5038,2510751.2
5039,1817679.2
5040,726169.9
5041,348418.38
5042,1159745.1
5043,1163967.1
5044,1048182.94
5045,521637.12
5046,2014302.6
5047,628559.5
5048,859738.6
5049,624369.06
5050,850479.6
5051,1281866.1
5052,1567184.5
5053,575551.75
5054,1005227.7
5055,769563.0
5056,1205530.5
5057,1214707.6
5058,595356.5
5059,1245195.2
5060,1512968.1
5061,582163.44
5062,978900.1
5063,1403414.9
5064,1261923.4
5065,1415878.1
5066,372667.97
5067,876324.25
5068,678877.75
5069,1014296.8
5070,1912690.0
5071,531052.8
5072,466714.06
5073,762742.44
5074,913259.2
5075,457383.88
5076,907519.25
5077,670851.9
5078,524031.28
5079,523271.9
5080,855369.56
5081,1652814.2
5082,1116157.5
5083,2893879.8
5084,424215.28
5085,1254859.6
5086,632385.7
5087,1141675.2
5088,2421071.0
5089,441899.5
5090,532712.94
5091,608392.25
5092,491884.88
5093,462277.0
5094,766619.25
5095,1992004.1
5096,1740298.4
5097,1387089.2
5098,684126.75
5099,1573888.8
5100,656568.56
5101,2661077.8
5102,1155834.8
5103,1061399.4
5104,1318086.6
5105,668859.1
5106,528187.7
5107,415841.9
5108,735568.0
5109,749152.9
5110,777595.0
5111,744833.4
5112,658370.06
5113,1117862.1
5114,455132.22
5115,970997.3
5116,778199.06
5117,905211.75
5118,942339.5
5119,1293199.1
5120,2336930.5
5121,883575.4
5122,361324.0
5123,940917.0
5124,737623.1
5125,769626.2
5126,360261.75
5127,969029.7
5128,736415.25
5129,853106.9
5130,988861.0
5131,1094060.1
5132,1353513.9
5133,2185053.5
5134,955762.4
5135,1212891.9
5136,1502402.0
5137,754561.44
5138,1737638.1
5139,2053339.4
5140,728663.9
5141,1069237.2
5142,2565471.2
5143,1161300.1
5144,930977.06
5145,658946.5
5146,676291.94
5147,889002.0
5148,1688386.5
5149,1073042.9
5150,2898024.8
5151,639587.25
5152,1744147.6
5153,1318075.2
5154,1336612.1
5155,985278.44
5156,1197271.8
5157,1988064.4
5158,835967.44
5159,1034586.2
5160,1428072.5
5161,491122.84
5162,948450.1
5163,1178710.4
5164,456065.1
5165,1651787.6
5166,1340568.1
5167,1715239.8
5168,713636.06
5169,919520.9
5170,1005689.0
5171,1032644.75
5172,874380.25
5173,944004.44
5174,781620.9
5175,721367.0
5176,659959.25
5177,344425.62
5178,763126.9
5179,990340.1
5180,1016651.6
5181,1056874.6
5182,1224052.6
5183,546769.06
5184,1660301.6
5185,812682.8
5186,1318840.4
5187,545470.1
5188,827922.9
5189,855921.25
5190,816748.1
5191,1142942.6
5192,1294384.1
5193,1113807.6
5194,613807.25
5195,781702.56
5196,1112906.5
5197,1205717.8
5198,1461133.6
5199,1088518.4
5200,1215591.0
5201,1947709.4
5202,1020197.9
5203,3405861.8
5204,1078934.0
5205,1271652.6
5206,1280638.1
5207,755807.0
5208,1003488.7
5209,1890076.6
5210,723626.5
5211,1396051.4
5212,869542.9
5213,1218075.2
5214,799317.4
5215,850395.2
5216,1284287.1
5217,867143.5
5218,819288.0
5219,815902.06
5220,1165239.6
5221,497321.9
5222,882053.9
5223,1347866.4
5224,2759587.2
5225,1909929.0
5226,1117889.2
5227,2382685.0
5228,831900.9
5229,972364.8
5230,1944196.1
5231,1260198.5
5232,593259.94
5233,2492353.5
5234,1212698.2
5235,850655.8
5236,928445.44
5237,428484.06
5238,500536.56
5239,434172.88
5240,696468.1
5241,1086336.0
5242,656371.7
5243,911829.6
5244,437911.5
5245,669735.1
5246,2762243.8
5247,1392077.6
5248,1592069.8
5249,448350.25
5250,2667227.5
5251,841268.8
5252,1040386.44
5253,1074499.1
5254,1071557.9
5255,1788693.8
5256,714112.0
5257,864669.1
5258,1212296.5
5259,2306805.2
5260,683975.8
5261,1557400.5
5262,1862197.4
5263,646356.7
5264,1186993.1
5265,652782.7
5266,665159.7
5267,781194.7
5268,1625993.5
5269,752845.2
5270,612470.75
5271,1360972.4
5272,2145058.2
5273,1792638.6
5274,1158653.1
5275,1256443.2
5276,1126928.1
5277,1254478.9
5278,575660.25
5279,943670.2
5280,592864.4
5281,1591661.8
5282,360953.25
5283,947580.75
5284,1597680.0
5285,651981.3
5286,982954.8
5287,2233633.2
5288,891766.2
5289,659124.2
5290,609359.4
5291,546765.6
5292,462595.7
5293,928610.6
5294,316861.2
5295,1163780.4
5296,1085503.5
5297,1456296.6
5298,1583347.8
5299,2128739.2
5300,610786.7
5301,282924.94
5302,564148.5
5303,1039622.44
5304,1296139.4
5305,2086819.6
5306,675625.4
5307,1022730.9
5308,776996.25
5309,1260002.1
5310,603047.6
5311,1348170.9
5312,1158668.6
5313,654143.06
5314,658470.5
5315,693169.7
5316,962836.2
5317,595698.5
5318,485151.25
5319,1226984.0
5320,871964.06
5321,556862.8
5322,1334027.6
5323,3418353.5
5324,881835.1
5325,1414396.6
5326,400926.72
5327,797970.5
5328,2163338.0
5329,493428.06
5330,3014291.8
5331,463393.12
5332,535858.25
5333,623275.6
5334,732833.94
5335,1705829.5
5336,1888051.9
5337,1065810.6
5338,1022328.1
5339,701099.75
5340,1211554.0
5341,1076116.4
5342,2641347.8
5343,1592108.4
5344,1472606.1
5345,1533289.6
5346,427898.12
5347,904137.6
5348,1524517.2
5349,573112.4
5350,409704.53
5351,452793.88
5352,1783349.9
5353,1034838.3
5354,627869.3
5355,481594.4
5356,566386.6
5357,1257048.5
5358,556477.25
5359,565195.75
5360,885579.5
5361,744722.5
5362,813667.44
5363,675509.2
5364,359737.1
5365,1053849.0
5366,655986.75
5367,388598.06
5368,1044165.56
5369,328140.66
5370,1801452.4
5371,1430793.2
5372,712783.56
5373,973105.5
5374,1173097.5
5375,2207186.8
5376,913570.5
5377,686782.7
5378,909965.0
5379,648058.0
5380,1124181.1
5381,915435.94
5382,265520.66
5383,623969.4
5384,1222077.2
5385,1632923.4
5386,2336280.8
5387,601149.6
5388,1385064.1
5389,742755.2
5390,1775802.2
5391,1732209.8
5392,631819.7
5393,1675496.9
5394,1294594.5
5395,2061743.9
5396,1410275.4
5397,691981.2
5398,732473.6
5399,712546.4
5400,759471.1
5401,1016371.56
5402,576943.5
5403,996046.9
5404,661454.56
5405,356305.53
5406,504572.78
5407,1142931.1
5408,1176538.4
5409,1750559.2
5410,906882.2
5411,1018597.0
5412,460859.9
5413,1779912.9
5414,444415.66
5415,653104.94
5416,1171008.4
5417,632002.1
5418,1471273.1
5419,651491.44
5420,1292497.9
5421,1577588.8
5422,1307898.8
5423,1126650.8
5424,1086084.9
5425,697068.75
5426,1830068.0
5427,994668.9
5428,1439377.6
5429,1148848.4
5430,840426.06
5431,1252354.2
5432,1878830.8
5433,517310.75
5434,723813.75
5435,1441995.0
5436,660131.2
5437,864539.9
5438,1032909.56
5439,1624762.1
5440,1357641.5
5441,831749.06
5442,482825.8
5443,916624.9
5444,1619569.6
5445,1353807.1
5446,680127.94
5447,1056021.1
5448,539968.2
5449,1022238.5
5450,1453749.1
5451,1208916.9
5452,863902.06
5453,306113.53
5454,418273.6
5455,298222.94
5456,1195740.6
5457,741550.4
5458,1229622.4
5459,975251.94
5460,563203.75
5461,1591671.6
5462,552782.8
5463,502516.0
5464,678990.25
5465,893360.1
5466,647897.25
5467,671560.44
5468,812383.5
5469,527807.56
5470,846626.5
5471,783761.25
5472,1002577.8
5473,1650418.9
5474,385296.1
5475,595666.44
5476,1659245.9
5477,694875.8
5478,1778829.0
5479,608741.56
5480,818735.4
5481,2881402.0
5482,937264.0
5483,787106.7
5484,926360.0
5485,1031206.7
5486,849805.44
5487,884137.94
5488,813033.44
5489,1730167.0
5490,3385163.2
5491,443511.8
5492,362058.53
5493,1020979.2
5494,798036.75
5495,774929.5
5496,632204.9
5497,1612865.1
5498,974150.2
5499,1464200.4
5500,1369453.2
5501,1236181.4
5502,1059483.8
5503,1277133.1
5504,1017209.06
5505,1259588.4
5506,605129.75
5507,561849.1
5508,1235794.4
5509,2786329.2
5510,632960.75
5511,1318297.6
5512,903941.75
5513,1278831.9
5514,1065116.6
5515,805569.06
5516,1754540.4
5517,1087683.8
5518,1219282.4
5519,472098.88
5520,1543739.8
5521,930974.4
5522,552051.0
5523,679200.0
5524,1251191.4
5525,1710341.5
5526,1494587.5
5527,1082506.8
5528,1232735.8
5529,376880.88
5530,669975.5
5531,1183797.1
5532,1547359.6
5533,362534.4
5534,649151.56
5535,550020.7
5536,674126.0
5537,2557342.8
5538,1169871.9
5539,945585.4
5540,627207.9
5541,875449.06
5542,1325900.6
5543,2023713.4
5544,1983295.1
5545,911702.44
5546,1369115.4
5547,984088.1
5548,440610.12
5549,1028638.1
5550,411378.12
5551,315324.38
5552,964759.4
5553,2418598.5
5554,1689209.6
5555,1009277.5
5556,429009.06
5557,859117.6
5558,786415.6
5559,1077545.8
5560,2045253.0
5561,776488.5
5562,1016928.3
5563,396640.38
5564,520938.62
5565,761312.8
5566,776863.56
5567,2503626.8
5568,901547.94
5569,1029897.2
5570,653629.25
5571,1734231.1
5572,408247.72
5573,945300.6
5574,1256498.6
5575,1647537.1
5576,544005.94
5577,1875976.8
5578,475611.5
5579,1556794.4
5580,768009.75
5581,2040349.1
5582,1208568.9
5583,449279.97
5584,1357824.9
5585,1303901.8
5586,772885.3
5587,1333919.8
5588,1507662.5
5589,1061282.9
5590,554133.5
5591,717582.25
5592,787605.56
5593,1158503.1
5594,807531.94
5595,686524.56
5596,1361719.4
5597,1637129.1
5598,723856.2
5599,910030.3
5600,523949.97
5601,412408.84
5602,2542054.5
5603,476263.47
5604,747093.25
5605,2505674.8
5606,728871.44
5607,549216.2
5608,900899.8
5609,1814077.6
5610,401120.62
5611,1362150.6
5612,1398254.6
5613,1162892.8
5614,1032861.44
5615,1834853.6
5616,1615141.5
5617,1007270.44
5618,421228.78
5619,470757.8
5620,1414797.2
5621,902279.94
5622,385230.47
5623,1205378.1
5624,1080681.9
5625,1327933.9
5626,860147.6
5627,665741.4
5628,1171494.0
5629,3809804.0
5630,519082.03
5631,1602266.5
5632,671973.5
5633,555635.75
5634,704356.75
5635,650214.3
5636,1658182.8
5637,871033.7
5638,718527.25
5639,573734.2
5640,591980.5
5641,1200629.1
5642,546073.0
5643,1611116.4
5644,698465.0
5645,570540.6
5646,1012157.9
5647,917776.9
5648,559998.5
5649,1928552.4
5650,694924.6
5651,2188754.2
5652,372916.1
5653,1096139.6
5654,438169.44
5655,800072.7
5656,357458.88
5657,367715.34
5658,1898150.8
5659,771663.0
5660,458291.97
5661,361243.62
5662,1389682.0
5663,865994.6
5664,687104.9
5665,485097.97
5666,1155300.9
5667,2398804.0
5668,585877.0
5669,1540451.9
5670,2316578.2
5671,667454.25
5672,1278274.2
5673,2390563.0
5674,1157247.6
5675,619784.75
5676,1757290.9
5677,1668306.6
5678,1348466.6
5679,894462.9
5680,675674.2
5681,1237499.1
5682,4295821.5
5683,922168.3
5684,463891.22
5685,988421.44
5686,859539.94
5687,728495.8
5688,1510149.4
5689,935124.6
5690,1462895.0
5691,712772.3
5692,2529538.2
5693,1207868.0
5694,1364921.5
5695,866618.8
5696,487595.06
5697,490985.75
5698,784238.5
5699,551249.4
5700,612606.6
5701,1046020.8
5702,1087927.2
5703,1125857.1
5704,515410.78
5705,1044989.2
5706,1088227.6
5707,1024557.3
5708,1548962.6
5709,1031034.5
5710,751996.9
5711,975976.94
5712,936522.44
5713,1125378.0
5714,692194.94
5715,1483901.8
5716,1616688.5
5717,513580.44
5718,2155502.8
5719,799791.25
5720,1387625.5
5721,762319.2
5722,1249535.5
5723,638150.4
5724,487055.66
5725,897515.4
5726,975220.94
5727,982233.4
5728,1854596.9
5729,461060.2
5730,889522.6
5731,736387.25
5732,659279.9
5733,833488.6
5734,649406.4
5735,2114685.2
5736,1027552.4
5737,1264334.5
5738,806529.5
5739,1395613.9
5740,924499.4
5741,874025.5
5742,872990.94
5743,2146029.0
5744,1026871.94
5745,897887.6
5746,1894265.8
5747,591720.5
5748,732736.1
5749,984564.44
5750,2260168.2
5751,929067.94
5752,795976.75
5753,633110.94
5754,922743.6
5755,537196.56
5756,944101.06
5757,1482758.2
5758,1195931.1
5759,867189.5
5760,520179.7
5761,1047428.06
5762,681492.5
5763,549203.4
5764,1347235.6
5765,730811.4
5766,376674.84
5767,708402.06
5768,390048.9
5769,1694145.0
5770,1313011.4
5771,1338398.9
5772,1401856.5
5773,1877667.0
5774,1382669.2
5775,2403283.8
5776,1352256.9
5777,1384685.8
5778,567216.0
5779,602991.25
5780,1152706.9
5781,1396715.4
5782,960133.4
5783,561410.5
5784,831032.5
5785,888069.8
5786,943304.25
5787,347961.3
5788,355146.6
5789,1743348.0
5790,847891.8
5791,775086.44
5792,1157368.4
5793,669282.1
5794,635012.5
5795,853167.9
5796,481431.2
5797,2037698.1
5798,840844.2
5799,1433946.5
5800,420147.53
5801,800950.06
5802,1494205.9
5803,865143.3
5804,909798.5
5805,1370422.2
5806,777880.25
5807,1074628.6
5808,1466187.9
5809,1531165.8
5810,636457.6
5811,1064456.9
5812,865439.0
5813,676377.56
5814,1776522.1
5815,2836654.0
5816,622025.6
5817,670820.0
5818,736066.56
5819,868318.4
5820,929353.44
5821,1140941.4
5822,1365880.1
5823,1204609.9
5824,1068992.9
5825,1220842.4
5826,610293.7
5827,424592.22
5828,2240517.2
5829,2207917.8
5830,1576903.4
5831,589715.7
5832,1326533.1
5833,1291417.2
5834,683335.6
5835,474288.06
5836,247246.03
5837,883206.25
5838,944268.7
5839,2858016.8
5840,600587.4
5841,1216710.1
5842,687131.0
5843,588926.56
5844,826240.2
5845,365496.78
5846,896198.5
5847,821392.4
5848,557924.2
5849,2101590.2
5850,1359148.9
5851,751913.75
5852,1619021.8
5853,797330.6
5854,456153.06
5855,962383.8
5856,1473519.5
5857,2265849.5
5858,1129289.6
5859,974156.1
5860,2318225.5
5861,1145486.4
5862,556791.0
5863,588702.06
5864,1264799.4
5865,757378.6
5866,985245.9
5867,530770.9
5868,502594.0
5869,605416.25
5870,1237332.9
5871,656375.94
5872,868013.0
5873,956470.94
5874,1373259.0
5875,1164024.9
5876,847084.4
5877,1029533.75
5878,709073.0
5879,230503.61
5880,1162853.0
5881,994534.4
5882,1703773.4
5883,4095291.2
5884,2146261.0
5885,550580.5
5886,1418593.9
5887,2064218.9
5888,1406715.6
5889,441123.4
5890,1410406.5
5891,699586.3
5892,3155528.0
5893,742019.1
5894,1309845.5
5895,1309315.2
5896,970363.1
5897,889486.9
5898,502861.38
5899,594334.44
5900,617346.56
5901,551966.7
5902,1229314.4
5903,852035.1
5904,831711.1
5905,1401808.0
5906,933428.7
5907,2536563.0
5908,1162987.6
5909,2014066.4
5910,1046989.7
5911,660910.0
5912,430117.1
5913,2756568.0
5914,223509.3
5915,1108818.8
5916,1063017.4
5917,1371669.6
5918,928053.44
5919,2439919.8
5920,354185.16
5921,597862.4
5922,397761.5
5923,1194698.5
5924,983818.1
5925,610552.5
5926,578542.7
5927,887760.25
5928,675833.2
5929,1089457.5
5930,940965.4
5931,1152172.8
5932,1544490.6
5933,728193.0
5934,1584214.8
5935,977788.7
5936,722903.25
5937,748817.1
5938,1591449.2
5939,1189096.6
5940,2484511.8
5941,809042.3
5942,1724206.4
5943,990526.8
5944,419358.56
5945,2961454.5
5946,634766.7
5947,1182456.8
5948,793993.94
5949,2728885.0
5950,598295.56
5951,1838473.2
5952,410364.56
5953,817969.6
5954,633580.4
5955,2052720.9
5956,559334.7
5957,1123706.5
5958,642737.2
5959,612415.1
5960,819778.3
5961,1819680.8
5962,1576072.5
5963,1516122.1
5964,2075613.4
5965,949219.4
5966,586294.44
5967,593527.9
5968,1270409.1
5969,725448.6
5970,493757.16
5971,1518649.1
5972,1683268.0
5973,1610847.0
5974,805367.6
5975,1217601.0
5976,950498.9
5977,1445394.6
5978,633268.9
5979,1339667.5
5980,420947.1
5981,1343114.9
5982,673434.8
5983,1040500.1
5984,758212.56
5985,385343.28
5986,1192232.0
5987,947426.3
5988,1340782.0
5989,1641562.6
5990,805672.56
5991,1179160.8
5992,964163.44
5993,1222984.8
5994,568675.75
5995,1511775.1
5996,4061260.0
5997,1188631.0
5998,983832.7
5999,642876.4
6000,1222832.9
6001,1191550.8
6002,1167104.9
6003,1024470.6
6004,419890.47
6005,1875490.1
6006,432390.2
6007,734110.1
6008,794057.3
6009,608490.7
6010,829621.2
6011,255090.78
6012,861325.2
6013,1208717.1
6014,414310.22
6015,1093129.2
6016,868316.6
6017,914492.44
6018,677584.0
6019,454168.22
6020,1182367.5
6021,509666.94
6022,604539.7
6023,398450.84
6024,1198433.9
6025,2218942.0
6026,544911.3
6027,751575.9
6028,893768.44
6029,626103.56
6030,2023087.1
6031,941063.4
6032,476657.3
6033,1061371.8
6034,798782.25
6035,541057.3
6036,2076860.6
6037,2591568.0
6038,1136113.6
6039,659193.06
6040,661682.4
6041,982202.7
6042,1202171.2
6043,1124226.9
6044,377235.06
6045,703103.25
6046,852485.1
6047,1124749.6
6048,1109361.9
6049,691139.44
6050,597276.25
6051,1019424.1
6052,971982.8
6053,1137549.5
6054,1167719.9
6055,2042624.8
6056,936857.75
6057,238060.72
6058,525349.75
6059,1137384.5
6060,1175930.2
6061,744530.6
6062,1491010.4
6063,546668.8
6064,438701.78
6065,359773.7
6066,1791138.9
6067,1254517.0
6068,518364.2
6069,599278.9
6070,1387299.4
6071,1229785.2
6072,1502777.2
6073,1136976.2
6074,1640723.4
6075,1596964.6
6076,1312801.6
6077,870620.56
6078,1383029.9
6079,845458.06
6080,1238769.9
6081,590534.44
6082,484416.84
6083,369983.66
6084,548642.25
6085,555382.4
6086,701038.0
6087,554179.1
6088,805420.0
6089,1188288.6
6090,762461.3
6091,688090.4
6092,3231814.8
6093,596267.5
6094,552324.7
6095,896117.6
6096,677445.06
6097,1199254.9
6098,858965.6
6099,1382931.0
6100,380921.9
6101,603851.2
6102,780112.94
6103,467456.2
6104,1749216.2
6105,427837.0
6106,1337812.5
6107,576096.2
6108,637480.5
6109,427202.94
6110,818861.75
6111,860537.6
6112,741037.0
6113,3225732.2
6114,2487893.0
6115,821241.94
6116,414983.03
6117,1450414.9
6118,1044636.06
6119,1622577.6
6120,943721.06
6121,644870.75
6122,714776.1
6123,813393.0
6124,1194218.0
6125,556474.06
6126,671237.94
6127,944718.4
6128,989459.6
6129,742849.56
6130,614811.44
6131,666349.3
6132,998931.5
6133,380031.16
6134,1441912.6
6135,1043791.1
6136,1158566.5
6137,1087769.8
6138,1313016.8
6139,3093116.0
6140,422607.53
6141,959757.2
6142,790325.94
6143,1109599.0
6144,1513145.4
6145,413616.16
6146,472814.97
6147,392918.1
6148,1228096.4
6149,2102764.5
6150,1789351.2
6151,1222626.1
6152,1320506.9
6153,671598.2
6154,1021657.8
6155,1350336.4
6156,1215386.8
6157,587521.8
6158,1786729.8
6159,590221.44
6160,493375.6
6161,694965.94
6162,746128.8
6163,1754780.5
6164,1089256.6
6165,642418.56
6166,421122.88
6167,805949.1
6168,2236524.0
6169,655109.1
6170,491751.44
6171,1539681.9
6172,2002553.5
6173,2132476.5
6174,1426625.9
6175,2491242.5
6176,1318824.5
6177,881374.6
6178,988820.3
6179,1104383.4
6180,874261.1
6181,607465.9
6182,1176649.2
6183,914865.06
6184,1352497.0
6185,456264.78
6186,681455.25
6187,513003.16
6188,912373.8
6189,592628.25
6190,544210.8
6191,572588.56
6192,539050.06
6193,1307173.8
6194,499142.12
6195,1660644.6
6196,1487838.1
6197,889867.3
6198,794183.44
6199,636769.9
6200,1023456.8
6201,1197091.4
6202,1739647.5
6203,928928.06
6204,1689574.4
6205,732815.2
6206,667269.3
6207,663073.0
6208,1678742.2
6209,567863.8
6210,880968.2
6211,761028.4
6212,990985.4
6213,855522.3
6214,1588284.9
6215,571418.06
6216,776350.44
6217,1250520.0
6218,644509.56
6219,1873535.2
6220,914218.1
6221,1001893.06
6222,554808.06
6223,709589.5
6224,1089652.5
6225,638051.06
6226,1035151.9
6227,2974634.5
6228,647781.06
6229,856476.8
6230,1906553.5
6231,491828.6
6232,726621.75
6233,360075.78
6234,1714425.9
6235,710579.4
6236,765878.1
6237,576818.4
6238,1281783.0
6239,752781.94
6240,1384077.8
6241,587779.9
6242,876887.75
6243,1130760.1
6244,1233905.5
6245,1509489.2
6246,1086406.5
6247,890479.2
6248,1159943.0
6249,1209360.1
6250,1514247.5
6251,700132.8
6252,474822.22
6253,1000539.6
6254,1400661.0
6255,1873535.0
6256,660455.3
6257,418890.25
6258,653198.5
6259,954570.44
6260,931697.5
6261,1221364.0
6262,1102542.4
6263,634505.56
6264,881453.6
6265,2534074.0
6266,848910.2
6267,1164170.1
6268,727886.9
6269,1033231.1
6270,1381337.4
6271,641472.2
6272,1301125.4
6273,2069600.1
6274,704741.94
6275,630019.75
6276,1555131.4
6277,541339.94
6278,1592337.4
6279,494661.66
6280,727049.2
6281,686619.5
6282,610403.9
6283,745746.9
6284,743446.44
6285,732226.2
6286,3104968.0
6287,523432.16
6288,1120524.9
6289,1827344.4
6290,1082010.6
6291,512538.75
6292,2232384.2
6293,658919.8
6294,587828.2
6295,1114925.5
6296,1359242.2
6297,1364216.6
6298,2783377.5
6299,1868928.6
6300,1050563.4
6301,976428.5
6302,387979.2
6303,852404.9
6304,630700.2
6305,402040.4
6306,2356183.0
6307,1271147.6
6308,1039288.5
6309,1761340.1
6310,1243062.9
6311,1293644.2
6312,842698.56
6313,2357159.0
6314,1552433.9
6315,1017425.5
6316,1776531.9
6317,497752.2
6318,2585899.2
6319,684720.94
6320,1998432.0
6321,431985.97
6322,1156479.8
6323,1515160.2
6324,794754.9
6325,728566.2
6326,2904651.0
6327,426867.16
6328,708832.44
6329,930126.2
6330,959098.6
6331,1301293.8
6332,2434399.5
6333,560647.5
6334,873598.75
6335,743967.06
6336,745425.25
6337,1025830.06
6338,543112.6
6339,1681457.1
6340,1183257.5
6341,829274.7
6342,1886256.6
6343,910266.8
6344,2302313.5
6345,977984.06
6346,1350635.8
6347,847772.3
6348,461154.56
6349,415583.53
6350,2366567.0
6351,768964.2
6352,1640699.8
6353,1801897.4
6354,604491.06
6355,1008294.56
6356,734645.44
6357,2470568.2
6358,539902.25
6359,709311.1
6360,1534953.5
6361,410808.16
6362,713814.44
6363,783813.8
6364,341435.5
6365,473117.66
6366,1170444.4
6367,769006.8
6368,909266.5
6369,843335.94
6370,1102644.6
6371,591073.2
6372,345616.06
6373,416101.16
6374,568897.44
6375,641636.5
6376,575682.1
6377,655380.1
6378,504812.2
6379,824387.6
6380,1108860.9
6381,1015337.7
6382,612919.06
6383,742046.8
6384,915594.4
6385,1143200.9
6386,2033773.1
6387,1942893.9
6388,991116.75
6389,1019774.9
6390,341199.84
6391,1401540.4
6392,1148746.0
6393,806478.0
6394,1674077.2
6395,943536.2
6396,815286.6
6397,1091906.0
6398,597496.6
6399,1404857.2
6400,457499.44
6401,907679.8
6402,636636.5
6403,838140.2
6404,1433143.0
6405,637331.75
6406,937614.25
6407,927170.44
6408,1406976.4
6409,1408282.1
6410,413527.62
6411,2181309.2
6412,1058126.0
6413,776340.0
6414,966187.6
6415,931539.75
6416,701643.44
6417,824002.7
6418,709727.25
6419,1760975.6
6420,1441377.0
6421,2499300.0
6422,1633859.9
6423,596557.3
6424,1365177.0
6425,720665.5
6426,603631.75
6427,1877464.5
6428,2328575.5
6429,637047.56
6430,1150114.8
6431,937988.8
6432,2172906.2
6433,2063340.9
6434,716036.25
6435,509707.72
6436,1121749.9
6437,690774.75
6438,709384.5
6439,866767.7
6440,1626509.5
6441,1832666.5
6442,783612.06
6443,1113218.5
6444,908513.9
6445,1469633.6
6446,1735585.1
6447,301549.78
6448,986365.94
6449,696216.94
6450,549882.1
6451,1481823.2
6452,514923.66
6453,1407391.9
6454,559557.44
6455,1198672.1
6456,365025.6
6457,1618385.1
6458,1760229.5
6459,882180.0
6460,1077333.1
6461,740256.44
6462,1009992.0
6463,533117.44
6464,629563.4
6465,843879.94
6466,501567.78
6467,554554.1
6468,872470.6
6469,1317502.5
6470,426232.03
6471,997193.8
6472,1071985.5
6473,604357.75
6474,620633.6
6475,1518655.9
6476,1093479.1
6477,1126091.1
6478,1224634.9
6479,394433.12
6480,593526.6
6481,507437.75
6482,253445.97
6483,1456687.2
6484,862136.9
6485,488557.44
6486,790912.7
6487,1146031.5
6488,445940.03
6489,1140742.8
6490,1130837.9
6491,1083485.0
6492,846083.5
6493,1240367.0
6494,1979446.6
6495,632625.8
6496,829404.56
6497,550814.9
6498,1599162.8
6499,672676.56
6500,755328.5
6501,1058486.9
6502,811686.6
6503,1429644.2
6504,1009820.8
6505,878627.5
6506,1480816.1
6507,1536663.2
6508,1710042.8
6509,519079.03
6510,408570.47
6511,662317.44
6512,3320577.5
6513,1276805.6
6514,1713703.5
6515,1171116.1
6516,1730854.8
6517,833344.8
6518,497038.88
6519,1666017.2
6520,533397.6
6521,1634584.0
6522,680383.6
6523,1758313.9
6524,605188.9
6525,639811.9
6526,1253274.2
6527,1462645.9
6528,2264418.2
6529,1177300.2
6530,839646.25
6531,630216.56
6532,466529.4
6533,1664559.5
6534,626982.3
6535,1072933.5
6536,878822.44
6537,1440865.2
6538,675386.3
6539,1220010.5
6540,549997.0
6541,616364.2
6542,682602.75
6543,424854.88
6544,714529.8
6545,1687537.8
6546,1141238.2
6547,435433.3
6548,671770.1
6549,514177.84
6550,525285.8
6551,1757606.8
6552,1475753.0
6553,1295729.2
6554,601068.8
6555,1619163.8
6556,1069328.1
6557,1633799.8
6558,642948.9
6559,576980.6
6560,842916.1
6561,1055942.6
6562,377895.56
6563,1077512.4
6564,657360.94
6565,2272920.0
6566,572225.1
6567,653325.3
6568,500477.56
6569,560504.25
6570,1239175.9
6571,1326179.0
6572,707712.6
6573,867782.2
6574,852291.9
6575,903180.44
6576,1493958.6
6577,767309.1
6578,1101593.0
6579,3010525.8
6580,722717.7
6581,765183.8
6582,1319759.2
6583,1332633.5
6584,1606195.8
6585,752634.25
6586,973887.06
6587,816000.7
6588,450185.44
6589,426962.22
6590,743590.56
6591,484971.03
6592,1634289.0
6593,1175681.8
6594,1413246.8
6595,886789.0
6596,818960.25
6597,1033400.0
6598,951028.56
6599,762869.2
6600,1261880.9
6601,2232172.0
6602,1018957.0
6603,2830266.2
6604,448188.56
6605,611475.7
6606,1034503.56
6607,748265.1
6608,1220210.2
6609,1375083.1
6610,410771.22
6611,889310.75
6612,2563054.0
6613,706665.2
6614,1456347.5
6615,1477456.8
6616,644647.0
6617,544186.56
6618,1073535.6
6619,549737.0
6620,539780.8
6621,920562.56
6622,2058484.4
6623,1293429.0
6624,654086.56
6625,1503427.0
6626,1161217.9
6627,2030084.9
6628,840559.5
6629,2547903.5
6630,531196.44
6631,3468161.2
6632,972460.44
6633,2571454.2
6634,498572.28
6635,792271.0
6636,2408174.5
6637,1315237.1
6638,1430269.0
6639,1243938.5
6640,1586817.5
6641,901546.56
6642,502360.78
6643,743207.3
6644,1106458.9
6645,501619.75
6646,911533.2
6647,292943.28
6648,1152787.5
6649,816090.2
6650,591823.9
6651,1361568.1
6652,513417.75
6653,686179.1
6654,2564204.0
6655,922927.3
6656,1930410.1
6657,541852.5
6658,827116.8
6659,1129099.2
6660,1345258.0
6661,350748.53
6662,989726.75
6663,478280.94
6664,638528.9
6665,608848.1
6666,1640895.6
6667,1091018.9
6668,1119460.1
6669,1315009.4
6670,2117684.8
6671,1316457.9
6672,584225.06
6673,1422880.4
6674,585049.1
6675,687557.94
6676,654118.3
6677,1565805.6
6678,778828.1
6679,1127661.2
6680,425100.97
6681,691433.2
6682,2178055.8
6683,994243.8
6684,1528719.5
6685,677060.94
6686,2216483.8
6687,746303.4
6688,915066.9
6689,1285123.8
6690,1286480.0
6691,733438.4
6692,1181700.4
6693,598352.75
6694,1524943.0
6695,1230251.0
6696,1858388.8
6697,558782.4
6698,927044.25
6699,649717.7
6700,425108.62
6701,1531467.1
6702,413698.7
6703,484996.44
6704,2273181.8
6705,1687245.0
6706,365270.75
6707,741549.8
6708,1165500.0
6709,1087963.6
6710,1259374.6
6711,525625.94
6712,1486444.0
6713,1424943.1
6714,1334261.0
6715,1173350.6
6716,1305213.9
6717,1112056.0
6718,1005581.1
6719,1249775.2
6720,576485.0
6721,1209003.6
6722,834685.44
6723,623774.0
6724,1023075.2
6725,653228.9
6726,585789.1
6727,1036151.5
6728,1034642.8
6729,976714.4
6730,654126.75
6731,1324289.1
6732,693021.0
6733,500755.66
6734,376242.38
6735,2843333.2
6736,581038.4
6737,846529.5
6738,2248374.0
6739,564678.6
6740,1230531.9
6741,518196.5
6742,1168523.4
6743,1054350.8
6744,1160044.0
6745,1562437.8
6746,514554.84
6747,1554338.2
6748,734383.1
6749,1073660.0
6750,1098294.0
6751,1315226.2
6752,444970.25
6753,1315156.0
6754,167021.67
6755,1529908.6
6756,1731165.4
6757,1476380.9
6758,628993.75
6759,1656988.2
6760,433550.62
6761,890190.5
6762,1152345.6
6763,988196.75
6764,1060336.8
6765,503493.16
6766,582393.94
6767,3611101.5
6768,2265732.2
6769,1128832.6
6770,438064.47
6771,1863613.6
6772,809771.25
6773,480749.25
6774,1636739.5
6775,1293075.4
6776,874296.8
6777,1524031.0
6778,2315401.5
6779,686934.7
6780,589184.0
6781,405667.22
6782,776683.44
6783,1264069.0
6784,622166.56
6785,1155110.9
6786,727345.75
6787,493020.62
6788,879172.8
6789,893871.1
6790,960633.44
6791,1014776.2
6792,525141.75
6793,1777305.5
6794,1818886.2
6795,1364804.1
6796,1233475.5
6797,851879.6
6798,918902.6
6799,1422256.5
6800,673761.25
6801,516375.72
6802,837320.7
6803,657837.0
6804,1102256.6
6805,1357320.2
6806,673327.2
6807,1159107.4
6808,701328.4
6809,965002.1
6810,599462.1
6811,637802.56
6812,801196.94
6813,1510363.4
6814,872246.6
6815,657683.3
6816,1713469.4
6817,543775.44
6818,681339.56
6819,703820.06
6820,1528590.9
6821,2198265.8
6822,934047.06
6823,995320.8
6824,1431718.5
6825,857724.44
6826,1042898.5
6827,560228.25
6828,464688.88
6829,1554328.0
6830,347189.1
6831,1304614.9
6832,1267973.4
6833,416798.88
6834,1905009.2
6835,654109.75
6836,1763663.0
6837,1641704.6
6838,258262.88
6839,1115550.0
6840,888613.56
6841,1034302.5
6842,438399.84
6843,475321.7
6844,1388318.2
6845,522756.88
6846,798665.1
6847,918774.44
6848,599317.94
6849,843898.56
6850,1259135.6
6851,1256715.9
6852,2572196.8
6853,1011800.7
6854,850330.9
6855,577023.5
6856,582202.4
6857,1864486.2
6858,1939883.6
6859,621953.0
6860,721013.8
6861,754694.2
6862,530795.5
6863,445984.72
6864,625479.94
6865,658590.8
6866,1370471.6
6867,740195.9
6868,1065554.8
6869,480609.44
6870,559339.8
6871,1592578.2
6872,881529.25
6873,829613.6
6874,1180325.4
6875,594067.5
6876,415625.2
6877,894108.2
6878,747265.6
6879,992607.94
6880,930407.2
6881,1005995.6
6882,3297805.8
6883,580946.2
6884,1016732.9
6885,1067322.1
6886,1553150.6
6887,2837518.8
6888,812889.0
6889,2006917.5
6890,726728.06
6891,1542551.4
6892,489896.44
6893,1006814.6
6894,895499.0
6895,944406.8
6896,332481.6
6897,1865019.8
6898,1472647.9
6899,1026047.9
6900,511623.47
6901,1429303.8
6902,1291615.0
6903,832521.1
6904,460085.1
6905,656379.3
6906,1324071.9
6907,914125.6
6908,1440232.9
6909,472203.53
6910,1670177.6
6911,1897524.1
6912,1229002.0
6913,555046.6
6914,1364579.0
6915,2726804.2
6916,2184330.0
6917,2224535.2
6918,356326.53
6919,3105046.2
6920,971849.94
6921,1683180.0
6922,522234.3
6923,974651.94
6924,803750.94
6925,1487957.4
6926,1171095.1
6927,1902406.4
6928,1386887.0
6929,493865.1
6930,739694.3
6931,833295.56
6932,593495.3
6933,1996500.8
6934,1524644.5
6935,884232.0
6936,814131.4
6937,433428.0
6938,1199651.2
6939,243456.64
6940,1789534.1
6941,850349.6
6942,896853.4
6943,459446.28
6944,552227.3
6945,1124663.5
6946,902214.6
6947,1074647.9
6948,1359085.2
6949,713185.8
6950,889159.9
6951,617105.0
6952,443761.16
6953,1696832.0
6954,619640.4
6955,1046448.4
6956,958004.06
6957,1272877.2
6958,815669.7
6959,480870.97
6960,1172394.1
6961,915695.1
6962,1043783.4
6963,1288568.6
6964,1074361.2
6965,1209231.4
6966,843338.1
6967,904494.56
6968,896477.9
6969,1040080.9
6970,560923.0
6971,1355424.6
6972,1208240.8
6973,507098.2
6974,255928.31
6975,1302222.8
6976,561628.6
6977,3545778.5
6978,1058719.5
6979,1086310.2
6980,440070.66
6981,458714.12
6982,1006190.6
6983,1749392.0
6984,1547770.4
6985,647733.94
6986,563621.8
6987,1439107.6
6988,1252972.4
6989,1246313.2
6990,1758448.8
6991,1263615.4
6992,1285255.8
6993,657156.7
6994,622957.56
6995,493937.75
6996,1365162.8
6997,1287347.9
6998,804486.6
6999,1095019.6
7000,699115.9
7001,1414518.2
7002,1141325.5
7003,1948455.2
7004,637888.7
7005,764027.06
7006,1636775.9
7007,2307074.0
7008,1388620.1
7009,750886.0
7010,1266582.4
7011,520083.6
7012,959726.9
7013,2029931.4
7014,671580.06
7015,999481.5
7016,1787283.9
7017,1577250.6
7018,1410250.1
7019,772930.0
7020,725727.44
7021,1230530.9
7022,1246756.1
7023,706520.44
7024,439269.56
7025,867686.25
7026,697071.1
7027,1286785.8
7028,557397.56
7029,605594.8
7030,843474.3
7031,725058.2
7032,2200598.8
7033,717131.7
7034,626301.06
7035,1130832.6
7036,959489.4
7037,977614.8
7038,1537425.8
7039,727371.56
7040,1041765.94
7041,1104458.5
7042,731860.75
7043,469389.38
7044,1634045.5
7045,794355.4
7046,1025756.0
7047,460469.56
7048,845544.44
7049,766986.06
7050,846835.0
7051,788786.75
7052,964311.7
7053,1084130.8
7054,1116694.6
7055,1205308.2
7056,879019.75
7057,630008.6
7058,903665.2
7059,2227416.8
7060,1679507.1
7061,1441834.0
7062,691649.44
7063,1495452.2
7064,1000252.5
7065,604448.5
7066,987423.9
7067,1719204.9
7068,1266890.0
7069,885459.4
7070,822458.3
7071,1216667.9
7072,919389.1
7073,945626.56
7074,1218151.8
7075,853332.4
7076,1385768.8
7077,550272.4
7078,901849.0
7079,731081.56
7080,1899736.4
7081,2894287.0
7082,1552361.6
7083,650630.25
7084,887159.56
7085,421649.94
7086,695433.94
7087,404179.84
7088,1222712.1
7089,894389.9
7090,810463.7
7091,1126262.0
7092,1067740.8
7093,1263620.1
7094,634132.9
7095,816323.8
7096,2585430.8
7097,2119527.5
7098,684247.2
7099,974365.8
7100,542392.56
7101,1724907.2
7102,1061726.4
7103,562320.9
7104,820853.2
7105,472712.94
7106,1239718.0
7107,1173922.5
7108,810797.06
7109,1175589.4
7110,817952.1
7111,2887718.2
7112,1400881.9
7113,579932.75
7114,806769.25
7115,1158475.8
7116,382327.8
7117,776250.9
7118,570349.06
7119,1766696.9
7120,1132756.2
7121,672816.06
7122,1500128.6
7123,876177.06
7124,1977945.6
7125,577342.44
7126,1514154.5
7127,687691.1
7128,2081369.8
7129,698650.06
7130,710740.75
7131,741470.7
7132,1140182.5
7133,717508.4
7134,517004.16
7135,1443492.5
7136,2318571.5
7137,977124.94
7138,638381.2
7139,453538.84
7140,1086392.0
7141,514893.47
7142,851485.94
7143,716282.3
7144,1262202.4
7145,757743.6
7146,1189542.5
7147,608939.9
7148,582593.8
7149,1032454.5
7150,919129.44
7151,1092514.8
7152,863626.4
7153,702373.94
7154,310964.1
7155,2573900.0
7156,940728.94
7157,829879.94
7158,1407374.1
7159,1835539.0
7160,1434493.1
7161,433638.12
7162,594480.7
7163,561194.8
7164,2377578.5
7165,2054090.5
7166,361636.53
7167,1487656.5
7168,1434180.6
7169,468494.25
7170,704633.5
7171,876902.2
7172,790832.1
7173,1254261.4
7174,1485968.5
7175,457460.5
7176,913796.3
7177,746449.8
7178,872233.94
7179,539345.3
7180,1568069.2
7181,845589.1
7182,1178814.6
7183,881835.1
7184,1179998.2
7185,1317517.9
7186,1647516.6
7187,573531.5
7188,573868.8
7189,918229.3
7190,443452.03
7191,448352.34
7192,1141210.0
7193,2602057.8
7194,581458.9
7195,757554.1
7196,1045713.7
7197,838533.6
7198,1110319.9
7199,513989.25
7200,942991.4
7201,1084318.8
7202,750647.7
7203,1259290.5
7204,672503.6
7205,1897823.9
7206,673688.9
7207,1055433.0
7208,712737.6
7209,522415.03
7210,960132.7
7211,1112913.1
7212,1134580.6
7213,422217.38
7214,731370.06
7215,1025089.3
7216,675672.25
7217,1162050.2
7218,1360421.1
7219,1354885.6
7220,609322.1
7221,1473832.9
7222,524730.6
7223,1282291.8
7224,1331059.1
7225,600041.7
7226,1655470.9
7227,821181.0
7228,678563.56
7229,1795107.2
7230,1189802.9
7231,435331.5
7232,437618.88
7233,3381738.0
7234,668597.3
7235,608839.44
7236,1155664.1
7237,553525.3
7238,582122.3
7239,857628.06
7240,1005937.0
7241,677765.5
7242,487085.94
7243,1020134.94
7244,848990.4
7245,983897.75
7246,453875.2
7247,635151.75
7248,1695271.0
7249,1630946.6
7250,815019.9
7251,1377864.0
7252,1469851.6
7253,1791269.0
7254,2032865.8
7255,770017.5
7256,1314205.2
7257,809323.2
7258,1060646.8
7259,968035.3
7260,1203016.9
7261,1007669.56
7262,741442.06
7263,1554855.2
7264,791010.6
7265,550665.9
7266,1469395.4
7267,1032757.1
7268,620141.5
7269,361750.94
7270,713397.4
7271,1199612.4
7272,974609.2
7273,1239639.1
7274,947729.5
7275,1127608.1
7276,692957.5
7277,1652735.8
7278,827588.06
7279,1227878.5
7280,912516.9
7281,1626902.4
7282,665896.7
7283,1219367.6
7284,581052.4
7285,485907.72
7286,453824.8
7287,2599782.0
7288,919409.3
7289,2097652.8
7290,1046575.06
7291,1005844.0
7292,863558.0
7293,1176741.4
7294,756187.5
7295,503581.47
7296,417319.6
7297,1196590.4
7298,739263.8
7299,787774.6
7300,902515.6
7301,766375.9
7302,1647776.5
7303,245466.39
7304,1259830.6
7305,554854.1
7306,1402542.9
7307,1367185.9
7308,860004.8
7309,928464.0
7310,1168504.9
7311,517335.16
7312,1859006.5
7313,987041.4
7314,1787352.4
7315,1479951.6
7316,1472931.4
7317,654041.9
7318,697388.6
7319,752568.2
7320,1171821.5
7321,996960.9
7322,1552767.1
7323,1514809.2
7324,1133722.0
7325,1798487.8
7326,807780.0
7327,669784.4
7328,631569.0
7329,1646790.4
7330,1035439.5
7331,497877.06
7332,551059.94
7333,984297.2
7334,1274786.8
7335,1374953.9
7336,1035487.0
7337,1174752.1
7338,402256.5
7339,1109929.9
7340,1789378.8
7341,1345467.4
7342,694933.8
7343,720466.6
7344,645734.7
7345,958272.6
7346,588351.6
7347,569531.2
7348,509643.88
7349,981556.25
7350,2861020.8
7351,477349.1
7352,2056743.0
7353,484345.12
7354,1240252.5
7355,851282.4
7356,1897659.5
7357,826804.9
7358,1147673.5
7359,462971.12
7360,1946238.2
7361,950360.6
7362,673679.9
7363,1951059.2
7364,1433191.9
7365,694639.1
7366,721067.25
7367,574920.94
7368,450085.4
7369,2917287.2
7370,620006.44
7371,1175523.5
7372,1053747.0
7373,1630489.6
7374,1013293.8
7375,1066077.6
7376,480310.6
7377,1379287.2
7378,760768.1
7379,508408.03
7380,1465057.1
7381,1222651.8
7382,801611.0
7383,656250.5
7384,1121816.0
7385,968292.9
7386,1355330.8
7387,1490173.6
7388,1463812.5
7389,1510972.6
7390,574783.1
7391,634012.94
7392,1103642.1
7393,1172172.9
7394,418702.88
7395,1479138.0
7396,1113448.1
7397,790999.9
7398,771809.0
7399,2187223.2
7400,562199.94
7401,927930.9
7402,590233.06
7403,571076.4
7404,1521996.6
7405,1221508.2
7406,1049563.2
7407,1826378.0
7408,652206.3
7409,519903.88
7410,1316856.8
7411,670341.56
7412,3311475.5
7413,1240712.5
7414,697597.1
7415,748864.4
7416,1603006.4
7417,881606.25
7418,1295106.4
7419,2182829.5
7420,526804.25
7421,719699.94
7422,1178051.6
7423,641870.9
7424,2229357.0
7425,1508405.1
7426,686797.4
7427,560999.94
7428,1544437.8
7429,603292.5
7430,409910.66
7431,958717.8
7432,351933.78
7433,600071.06
7434,543783.4
7435,1765623.8
7436,514497.53
7437,1785403.6
7438,850558.1
7439,1225921.2
7440,297240.8
7441,666542.7
7442,810501.3
7443,390577.66
7444,728746.56
7445,1878642.6
7446,700113.7
7447,1373514.5
7448,1053753.0
7449,1002036.9
7450,954121.25
7451,2751122.2
7452,1172409.4
7453,519035.2
7454,503224.78
7455,502491.22
7456,449811.8
7457,2524101.0
7458,705836.8
7459,694458.1
7460,679330.25
7461,551904.4
7462,1816011.2
7463,1034496.75
7464,780694.3
7465,851752.1
7466,455312.34
7467,449081.56
7468,626776.56
7469,1643477.1
7470,958936.1
7471,2154393.0
7472,330162.53
7473,668893.7
7474,573660.1
7475,1321574.4
7476,3096697.2
7477,589841.44
7478,1826133.1
7479,1440247.5
7480,517394.6
7481,859524.3
7482,1536578.9
7483,380713.12
7484,962804.56
7485,959671.75
7486,1697955.9
7487,1032517.5
7488,1006661.06
7489,1114709.4
7490,678106.25
7491,816042.25
7492,1202342.0
7493,1756332.1
7494,493613.66
7495,680590.5
7496,840586.94
7497,1532650.2
7498,594743.5
7499,1087684.6
7500,420368.2
7501,1168128.5
7502,1994041.1
7503,981376.44
7504,1013685.9
7505,1204059.8
7506,1174366.8
7507,1234029.2
7508,412575.9
7509,999068.6
7510,838318.3
7511,1451647.0
7512,880138.2
7513,1117689.6
7514,1962887.4
7515,1233544.2
7516,1113978.1
7517,710218.3
7518,1644810.6
7519,428581.44
7520,2255701.2
7521,522182.72
7522,1976591.6
7523,962960.56
7524,2112486.8
7525,977990.06
7526,1464844.4
7527,691279.06
7528,335904.03
7529,1157894.6
7530,823498.0
7531,389370.62
7532,1586759.4
7533,997593.8
7534,750605.75
7535,2186980.0
7536,2371018.5
7537,593548.7
7538,1040288.94
7539,1813323.6
7540,1377590.0
7541,749449.5
7542,601097.4
7543,1275337.2
7544,1787070.9
7545,910041.94
7546,1320419.8
7547,852396.5
7548,616242.75
7549,521616.28
7550,995701.8
7551,756794.56
7552,666911.2
7553,1406045.8
7554,1388286.4
7555,1276982.9
7556,1013950.25
7557,745398.25
7558,1241049.0
7559,1414097.2
7560,1960902.8
7561,1686538.6
7562,774802.7
7563,729608.3
7564,742312.5
7565,422862.6
7566,2303999.5
7567,1595633.6
7568,1430018.6
7569,914415.1
7570,874711.1
7571,386967.0
7572,1116499.2
7573,580970.0
7574,537936.25
7575,2578294.8
7576,1217677.5
7577,870458.0
7578,979363.1
7579,502874.38
7580,589845.8
7581,687305.6
7582,469798.44
7583,1058505.9
7584,557746.06
7585,1182388.0
7586,447516.84
7587,1180242.9
7588,468326.22
7589,599657.5
7590,1300949.4
7591,777890.5
7592,681156.8
7593,1222129.5
7594,766030.0
7595,1294551.2
7596,794114.3
7597,562400.6
7598,638134.7
7599,1170503.1
7600,446482.6
7601,1508991.0
7602,1134549.6
7603,798423.0
7604,567107.2
7605,666062.5
7606,697225.44
7607,1898905.4
7608,804942.6
7609,747058.7
7610,319321.75
7611,453561.78
7612,1095784.5
7613,953157.0
7614,1645345.2
7615,693400.7
7616,1260310.2
7617,643201.0
7618,2424514.2
7619,304102.97
7620,1180160.8
7621,296422.53
7622,1227645.4
7623,979107.8
7624,614397.75
7625,1850318.9
7626,1560456.2
7627,1521938.8
7628,652346.25
7629,1076518.6
7630,2102732.0
7631,692522.4
7632,1179146.1
7633,1541683.4
7634,718987.5
7635,418564.88
7636,193642.75
7637,546537.0
7638,1088409.9
7639,1408340.4
7640,1468700.5
7641,1742516.0
7642,1575604.8
7643,649679.56
7644,1778220.8
7645,1106833.6
7646,762416.56
7647,616798.2
7648,1175297.5
7649,1377547.2
7650,1339327.2
7651,1180806.0
7652,1612290.2
7653,1116887.2
7654,722536.9
7655,600942.06
7656,693618.75
7657,1132975.8
7658,670602.06
7659,627299.8
7660,1968269.8
7661,455858.12
7662,885202.5
7663,2024657.1
7664,1697583.5
7665,200131.53
7666,1181606.9
7667,828644.06
7668,1613882.1
7669,1128098.1
7670,479951.25
7671,926752.0
7672,1417944.6
7673,1515209.4
7674,1108836.6
7675,1658606.4
7676,1195157.5
7677,699854.6
7678,1095681.1
7679,683201.7
7680,662360.8
7681,956233.6
7682,956874.1
7683,908916.25
7684,745907.5
7685,1747582.4
7686,885786.25
7687,512023.03
7688,587866.6
7689,1304562.8
7690,1594188.8
7691,653800.9
7692,781790.1
7693,852301.5
7694,1218744.0
7695,444527.75
7696,1756094.6
7697,551522.0
7698,581811.0
7699,1265212.8
7700,676193.3
7701,345707.5
7702,1178772.4
7703,963649.7
7704,1319779.4
7705,564449.6
7706,1081240.2
7707,1502043.6
7708,2045325.0
7709,814161.7
7710,2230109.2
7711,551716.2
7712,2121559.5
7713,674192.94
7714,490357.44
7715,2002261.9
7716,243448.9
7717,989056.44
7718,641452.3
7719,752849.75
7720,617156.7
7721,1922371.0
7722,1013986.4
7723,1740992.0
7724,1239664.0
7725,1223287.9
7726,1558591.0
7727,674471.8
7728,1240849.5
7729,898590.2
7730,1007124.9
7731,1398979.8
7732,633291.56
7733,832262.94
7734,745760.56
7735,1103657.4
7736,1803924.1
7737,317332.44
7738,1107658.6
7739,809044.1
7740,572578.75
7741,748149.1
7742,968437.0
7743,1319346.2
7744,796336.9
7745,888481.1
7746,1198841.8
7747,925457.9
7748,690049.94
7749,1529738.5
7750,820999.25
7751,1086363.2
7752,1090238.0
7753,827444.3
7754,1146055.5
7755,521178.06
7756,1177067.2
7757,1557928.9
7758,440741.53
7759,901815.56
7760,1605628.0
7761,902836.6
7762,1299010.9
7763,1191964.6
7764,1215937.8
7765,1333696.0
7766,2303007.8
7767,1394440.2
7768,1446804.0
7769,661541.56
7770,1849539.2
7771,391727.75
7772,419597.03
7773,567234.3
7774,597202.8
7775,646182.06
7776,2274678.8
7777,1055024.5
7778,308537.88
7779,746050.7
7780,1295818.2
7781,624638.8
7782,2135556.0
7783,562348.06
7784,1868441.1
7785,1670221.6
7786,645714.1
7787,935621.8
7788,573583.5
7789,1183893.0
7790,558750.25
7791,548076.6
7792,870777.9
7793,459234.4
7794,2062381.8
7795,1092630.9
7796,914429.44
7797,878794.2
7798,1347519.1
7799,769670.44
7800,1477520.9
7801,2192572.8
7802,634570.5
7803,1271495.5
7804,1688505.8
7805,538081.06
7806,2309428.2
7807,931366.1
7808,1053243.6
7809,990825.1
7810,446325.7
7811,1054573.1
7812,777702.7
7813,591757.1
7814,1650681.5
7815,1756727.2
7816,1198671.1
7817,2562686.0
7818,660308.56
7819,1417461.9
7820,1131663.5
7821,304971.38
7822,1058667.8
7823,2217817.2
7824,2664815.2
7825,752771.9
7826,1420675.1
7827,396239.72
7828,594365.75
7829,1324245.1
7830,785542.25
7831,4589995.0
7832,1015671.8
7833,984017.75
7834,1161598.6
7835,435272.7
7836,2115385.2
7837,823487.7
7838,1113450.8
7839,415615.3
7840,1011122.3
7841,778276.75
7842,2580910.5
7843,630942.75
7844,1183961.4
7845,1328773.1
7846,823817.3
7847,623161.3
7848,1440936.9
7849,759492.5
7850,1073997.9
7851,1014292.6
7852,608586.8
7853,1497717.0
7854,980054.0
7855,1052708.8
7856,393434.44
7857,1006165.5
7858,1416878.1
7859,794420.4
7860,1299383.9
7861,1531749.4
7862,583395.8
7863,1230869.0
7864,864494.1
7865,475881.66
7866,1473672.6
7867,451995.38
7868,596693.25
7869,591702.2
7870,478780.94
7871,2824268.5
7872,940366.1
7873,636830.75
7874,1195978.1
7875,946770.44
7876,858241.44
7877,1232093.0
7878,573805.3
7879,949518.1
7880,602963.56
7881,666887.8
7882,1678177.6
7883,878982.0
7884,1232107.5
7885,238438.33
7886,1253166.4
7887,905652.4
7888,748060.44
7889,2430122.8
7890,1723825.0
7891,832824.25
7892,2658904.8
7893,979684.3
7894,2169358.5
7895,2731536.5
7896,1338896.9
7897,962676.75
7898,309010.7
7899,1724759.2
7900,570779.75
7901,1656603.0
7902,1192554.1
7903,713871.75
7904,1748022.5
7905,1255635.5
7906,1122206.8
7907,1467328.8
7908,1379945.0
7909,1479725.9
7910,1691899.0
7911,1493610.2
7912,1215234.0
7913,1900023.4
7914,1398027.4
7915,455492.25
7916,1438150.6
7917,1115028.4
7918,644447.56
7919,867497.5
7920,536787.6
7921,1929029.1
7922,361573.22
7923,1317369.2
7924,1974019.0
7925,735235.44
7926,2192966.5
7927,1349011.4
7928,682818.0
7929,833354.8
7930,1916080.1
7931,691087.56
7932,798798.5
7933,883854.75
7934,1733396.5
7935,281160.6
7936,612964.6
7937,1211580.8
7938,1156176.6
7939,1391461.2
7940,1095495.8
7941,617019.9
7942,1129320.2
7943,691306.06
7944,809376.4
7945,1099493.1
7946,730975.94
7947,909430.75
7948,1074111.4
7949,1190967.8
7950,1216688.1
7951,504239.5
7952,873681.6
7953,1589373.5
7954,1520237.2
7955,557604.6
7956,620401.3
7957,1313423.1
7958,497951.88
7959,984573.25
7960,697050.0
7961,1250823.1
7962,1421438.1
7963,1922546.0
7964,1468781.9
7965,910104.06
7966,937765.8
7967,437396.7
7968,1201105.1
7969,1257704.4
7970,733194.9
7971,1379061.2
7972,632663.7
7973,2450861.8
7974,1324329.5
7975,1090702.1
7976,609838.8
7977,3448702.8
7978,942481.0
7979,903878.7
7980,557127.4
7981,490754.7
7982,2291622.2
7983,1046773.0
7984,4344583.5
7985,416998.53
7986,1555212.6
7987,969107.3
7988,679678.9
7989,870140.94
7990,1138405.2
7991,1369522.2
7992,1331542.9
7993,956085.3
7994,650834.7
7995,655492.9
7996,400182.97
7997,1028723.94
7998,2053340.4
7999,495064.1
8000,1637902.5
8001,1141656.8
8002,956379.75
8003,766582.8
8004,376866.16
8005,610673.1
8006,749441.8
8007,1321838.2
8008,800719.56
8009,1604376.9
8010,1155212.9
8011,853609.7
8012,915507.0
8013,1709921.6
8014,1307982.8
8015,559985.7
8016,691918.2
8017,608437.44
8018,2154475.5
8019,1315598.6
8020,892081.9
8021,460212.44
8022,3581714.5
8023,2002615.1
8024,1164758.1
8025,513129.06
8026,653048.94
8027,1650393.5
8028,579556.9
8029,1456598.4
8030,321441.44
8031,1732879.4
8032,1157668.5
8033,932184.94
8034,1512328.5
8035,622875.06
8036,1144275.6
8037,1009782.6
8038,1438718.6
8039,1121299.0
8040,1315854.6
8041,3672336.5
8042,1259055.1
8043,2077031.6
8044,1379061.2
8045,1554842.6
8046,913301.44
8047,1228134.9
8048,1774295.2
8049,1035268.25
8050,1396413.9
8051,844038.2
8052,1295012.6
8053,2635306.5
8054,591184.44
8055,2423414.5
8056,1274420.4
8057,295006.7
8058,747328.9
8059,683596.5
8060,452722.66
8061,1124309.2
8062,936612.06
8063,1249938.1
8064,404866.34
8065,457593.97
8066,590806.5
8067,891984.5
8068,717683.7
8069,416370.9
8070,874114.4
8071,1609138.5
8072,914967.0
8073,914345.5
8074,382044.34
8075,1548016.1
8076,572819.9
8077,2154017.5
8078,1834827.9
8079,598052.56
8080,505089.75
8081,450670.47
8082,521745.5
8083,876959.1
8084,1444176.1
8085,663452.4
8086,571461.06
8087,926915.75
8088,991905.75
8089,1298886.1
8090,1237026.8
8091,300897.9
8092,999871.25
8093,744165.8
8094,656582.8
8095,1704452.9
8096,919073.3
8097,521393.56
8098,1668467.5
8099,1868379.2
8100,1572351.2
8101,1160140.5
8102,303636.38
8103,689395.8
8104,2366675.2
8105,1754439.1
8106,681904.44
8107,2758732.2
8108,733643.75
8109,1076065.9
8110,739479.4
8111,689993.6
8112,2639516.0
8113,417891.9
8114,2748805.5
8115,1144828.5
8116,505631.62
8117,1027603.0
8118,732034.06
8119,783527.1
8120,943973.75
8121,813706.44
8122,1318329.1
8123,501394.2
8124,1205434.6
8125,581338.1
8126,1571414.8
8127,332659.5
8128,669735.1
8129,1028227.3
8130,1018320.3
8131,1677092.2
8132,1662670.2
8133,1039324.6
8134,1881409.5
8135,922182.1
8136,1458982.4
8137,382922.34
8138,1510904.2
8139,1501244.0
8140,1012438.2
8141,359949.16
8142,890531.06
8143,1167103.9
8144,570186.0
8145,730489.4
8146,563520.7
8147,694598.2
