index,Price
0,2316527.6346812053
1,599299.4254789863
2,1070475.7739193568
3,543656.7303176263
4,836842.5120944219
5,759851.4118800312
6,485444.88557096536
7,1859804.8560468405
8,560710.5607852513
9,1599607.0505954828
10,2206859.9050857504
11,719789.114761054
12,1108784.3600915773
13,594538.2250954525
14,838478.9555784931
15,1086497.6473501308
16,553959.8198098376
17,640138.7897451448
18,2443933.838540966
19,404015.47378980066
20,572789.1023757096
21,1001667.6117259873
22,955370.6643976619
23,1412976.6537825027
24,1717690.3244246324
25,739352.6114793753
26,589227.8137822343
27,563632.0813114294
28,756191.2721230197
29,1277978.4823905728
30,667219.7889668979
31,1942800.7568748812
32,287248.97614038154
33,393590.7089658604
34,832948.9210742782
35,501549.83141925104
36,1543122.069286212
37,525150.3573749992
38,1087355.593070091
39,583529.1120845594
40,1244548.7134061237
41,1070288.1347551264
42,1430210.3997563303
43,264662.0089537956
44,910466.6919037715
45,1178902.4847639254
46,619856.5780363564
47,590252.5284929785
48,458613.6527574378
49,1263769.5330939523
50,826646.234886236
51,2706857.066407633
52,702067.0360537531
53,890752.515304575
54,1959927.8326957999
55,592684.8623810535
56,672733.3128142225
57,1726783.251493634
58,1210090.7551096252
59,1681478.153580003
60,641460.5909905672
61,1317182.8134345973
62,1316695.7720798943
63,1154708.8725218724
64,2594514.952303601
65,1768345.2310623194
66,1393428.3097068213
67,633054.8370324575
68,1500000.6243071498
69,718084.1175630016
70,688452.1767267752
71,1365388.4050283937
72,1192103.9120302096
73,2142742.157553487
74,1300445.5219712313
75,2161605.388997119
76,531707.1230423391
77,1141454.48174768
78,559797.1076989619
79,2827268.7163380375
80,736327.882033574
81,689749.923194777
82,487036.47116115654
83,1652343.6958661168
84,995865.3511554701
85,738475.3214071054
86,774958.272922126
87,1445437.5280414324
88,733520.4557330582
89,529214.3868162613
90,596858.8517150539
91,1306889.3835872163
92,1330895.5757043613
93,1748907.8814337337
94,1118818.166520299
95,2038608.846609202
96,460703.639663434
97,2465457.098510521
98,1519243.7469794492
99,1317902.1756584528
100,728272.1686033357
101,1444956.0581829704
102,1731372.106000171
103,1283608.5501170093
104,323478.28041477484
105,667161.4972899008
106,1862694.3239637848
107,1527315.363458738
108,579251.6013850807
109,1719500.9211492953
110,2934974.290476255
111,1092274.3132806148
112,530946.4607450776
113,1235049.8657115684
114,2283696.9413670124
115,505234.1468995834
116,1333970.656926522
117,2611763.7671995447
118,1284213.5201875276
119,1327640.4799943895
120,2185231.0320358863
121,468008.2642806801
122,1339415.5185847676
123,912381.0245315684
124,893939.1848553946
125,1331920.3294998528
126,1974629.5448374974
127,558518.8079376178
128,1058040.243451334
129,770370.4222605613
130,523377.42233840947
131,856377.6654985597
132,1172528.0169006924
133,2630332.7058438337
134,641535.5833779235
135,1000287.7549352042
136,1199132.3946407104
137,725448.7453558597
138,939377.8925280753
139,842906.3493423687
140,1390260.3030842787
141,1517701.5438273584
142,943176.1725132233
143,968401.5791093154
144,1105097.2543054952
145,3033022.229458518
146,2318255.8479915974
147,667906.5423361483
148,2855113.214568251
149,927790.1980499354
150,566241.4602702205
151,754482.667460738
152,501874.93612024083
153,860876.3468358732
154,1339694.648639182
155,1627010.4128390255
156,1782579.9143279458
157,1256042.0746209486
158,463626.4303859338
159,1323769.2766193324
160,928509.1061195596
161,2646791.1241831225
162,1490334.0777421875
163,517387.0318477849
164,1244024.8690368626
165,1990600.200699616
166,1313211.153227458
167,679112.6835146176
168,564278.4893913307
169,708336.6401390192
170,1738162.45048181
171,1277920.695733589
172,706228.6253451883
173,620375.4036789822
174,465475.377151227
175,1207918.0176992582
176,669126.0004585434
177,430908.12113017536
178,1110467.2558913596
179,921417.6249780213
180,3014435.0311917057
181,1166697.9607649855
182,606579.7371213087
183,620008.1015863846
184,1289130.160763964
185,1595195.7353942723
186,1903915.11660542
187,1489030.3338795824
188,513696.66493510175
189,841022.1551523526
190,613011.9042152843
191,757703.1947459525
192,501613.4461800611
193,1187579.1151298927
194,678440.595500208
195,1253569.4631798957
196,911653.0669982206
197,751117.6965678387
198,737169.4857251901
199,990803.1921366564
200,526912.4626469491
201,666215.3026757615
202,757652.846485109
203,934340.4182616434
204,1279522.5857414815
205,2495229.556108197
206,1112301.9923004094
207,1700290.862540187
208,1056995.1196159916
209,1221625.4000254238
210,759144.4233370576
211,846507.7607000561
212,1992915.0726169485
213,857951.1639337604
214,811637.4920230006
215,588929.7425778391
216,901450.4069480343
217,821828.9505862612
218,2024236.0675097136
219,587159.0580757622
220,1207144.2494242638
221,1311115.1412017068
222,1893415.3771197
223,1715135.6956190078
224,712443.0476122921
225,1151603.7611582798
226,1193522.1618788415
227,770944.5453701748
228,740719.3360794222
229,417073.32797773887
230,553807.6424497718
231,710341.6611195535
232,730487.3984563499
233,2594790.16315478
234,1140021.5061743234
235,1002732.7941908315
236,887168.1399568224
237,777201.0105200198
238,2503812.912919732
239,2236484.215046803
240,815203.6260070844
241,745442.2728543405
242,1931515.4898368884
243,1478399.1001332575
244,3504284.5462725614
245,262740.4803267443
246,637082.8200919111
247,1494618.3472496958
248,1439855.0507190656
249,1808161.2904360131
250,543290.0349881996
251,815860.2862416245
252,1139390.5547447305
253,598265.6952942259
254,784301.2097627055
255,769031.9065735083
256,1487978.8291038556
257,984458.7685990083
258,734525.4931788171
259,682036.3290431079
260,604340.7516195251
261,869867.5313081726
262,1450224.4769398973
263,1374472.0013758605
264,2017162.5398145632
265,1206308.4708015302
266,1525011.8252002108
267,1183378.244976737
268,1244780.1260799265
269,1885520.8918207602
270,956155.9369948647
271,992241.2625102624
272,1149748.4832565186
273,1890532.630866356
274,473914.88912705256
275,1107793.5032095273
276,964232.2580384297
277,794028.6683226147
278,651896.371699837
279,1209671.9719453622
280,1317091.2918374294
281,460664.1029299069
282,914474.101964976
283,609673.2298461997
284,562711.9408322732
285,1524160.0349772887
286,765068.6083443047
287,1281567.552611074
288,1694220.9497261283
289,566202.6255856705
290,1613001.4629678451
291,2372182.4304506397
292,1146870.8388823697
293,1896271.7070873529
294,2163624.61213705
295,1220354.362674258
296,476894.9352057437
297,831291.1103667363
298,879599.4360500285
299,608735.5500493092
300,913921.7279017612
301,712917.2917396671
302,2367471.2826481625
303,344591.66641577194
304,3219640.676821663
305,823851.6179140807
306,933341.4113075542
307,820514.1345157055
308,780532.8361883354
309,750525.5931477393
310,529070.8148393091
311,669321.69067522
312,610190.4003907305
313,2155854.4468815844
314,871014.3271504748
315,698907.8408329692
316,674969.308178182
317,1801771.0848984409
318,987827.6115957713
319,479089.40554502816
320,657425.2597697938
321,752148.9927237354
322,639958.485247292
323,617943.4017914096
324,1085770.6815940572
325,584575.0361709645
326,347407.3244860375
327,914085.5837615576
328,3697777.272050915
329,814585.3040967246
330,739332.8063899452
331,1381873.0253107673
332,775965.3803630988
333,1577006.9767665565
334,653313.931048638
335,514971.70393611584
336,734831.4666710574
337,1295841.4244922884
338,836567.1558114524
339,1075197.596393769
340,1348666.758391675
341,682121.4164193679
342,1381164.2905489225
343,1378760.9779028266
344,930804.8723758645
345,640302.1048539788
346,1330710.6898701484
347,725420.0172493367
348,386951.37406289927
349,631298.7152080272
350,816303.4849117303
351,1198023.3372631364
352,1052839.6957806775
353,1725329.2604617602
354,675037.7551890323
355,497546.64027568616
356,463791.60324653436
357,1036799.8150931529
358,1000032.0782862783
359,807581.1996934421
360,757372.0543621891
361,602182.5591731447
362,1305143.5537220312
363,1019066.1359094265
364,782338.4952115803
365,539280.871609551
366,531486.1117659693
367,500957.31184452085
368,991546.5567240649
369,709537.8473876806
370,1366783.702721345
371,1836372.7814968275
372,1504700.9716927262
373,1219496.370330082
374,1578585.418175845
375,1386234.3278508598
376,2031136.1515923853
377,344067.32438019273
378,538401.4247695443
379,917636.6348377112
380,361674.87193426053
381,856615.2778604366
382,818884.4129304219
383,615503.3029934602
384,816383.6303089155
385,683212.5324123177
386,1119753.5473828404
387,1551503.3149787067
388,479735.436305681
389,519318.64398966345
390,873263.1028519032
391,402609.36085323105
392,2234227.4233962703
393,1184585.5986732817
394,952487.7814124405
395,2137914.891066694
396,1332751.1913323882
397,419076.4961445427
398,815758.5442583074
399,759836.8242887154
400,685535.454036815
401,2335207.658304687
402,823559.7732731729
403,312919.36110537336
404,700657.6220542757
405,1102431.3527221603
406,2156533.7320183404
407,1841096.9828344297
408,558730.752784343
409,578618.9002037334
410,1022803.0828523962
411,1613236.7573490676
412,802979.524540498
413,867114.8650224287
414,2201656.2855217424
415,795497.6901748152
416,1275819.3414101677
417,1084496.5054373776
418,951677.4572943205
419,798272.1318102943
420,507115.2836770257
421,1228890.8557564511
422,2129934.060273511
423,861417.9321203395
424,1137999.61858057
425,1623531.17884378
426,490581.6968291561
427,2002510.2532711385
428,642923.7300092836
429,958747.5832066234
430,765395.6006933168
431,1316531.1211840876
432,2512561.785167569
433,1757789.0531731353
434,593100.1485845322
435,885080.4872082339
436,1100690.1702823099
437,604751.6834695948
438,971094.4004062146
439,1236648.5515596317
440,670283.8552258135
441,1158488.7804609602
442,578980.748371672
443,969044.3600647047
444,310673.7745297327
445,1327109.1949526463
446,849760.3143316499
447,1116699.0894031874
448,1114595.543885764
449,846666.9482662309
450,953831.442161414
451,904751.2286591141
452,2073516.9189268234
453,1242982.7540449798
454,788866.1457661528
455,889024.4725345
456,780784.6938094057
457,789280.9264700038
458,1532757.3818658534
459,1588226.7719590105
460,945550.67286258
461,783969.5414315546
462,1052206.0346201053
463,624574.8145619673
464,559376.8921344796
465,595065.5289557741
466,593620.61538298
467,434142.97302558826
468,730111.0828907223
469,1882833.7190466481
470,849016.6200683587
471,404181.25504612766
472,1173283.8788322508
473,860254.922740196
474,696062.8391636179
475,1267705.0213612074
476,1975366.194207648
477,583572.5808530621
478,1450120.2264559902
479,553572.1110100168
480,494685.3976293787
481,839478.0710112377
482,1516294.7136378607
483,1405256.9345869033
484,431368.0640648216
485,1895424.9907916165
486,630845.6181891746
487,508295.79790610436
488,487561.80606492807
489,956682.5017883538
490,1113817.11410271
491,1251493.4981758355
492,807723.7624731008
493,1022804.5613713614
494,577330.8728472515
495,940911.7022780809
496,2748639.2936838213
497,849213.6007838991
498,595815.600720474
499,1297355.7654499277
500,1114310.3073050086
501,445966.5407477352
502,1897922.2989671752
503,418958.4329415028
504,723832.5939581068
505,486707.2251340155
506,667798.932927013
507,1440728.3234968616
508,850664.5100557562
509,1023672.9035115752
510,491556.24802654615
511,1399315.3809873369
512,885338.0494373144
513,656431.1881485698
514,464930.69909399323
515,1210238.445358123
516,671921.2564129027
517,764248.5217566388
518,2092519.0194738694
519,2549371.2013238175
520,675441.1872705139
521,1267595.3836005593
522,1702463.3932447068
523,923322.8181380222
524,625088.233592265
525,1229545.5631564881
526,806597.5514030312
527,1642286.41645413
528,473852.16933186
529,778209.2944695565
530,3968703.731848604
531,1636874.7127357116
532,1282690.4085725278
533,806131.4341872537
534,1177468.1057254726
535,824541.1017608693
536,531154.3840775618
537,914177.3336225743
538,831354.436042002
539,254817.79832586274
540,1601219.0348398753
541,1392953.7530371014
542,1486736.7055509698
543,289097.3003649627
544,1850521.2738776319
545,1221492.7583653026
546,1474005.2950897252
547,771426.8946265867
548,1048739.7168154845
549,1153717.1653512283
550,583468.345388556
551,1148762.4832129295
552,1869773.4055779825
553,894478.3479853462
554,954765.480224848
555,1575657.961550235
556,1939741.279464326
557,677595.7707885394
558,603216.1358454663
559,3786589.662647512
560,503817.5728576813
561,1060221.5762229883
562,1099385.8505476143
563,1389113.452700373
564,966147.1711086801
565,1119412.5182675335
566,580458.4769920879
567,695569.0896615542
568,1370882.8303341484
569,1959512.489484928
570,1184585.8341858212
571,420618.9717576872
572,270380.8034290763
573,1748276.47876499
574,1902856.2310955254
575,514797.6338462301
576,763542.3193078944
577,944566.1995293926
578,451918.6413184372
579,2271074.1116812057
580,580214.6182838794
581,721767.7098584273
582,1787802.9387925263
583,870894.1380213788
584,1282944.7759866728
585,628328.0126523987
586,2701342.8300811597
587,2131502.388995175
588,961244.7762101755
589,1956934.7274586186
590,728271.1378745344
591,1266105.7138181694
592,879247.8475209541
593,1490539.68239187
594,519233.1473479236
595,1712947.6122535784
596,494329.05534572934
597,862771.7565936284
598,1776232.6648465875
599,452006.888432669
600,1086030.4075369535
601,1854586.5554394454
602,601161.44440527
603,779965.0944065483
604,587713.0135614107
605,1529687.2488817724
606,630107.771385619
607,1120301.5977417536
608,1332908.8926296534
609,978244.2782030482
610,255647.6615930567
611,465797.32568642794
612,905981.2417755992
613,1925816.9233293664
614,769395.5690621613
615,630136.4260532893
616,486276.9730585857
617,661018.1954657078
618,1267520.709063319
619,1012735.5852021571
620,262315.8185303704
621,2555909.7100986885
622,368724.7955811875
623,422898.8326937441
624,290445.3430326968
625,1831136.015079033
626,772387.3136693547
627,1942087.7273297063
628,2352602.513446508
629,1152409.9424908215
630,906291.8076986641
631,1164387.3638582197
632,1151101.4398844058
633,1079689.8335113667
634,2508219.1021574554
635,851479.8883373447
636,1284421.9090609893
637,355129.6335998798
638,978109.9557132894
639,870408.5619437243
640,1689240.582833638
641,623704.8364286385
642,1267343.9471918838
643,1636188.0814136977
644,892740.2332160083
645,2916432.4689723374
646,534346.6574744865
647,368806.00972081284
648,780977.16733565
649,554759.8093855706
650,1540259.100658732
651,881522.7129695393
652,547137.5377693813
653,714244.9621124001
654,1565971.784024349
655,605401.660654957
656,2645317.1526156813
657,723199.955642403
658,773566.3143728443
659,1126940.2045498837
660,1419097.5936887176
661,466742.307049592
662,905290.4400147069
663,942360.4767618495
664,451697.10477736924
665,765477.3770891943
666,389100.0218369811
667,617661.5235154012
668,1287239.8864621143
669,962131.3766419452
670,1616964.496701316
671,583336.7966501805
672,1600794.0034279383
673,688766.4454742373
674,564621.3809325856
675,493480.91145064816
676,704991.3527133468
677,1633303.2579665259
678,444326.1695637719
679,1140240.1118118672
680,800001.3279638891
681,1183793.606351797
682,844347.0034017065
683,493873.38019827486
684,547789.057661631
685,1752133.3373764143
686,829298.5190982932
687,1751738.4095751669
688,758382.7197330127
689,1125211.711333462
690,1196073.6967688254
691,2328636.3821968343
692,754808.2776628861
693,863179.1634889714
694,863655.8459617994
695,696067.6922910754
696,461527.5322813925
697,1221950.3979915453
698,711707.8710564406
699,2650948.1654161247
700,651279.7017950144
701,810568.9258899211
702,2395247.440592463
703,844933.1593132666
704,2455031.831772024
705,851735.5677150879
706,1406308.8658990415
707,785505.4165973675
708,1121735.0353951957
709,1808758.3752078754
710,459094.42684817314
711,901152.6555819575
712,1256074.64155627
713,1067520.2536136615
714,1056930.6624020755
715,891367.2743054606
716,566552.9488134339
717,1478739.7820237835
718,634678.4091918025
719,531470.6017885891
720,1034471.940483744
721,896215.4487199717
722,2936299.367931779
723,770598.4393822508
724,760331.918536324
725,425522.95978488
726,768119.7520055544
727,1235223.6073892992
728,1338751.057925347
729,1628877.5701188922
730,902048.4891077471
731,948704.1077226851
732,1756941.9983869458
733,898246.3957149559
734,339846.10404619266
735,751183.7941520036
736,994535.2624240922
737,1286094.5090225225
738,622115.2609745295
739,1912346.2087682467
740,882655.8695836613
741,592020.5468559244
742,503391.4349221877
743,2233228.436890122
744,1102866.954768277
745,1110640.3018564153
746,2340051.859426971
747,884228.6894470511
748,579344.9188825428
749,1145962.2353572857
750,1558793.361589915
751,1018088.769355768
752,1201907.3646666948
753,1110189.013694265
754,883026.2931658922
755,1173717.1369321789
756,1011031.5710857846
757,404690.947256476
758,551779.4859332405
759,943531.6684842443
760,1647345.134534468
761,964420.6856179467
762,929043.0897701608
763,688995.9406234681
764,454607.41057209414
765,585110.134300341
766,1933079.38514457
767,2633584.0316005745
768,550975.6545721481
769,704809.0437101488
770,434213.6084156884
771,914721.1597381537
772,581618.3990087216
773,1229051.1864428169
774,1287131.0576592083
775,725310.3796537068
776,811407.5644838137
777,1341094.2504993647
778,1129255.7361483313
779,1822372.9933126757
780,896671.2910597686
781,388529.7535598066
782,1924541.021685401
783,1032195.8025565958
784,622790.3250400148
785,644613.9453656382
786,1849361.803028313
787,1183844.6521352301
788,885993.2139638496
789,463149.5310019421
790,847393.8733006949
791,755283.1708157194
792,1628319.4178337893
793,938591.9650729988
794,1952201.787718205
795,826991.3448911856
796,748713.4399431499
797,765533.4125481454
798,864285.9090530575
799,519671.5706394267
800,1975684.2060960042
801,1193935.241842847
802,2459826.2483428046
803,2229380.7808083915
804,536345.8354266401
805,687520.3968518792
806,389739.3089859413
807,1179173.6368114927
808,636412.3252709362
809,1284234.4917857416
810,1111385.2322514018
811,1582490.3208542222
812,539518.1934776568
813,534203.6530195614
814,1447611.4104015524
815,902193.8805940333
816,1391726.1081349005
817,872747.2363039152
818,727363.6257130544
819,1216602.7706593398
820,1269820.441194186
821,1164793.6937080794
822,1599306.8172657504
823,349134.51251631544
824,1470915.8153257503
825,1426718.887475002
826,856804.4668833874
827,751809.1944718244
828,1028152.4129582411
829,1623150.3796238883
830,662824.7160641806
831,994697.087804555
832,469908.0947022421
833,1015195.2751524657
834,2021310.2929947288
835,553069.8360010593
836,459449.3825120886
837,1049339.7042445664
838,1267697.8319927645
839,1047535.7775188251
840,758190.9593037931
841,1295526.9468751794
842,2078542.188885977
843,383370.5242236513
844,1242588.256614859
845,1110582.8505860616
846,634399.4434813148
847,684349.1263569412
848,1107220.2289216318
849,1212146.8641325713
850,2955727.9538746765
851,1416818.1138772846
852,566817.3696238227
853,751964.1307921736
854,702066.6407501233
855,1396114.1102720366
856,686605.0576196514
857,1498218.1812868193
858,772949.3303257842
859,427989.5111437679
860,2254796.9138574135
861,2350420.347360357
862,2488282.9960046965
863,1016264.8202357554
864,1247416.4355237158
865,476679.80942116515
866,971751.5165895928
867,1306182.260267061
868,2018671.9262484275
869,624022.6220667984
870,1610476.8681930478
871,1011144.7851637539
872,1291775.5715282268
873,610118.8083003693
874,1384378.0380536804
875,826184.3356013526
876,828407.7570452718
877,574504.9025241425
878,674189.4638493076
879,888423.2654919571
880,452121.4725528654
881,991573.6258841209
882,937084.4593489084
883,369983.351589253
884,766625.9140093778
885,623721.3290136654
886,1629787.2650282409
887,685529.9608765402
888,857008.509101661
889,2545390.0387707627
890,704350.9872696653
891,637281.278824516
892,1319615.2996246212
893,461409.04988010303
894,521110.16645421414
895,903729.1479346958
896,823620.4449389793
897,1351502.0690326067
898,1037652.3159755634
899,1107123.2858437384
900,1398549.7205640224
901,793850.888530305
902,1480953.7004970699
903,650025.6296513906
904,1033721.3859812245
905,695127.2608489097
906,821068.085793522
907,436245.67591917916
908,1161974.5055328782
909,477976.49620006996
910,715000.8605824283
911,1364997.1373587793
912,682339.9313573289
913,1198790.7856099408
914,1036316.4139599728
915,1354656.143316623
916,576640.3724974812
917,484231.27453597815
918,1003006.8610194363
919,710664.3094188701
920,485593.28837461054
921,1169767.5353191514
922,1280283.8217522004
923,605608.2876208782
924,1153621.5396345085
925,1490066.8617563504
926,663998.421120321
927,971097.8464400694
928,1659296.5092829682
929,689444.4476847749
930,2172909.16488869
931,771979.6622310716
932,636136.0269356136
933,1326193.4614869265
934,793394.5859342486
935,1056462.8869334501
936,680523.5587475161
937,1847512.5024260136
938,1057394.1050355143
939,285699.2943548306
940,935033.2914214656
941,1694401.6351345666
942,910142.116353019
943,1064104.8928056436
944,1789659.0601173246
945,1023131.3457949467
946,1034967.0700803613
947,1896497.3122138134
948,1108315.7955749203
949,948890.3594640266
950,1469368.0349153131
951,714399.1758642478
952,315961.92951791536
953,1420283.611307222
954,1474160.817349723
955,805740.8033993279
956,708952.834650018
957,1047580.7933106595
958,705238.406135159
959,2385055.407414894
960,694193.0023693827
961,820071.8859052887
962,566885.4828934452
963,741282.9802201046
964,266755.08206433896
965,567051.7708522346
966,788586.9174682263
967,730654.847327016
968,1084952.944882009
969,983091.2203970519
970,559455.3018984688
971,2090245.4554199744
972,1109913.760264408
973,628318.135342986
974,610698.5653597716
975,1191514.9509136362
976,717384.2476305029
977,997971.601177953
978,748696.3574778932
979,906118.5891971835
980,1417456.7716047373
981,864333.3781064318
982,1055567.1204862648
983,1271063.1527540348
984,655758.8976080817
985,1175509.3045243863
986,1036977.6090965173
987,987868.1585853527
988,1018138.2995309645
989,527311.4663395424
990,1060281.90783509
991,499217.05857502227
992,1151414.5274450702
993,913457.1248226066
994,852533.4096800021
995,749924.9508103421
996,872198.9633086721
997,2060674.0241465503
998,1456732.2352836223
999,1150625.3432999887
1000,883582.2886636525
1001,700168.641422382
1002,632498.6863175106
1003,1082234.844453369
1004,457793.76629488805
1005,3199048.7790960865
1006,626249.1538933355
1007,367483.7393194851
1008,961049.0874614753
1009,1175174.9199657843
1010,426636.93904248095
1011,997561.2141397374
1012,484834.67653270834
1013,1590393.3648679494
1014,1468544.6621142153
1015,710933.1288519886
1016,519502.9787538735
1017,535547.3226055073
1018,753383.4954151127
1019,1508773.3612586556
1020,1731967.7097327407
1021,289391.6330288895
1022,579947.0535797715
1023,857959.0435110172
1024,279141.74595907406
1025,2160470.1413566153
1026,857206.7544896223
1027,401893.6822105517
1028,694359.5194999914
1029,1380366.1823199508
1030,417470.73020424607
1031,2676301.322493793
1032,636674.8888335556
1033,1313234.308412125
1034,844104.7565327305
1035,832143.2255374793
1036,1903758.5505903107
1037,1483283.5488683356
1038,778891.8286479759
1039,2478947.590415235
1040,1615393.0036457058
1041,1250489.201150139
1042,629736.6316850677
1043,375594.5922392326
1044,489803.49842932523
1045,1176063.7948842144
1046,969912.7055876148
1047,484654.2903796503
1048,878570.5536501475
1049,2390170.830686125
1050,469547.9089078085
1051,623316.7291865117
1052,426301.7278156598
1053,1111113.0394796594
1054,1071263.0601045915
1055,871143.830807745
1056,645698.9531691975
1057,814908.94919651
1058,1069145.2246375596
1059,2304484.795529588
1060,1968035.560389213
1061,694241.9979121088
1062,513487.0692364031
1063,702910.3642594669
1064,581236.1413741328
1065,1204748.1622061706
1066,646369.2202155135
1067,1411125.2220324015
1068,1455443.7005247273
1069,1949451.9286806914
1070,701538.9988350791
1071,489948.7303512256
1072,1051968.0451331718
1073,654159.3919002687
1074,1056464.2665805672
1075,1830277.3787922633
1076,1439195.5064568692
1077,1025313.3915149188
1078,1637178.2642600425
1079,633123.2017605479
1080,861592.5548668302
1081,1323164.0786011731
1082,2806167.298188962
1083,1122670.969427795
1084,666453.5884119753
1085,708960.5243448676
1086,531769.4628510552
1087,4153398.7067756276
1088,1293276.8248577362
1089,530323.989895698
1090,1538575.5496201217
1091,614097.5024490588
1092,1266795.8162100466
1093,980139.3434657014
1094,830466.7732654444
1095,1550601.481606838
1096,892697.82467544
1097,779420.9133107028
1098,1368217.8389781278
1099,610971.9984241272
1100,879693.4389942677
1101,1704261.7623328923
1102,560691.5198482097
1103,689740.2006804332
1104,933115.1323538424
1105,1208728.1919591883
1106,1104627.6247259183
1107,1107568.5224829742
1108,480385.60901136795
1109,888685.5400769647
1110,1909652.97598346
1111,871510.0731711864
1112,491639.3718264018
1113,831694.4200596961
1114,610936.7339525472
1115,1966666.0857560697
1116,1187215.5921314391
1117,562026.6580685342
1118,1430117.5648722674
1119,1492199.3802037472
1120,1792887.1258077421
1121,631345.920349059
1122,596984.5969752199
1123,1116035.8634694547
1124,814806.3691417502
1125,1240258.8500536503
1126,1433725.8146001785
1127,926884.7801918512
1128,1810809.2352146788
1129,612424.1693227821
1130,918249.844348643
1131,651353.85085375
1132,868758.155700926
1133,3845601.551987978
1134,912687.9494870488
1135,2138878.8921947973
1136,803946.3779600562
1137,1471210.0153291854
1138,1886715.5714867837
1139,725576.241510625
1140,1628615.6022659875
1141,374736.0959091168
1142,535317.9897672785
1143,1158303.143626061
1144,636088.2824867221
1145,1319495.7720561144
1146,511495.0456905422
1147,567787.6922327788
1148,681384.9255661018
1149,744821.5532531604
1150,772626.0147982531
1151,1184660.985596429
1152,1352901.6218158286
1153,1219757.8932129233
1154,3050999.8074075445
1155,1106509.4080110588
1156,597874.6499386807
1157,330065.4176364052
1158,2328831.370926692
1159,1035537.3076058158
1160,935733.0238065321
1161,590604.115486838
1162,1959586.0893873798
1163,870729.4517250587
1164,1081449.4855454352
1165,967987.4764978366
1166,759827.316050646
1167,829620.0170599993
1168,951639.0993344405
1169,998924.3052425409
1170,825103.4787858891
1171,918158.3833070963
1172,1368823.3999093694
1173,762868.5996779748
1174,790884.8543598478
1175,780075.4971237747
1176,973205.1937130891
1177,982394.2696879511
1178,1899649.182550487
1179,814709.5072397698
1180,799705.9236334525
1181,614278.9839320411
1182,1134956.26598452
1183,1221046.9287418497
1184,1424603.6369270107
1185,727018.8045784102
1186,1334249.7036346255
1187,729372.3401306891
1188,810717.9521375924
1189,579087.3827195987
1190,661444.5222966273
1191,686987.9521456808
1192,572069.9685526817
1193,571337.9809441933
1194,2102996.0194108426
1195,1414456.0331074342
1196,1498974.5986441125
1197,745696.0729220525
1198,1672267.6031318237
1199,1030758.1342950976
1200,975510.1653954522
1201,824737.2239741837
1202,2038444.3677883318
1203,1110412.1188070779
1204,634904.8233665677
1205,1132169.5487608945
1206,812786.0614949712
1207,765237.7592225908
1208,650951.7566813976
1209,631832.9064247109
1210,1818813.3112422654
1211,716668.1398431283
1212,1144874.4028001777
1213,563332.8276197943
1214,617591.1221769032
1215,1808825.4373684877
1216,1535553.0619183944
1217,894270.4795072891
1218,1573998.5063413966
1219,865849.196517431
1220,323293.550675513
1221,601627.5176354886
1222,1917084.394757098
1223,661393.7083254188
1224,1069497.5554469682
1225,580009.712558771
1226,713845.27375094
1227,823661.2669211366
1228,1882391.0119682932
1229,530803.9274937689
1230,1330256.1114535169
1231,682172.5415342066
1232,1220714.9046861378
1233,1339286.2285048098
1234,1544406.1264394976
1235,610707.2669543793
1236,474013.7253105493
1237,1476126.7467808907
1238,413495.7848811846
1239,1850635.2037212048
1240,884488.0146196828
1241,770570.8239040966
1242,1046124.9938679792
1243,596037.6708744552
1244,643330.4052226366
1245,798327.1505941817
1246,1941412.1351080574
1247,1274749.2504925604
1248,969360.1975354272
1249,2248937.7724434864
1250,725528.8677606585
1251,1342075.900876793
1252,659131.4832987762
1253,484334.9327378845
1254,726466.5619375154
1255,1493909.7982560804
1256,342970.8617974681
1257,1875278.9685299841
1258,699550.42474656
1259,351447.70561802137
1260,691073.73349575
1261,1014862.3142412801
1262,1265440.5663585817
1263,1098100.262983282
1264,547871.6699463323
1265,3324199.3436032487
1266,1480856.0626975533
1267,692795.1478744072
1268,441786.9210603024
1269,661563.2041641191
1270,921142.9546779384
1271,653590.3096352334
1272,1460020.8038902066
1273,1641820.4294050108
1274,759750.5360867692
1275,576025.1903116244
1276,3763986.535389716
1277,802304.8995954157
1278,1036916.4882183087
1279,1825768.0987202246
1280,1028167.5983254607
1281,2038026.1329854657
1282,1060910.4538765626
1283,2406068.017461005
1284,737734.0992632136
1285,2270556.2355354824
1286,1140004.7159737484
1287,747122.2476064813
1288,1427457.1530118673
1289,1198124.4150608843
1290,1298416.0125052577
1291,1633660.5943916228
1292,555390.4116257268
1293,975794.9626047729
1294,885308.2142117979
1295,954172.5950652076
1296,285501.54202631826
1297,1224118.1149644926
1298,635732.3166573738
1299,893724.8454459435
1300,354722.1451488287
1301,1590210.7040125858
1302,1818652.2975348586
1303,959327.975762511
1304,2829996.507196888
1305,1027496.5208167646
1306,2856591.2025236995
1307,581359.3265483793
1308,880162.0506859133
1309,620310.8253161614
1310,1197859.706987665
1311,1147977.6939979214
1312,2168719.539960292
1313,1603808.5392546335
1314,1120087.6422758084
1315,506263.2574291739
1316,772891.3962717231
1317,674740.7643493223
1318,591317.6628404686
1319,527274.8610888899
1320,693918.3780633461
1321,888873.8273251128
1322,381400.10585980077
1323,790335.6358974288
1324,1057060.0947564908
1325,820021.0854775687
1326,542102.745173643
1327,1369747.9981384268
1328,1852033.6920575546
1329,1698918.8355870484
1330,1635223.4140557246
1331,718540.7090185364
1332,1937675.4876226229
1333,829647.6248891986
1334,609254.5799094259
1335,1439649.9341962412
1336,860993.8494300144
1337,1283793.1605120313
1338,1613617.000746366
1339,1435074.8010123156
1340,701361.2784473402
1341,564443.6103456406
1342,530034.6646367951
1343,975188.2783944826
1344,1007010.7051456263
1345,752464.4311567415
1346,1339670.6123895443
1347,2463678.7965362812
1348,680238.8612531063
1349,1337118.1516472101
1350,767223.072006385
1351,1765898.8382152189
1352,403492.5772144762
1353,479445.28024647315
1354,735377.2449096792
1355,737699.7971206445
1356,985809.3349744104
1357,821445.3800302973
1358,984133.1575026495
1359,644711.2689343013
1360,1187324.4586317316
1361,1006387.3503808592
1362,516535.92411169875
1363,792763.5206258108
1364,1204347.7878913642
1365,622193.5730299387
1366,1191607.2703291553
1367,540623.7676961665
1368,1314598.9997303183
1369,1672656.8060221064
1370,943303.7073839767
1371,1017999.8265553773
1372,2025090.9395881686
1373,1008175.2309217906
1374,401547.57816183346
1375,1500127.5436518982
1376,475678.5001806046
1377,969417.8753367395
1378,1280950.9450557833
1379,1398962.16750444
1380,560888.643042406
1381,1040096.0678707676
1382,722439.6706110438
1383,665109.4466922688
1384,829020.0716352309
1385,687788.3905126927
1386,1412019.6775756935
1387,1455316.3749761074
1388,850022.5263312061
1389,1543071.4627428784
1390,378601.70183391345
1391,632001.4697621986
1392,596197.9599196819
1393,1684208.8463091464
1394,1336043.9501629209
1395,542152.1150712793
1396,1564421.8826494727
1397,1142161.992830517
1398,895464.9584880603
1399,462730.3856508138
1400,743275.4545253973
1401,696955.8764510655
1402,927752.0958541918
1403,815731.4258170164
1404,800522.4503686219
1405,656087.2875404748
1406,475479.83575307974
1407,986967.8206028419
1408,658669.0426079904
1409,1012006.3026549547
1410,962004.2386228282
1411,870011.5230330596
1412,936157.8899021075
1413,1387110.07273835
1414,1096400.8971070964
1415,2856186.7790053855
1416,685790.2308389259
1417,594308.0441138952
1418,1188296.809281662
1419,807224.7037652383
1420,656061.716398532
1421,721309.7233868772
1422,3194575.3855876816
1423,1498507.2025146524
1424,796845.582211606
1425,780357.248246265
1426,1995636.936504118
1427,2935859.9036586042
1428,1125945.6789244676
1429,1232222.0857743875
1430,1552896.9702014294
1431,600238.11693539
1432,1233750.743842576
1433,1637656.410775987
1434,857757.8074254632
1435,669613.6779651043
1436,721596.039095814
1437,1616204.6213931309
1438,1182551.5791745416
1439,1932022.7246311866
1440,437850.8183191138
1441,2502882.885507758
1442,1181761.4938650094
1443,548064.5332742202
1444,625623.2790899631
1445,514603.90800019517
1446,2262243.031633541
1447,831151.6528751156
1448,1725226.1867609376
1449,1420378.2210999778
1450,1900460.9409391894
1451,801344.7341035078
1452,596275.4765540445
1453,452032.56421404576
1454,757154.4821609393
1455,1392692.1268661616
1456,1041707.7320278652
1457,1346410.1315430547
1458,988760.5631704045
1459,851802.5917943724
1460,718156.6012874485
1461,1175737.5692674643
1462,826875.1815436877
1463,1085140.0704312166
1464,1528556.868097885
1465,613272.3079984841
1466,564906.1778707892
1467,678312.5039739734
1468,1117187.5876363064
1469,1450002.8536926322
1470,925910.9824903542
1471,712121.731265186
1472,916350.6107615478
1473,1640870.2722969528
1474,964448.1236284238
1475,1324127.0086720486
1476,855940.1770077196
1477,1071722.6000969433
1478,571267.054263165
1479,772539.3079699109
1480,863842.4856084635
1481,1750489.932508374
1482,1615248.3423555165
1483,758307.2896809689
1484,924476.1927056549
1485,926841.3511599073
1486,718725.8191190107
1487,1258412.8496391466
1488,789160.4481337654
1489,567474.6386811355
1490,794034.8017082417
1491,1139579.373526359
1492,593883.1811886763
1493,645194.4786683087
1494,847727.5763732069
1495,665857.6462669055
1496,1381753.7595285226
1497,863309.4835825977
1498,369224.5968929525
1499,2068659.5254358994
1500,2131210.3516926398
1501,585496.8951508034
1502,1194545.9479548214
1503,2101922.5587138287
1504,2347219.199960388
1505,869997.0207046096
1506,634391.5592760639
1507,807795.1932757383
1508,825616.7958653236
1509,727476.0158983896
1510,769014.5409155865
1511,1605693.0739540118
1512,517224.3612936443
1513,2440489.9383879737
1514,621827.792979841
1515,348269.16140136524
1516,895657.167071441
1517,1806214.6397100603
1518,896558.9137004653
1519,1437803.77038007
1520,1359556.3472220525
1521,1233595.5666714085
1522,1015522.2193518681
1523,871929.525309759
1524,893928.0505395802
1525,1236147.8471863999
1526,823710.2149032018
1527,538263.8115350679
1528,788430.8821564046
1529,1591564.9525029364
1530,818125.9516932078
1531,380128.31218631327
1532,1065792.3201058104
1533,646469.6898533112
1534,933116.6071864532
1535,1212307.1402958417
1536,1393406.1991594213
1537,1509779.0088457202
1538,1304450.3665961993
1539,810116.1481740669
1540,2024070.2606836073
1541,647423.5859935221
1542,1488953.3711906765
1543,678197.8796608117
1544,494041.6358871798
1545,417370.7767798523
1546,839772.1569417736
1547,981539.6839161882
1548,1077246.061944369
1549,862673.2790097372
1550,361131.5714257343
1551,970871.7968521006
1552,1084134.5332935597
1553,1073692.8275921054
1554,868153.3279027767
1555,2100018.5901712016
1556,493354.3514443853
1557,642515.3755101637
1558,1033355.2515448525
1559,838818.9949286267
1560,1382687.4779946522
1561,989735.134229079
1562,1225605.0666391037
1563,894926.5745446694
1564,1149048.3137409352
1565,1081106.580169975
1566,810215.5451721227
1567,1516853.1484098104
1568,1135041.6091626473
1569,452021.31132597337
1570,2571116.214828692
1571,1449422.90276174
1572,2058764.5292552053
1573,1163090.6311374644
1574,1819823.627790188
1575,1427514.264500507
1576,1410307.5328826213
1577,1774213.3063643004
1578,469275.9419984377
1579,842920.4138464167
1580,1703236.092144485
1581,719753.1790410115
1582,1306569.2861475258
1583,792090.5008400158
1584,1413738.2452564489
1585,679701.9050590105
1586,1253045.833883934
1587,1596871.7927640716
1588,1547330.6245766145
1589,471840.0604502499
1590,1062068.2327076173
1591,1944986.7767093119
1592,908065.0887849145
1593,953457.421733395
1594,2141287.368049087
1595,317701.6860098362
1596,364842.89536984294
1597,1131977.1348052293
1598,767679.5762416866
1599,1835716.947104374
1600,1283928.967000238
1601,1812744.8639820544
1602,1469957.8727629567
1603,317230.02035966446
1604,1215963.803877408
1605,2675113.4863898805
1606,528978.5472669204
1607,811471.95231964
1608,602012.8991362931
1609,1143021.3708107602
1610,647718.0335345402
1611,375915.5749364849
1612,1655906.7836727076
1613,1325382.2214849968
1614,1155779.924298585
1615,1536525.5439760191
1616,607652.2041178801
1617,917363.0689392989
1618,1031998.9373854301
1619,1546066.4506849
1620,1568893.1222604571
1621,1379413.6079498192
1622,2124175.669407494
1623,1327727.3486422284
1624,1237437.7792138916
1625,445674.79675944796
1626,512862.6240315896
1627,596597.440089999
1628,697427.8351344134
1629,998212.7170213168
1630,1264032.6661492384
1631,496778.4456214531
1632,865493.7857597097
1633,478642.44297280186
1634,1426304.3196420257
1635,1113233.2435872916
1636,704321.3415161738
1637,1368948.0244223922
1638,584936.788338661
1639,686955.5376185586
1640,1419731.373831164
1641,1191769.6536140782
1642,962892.2498769715
1643,1576935.0041673589
1644,644217.530083013
1645,650806.7056215476
1646,806637.3559854475
1647,1622022.230792284
1648,1422102.16804918
1649,1490112.9784636418
1650,1169656.1873841232
1651,918109.8658324858
1652,743774.4985895873
1653,834879.7069095317
1654,824776.2616392565
1655,1105747.8709376885
1656,1051308.7750045601
1657,2140126.7581120096
1658,2012856.8553981294
1659,753058.6802077558
1660,2801027.843605117
1661,3528897.901165308
1662,1638309.7579758018
1663,1307641.8899812729
1664,993553.3064076147
1665,1520918.2840969346
1666,775390.9617436253
1667,1301337.5197011393
1668,782595.8356230207
1669,2274600.087808131
1670,1020389.4772620058
1671,1394966.4744352198
1672,469921.47629015596
1673,1809064.8767112982
1674,2368044.2340934994
1675,832197.513033992
1676,778727.1574324028
1677,3016961.450515492
1678,283109.50295994536
1679,764992.9768119756
1680,2428703.5366167435
1681,673831.7896236407
1682,699495.7409748366
1683,1074684.4305148667
1684,2143510.261279691
1685,400236.79188844876
1686,1854262.2011212874
1687,2213480.4042786425
1688,1307028.9923622182
1689,660342.5731580274
1690,1459738.361516646
1691,1314964.67088949
1692,2953304.0965789673
1693,753312.2559159277
1694,2120140.9009793606
1695,716371.4586016044
1696,1286084.0642034477
1697,612486.7758505048
1698,932437.5397743296
1699,1050354.4223470676
1700,574982.6881389355
1701,1294430.3601245596
1702,836412.9336622275
1703,610822.0065559543
1704,3053477.543090323
1705,2770174.0434252955
1706,616310.3541525443
1707,878800.6437900309
1708,990755.5113835376
1709,784037.4173986522
1710,1216698.3232107488
1711,817725.151424192
1712,585831.2085772471
1713,493275.4524298497
1714,714364.9284260758
1715,282818.32678220555
1716,845035.2303828613
1717,1073636.9678040803
1718,688545.8203449261
1719,476918.75243622455
1720,1326204.0404622993
1721,1951154.3039372491
1722,1516482.140508289
1723,901792.1252420163
1724,777044.4513390625
1725,2156871.5181725705
1726,1342035.2867629381
1727,834153.1289697888
1728,831429.6961033477
1729,955783.3793982046
1730,716279.7901365081
1731,1139596.5169700403
1732,914811.3607768589
1733,797676.3712337704
1734,1270238.026024171
1735,821403.5118357253
1736,1533169.763822862
1737,1345280.4905408167
1738,465849.3346902803
1739,843424.8791756256
1740,411877.47152798926
1741,671851.0172201891
1742,274172.75419767137
1743,548975.6965826086
1744,655261.2644384457
1745,870488.190442098
1746,658121.1426659644
1747,619177.119111871
1748,1161315.82605736
1749,522628.8326792724
1750,2095621.9893838507
1751,1155149.4159970947
1752,1366606.926001399
1753,2648430.2740849596
1754,803381.9710888311
1755,1173284.8455792828
1756,468531.97811155504
1757,1675148.4325430314
1758,1279792.4279271285
1759,609233.8762931945
1760,833735.7600780479
1761,942554.915726176
1762,2430043.717402737
1763,346885.01964609296
1764,527990.0892929235
1765,609164.3716940136
1766,1586268.572449661
1767,3877218.8750111037
1768,842664.2289700976
1769,847366.4612564442
1770,1084390.761977122
1771,843920.819335464
1772,399264.58763224195
1773,1850051.676651951
1774,797139.7916787872
1775,1108329.411826052
1776,756741.5056604951
1777,1054285.5762045684
1778,1120068.137159551
1779,1248787.0573376317
1780,1082897.3305762187
1781,1267497.4033315023
1782,461726.1144481172
1783,1745265.0361918784
1784,656272.1526996028
1785,748132.8733178845
1786,836461.6735265633
1787,800662.5156926349
1788,680393.1220914494
1789,811411.7803760937
1790,896580.1656175535
1791,459549.9494114185
1792,599757.7541397574
1793,650654.5172320004
1794,2277803.514412174
1795,1304692.4412022517
1796,980931.1667724643
1797,713600.8880177421
1798,1111928.7580930572
1799,1487617.9096309163
1800,820034.2667409114
1801,1144230.61699552
1802,508800.50411891483
1803,2413488.153396918
1804,622139.6876163029
1805,775666.5703646184
1806,1271955.1822858013
1807,1802200.2911930485
1808,1401661.7863397722
1809,1615348.587566582
1810,2289076.5475403545
1811,1246927.267762103
1812,767317.4802660919
1813,506966.1890665776
1814,1327539.9701046252
1815,1723256.623163894
1816,953904.4466941695
1817,2789652.8086010697
1818,492641.61548267945
1819,1302543.1202224395
1820,1266282.9055985676
1821,1211787.36997378
1822,1284091.887179341
1823,913202.8233488314
1824,547938.5404271353
1825,668073.1461874268
1826,1009893.5510281074
1827,1056684.8373062406
1828,1241309.0468699774
1829,412092.71589024016
1830,1164887.6391517634
1831,1247116.4219854758
1832,1939913.1897207643
1833,493891.5227810669
1834,877669.4605046598
1835,705024.9523346827
1836,1339191.5442447246
1837,1046391.0323649067
1838,605104.4705367314
1839,725884.8159870555
1840,400588.8348738263
1841,688170.0384035008
1842,1885871.6620263215
1843,1812237.7163789256
1844,1232468.7833239047
1845,2160627.5813839547
1846,855651.2299105388
1847,809694.2204612149
1848,535419.4825540594
1849,1585540.7096732664
1850,394030.8241442759
1851,395540.0945928643
1852,2503679.6412871145
1853,1578203.0650881217
1854,665472.59630854
1855,1281484.9666020377
1856,1148831.6592448642
1857,1104393.3317568325
1858,864000.9648967106
1859,1310001.313470889
1860,799447.4467540359
1861,598132.7671929937
1862,343480.70698234526
1863,706011.8667182114
1864,808024.4905598712
1865,671436.2214145288
1866,388332.60908271035
1867,1289440.6722735914
1868,1223790.1763468583
1869,1014648.3574225723
1870,418399.6654258685
1871,598040.3194572584
1872,852817.1972064223
1873,1331290.3395974871
1874,613112.45073083
1875,898145.3613784176
1876,628113.4806670718
1877,355241.97706485074
1878,526081.5782810256
1879,937039.5661853116
1880,1196967.3945413795
1881,568967.402165933
1882,765520.8690923837
1883,1573636.6215260746
1884,1217311.3270082201
1885,1365509.159451728
1886,817450.6423537892
1887,1422406.6330363052
1888,700860.499634163
1889,1355872.8719141774
1890,453353.40323079354
1891,566734.4401719134
1892,675951.2767785742
1893,505730.50529788143
1894,518756.249042533
1895,1194172.0955845828
1896,489927.4528771653
1897,938201.6667842984
1898,1692526.8521622578
1899,1539700.8683183554
1900,1477944.8492620855
1901,1132447.5999608003
1902,648943.4571822506
1903,596826.6231782422
1904,1199624.7925222681
1905,452647.4580240447
1906,672184.5721276018
1907,932596.4945238115
1908,664363.5094041055
1909,810537.0653846343
1910,502009.48466844915
1911,1841443.9202581246
1912,2899104.9155975548
1913,1063740.8669659204
1914,450181.77692832384
1915,423875.2978251382
1916,1665082.9741783198
1917,1014821.8935596064
1918,1096388.2240167249
1919,449879.6462484181
1920,2063180.5972157954
1921,636872.4413437974
1922,461267.87132312293
1923,1119990.2426808963
1924,557397.1250490989
1925,1297099.5089529285
1926,1028096.7710906959
1927,814295.6914472883
1928,605401.877922626
1929,544137.540647584
1930,976722.1185187413
1931,2141459.5893088947
1932,1016584.654675816
1933,1166700.2470290756
1934,4617625.38911593
1935,910759.2939567104
1936,618617.8395122496
1937,1233572.568117348
1938,823753.9636605743
1939,474317.7103042355
1940,449596.74261981476
1941,1257108.5238541956
1942,1084514.1832899
1943,526889.8077729465
1944,951158.8908964575
1945,479603.22489437147
1946,806926.1177186819
1947,1121007.5433634203
1948,1520087.8873112695
1949,1190563.1733934549
1950,1265943.4372972492
1951,2802069.638194619
1952,1812041.9471262645
1953,1859798.796018413
1954,660342.5731580274
1955,1780606.5934332567
1956,816524.3190245267
1957,1969346.8337745506
1958,618627.2330999754
1959,431195.1315068237
1960,1198924.334768943
1961,910592.6007072129
1962,794613.1143967101
1963,1015896.9127490276
1964,511899.38543905376
1965,350426.61109760957
1966,690246.4361552269
1967,2196612.2308880566
1968,2822037.6571930265
1969,1119078.3672465142
1970,756479.1612808937
1971,1149395.5030158758
1972,1326493.693298274
1973,1046144.9591100579
1974,597142.6380623445
1975,637372.8937380419
1976,735140.3912477193
1977,1863557.5501363857
1978,396512.38974370394
1979,1095427.137943287
1980,720645.6827957563
1981,1341094.9091757983
1982,970193.4894523112
1983,930440.4893784504
1984,516296.282410042
1985,526642.8347620447
1986,1562002.8714636343
1987,1490267.9002934142
1988,582458.152876717
1989,1041552.0015309167
1990,1503422.4252462182
1991,590310.8529960199
1992,1059484.2143075203
1993,1227022.6655104647
1994,1816788.9565407652
1995,1500341.1446116148
1996,629462.4776959397
1997,1140730.371375349
1998,1671182.0967989778
1999,703099.0262593334
2000,972454.4229811778
2001,1451023.8243629423
2002,1478717.2769500862
2003,419840.4924048928
2004,299052.72215649375
2005,1182480.0815140305
2006,2308484.7126551154
2007,1073590.1785142503
2008,1694844.9802825064
2009,637846.8800362597
2010,420394.8490302426
2011,1043856.5620988798
2012,1589041.0105969885
2013,903676.8039244952
2014,1018657.6041023891
2015,2686657.4344091415
2016,533334.6446329901
2017,599359.0634081431
2018,1464907.9189694147
2019,1397458.0792285863
2020,2300719.6258827904
2021,540940.6042995601
2022,469873.8192611197
2023,537407.5777547617
2024,999890.0284976532
2025,826653.4659646208
2026,2792936.0737600205
2027,601602.2039622547
2028,680544.2569570551
2029,540427.1812760753
2030,718656.2886465398
2031,2173716.4610837116
2032,609622.9683565233
2033,863072.3848431574
2034,484584.84143990633
2035,393951.8014044976
2036,992533.4159060564
2037,1009660.7852680336
2038,1612550.5527477174
2039,948793.754916128
2040,710429.070041254
2041,766176.866760548
2042,1719931.5602522637
2043,529237.6787738829
2044,1340397.185392748
2045,418514.08540241583
2046,860687.7080579437
2047,1725329.2604617602
2048,1440053.43202796
2049,463209.0082340551
2050,873497.6224593907
2051,1308436.9531573951
2052,887732.6642403898
2053,1999258.0777080026
2054,2997174.6374234585
2055,1260512.3339226542
2056,2008807.4604913935
2057,719445.5298340692
2058,1197984.728361973
2059,578178.3558901399
2060,860964.8098696437
2061,684350.699995485
2062,530625.7144992413
2063,414071.82972158986
2064,1530370.5840831974
2065,549247.2208356193
2066,843870.3171453625
2067,1217619.94622521
2068,1091316.0698367835
2069,2714644.9088236243
2070,1615699.5095475137
2071,680473.6256673266
2072,757354.5585665895
2073,1463983.9091996423
2074,815363.1090411466
2075,865651.7438349224
2076,529660.9488444818
2077,1723986.4232737233
2078,1132646.5416299845
2079,624159.7243523987
2080,879472.3223909918
2081,918210.4543606866
2082,1591618.8837701532
2083,770685.971736296
2084,1343066.2143945566
2085,661351.68506579
2086,786674.5088227777
2087,690248.3139650738
2088,871805.0235850309
2089,1907004.5230229762
2090,328707.3003072745
2091,1522428.0219985691
2092,796521.1580019763
2093,1078798.279444352
2094,633811.4223060438
2095,950005.8271316314
2096,1226908.7849261798
2097,1156475.3368120561
2098,920210.693064351
2099,551289.1618874823
2100,787896.1214398455
2101,958515.97996615
2102,734877.191948521
2103,1105896.8375538772
2104,757552.1417682226
2105,1218777.4457656932
2106,631888.6523636674
2107,1445712.9865111257
2108,1888025.0287434426
2109,924517.6404719033
2110,818416.4228435075
2111,1267647.8629457671
2112,804887.8520445874
2113,538383.300280704
2114,674839.5597458014
2115,563259.1512290235
2116,1337003.8489734363
2117,955195.433546394
2118,1205169.2666855077
2119,1305253.2081697825
2120,644887.2199127438
2121,958183.1941244025
2122,992475.6426019238
2123,1387481.5793683862
2124,1870779.1678881636
2125,1010735.8836797613
2126,1622161.9638763762
2127,885100.4699938884
2128,758159.2154741071
2129,846166.8046766928
2130,474576.2891110572
2131,1214624.4470262767
2132,683808.0069337108
2133,1222347.9052882479
2134,822962.347998305
2135,655598.6020302988
2136,1452080.2566064163
2137,640740.0717920585
2138,1283853.6740239367
2139,2617117.2789600296
2140,1304859.3253761504
2141,950116.8937691697
2142,907674.3554147363
2143,1008141.5775683207
2144,285108.71186462604
2145,1022596.5158003385
2146,533735.4935017197
2147,1846731.7480548103
2148,1533217.358454471
2149,1991334.8468754068
2150,783867.803796202
2151,2257664.648739455
2152,1736258.3009389744
2153,836343.3237759843
2154,1069700.9712836267
2155,651298.8178620464
2156,664249.0059840383
2157,717002.6726318471
2158,1387430.265499068
2159,599505.3156144962
2160,984272.7481522349
2161,778631.6957822774
2162,1801514.5027414488
2163,540595.521883651
2164,380726.82323930506
2165,1193729.1598127168
2166,2139524.5748301083
2167,757391.3850011004
2168,410012.5235865494
2169,521946.356096506
2170,1215504.6337502883
2171,1201059.599468381
2172,1311205.926845693
2173,548020.0312981511
2174,601784.3295478952
2175,1455802.9501669025
2176,1205518.9207799172
2177,519642.154753846
2178,590629.7291679758
2179,776510.0749263742
2180,2975807.5065584825
2181,425220.72308514547
2182,1201671.411839553
2183,704614.6030588966
2184,1378078.6581371645
2185,724429.4751056895
2186,520055.5545043241
2187,2769210.472441565
2188,507641.07374956436
2189,638539.9999506992
2190,1626356.6370191993
2191,478903.2055777059
2192,1297243.7584188841
2193,1301843.041500573
2194,705479.9419027357
2195,1784054.7718767566
2196,489133.6251000425
2197,1144696.2230183387
2198,1624554.9253640354
2199,976801.3726112389
2200,1355006.8441412335
2201,700134.3399619285
2202,775445.1761804938
2203,1234368.9601237376
2204,1112057.6641520848
2205,663159.9979676587
2206,342524.24360346905
2207,1127829.141383828
2208,1314696.507289379
2209,715167.0221689248
2210,656429.5331460607
2211,660747.4704971968
2212,515773.2870087706
2213,674395.4212137016
2214,2335735.9929857473
2215,555866.9309419376
2216,2569244.69230021
2217,421958.5199358288
2218,702080.9569700231
2219,1627221.5399806956
2220,685118.0886490606
2221,794350.1549339194
2222,1900302.307433818
2223,1369925.871488943
2224,1114982.4382619408
2225,790751.0649502655
2226,1803364.1226029552
2227,669277.3152373788
2228,1648146.8540029293
2229,628414.916567825
2230,1130373.1817867467
2231,2328184.7858204064
2232,1459211.5737153231
2233,1222740.6237776594
2234,662692.0651631256
2235,611630.8316524638
2236,1982023.007568939
2237,1950117.5594738596
2238,1125703.839257629
2239,2770747.305799096
2240,511486.1001700654
2241,692646.14666264
2242,309331.6143692984
2243,1257921.424711729
2244,746016.262005502
2245,1266291.2111092943
2246,1495668.9351422326
2247,932630.5817384243
2248,1173739.36569503
2249,335932.5863929542
2250,1270420.368316888
2251,763414.5911855864
2252,1438113.5002124638
2253,732017.6129493277
2254,1572495.7556609744
2255,1614515.6900694685
2256,748586.0853218646
2257,1415391.2538796763
2258,1048343.3596703587
2259,1124422.611249348
2260,1280933.499133843
2261,593957.9018564674
2262,884251.6808774553
2263,608365.540857289
2264,610679.4682252089
2265,502381.71914789744
2266,1187158.0169327946
2267,2230144.0061243856
2268,1003049.8089144806
2269,873423.7447524962
2270,961762.2488805536
2271,568550.3195327073
2272,619443.2331819963
2273,935317.8081918801
2274,932120.5722404404
2275,1149748.047698511
2276,1041447.9913698994
2277,767242.8650173448
2278,1492589.059036645
2279,677670.8780331565
2280,3582140.2565613175
2281,553736.8461874293
2282,1220340.5278107976
2283,1061610.162454423
2284,966305.7880523474
2285,818603.4462336997
2286,939240.5652009444
2287,593658.6803332826
2288,665452.1531709008
2289,1158794.6892329361
2290,1090160.9642679766
2291,1337105.999171987
2292,1351402.641060911
2293,1103183.1202305588
2294,696909.9922103959
2295,802165.4153353737
2296,1188419.7183628643
2297,866384.6858402188
2298,934116.9806725144
2299,1248116.0488545455
2300,1081705.5616063734
2301,530855.0018619116
2302,2177226.3733237735
2303,561468.3155196481
2304,1841917.6406622764
2305,931977.6089775726
2306,824645.2631808292
2307,767645.3338470288
2308,943777.6204893033
2309,697143.7387324786
2310,699280.0996638465
2311,1217947.4418325878
2312,858163.9561367119
2313,792264.3267294506
2314,1304917.9863434667
2315,1035810.9425181425
2316,1496666.3765217531
2317,1549576.1900203659
2318,1157572.4817254285
2319,1338485.3418611586
2320,1724757.482985814
2321,872096.9316478954
2322,704169.1821405828
2323,956484.114777387
2324,787156.8136377461
2325,2675466.217932888
2326,999823.0171357915
2327,793221.817603273
2328,553860.6201279338
2329,741830.1559338213
2330,606567.8910875687
2331,796904.2675849962
2332,900979.5416453468
2333,785085.5703636997
2334,1638544.9496118566
2335,864345.4375673603
2336,925144.7508795839
2337,858543.1644366628
2338,959559.6106772841
2339,1064169.964628532
2340,774780.3977725228
2341,2210488.163213334
2342,1281466.414160701
2343,1479808.8865354818
2344,1229001.8931294782
2345,1501481.0517184697
2346,1417439.9796544411
2347,752743.7659062502
2348,477926.5783307806
2349,3145124.319713607
2350,395030.7041817226
2351,653405.2870457158
2352,958676.523977254
2353,387245.20542215713
2354,1039077.5861516073
2355,440497.3982802423
2356,1250737.0150918586
2357,479666.7855297051
2358,616509.8552529778
2359,1095480.6160676978
2360,1777500.380762724
2361,313940.19416979543
2362,598045.3777907079
2363,2512387.3596811355
2364,395756.299707264
2365,2068191.7815978145
2366,1212722.7203766068
2367,638379.8329633261
2368,3847542.142574914
2369,2206274.8292667535
2370,581382.8123776031
2371,851510.1425227664
2372,819343.3214850667
2373,2178884.209582103
2374,676011.4518380753
2375,799448.9491922249
2376,1022875.2906383811
2377,728128.6901193648
2378,692934.6295437898
2379,617067.2057426063
2380,869365.7668698812
2381,1362787.5628368058
2382,842430.9645716798
2383,994480.276761581
2384,707874.557924419
2385,1092892.7951533662
2386,992137.0823643084
2387,2508686.264829076
2388,1362844.9462589608
2389,303586.6532835396
2390,580249.0081346193
2391,568080.8667714958
2392,1244218.8951931114
2393,1792139.879622549
2394,1620695.1328029183
2395,1262111.161722006
2396,558484.240683286
2397,1702244.8905576966
2398,858982.4305727911
2399,1095647.2357971997
2400,1124517.6041847498
2401,1836003.9138069844
2402,995213.0541122337
2403,1665819.9936285156
2404,466061.40322939516
2405,471203.98244949005
2406,416559.96043409675
2407,589093.0851651614
2408,435573.6904138354
2409,1113641.4188006753
2410,1224284.9963040745
2411,641991.343087134
2412,1590738.717078798
2413,1369956.021403368
2414,678879.5015383752
2415,1057160.6023344581
2416,462153.53650333604
2417,2006027.3488492232
2418,1926221.0161653094
2419,2138436.476668101
2420,578529.2381083214
2421,634533.5155934615
2422,1550841.151995845
2423,479608.21923926775
2424,687812.9210420527
2425,2277836.223872763
2426,1744283.8094797167
2427,631922.7169451708
2428,550351.8909509297
2429,2515787.781012767
2430,1278478.7083413273
2431,412724.5497704936
2432,893437.3538474776
2433,1322919.2675616944
2434,479618.3462689246
2435,3084966.711854974
2436,1034220.219683443
2437,493980.36386985786
2438,1749102.0749677338
2439,1027908.3537563568
2440,842754.8552094734
2441,691039.4527386604
2442,666405.8415102487
2443,1540207.3998809478
2444,1330504.369389577
2445,507823.12543223344
2446,827509.3889943409
2447,341066.79288768483
2448,1121940.0438037452
2449,453812.4640241477
2450,847926.2821000605
2451,1045119.121708137
2452,550717.2307096004
2453,1583184.4957731338
2454,416264.4229812872
2455,397763.6282727858
2456,1015131.5479780684
2457,617777.3587032766
2458,820934.1055294863
2459,1213787.6051002245
2460,850512.3193630065
2461,858798.8017881977
2462,721765.0721187181
2463,980681.4030689541
2464,1232178.9324265907
2465,1117909.999929232
2466,1252547.8983298566
2467,557025.8514647861
2468,1737816.5842823412
2469,1236542.5145701456
2470,781308.6995571867
2471,2027543.5997369387
2472,2459561.3096435554
2473,575454.2725498291
2474,618115.4289808887
2475,746670.0526350846
2476,1982215.0470125168
2477,1168684.3550987835
2478,1299604.6354586543
2479,912098.6936556137
2480,1147748.3377900273
2481,2510845.924937145
2482,1054781.7172235684
2483,876207.0380213232
2484,725377.7355931632
2485,1080290.2417719762
2486,413068.6774962708
2487,1073417.2797485348
2488,1317058.6015434957
2489,323372.02028106205
2490,1433440.3032742112
2491,910987.0910477594
2492,990500.3821586041
2493,949840.3834624492
2494,1889693.8668822835
2495,733052.6317790813
2496,507138.57814128883
2497,1290586.13895093
2498,680541.519170759
2499,1314671.728222045
2500,412811.5269154273
2501,512305.23811872664
2502,1109428.0081834015
2503,880829.7679670261
2504,586960.5364664351
2505,576367.1409922058
2506,663238.6781064577
2507,1230551.578502784
2508,1369848.1913164768
2509,588946.8781120534
2510,527223.40946051
2511,447690.8107423584
2512,872260.7802336628
2513,353316.9115314248
2514,877649.9448318076
2515,1626960.5375072395
2516,581533.5869117758
2517,862329.3794573459
2518,683224.7229807309
2519,642100.4690488585
2520,1990829.7127378688
2521,925563.7618557735
2522,2005461.75948148
2523,1234782.7212135657
2524,1345166.36677088
2525,465269.8507703575
2526,488781.0477626255
2527,1451097.4211347525
2528,846645.2040740525
2529,1304118.1023845847
2530,517796.6374423634
2531,550104.7838242463
2532,1078013.406326879
2533,1934792.9084889516
2534,1846125.550486639
2535,1476701.5247667865
2536,1235813.830309717
2537,553957.5121445673
2538,1127046.0440865695
2539,581755.672424935
2540,588109.1967091482
2541,948890.5607478729
2542,1267725.2560464116
2543,1338725.3494571382
2544,822705.6966856867
2545,1115478.787527147
2546,1205059.062101178
2547,593227.3211828151
2548,1653697.4886741987
2549,1475505.685087085
2550,669971.2129294213
2551,1426660.2833929437
2552,943870.6200257278
2553,941216.7784205937
2554,1058083.4543740922
2555,734384.1330340537
2556,1725972.5638854222
2557,573796.2083926855
2558,970617.6621319934
2559,296132.70288336714
2560,389271.49602011964
2561,942990.4491308638
2562,1734692.1117394718
2563,1420377.5076604541
2564,356928.1932698579
2565,798127.9996281004
2566,789747.639533455
2567,418928.16127314256
2568,875270.4755374547
2569,1216254.5941010313
2570,359822.7063323639
2571,2219268.808766346
2572,395426.6526256263
2573,1341520.8241216536
2574,1298152.314083498
2575,1244418.7671682106
2576,919792.8804325619
2577,522020.9938120756
2578,494136.23852473375
2579,1911572.4948678182
2580,546746.6925602312
2581,1286557.6182929112
2582,818896.2333378367
2583,1081798.8492280613
2584,805998.9284379773
2585,759535.3433157377
2586,1260727.8186648092
2587,1357034.48408307
2588,1062555.3792920487
2589,947363.7765434891
2590,1290464.474317304
2591,535483.2595766218
2592,431938.3109279632
2593,856433.6718770537
2594,1722458.7940537578
2595,568261.3020694089
2596,627285.5150466239
2597,1197736.3963084444
2598,1411459.871738627
2599,1438640.989007136
2600,470462.78842163854
2601,678049.6228731788
2602,1988335.598349254
2603,1044102.8797839689
2604,682269.8704655686
2605,1394284.5819493493
2606,962805.5501807639
2607,633277.4877745302
2608,587809.7739987887
2609,652775.553812752
2610,2650626.8166278573
2611,1178833.9687251425
2612,1311838.897491932
2613,1288325.0162535117
2614,1443366.8832036783
2615,1025189.0912075394
2616,684236.6340532784
2617,1353317.4531161087
2618,368659.32562977704
2619,1171440.1310445548
2620,658565.4824162994
2621,891268.0063899902
2622,322178.736259972
2623,712182.8288427666
2624,664793.1615851942
2625,1742755.4335216132
2626,788521.5384057838
2627,1238752.546407258
2628,1305071.3964079584
2629,1300841.6427450173
2630,1021022.5037601648
2631,988042.9101291358
2632,995297.4265014254
2633,2024492.8450536479
2634,1520683.8058280605
2635,1034842.3574367648
2636,850272.7322309118
2637,957933.951510511
2638,1121094.0072086693
2639,504465.3532613589
2640,860458.7805688211
2641,326707.7384741886
2642,922855.0672027244
2643,2446276.5241543045
2644,860466.7881574553
2645,1146542.420422985
2646,1342345.265072808
2647,702242.8150875703
2648,747861.421683371
2649,401377.51698962104
2650,1868427.985514687
2651,722484.7042584373
2652,543333.9271845669
2653,959924.7020216909
2654,1836154.521213538
2655,1259192.3606768001
2656,661840.1058340387
2657,812483.4003696424
2658,1330221.0359884612
2659,1756906.0785077603
2660,2944288.274859241
2661,1564302.550580058
2662,798064.7105778574
2663,1418050.7727677014
2664,357935.9659249379
2665,1263941.3451030622
2666,2363324.787079035
2667,740970.1207909494
2668,2071321.9985722927
2669,398847.396089696
2670,879931.9367534418
2671,1039874.522843864
2672,1110474.735006515
2673,485557.2871816412
2674,944199.7900938346
2675,1377374.4595489257
2676,448487.37118503224
2677,658231.7333082029
2678,1150303.9825001205
2679,724609.757103231
2680,1528911.5895502483
2681,941005.8041620633
2682,348227.6914862052
2683,2935816.672191941
2684,1453815.7766372145
2685,1366856.7447944602
2686,725392.4980027156
2687,518281.4896262762
2688,677837.7513260575
2689,807683.2335351189
2690,950565.180429297
2691,1188154.5830316339
2692,881520.0236633819
2693,1109780.952218323
2694,1041025.231952545
2695,1598115.7215649935
2696,747077.7385440452
2697,1753624.457469362
2698,1994485.0815800626
2699,2732957.6262233704
2700,546884.7940490964
2701,1847424.6266798452
2702,1008578.6889036654
2703,336597.34406387614
2704,663262.1684255248
2705,491969.82519431494
2706,1238361.8110639176
2707,1176160.942481851
2708,1499722.3145033175
2709,853595.6145598361
2710,2219854.1182740885
2711,1008433.1151626984
2712,3888630.750724108
2713,3145394.97969332
2714,1423540.7242664485
2715,918356.560635941
2716,1378628.2566512486
2717,1532011.0962431824
2718,671532.0890334955
2719,541959.0990471657
2720,1424912.586069812
2721,1798273.3331194024
2722,1234606.4803689255
2723,2983638.08213142
2724,2443594.5518266084
2725,1143696.7259295264
2726,538770.6831530469
2727,637423.6699093721
2728,985491.8922198308
2729,1204748.4364048254
2730,1295520.541216774
2731,885109.5671069123
2732,1029460.6794859609
2733,1266675.6614974202
2734,528734.7521265672
2735,1563102.410611654
2736,1447134.0882917754
2737,1029328.2104959732
2738,683239.5961743126
2739,757220.1297490047
2740,642421.9722812002
2741,918016.6444029267
2742,2651082.735830939
2743,706706.9648554454
2744,504420.3547426191
2745,2341753.4189940775
2746,1602503.6789193738
2747,1241194.6793998766
2748,656766.1707057048
2749,1203537.429733255
2750,473800.2691866009
2751,527668.9470077661
2752,771241.6628725518
2753,1163635.9742008161
2754,931640.0007243513
2755,1378802.591433518
2756,1114006.6684740772
2757,609279.2799046971
2758,1830998.6351633505
2759,1331247.0810107428
2760,412802.8834313052
2761,1456856.406007062
2762,908430.4427393753
2763,2092388.4059946765
2764,1091469.67050189
2765,480668.4919657637
2766,1101034.7539204462
2767,2950349.84810512
2768,1159135.233742784
2769,1217694.165412964
2770,1113002.9036119778
2771,790739.3794746929
2772,632112.8104431208
2773,572772.5572639192
2774,1281456.2072823278
2775,640737.6816624717
2776,1659080.2875939435
2777,618834.2889806238
2778,379467.1796280135
2779,1059380.5110044715
2780,1396623.5002811197
2781,1247332.1769866275
2782,1051739.5287946996
2783,1789694.0751310163
2784,440342.91657351214
2785,714708.3421795074
2786,2242909.772209828
2787,492708.9845898037
2788,1408380.122456316
2789,640903.3902150401
2790,1523685.2859825748
2791,1397984.5569038962
2792,624578.0598689507
2793,1782896.602817188
2794,408422.6896657588
2795,607876.9762068542
2796,1876731.1067976772
2797,971277.2789432657
2798,907330.1447691204
2799,579713.306965522
2800,1268092.7628896132
2801,495484.5807498044
2802,1444245.0247894896
2803,1583970.8141153438
2804,447340.92466207955
2805,1950328.0869299255
2806,1788446.6742752402
2807,1506355.82327964
2808,586535.2276052872
2809,386867.4259138868
2810,728965.458059007
2811,457350.728475607
2812,1089491.5579089622
2813,1265694.6251798668
2814,436449.38646136085
2815,1246748.6856093034
2816,891296.9039323549
2817,1166054.748648994
2818,1734599.5510112736
2819,298882.73221808707
2820,767338.1341960605
2821,1244725.3435650517
2822,1209799.596381477
2823,746261.3687715763
2824,764627.318639038
2825,935049.6764267287
2826,920610.8459808402
2827,995253.1089664792
2828,3339743.8963485346
2829,605427.6338303336
2830,1064189.8212218988
2831,672257.6451635762
2832,665128.8791076666
2833,777210.1135188825
2834,1116225.916000503
2835,2246055.9219452045
2836,674985.6014845193
2837,1887403.88299646
2838,821506.1332863122
2839,553724.0778251624
2840,1117572.6659244213
2841,2093734.8104220834
2842,1692334.5116323067
2843,1639090.4227716743
2844,304192.65551527165
2845,527985.9578709474
2846,2539279.813997993
2847,1106450.1629402824
2848,519861.0255568535
2849,1318436.003708683
2850,1674051.22149269
2851,779582.3526457465
2852,1087815.1544439036
2853,542786.0909006353
2854,342461.3318199656
2855,2103217.803032161
2856,2185294.1381696337
2857,965943.7177178287
2858,595444.6644943183
2859,1776343.354178191
2860,694322.1916097061
2861,2183076.629802215
2862,1347362.116500869
2863,3049158.254417849
2864,495717.7105929486
2865,477845.5824912323
2866,473457.20526139037
2867,1450098.5030579616
2868,561487.7307840447
2869,1426577.5831933452
2870,891725.3283801632
2871,848403.3370614214
2872,1944662.1047285425
2873,1986015.14353156
2874,1025110.6173046932
2875,1004708.757521114
2876,1718653.2230590184
2877,1630104.7505765508
2878,1306589.878900568
2879,351666.6670702365
2880,1051984.121905471
2881,1106459.9546153883
2882,398628.925473241
2883,755730.0192028292
2884,1205357.1588651298
2885,736613.5478768154
2886,1827862.8086124593
2887,677524.5579229804
2888,658663.627243341
2889,440984.0065530435
2890,704762.2103184797
2891,1392134.3478168764
2892,699256.8290093181
2893,794930.2884622434
2894,1213335.11741435
2895,2333825.737628426
2896,1515350.696199528
2897,475920.01766870025
2898,1130118.9404376324
2899,729852.7249764147
2900,820090.1312084072
2901,1899562.1298202192
2902,438645.551892105
2903,1054412.6570342393
2904,2414255.024389582
2905,650460.7990992665
2906,558283.8945057385
2907,1138251.5574953344
2908,730972.7250892997
2909,956979.3667521302
2910,1148786.8893393225
2911,3090356.2027796768
2912,560336.2514466016
2913,408102.42396982596
2914,1291152.5719778654
2915,1478369.9921798434
2916,1502145.1856588346
2917,937420.1747220258
2918,608655.6869234104
2919,763933.1297678587
2920,1188966.3641507907
2921,681662.1307783227
2922,962068.9787263974
2923,433199.3072020316
2924,723190.5978028433
2925,522710.5433073604
2926,1152013.304678429
2927,1010260.4562463296
2928,707452.5915926029
2929,761982.6108687032
2930,1174183.1973548818
2931,606771.49215985
2932,1849849.5028376956
2933,1405655.7723487488
2934,743106.6459506707
2935,720949.0214314174
2936,386449.0945990352
2937,537937.1135582761
2938,995850.244932565
2939,1286839.9057819108
2940,2063681.9462189435
2941,1862368.450563237
2942,972589.4785071402
2943,835128.4248075213
2944,923449.2081707694
2945,1764706.6187944668
2946,1352959.640624085
2947,549410.289763322
2948,601952.9570639627
2949,660426.9743422323
2950,960565.9633841125
2951,1124079.2951808518
2952,2529294.9180805334
2953,858981.5331316014
2954,668969.624097631
2955,486271.9392059503
2956,1055543.3613450117
2957,428904.5847564158
2958,1205311.5298985406
2959,600647.5279426523
2960,1212155.7682924073
2961,629228.3489315187
2962,593592.4053157165
2963,851317.8984014522
2964,969316.309804589
2965,742146.2167651402
2966,837378.934969449
2967,615143.1856403428
2968,1242757.6945119097
2969,960343.7426484118
2970,856794.3684014998
2971,634035.4615638431
2972,1188323.8412890455
2973,1089772.9586725668
2974,470508.7447251873
2975,1016183.156993913
2976,1253241.3210263604
2977,715592.3927132963
2978,617435.9414690031
2979,1568607.0865349155
2980,1475334.2072922252
2981,2121238.3429909004
2982,2211761.4646834526
2983,514974.9586241946
2984,435521.0528010088
2985,1048539.1944083367
2986,714731.5877888009
2987,462102.5168273095
2988,1433865.5711698534
2989,1441995.3183117725
2990,1825950.1626456515
2991,1489836.7269265472
2992,398359.36490616825
2993,638062.4249397157
2994,1980528.600372864
2995,1298961.1962799751
2996,1059355.2021712249
2997,1268029.664823932
2998,891671.51075431
2999,408887.31865333737
3000,2026124.3976431198
3001,1139930.9528906422
3002,1276889.3898945157
3003,756530.6494039558
3004,2240871.0133132017
3005,1000052.990960221
3006,1819619.5361767146
3007,817166.4446208881
3008,2206410.7392992624
3009,559497.6797714636
3010,554157.6401383092
3011,973144.9274358642
3012,645950.9912972901
3013,1191767.44379887
3014,701165.5117610217
3015,457110.8594749791
3016,1093079.1445161118
3017,845625.3407561753
3018,360258.60856512864
3019,1173678.2986625533
3020,745556.1493705844
3021,722378.8507706036
3022,502056.03428403963
3023,616074.6386747337
3024,432995.10589435
3025,1399103.0567039237
3026,793543.964608506
3027,1751319.8827688573
3028,4103458.7815509466
3029,716066.3795611757
3030,740912.9645982721
3031,1413145.6071705625
3032,718480.3533537987
3033,1334963.8599121876
3034,1564390.625250403
3035,355750.0574670757
3036,597409.1392542429
3037,936510.8758380617
3038,2159158.505114043
3039,1650990.640232331
3040,565127.527289449
3041,2190056.6546121174
3042,908937.9127658551
3043,665581.5452786938
3044,624185.7851503132
3045,1307189.5890679252
3046,1161439.3217964517
3047,809274.896758168
3048,925689.2883673841
3049,1660120.2767976315
3050,393189.0999552422
3051,1095138.8343803936
3052,622883.1267008351
3053,966041.3392967251
3054,553662.8548659122
3055,412864.2329857417
3056,1702520.9256418832
3057,1354960.2554393434
3058,1771673.980150267
3059,954635.6387691046
3060,861609.8098161962
3061,918540.9347753403
3062,333308.758619227
3063,1017587.2143161573
3064,533541.2218443267
3065,2484719.499339513
3066,810933.0781934022
3067,963140.8960904767
3068,1222013.8366410714
3069,2294173.426748513
3070,903953.4808991272
3071,1593442.067502382
3072,563316.2275728898
3073,1790649.1778360861
3074,699243.2455971735
3075,583737.4710119279
3076,2072280.4680583668
3077,735324.8501810123
3078,1260451.655408941
3079,866070.8532907842
3080,705036.8118023166
3081,670050.0152544254
3082,608981.3116660243
3083,422836.6141688815
3084,348800.1558322645
3085,1394391.0686129648
3086,920392.9534765098
3087,1394054.1786013017
3088,1570659.020011609
3089,958013.571540176
3090,786334.479851408
3091,752958.6639381208
3092,1015290.6227459944
3093,620260.2310373723
3094,963001.7143634992
3095,806381.0530177793
3096,1265296.1167923415
3097,903060.9324649754
3098,1148644.0954344787
3099,642084.5307012862
3100,1893010.0837817832
3101,480772.2244096364
3102,710859.0410576449
3103,3147134.7050961647
3104,1082837.3335597734
3105,2115948.2002406786
3106,1187960.3308350598
3107,1043686.8870158158
3108,1470023.8092801787
3109,323555.84869336465
3110,438347.57790771645
3111,773560.0166703897
3112,1631303.1101470322
3113,2055752.7594407904
3114,858729.9209735548
3115,1039908.2219897332
3116,342857.1661940915
3117,629037.1489695457
3118,1302120.5901121446
3119,602565.4815257569
3120,707951.7517107266
3121,2426856.7258775164
3122,600465.3817765544
3123,1322162.346013968
3124,435210.89657196106
3125,1723818.9820283412
3126,810812.6651084073
3127,2778739.035522555
3128,642110.4464391593
3129,1626491.8132968117
3130,902038.8391351402
3131,868043.1200083852
3132,1149741.7978323856
3133,868043.1200083852
3134,1015697.4707031401
3135,483318.28696064017
3136,1543543.0395425344
3137,1658703.7831113494
3138,979874.4302487533
3139,2044031.5268355315
3140,1137691.1688118025
3141,2262618.118607224
3142,1426739.2427195697
3143,2186487.1484998907
3144,800263.812809643
3145,2345610.8487308645
3146,556991.647239112
3147,1076584.2548359192
3148,896698.3784434721
3149,1315648.9462320993
3150,1340097.7984571029
3151,584190.99619277
3152,610703.4068522902
3153,1500126.810525308
3154,1430257.1960295348
3155,535915.0705069524
3156,1864209.1056426342
3157,1292755.7118995935
3158,1513376.8695182614
3159,930246.561575131
3160,1789145.092463371
3161,2001432.1988200708
3162,639751.2595576312
3163,304939.1142272721
3164,1172673.7419832298
3165,1274709.4284831036
3166,1087693.6468677418
3167,1084288.524607241
3168,1106072.5238938106
3169,990502.3983922992
3170,1796302.3515574024
3171,1762395.3203797322
3172,1105148.8465087076
3173,868734.9771403885
3174,976074.2343772949
3175,1198571.193238728
3176,384586.36252295336
3177,874122.8887046031
3178,806037.8009145124
3179,1145132.9363942875
3180,952743.5806163852
3181,932288.2316280854
3182,443471.79560180975
3183,897027.7625656086
3184,547334.6744378612
3185,807456.5141488437
3186,917124.6775071803
3187,1254939.175358228
3188,1392127.8577143596
3189,836412.5207818763
3190,1137574.285361371
3191,1502369.1044833164
3192,895471.5845110898
3193,1218202.797448738
3194,664599.7694076919
3195,254560.33492758934
3196,1855353.957396509
3197,2285701.3645426244
3198,1454569.6698324715
3199,1062096.7475620375
3200,700446.4055889521
3201,707692.3278480915
3202,781367.4963447874
3203,1713241.9020561343
3204,1420744.1029265518
3205,878165.4260230182
3206,638013.0171748222
3207,563135.9553526047
3208,1111148.1596251752
3209,757022.1256474484
3210,432132.81489069224
3211,659756.3665750073
3212,654393.0052500679
3213,965207.565530621
3214,1199688.3382129595
3215,1843020.0425531042
3216,1614521.2851050152
3217,909305.0227908987
3218,2396334.877651034
3219,1089948.1820564894
3220,1191247.7479297428
3221,949242.7908802362
3222,497194.0083186866
3223,600011.7234292314
3224,641053.229974233
3225,1757163.5896176738
3226,503760.70266909234
3227,990965.1609677747
3228,568399.7436352774
3229,1016011.9751168747
3230,829724.3775826414
3231,862682.185138256
3232,862893.5124270967
3233,1429899.6298259846
3234,1336818.690279021
3235,1399024.9724044201
3236,378272.8682505568
3237,1370490.347957731
3238,566144.6832394839
3239,837332.218263858
3240,561522.9294312348
3241,1368044.5400128784
3242,2595965.014392548
3243,2059073.2903816306
3244,1328951.3070096632
3245,1262243.4336343375
3246,556655.6335138814
3247,462598.425245132
3248,315467.8568103733
3249,1593878.9932328514
3250,934990.7540044469
3251,1412722.979588883
3252,1674974.7594645277
3253,646142.8629592757
3254,3127149.760999627
3255,554110.6197322952
3256,732412.7757660496
3257,2080935.0768843442
3258,497186.6358108242
3259,741855.9219061778
3260,1005532.8275100524
3261,836707.7007080528
3262,443798.0388156568
3263,949344.9822500516
3264,3035250.0674524144
3265,1150522.5769048005
3266,687880.2880576317
3267,977804.1751738824
3268,507189.0103330994
3269,794825.8093885499
3270,556134.2090858527
3271,1509626.2230514537
3272,907229.7918598314
3273,3413391.8936698083
3274,767731.7050699029
3275,1102073.538342403
3276,1759385.7188960041
3277,510957.2091234324
3278,299587.5695080318
3279,1390531.563117993
3280,818312.7696990434
3281,2135080.3368389285
3282,473950.8816911457
3283,725666.8054532085
3284,617275.3445707886
3285,2177405.175751114
3286,1282612.9916522235
3287,911834.8404105939
3288,1211073.3291157815
3289,916796.0481860308
3290,751888.3807728363
3291,1086736.6424461142
3292,822212.1285445639
3293,798191.4099500916
3294,591007.778443211
3295,682016.0455261875
3296,327191.50405923143
3297,963876.5896471969
3298,781294.1808314571
3299,1379149.2790840848
3300,1543459.8343562204
3301,627416.924397663
3302,1707660.2442196952
3303,1632047.3478805432
3304,881267.3057553277
3305,1651762.2183959626
3306,638906.1631100022
3307,1934050.3790895566
3308,743185.0504662638
3309,1069860.0768139611
3310,846057.1778699992
3311,756768.0522923317
3312,718065.5847984862
3313,942730.349607516
3314,3283897.327310417
3315,928673.8841313979
3316,691167.9222456686
3317,1002172.5198417197
3318,1009316.5773821957
3319,1000311.5242355338
3320,2085519.078759491
3321,730368.6322990109
3322,1047091.1592312541
3323,2337447.353820734
3324,1228364.3260929899
3325,1782861.3601624938
3326,1452284.3798640873
3327,1668398.9279646238
3328,298419.7896742012
3329,1285727.6369950708
3330,277090.72764868976
3331,918698.2387284907
3332,441456.5576001411
3333,486431.019312474
3334,1661274.9409722914
3335,505279.8050904708
3336,413153.8196265237
3337,823482.4222545268
3338,1200254.8385523888
3339,2349506.6588369114
3340,1005447.4139240844
3341,511969.2304651749
3342,1067303.9577015976
3343,1218663.7152632747
3344,755339.6706663618
3345,1493821.4955700168
3346,866694.5382708708
3347,335959.99505252234
3348,2610144.206284676
3349,1625877.3847263693
3350,518662.27937705023
3351,1095563.863679576
3352,573841.8790347746
3353,1441054.860123552
3354,1922851.2596129407
3355,1371029.4267283548
3356,1763012.030229927
3357,557111.0822306866
3358,1595988.5702499012
3359,621127.1229328495
3360,1293400.495076065
3361,1128112.1247070928
3362,1907350.465227187
3363,632091.9658859969
3364,1133370.750515188
3365,674285.6727871945
3366,875234.2278028326
3367,760527.7627650729
3368,1014513.600017614
3369,670638.486071185
3370,468513.8203720692
3371,1322162.346013968
3372,688915.2683782291
3373,1971020.1853957858
3374,720791.7392840624
3375,1875298.7987000067
3376,1536040.7692899548
3377,1666031.5901021245
3378,1978217.6646264975
3379,456126.1715192696
3380,1243496.0427716959
3381,447906.46016478236
3382,839759.6469379915
3383,919534.3024633647
3384,466911.1605614882
3385,814170.6767590799
3386,2209964.631796022
3387,716852.6820915015
3388,1089628.8997896994
3389,1125456.6941462576
3390,643466.9236382043
3391,817494.978546776
3392,942057.9253821317
3393,433454.69276546454
3394,510105.0326557704
3395,612932.1341869346
3396,382265.927847246
3397,821666.3446731159
3398,988715.8089951299
3399,395949.5809692335
3400,1277874.3002818062
3401,1377878.131575938
3402,1476604.032221182
3403,476824.5506017198
3404,705920.8226127902
3405,1248932.7343508513
3406,740653.7818079506
3407,403288.06474859297
3408,1445380.3156439995
3409,1579150.650302406
3410,1114045.8898895297
3411,1303531.7228512573
3412,1443891.8369248658
3413,795688.8152744441
3414,2178571.2970947865
3415,623001.4674135121
3416,1051110.291527633
3417,1888155.3467673373
3418,435604.96064692596
3419,1474863.220870033
3420,1092053.081312596
3421,1377292.38971806
3422,1001622.0468016668
3423,574896.8288247873
3424,1215089.8052416677
3425,1827406.1203059037
3426,605610.8836870984
3427,1112185.8877888245
3428,1355974.5705882036
3429,1201640.4305495685
3430,523076.2363834982
3431,584461.1103490553
3432,545365.0901403181
3433,544478.1495392878
3434,784634.5846212639
3435,684311.7502331708
3436,509633.02855086594
3437,741689.5471177791
3438,907010.7265942467
3439,2587520.7078228802
3440,686150.2741750213
3441,1754591.4250513406
3442,637659.388335801
3443,348626.23616757715
3444,492915.3207733424
3445,994934.2220564174
3446,1742788.6752959169
3447,857516.8897870556
3448,340513.58168898575
3449,1234737.4425558045
3450,725890.8806952306
3451,284746.11469288677
3452,572618.3261978392
3453,1914480.021753049
3454,841520.3226584264
3455,1473201.9670980994
3456,637888.8711286327
3457,1079617.7939343988
3458,543979.379748238
3459,2291472.4043146283
3460,2264617.3156660968
3461,1168013.1941159046
3462,734304.4182013766
3463,673119.250659904
3464,625326.4756065492
3465,1521778.9336050479
3466,791057.7027678319
3467,791777.3030854731
3468,1252323.0738747106
3469,1232625.1695243844
3470,1200930.528526906
3471,539534.7254695727
3472,1114649.9084835092
3473,622728.1552503719
3474,496808.75613034767
3475,513752.23725354776
3476,1656191.1320216244
3477,1519117.591491761
3478,387201.91061882087
3479,1241661.8528903793
3480,461772.85810095636
3481,589459.7410532027
3482,963636.9910467779
3483,1027919.8079723513
3484,1008001.5003654587
3485,790029.3940298854
3486,1245556.4856836512
3487,1995825.324905885
3488,862865.9385485494
3489,850569.7649556294
3490,1073083.0573741875
3491,1023440.8825069808
3492,1543830.2282332794
3493,490307.8634774925
3494,1224610.5603482786
3495,1511059.0866131396
3496,652130.7080677934
3497,2063168.720508788
3498,1742400.5111015097
3499,487901.0833384366
3500,1885026.3360203465
3501,543639.0516760688
3502,1489681.1720165166
3503,1638540.7228362442
3504,2180370.865514401
3505,1422520.2179368134
3506,1074680.194836725
3507,742602.2069776393
3508,989368.2780134511
3509,554074.9290800024
3510,2425048.8092857427
3511,1392271.0382637945
3512,819628.6328136411
3513,1469583.5520307522
3514,1760487.0617468117
3515,1256028.5724387853
3516,444095.2395409467
3517,1075095.5227988132
3518,1811413.7476861419
3519,599857.2831155144
3520,3026115.8395124995
3521,654386.1196188016
3522,1169439.673803294
3523,894042.1573335701
3524,1104127.2326263369
3525,494123.502172971
3526,582809.6701147489
3527,981328.3610316117
3528,1921495.3284407498
3529,2283021.057852153
3530,1221434.475975989
3531,1065957.3667832783
3532,672266.3704653858
3533,1282493.944121514
3534,575388.0953080914
3535,1330823.3115370683
3536,615047.8765743303
3537,1213979.1783595392
3538,1179957.268922311
3539,1188894.6563658577
3540,647148.9575236271
3541,1968882.1088017034
3542,1074722.608113242
3543,1924854.46582194
3544,932629.3239720133
3545,1842402.5334480493
3546,1155438.017908218
3547,700090.3790628396
3548,572272.4867841629
3549,1164944.9427907888
3550,1225619.5096340796
3551,2781045.8666020897
3552,892070.8057772127
3553,1686516.1270707392
3554,777815.881013897
3555,1153502.743638195
3556,1816539.614753132
3557,2775506.2854117895
3558,329865.3042838663
3559,975109.6688579817
3560,488130.2429785047
3561,390098.4514599217
3562,2393023.709839438
3563,837311.6139664566
3564,1176169.173681978
3565,797787.4492468983
3566,1260118.4426754513
3567,916468.3175318554
3568,2483791.050938619
3569,1166482.0074364142
3570,1260144.4173669142
3571,715345.7708680229
3572,3810511.1491522077
3573,1095985.2977139605
3574,1293646.1556043308
3575,475623.221932978
3576,2902012.13640691
3577,516436.00421692093
3578,1069114.5302412193
3579,1379547.9683429871
3580,1496835.2446449872
3581,627357.2910252999
3582,446119.24111384834
3583,698345.5650845721
3584,929025.628226977
3585,848893.3781860612
3586,1293784.2615613427
3587,1118568.560052299
3588,693024.9563557967
3589,524335.1073602248
3590,654675.1036137319
3591,763681.08313294
3592,504917.3253466997
3593,1922234.7233944763
3594,2929273.8775228974
3595,1600545.792359521
3596,1032364.4835019805
3597,2307251.1043880796
3598,514200.5607643821
3599,1586204.1462626434
3600,1402014.8087186466
3601,1256413.8885002541
3602,279739.92586453527
3603,508759.4729436828
3604,950872.2317724228
3605,632685.4372517153
3606,452516.8645776915
3607,1546387.8501431562
3608,834939.5466855447
3609,1226404.5633640215
3610,1202377.0009344218
3611,484783.6981487609
3612,1693734.6195650604
3613,857935.2560148144
3614,1197138.9500769903
3615,453149.5387375527
3616,576771.3841559736
3617,707543.4437611229
3618,591876.4623928493
3619,821855.4751127516
3620,636416.8825690238
3621,798972.4723692453
3622,1053692.0494297289
3623,2276795.5048136655
3624,965828.4043715494
3625,1084993.5561830834
3626,600033.4908326537
3627,688877.5035834895
3628,1052054.3572590817
3629,983862.4878215312
3630,877093.4715259231
3631,2248314.5987077584
3632,847528.3042448963
3633,292446.86692215217
3634,2476182.7275447873
3635,1378699.3885736752
3636,1529760.8358414809
3637,2809881.7537919637
3638,1127831.8761647393
3639,933179.2505912622
3640,1703523.4543119764
3641,944205.9710603822
3642,1307140.2356002745
3643,561074.689802909
3644,547120.6626107607
3645,1228941.9097676682
3646,1414993.2738291111
3647,933169.1698019888
3648,1188367.9848126292
3649,1240706.2916488196
3650,670739.3012540259
3651,676358.1359598235
3652,626390.843620656
3653,788290.1169313226
3654,690918.0735430088
3655,733959.0708900614
3656,872747.5292822442
3657,696606.0669307983
3658,1246847.1815080366
3659,1714614.4060145363
3660,469070.52037989337
3661,1087937.1205941795
3662,1268462.303864847
3663,507464.01109415945
3664,729458.8386872944
3665,316322.17552333826
3666,611605.6957679855
3667,532222.0173955502
3668,749102.854254837
3669,770540.5542066449
3670,1419330.6873749513
3671,1349128.094753906
3672,576887.5183987552
3673,1355756.2004289906
3674,1494292.2080212948
3675,885089.0346954135
3676,1677932.8529137252
3677,2221792.927207957
3678,1014241.0322245366
3679,1238218.0217181938
3680,466804.58986151934
3681,571684.3993900463
3682,558015.1606048816
3683,1453645.5216440954
3684,601042.2063897284
3685,1633678.1287143368
3686,1346012.2604187827
3687,691935.6424972701
3688,1131823.265697642
3689,1464272.0172197986
3690,503875.26922712196
3691,2510980.0762801818
3692,1176248.170835541
3693,1281700.6067938805
3694,1773845.1647191425
3695,591279.831557412
3696,1593334.6391837911
3697,407053.2903135338
3698,602648.8537766322
3699,1352969.0726739021
3700,477705.15145923663
3701,1446737.843206607
3702,1286216.5714541671
3703,1054953.4082547398
3704,2392773.7302616704
3705,552577.5124129473
3706,528530.2744480218
3707,670188.1432819868
3708,1273701.649661119
3709,1232455.3378266904
3710,1830084.6759250048
3711,1348136.0145859679
3712,932935.4736493513
3713,436786.8870405273
3714,1109561.1960350785
3715,2186771.454170148
3716,1424582.1916109622
3717,995914.8030347767
3718,494884.3762915411
3719,1205312.937294628
3720,1146743.2074394063
3721,922616.8579721953
3722,1455006.8028097432
3723,658549.1064787802
3724,2593492.6607591663
3725,1686538.3970604434
3726,1181044.4887008267
3727,508328.6826225085
3728,432958.9479699893
3729,1362183.3443803906
3730,1263995.269320478
3731,626816.2642938676
3732,2224420.7038611495
3733,1004887.7181530248
3734,787641.6720136323
3735,1857095.6009452667
3736,797555.7791276452
3737,3242755.39696301
3738,1354540.689501428
3739,1080089.9761725587
3740,1480375.1897637525
3741,645011.0704130613
3742,1531457.832685885
3743,2982264.48377767
3744,608520.2297118
3745,1684116.3841061373
3746,568415.6873211862
3747,1031499.387362058
3748,1209295.5956724107
3749,483158.87689499283
3750,271549.1200178024
3751,773276.890279276
3752,877822.0940295696
3753,1336445.5107462131
3754,941452.2489040763
3755,627787.9750123101
3756,932488.7270439013
3757,973149.6272416905
3758,1264646.7237074473
3759,1086128.088776124
3760,692594.96602159
3761,610261.7228020297
3762,954885.9767570769
3763,935136.2984906976
3764,600184.3771127817
3765,1067839.2980491424
3766,776548.2428657439
3767,1619924.2636009802
3768,1158901.2519676178
3769,521698.2434798747
3770,1374781.0294292977
3771,1046786.4367712731
3772,618837.7645283683
3773,416626.5665251774
3774,599372.2173850073
3775,1418192.4126734706
3776,1085947.926148939
3777,1249108.7657449115
3778,470963.1431066014
3779,1666673.7749419247
3780,1359561.9076719538
3781,1385603.3001404144
3782,1768748.8058665064
3783,774754.7382970268
3784,1851328.256707724
3785,652732.2756583061
3786,1121507.9079940664
3787,836022.2576794851
3788,553760.0406656628
3789,2262052.6448311675
3790,1785751.8468949143
3791,1380295.768881614
3792,1126384.826315054
3793,640362.8325569147
3794,953539.940548816
3795,519139.66120796977
3796,1152767.2908706758
3797,775046.0097718119
3798,1376930.2529000726
3799,674603.9261297721
3800,1012859.0699341969
3801,591206.9062118591
3802,308081.56137798587
3803,727965.7566618158
3804,1127965.4888823275
3805,1383653.7453876676
3806,509569.86205236265
3807,1335050.3003755999
3808,541612.1615453409
3809,748657.6707656007
3810,1308800.7144675334
3811,750476.1426399013
3812,650878.836493731
3813,401063.6487263538
3814,969994.2582723409
3815,529298.5891276543
3816,1479679.882485661
3817,653701.4853472329
3818,1133423.568159218
3819,572371.1356822418
3820,357966.1597604351
3821,825566.5946939915
3822,1447350.679038357
3823,1485427.8510715445
3824,1015016.2444017747
3825,500554.9215102596
3826,783296.2165896082
3827,444307.68441455305
3828,1742675.7260031474
3829,608094.6124767041
3830,399567.7040051226
3831,1731322.1975940804
3832,1024544.7085146615
3833,2294419.0929353926
3834,423323.7416034822
3835,1341958.486210233
3836,913413.6692612157
3837,479450.357904982
3838,734628.9061895472
3839,427200.5130161723
3840,1456992.0800879165
3841,561489.874140327
3842,529519.8037178144
3843,620130.3361034933
3844,425646.9449265511
3845,736963.9656884159
3846,1165388.3829146128
3847,572627.2137515855
3848,1875275.9323637534
3849,1470343.6401194641
3850,977027.0145988443
3851,809484.1059142881
3852,579039.65586669
3853,338282.0039785045
3854,2090943.5132051613
3855,1207760.3825169925
3856,972009.4723935777
3857,1047049.8933891403
3858,1242686.6312165693
3859,782858.6673954672
3860,593703.5069545954
3861,998806.2466889492
3862,1244734.6222224077
3863,651135.3737571916
3864,530476.821157567
3865,1562278.8671413672
3866,1290216.1062542906
3867,1043968.686017432
3868,1441666.5875674956
3869,928803.5390065371
3870,629173.189848348
3871,787863.9637965766
3872,1177507.9333633576
3873,2405390.3723283685
3874,907468.1387460954
3875,2735324.0622971565
3876,1344888.8896631603
3877,1043751.6498564389
3878,1767611.1268161256
3879,421353.3167893511
3880,647016.3681586998
3881,1292319.4287002268
3882,1001920.9346351335
3883,695162.814780773
3884,1165239.4892260614
3885,672007.0476374505
3886,1169849.1982625504
3887,1770198.7833406604
3888,2312808.967220312
3889,312425.36561839556
3890,793018.3918178646
3891,1517894.3221808868
3892,1324475.7384489924
3893,611342.1052672481
3894,711536.3374512388
3895,445429.34687705425
3896,607617.0549706938
3897,578061.0490272641
3898,459521.45791911765
3899,970869.4959602201
3900,1298303.4198566203
3901,1094535.0372527258
3902,1763664.2645711114
3903,811027.3948739449
3904,417345.852028612
3905,778991.298611931
3906,1021322.1705925551
3907,2429349.759002487
3908,1314198.187811955
3909,1485571.5599915388
3910,984257.5046368823
3911,741486.6566492488
3912,1332552.816492677
3913,1586787.4961382402
3914,1073258.6659405753
3915,401858.9661492537
3916,864216.1458719827
3917,513495.3560361597
3918,680618.5404442406
3919,1183953.8712116866
3920,915556.0529625971
3921,747441.7767447616
3922,1324581.3258182092
3923,596092.4252660563
3924,587051.6848620096
3925,1684360.5775834427
3926,478381.5608816712
3927,1740837.4694405037
3928,583091.3325037278
3929,468699.34840887424
3930,1158227.7598332947
3931,952789.9601413258
3932,616514.499440016
3933,2230079.0624384964
3934,820270.1620147561
3935,1335169.5183833523
3936,767891.6772260295
3937,3213366.609269189
3938,992742.6322682839
3939,679681.7191463093
3940,461799.9883704348
3941,1250023.5469473016
3942,730273.2855632347
3943,927988.4887603814
3944,602138.3877044031
3945,515604.76786277606
3946,609891.7291011411
3947,745385.7573643409
3948,2025401.4547567843
3949,455133.540931979
3950,1096180.0512270634
3951,2782481.306361514
3952,587707.0488428203
3953,1018131.6802188071
3954,362772.94266574725
3955,511829.6849410059
3956,620493.6470425267
3957,807126.3902437127
3958,2207198.1929056435
3959,378823.4567071809
3960,628256.4704423262
3961,1075165.5331417373
3962,1272999.9905636213
3963,1948797.1269222773
3964,1144265.785294948
3965,927970.5544756658
3966,1112553.0145982949
3967,632471.0548898083
3968,2617850.629455097
3969,492324.9155775483
3970,1078142.5045187005
3971,1409269.7877837543
3972,956879.7571640802
3973,967547.5887755007
3974,1212958.5991027476
3975,627154.9636579369
3976,708736.8737355643
3977,899417.8201572384
3978,3217068.7779159294
3979,530125.5490578369
3980,693677.2543976378
3981,930392.2798199962
3982,455861.65246163396
3983,645248.0489154784
3984,647475.3087444393
3985,1658055.0696699726
3986,907722.6432947532
3987,1984492.4575368525
3988,688744.5045252321
3989,558471.4384674224
3990,1354995.1910194785
3991,443308.423739047
3992,425720.6889452067
3993,807548.0228669666
3994,879127.4280808788
3995,1168560.5433114043
3996,982363.698845404
3997,1055781.2490469022
3998,868892.7768232047
3999,1428458.4250497932
4000,629627.2566927398
4001,1383210.4221423883
4002,1427428.5817317166
4003,3243271.975853872
4004,3322377.918881173
4005,931225.2383202369
4006,1252838.5187580471
4007,738388.0820593736
4008,1386327.185296054
4009,444730.64378990425
4010,481877.19092504325
4011,1163035.0370134958
4012,922570.743183282
4013,1190685.7135293318
4014,778712.2344868314
4015,1744921.1567783419
4016,1003762.8410989149
4017,1104160.3587966827
4018,667919.8560752452
4019,807827.8968701243
4020,1181385.6813862254
4021,1921824.6196575928
4022,934313.5724232111
4023,2029623.7424421106
4024,889035.8949782534
4025,1159015.3560754878
4026,1217600.6847469232
4027,1840953.8044471904
4028,936378.3017188321
4029,1494952.8190689601
4030,1317199.2876889792
4031,891481.902938361
4032,1307628.480739512
4033,542088.0461472285
4034,1167714.6970144177
4035,1107149.7876195018
4036,460491.4755873152
4037,578195.3966778914
4038,827678.6446790523
4039,1076579.7652910897
4040,1427566.2955111268
4041,851413.7936659923
4042,1157178.2460104513
4043,891074.5885870435
4044,1472511.7629528542
4045,1016577.340177965
4046,1310093.842374015
4047,793886.2303666149
4048,729283.7628224643
4049,1927684.947432889
4050,929676.8369599927
4051,384547.94583260163
4052,1225884.7980378806
4053,686473.5233959847
4054,339140.3618974555
4055,896647.9451068391
4056,985810.8013625649
4057,1008799.9101470307
4058,1678669.8546758206
4059,373861.41248896206
4060,1398509.2062018842
4061,846302.1658646873
4062,646748.9386405405
4063,665746.155972902
4064,1749402.464318121
4065,1871319.4307193682
4066,646675.2974661336
4067,2023574.0408023878
4068,1512332.6833996943
4069,808927.7871034123
4070,1669729.1380579653
4071,899894.9525158275
4072,526898.9233556709
4073,1830400.7284377953
4074,2883135.2387015466
4075,1719356.8932105352
4076,1366847.8156476547
4077,2037521.8894412564
4078,1220451.2576151728
4079,428231.8128294976
4080,574198.782459094
4081,1630949.5673637497
4082,766212.5282830962
4083,625288.9935763502
4084,835149.2343223476
4085,384618.33111301064
4086,1915944.893908187
4087,654415.9110006467
4088,715912.0387794354
4089,367081.71011334896
4090,1813447.3826368998
4091,1354538.150615788
4092,937437.52799018
4093,1686591.2005460833
4094,990730.0139841222
4095,457015.7704996881
4096,717451.5532687235
4097,1137044.9141809605
4098,288152.20773284097
4099,534576.9518203537
4100,1205414.578415339
4101,1331543.493318955
4102,1929618.240331924
4103,1974544.8285071508
4104,666742.5726223787
4105,1506176.639941074
4106,1273423.9751875026
4107,1131908.8354767433
4108,897122.3978905114
4109,394827.25929494423
4110,818328.7133239664
4111,1286458.322931373
4112,546045.9840534474
4113,1052932.06959422
4114,1649400.9268186996
4115,1909764.5830635852
4116,1037771.7418274456
4117,2777558.7565025664
4118,975982.8032248156
4119,687414.5215555241
4120,1792235.6242161884
4121,2751489.9410256385
4122,1371818.6154416106
4123,573848.0581312807
4124,1649475.3404376935
4125,748815.2876681843
4126,351554.3237358767
4127,1494850.3852017382
4128,1096531.3148339482
4129,730539.1670807321
4130,411920.3402148797
4131,460437.0558304344
4132,825103.4787858891
4133,2747930.741529817
4134,1228005.0248258219
4135,1285076.7539330751
4136,2228197.093349602
4137,336889.4126706243
4138,1160268.0887119067
4139,1434175.2405988974
4140,586911.9564442165
4141,520892.82272186596
4142,388068.18969232676
4143,1152841.439763543
4144,1070304.245397864
4145,939460.5069697968
4146,1302303.558802462
4147,1385846.543575143
4148,2526105.3384676473
4149,545761.1473255497
4150,489731.7861273124
4151,1400533.2907128325
4152,1149613.9446369552
4153,2453339.681818971
4154,658800.843864925
4155,1326618.1129199076
4156,1214682.8407769708
4157,657368.6603072161
4158,677497.7921304265
4159,681800.1273107314
4160,1853714.1999142384
4161,433167.1229440122
4162,626610.377247881
4163,776088.8020618458
4164,1625808.5631145493
4165,714186.1875890692
4166,1367857.2060873432
4167,1301394.7980971928
4168,1782285.926934834
4169,606584.7711930802
4170,1255023.8301136745
4171,1394474.594823585
4172,737735.9279074955
4173,1262283.158012444
4174,1130449.3525025053
4175,1562362.0021993055
4176,644277.7305662323
4177,900123.07741325
4178,409709.91269295855
4179,369721.40857096034
4180,2042231.1855205602
4181,1530978.4686598475
4182,1133378.3045918301
4183,1654541.6493842078
4184,1226143.0024368286
4185,344149.7469156712
4186,457512.66232419736
4187,717974.1371934117
4188,1598476.2934195632
4189,1278509.6123322027
4190,625915.95862404
4191,730632.9798701974
4192,1314427.314967239
4193,1593645.9739862462
4194,629681.6865829669
4195,715144.6133006116
4196,1041552.226665756
4197,650212.9699947304
4198,857470.3108602298
4199,508780.1235838749
4200,858346.6540676765
4201,1321711.2566079607
4202,912231.7384827918
4203,1579880.2795365932
4204,427224.0902605772
4205,678086.1859070045
4206,780919.4594803243
4207,1005555.3724628888
4208,1366654.1602986264
4209,1139840.4547434652
4210,723401.2506835231
4211,619958.3180220458
4212,703430.6568120939
4213,1278907.9088564445
4214,492273.64310491784
4215,876744.4397612786
4216,1098700.5376924565
4217,647830.765691355
4218,649087.7486105135
4219,1123626.2666275185
4220,2065596.7144776334
4221,547469.322790701
4222,673364.2444477093
4223,988383.3336777071
4224,1639654.2362311145
4225,762183.6151516386
4226,908401.5368617353
4227,1266679.9339921603
4228,1510002.769306256
4229,1296372.6293711378
4230,777114.2024480794
4231,992886.4246918036
4232,543477.1803359676
4233,2272135.360877908
4234,705401.7115638764
4235,595683.8649970582
4236,1185584.9684308313
4237,996181.6760033518
4238,532205.1332785008
4239,2109350.9003153965
4240,1210994.7517035573
4241,607409.9795840753
4242,884675.2310507313
4243,899853.7750632401
4244,1212320.774972715
4245,1252266.7894043322
4246,1018386.7024095507
4247,4234634.817940483
4248,756191.9357505378
4249,1620574.162473297
4250,718895.0844777579
4251,584429.5306905485
4252,1024096.3571058039
4253,818509.2028702179
4254,304563.12093330093
4255,490143.42382277426
4256,1098134.6304620667
4257,479492.9057705171
4258,690894.0900979936
4259,1335964.7279231937
4260,806125.114684252
4261,538982.9511395448
4262,505137.8907967891
4263,2498658.9056671835
4264,1005022.9324798154
4265,704284.2534771044
4266,1362863.2757816298
4267,482906.46909363254
4268,911308.208299437
4269,1392470.1129603812
4270,2309394.823833557
4271,470828.91005034564
4272,1765674.3773891183
4273,1407177.6842516859
4274,600468.1834108002
4275,1014858.2531688722
4276,414768.0523009075
4277,571563.3973124479
4278,1043065.9048618448
4279,735129.4357737527
4280,804133.7912949158
4281,971153.8438502908
4282,1460109.5200227294
4283,2548826.5626104786
4284,1413351.3578859824
4285,756356.8192667324
4286,300589.60505480156
4287,549982.6401139228
4288,566169.319180485
4289,493317.0969246929
4290,1112347.4410166251
4291,1395548.547470411
4292,467081.56329904345
4293,904742.4452550343
4294,1683688.5822914673
4295,1268083.019671264
4296,1162073.022757188
4297,1039775.0936816109
4298,643703.6875269269
4299,2185375.048384841
4300,1295237.3893425919
4301,1010544.2010127127
4302,600726.6370965171
4303,1032235.6541301676
4304,1138683.578032469
4305,783446.1410953995
4306,973329.0102107566
4307,1139482.8479972538
4308,544947.9824322468
4309,945460.2385199993
4310,956488.4416050985
4311,1761718.3670550783
4312,660268.830351751
4313,1794520.9910842665
4314,350815.8323485181
4315,473073.0403655947
4316,633174.6341810754
4317,879876.3481621947
4318,771851.141808162
4319,540136.5247588005
4320,863914.1426616588
4321,707665.7130514864
4322,1989117.74796123
4323,648899.6933364869
4324,1600001.2721205212
4325,391355.2465461633
4326,1638950.7186834537
4327,686963.0482782187
4328,596624.271034488
4329,727386.4908698868
4330,789018.4615805938
4331,661617.095656072
4332,652552.1158325733
4333,556930.2188429993
4334,1164159.4947533694
4335,868184.8962082531
4336,1177113.8845598379
4337,1044980.5088875282
4338,825530.3616606693
4339,1125920.4887754007
4340,1360874.3969820144
4341,504556.55580865894
4342,2105685.746432845
4343,1172993.875236888
4344,1002230.4989008539
4345,1067637.4595374549
4346,1280182.9655025264
4347,511016.5487270567
4348,2572271.9624285973
4349,731395.4445503098
4350,396650.7313745366
4351,616491.7282419957
4352,1324450.8851250666
4353,475172.4413962349
4354,538284.0397096864
4355,540889.0384544359
4356,411216.2071843671
4357,1434290.479171063
4358,621573.8725328812
4359,841975.3245404931
4360,744115.8524022492
4361,640125.5944014319
4362,1691319.7200725079
4363,790254.3957997973
4364,777176.0648709404
4365,877082.5876362046
4366,1002995.0364780272
4367,723361.3034677495
4368,958143.6570187104
4369,1215849.805496693
4370,799803.0801691802
4371,482862.0042922567
4372,1039810.8172009706
4373,965068.4229841603
4374,657403.0266989822
4375,1153194.3044520842
4376,882812.269267728
4377,1617702.5996871355
4378,1481696.7016116548
4379,722719.6554208539
4380,829421.2820916001
4381,756757.2221841781
4382,1081640.0100771552
4383,769834.1614596623
4384,612743.9478963095
4385,1102320.7596971577
4386,503848.0585948912
4387,1092235.8540143946
4388,502616.2117341183
4389,1560391.4490843443
4390,853264.742357865
4391,1509331.5546247049
4392,1154472.184394808
4393,880414.483437609
4394,2007789.2099325112
4395,508227.1803488262
4396,821380.0438567724
4397,1390624.6236502493
4398,900042.9068185139
4399,937384.8605914587
4400,571067.5940317343
4401,1320069.804647394
4402,794948.1923355239
4403,1136190.5449971429
4404,1011337.7685544007
4405,539965.4594901252
4406,470799.3362160783
4407,1046335.1303681533
4408,567864.1575667904
4409,1292919.0958880228
4410,930117.9768752633
4411,1010078.6987313295
4412,2129114.5335870185
4413,863372.8147608902
4414,905865.2836371519
4415,1270274.8741624574
4416,2848503.180127458
4417,801862.8633335889
4418,506938.28767426615
4419,739220.6835609218
4420,867253.1792956108
4421,1445852.2254555072
4422,853357.5824678527
4423,528569.4736997169
4424,485975.8875327885
4425,674159.0753539868
4426,951558.7576719235
4427,576907.6430453762
4428,1438595.9223344722
4429,583116.1423608816
4430,1295407.589020649
4431,1454993.367791635
4432,660099.269465094
4433,1551732.183608015
4434,405918.2217702218
4435,810537.0653846343
4436,512661.16633664735
4437,1278673.2996975319
4438,1254522.0298622465
4439,1273857.3679601748
4440,778732.5888684622
4441,1017350.3083096948
4442,676856.3204520834
4443,1084429.200160848
4444,519480.4296254687
4445,1063317.1407080223
4446,2737037.255159826
4447,659572.8264503815
4448,979532.7742704697
4449,998580.5714367323
4450,585509.0722234641
4451,757682.9507661915
4452,362872.2028388521
4453,617400.8044249678
4454,1805867.9063094514
4455,748849.7388124819
4456,2939054.570144596
4457,1189227.3842419374
4458,695425.3409418362
4459,776353.1935354273
4460,597034.257878612
4461,2243831.3126661787
4462,1129463.8461273073
4463,422163.5264471806
4464,317754.9789230104
4465,628037.5441484592
4466,989986.3605649103
4467,1212185.9239392139
4468,628636.3788278124
4469,770128.3448106146
4470,967882.4613515299
4471,1119478.9899059627
4472,1136754.7248619783
4473,698831.6228973529
4474,1297139.7179495317
4475,1228508.1140859816
4476,326060.27073075535
4477,554949.4335272926
4478,1421015.341754467
4479,1666408.1761550999
4480,1909500.03523506
4481,536460.5851418861
4482,1033609.8894696028
4483,1060493.9052815565
4484,796073.7560585709
4485,2557489.421754128
4486,754767.4522290033
4487,1268375.8230199863
4488,919275.3154428479
4489,1198447.222677012
4490,2634570.1055789674
4491,1237438.9349527878
4492,1183987.2227179396
4493,786108.3403179448
4494,535487.8273183354
4495,1069216.7400234926
4496,646163.4377432503
4497,399693.029850022
4498,942600.4477382251
4499,1301349.4498439387
4500,672640.0010512841
4501,785976.7757294122
4502,1357614.5711629402
4503,1268075.7269677836
4504,1256773.7089081192
4505,1350154.9857344665
4506,1083224.3723242518
4507,1022303.5284874137
4508,1575138.1351199183
4509,541309.9585521352
4510,1754741.4219556977
4511,3161476.424992332
4512,516023.45186967845
4513,1833657.6187101472
4514,2765428.5196313737
4515,1032435.638684921
4516,516527.6859198881
4517,447428.8176675317
4518,2312459.651939929
4519,2158306.084434404
4520,2125569.3483330235
4521,1120170.7880512325
4522,865793.2458030534
4523,250832.31453301536
4524,556061.0264917852
4525,584795.408247666
4526,1480324.8664709118
4527,2165001.445232525
4528,2100130.615634352
4529,2521957.230480819
4530,2320121.604493085
4531,3586818.65957643
4532,1701557.7543682544
4533,1497598.8685246804
4534,876033.0604137211
4535,956418.8723915345
4536,717664.5541775821
4537,1252286.8004407776
4538,949111.7016047691
4539,1074667.9648589604
4540,661606.0640285139
4541,2796727.7535022884
4542,990458.390192591
4543,588004.0710373732
4544,1322041.8846846377
4545,476117.90272223874
4546,476376.39992493234
4547,704028.2662393629
4548,1480498.531522796
4549,709725.7709621143
4550,1256957.7794412295
4551,1406267.3221432057
4552,760871.6765345777
4553,1463103.821312229
4554,766570.2717106829
4555,741377.7391902765
4556,1130266.4476010115
4557,947710.6260710305
4558,724675.4649259858
4559,1548814.9768717925
4560,1638859.4759129866
4561,891549.7895321565
4562,909701.8521949685
4563,1332771.2632626258
4564,1201665.5232673783
4565,869649.1895311141
4566,1085767.7513004933
4567,731490.6656453751
4568,521532.58881151595
4569,243337.7376075727
4570,673063.912343605
4571,1898447.9742911384
4572,1701336.9383655381
4573,1578544.464456853
4574,1558254.076182064
4575,2250833.468077187
4576,2032661.7884654247
4577,679171.5585683667
4578,865515.2560532222
4579,1260970.6026914148
4580,653097.2372480471
4581,627167.2126046652
4582,511789.6716753234
4583,414843.93026885804
4584,263862.54029897455
4585,1458517.7020091051
4586,567370.2799605724
4587,783367.1694809458
4588,906071.2963986429
4589,1392505.3932965589
4590,1074724.7983948602
4591,473509.4020275301
4592,875806.23842548
4593,2445000.123933524
4594,694007.4118476587
4595,342522.83175458986
4596,381555.95016886067
4597,542082.8426455066
4598,840769.110219877
4599,458625.36312929395
4600,667740.8754105347
4601,484379.2140368115
4602,1444224.2406256434
4603,386594.77050034306
4604,1366273.9428066963
4605,609440.0826721624
4606,1322452.394566202
4607,2386142.520262614
4608,835254.6860187242
4609,1100038.5844998907
4610,575541.1792410354
4611,870144.289719874
4612,1063918.889170905
4613,765544.4045216739
4614,1273976.2039504924
4615,832231.5035548322
4616,1352369.4719598042
4617,1205245.6880363855
4618,1333451.4617350406
4619,1063951.1888484845
4620,1019296.2227976334
4621,1316993.4480527574
4622,406289.73837399407
4623,2358357.7437387607
4624,1695893.004744297
4625,663731.209526244
4626,2101741.299376748
4627,989273.9719725155
4628,848902.0552159925
4629,1589933.9043967626
4630,565865.6564583146
4631,709268.2678185388
4632,1071780.678538707
4633,533460.9123875883
4634,365952.1551054721
4635,866696.266652321
4636,2615604.8665525545
4637,466751.4830112305
4638,841435.4613084802
4639,465250.14961113007
4640,1277627.661439776
4641,1333768.941732862
4642,839783.3476612979
4643,1272901.0869015425
4644,701985.1738881302
4645,1143330.8791336564
4646,2242288.3003870677
4647,1149317.2970095347
4648,575427.7760546604
4649,1588903.4877221072
4650,1133749.6203176945
4651,1062642.1649219345
4652,1850422.0861894619
4653,610332.7386967869
4654,696130.4926200674
4655,2840688.7929315087
4656,589415.5861736552
4657,758032.0670602485
4658,1753808.8962334993
4659,995501.8778625142
4660,494899.35351297504
4661,448443.93012992974
4662,777345.5437774137
4663,670952.1427558301
4664,824069.3781212247
4665,496121.14614852896
4666,1122163.7362282837
4667,1360704.4873302295
4668,1625489.1322414083
4669,970512.2144872901
4670,1421271.871343312
4671,1697567.7713224306
4672,759993.3995973625
4673,742541.2749298351
4674,350426.61109760957
4675,434235.62523171253
4676,609302.6764496445
4677,2231602.9605888124
4678,999813.3317005436
4679,1079296.4693074124
4680,1116974.4248283324
4681,778341.0835405083
4682,1339515.7775631945
4683,776326.1165353012
4684,684289.5606764581
4685,725228.0646777329
4686,1031213.5126729086
4687,1606604.6053504143
4688,431239.1195076263
4689,965666.476495496
4690,4065016.807400093
4691,2232197.566598523
4692,1319534.8367809977
4693,1241991.4256021273
4694,1695006.6629946362
4695,1805687.8849655876
4696,1550286.9350457515
4697,1814306.9030313182
4698,602705.7739783493
4699,1235407.703821628
4700,717111.6655090716
4701,986366.9583311625
4702,1597775.8460532962
4703,783324.8545886159
4704,1154697.9258054933
4705,400152.2559554336
4706,394365.92743056145
4707,1202758.7580990475
4708,544838.9148722601
4709,1010859.0319228998
4710,599543.4128138135
4711,431524.45037151076
4712,1382442.6406426462
4713,623117.206024604
4714,738127.140942086
4715,2667961.825986831
4716,1594486.0283252879
4717,535782.9196247159
4718,2254611.4521913766
4719,612023.3813419113
4720,1140724.1659205784
4721,581864.3175422428
4722,2251920.27447481
4723,1229640.592882788
4724,901859.8271989806
4725,705919.8904745704
4726,1041285.4305369677
4727,651234.2362788633
4728,1182684.9324202833
4729,1209288.975736452
4730,1123419.9134320533
4731,1487336.1969090214
4732,635266.985768831
4733,2241606.427624253
4734,459631.43928789103
4735,1059643.892913908
4736,492540.26461531315
4737,654660.2454062802
4738,1422636.722197069
4739,604509.218870615
4740,714165.4102043197
4741,682405.9190449092
4742,464229.17441424594
4743,2700937.843406425
4744,1016440.9562399345
4745,1230699.3798523247
4746,739737.9166383308
4747,466164.94709919766
4748,1899944.0271630257
4749,1884368.5605722787
4750,788629.427299829
4751,1386592.4447635254
4752,1322560.8324503729
4753,734599.6832671687
4754,862839.9525144123
4755,858038.073262072
4756,722619.2195751808
4757,1022232.0687212765
4758,1665736.5051899804
4759,1791593.316276226
4760,999573.2859811273
4761,575503.3397543371
4762,1214916.6888935033
4763,1939187.639644919
4764,1087929.0898825407
4765,1251748.168464233
4766,956586.1924876955
4767,971045.3540543619
4768,800486.1830745592
4769,610144.947268579
4770,773949.9347493259
4771,1125192.3134308492
4772,1901052.5760482124
4773,716981.4445190221
4774,551181.2839675772
4775,730614.4538194078
4776,2085870.5073895603
4777,603728.1120723261
4778,666507.2854536645
4779,1427147.448033862
4780,786848.9488441285
4781,879258.1776205418
4782,857762.5228293628
4783,471514.6199417716
4784,1136717.726110713
4785,1691558.5845118333
4786,954635.5196239405
4787,1252943.5278163115
4788,632405.7764511155
4789,562550.1516514888
4790,941566.6393151536
4791,912677.1328533334
4792,459436.2332773914
4793,960292.8872799521
4794,385396.451721251
4795,600378.3237631636
4796,1145453.3135948577
4797,1482540.2822752278
4798,1159686.597589121
4799,749583.6539428907
4800,2186234.1566948593
4801,718172.291943759
4802,3404179.8310733074
4803,265334.4171734213
4804,718439.2800156157
4805,1271518.3792003775
4806,1041269.6289865104
4807,3068936.0921090366
4808,1792851.5865370343
4809,599252.8689121836
4810,2355408.2177610914
4811,1105616.4294804323
4812,797024.1554914479
4813,982065.5397646303
4814,1319964.4962444047
4815,652720.2566762087
4816,605629.4757279287
4817,391435.78032919846
4818,783712.8080315997
4819,1529697.0087557929
4820,785568.1537529719
4821,1030565.3666793911
4822,685473.613840862
4823,1271392.892930876
4824,332864.00461996015
4825,896048.4931985739
4826,835722.360046148
4827,940978.4134493454
4828,1340060.6403789674
4829,775963.278088226
4830,968371.5243460833
4831,1729519.8854240226
4832,1190517.355946532
4833,966975.0748328961
4834,1152818.3615666353
4835,561183.052881817
4836,1012011.2336916915
4837,530484.6294250693
4838,1898659.6419144555
4839,890475.8941257109
4840,1129935.2014649513
4841,2558962.264991203
4842,1281768.6016241005
4843,730697.6750930722
4844,1052030.104874092
4845,1482900.3823075476
4846,828050.3216285214
4847,978887.8207781061
4848,987524.1388031257
4849,616341.9759219474
4850,2240328.6791145043
4851,1305440.1495490023
4852,624218.0368477575
4853,994955.7329186122
4854,586623.979540099
4855,646516.6093221789
4856,744261.4300103614
4857,434285.1120712088
4858,1293751.162466558
4859,682228.3461825068
4860,879449.6034224813
4861,600884.1503508775
4862,668130.7496149016
4863,531378.1376719171
4864,666681.7453961071
4865,1648494.909897586
4866,682945.7738175298
4867,495815.2577378823
4868,1286557.8207487233
4869,336823.45881416666
4870,1566443.924502565
4871,701057.3485621597
4872,3363989.178246736
4873,1015505.9260265146
4874,649490.7002789559
4875,1115223.063761068
4876,1034131.6798356017
4877,1155701.1209950205
4878,538840.913239844
4879,883659.6312970045
4880,1412714.0311141757
4881,1288221.8883337418
4882,853271.8454906247
4883,594902.3691326311
4884,2900304.350693817
4885,866792.9587740245
4886,1565052.2711392185
4887,1169654.7547561908
4888,1020901.428173754
4889,1069053.1021801583
4890,964117.2146259919
4891,2011090.6769344672
4892,608196.2224526696
4893,800605.9840451652
4894,1130852.669237392
4895,505704.6877127881
4896,1044094.25252365
4897,411677.6837909761
4898,657237.320999721
4899,500842.4362281059
4900,292513.1862858758
4901,866111.8605277407
4902,1316901.1991680346
4903,1863625.7685285222
4904,908676.1270792651
4905,633173.8671798047
4906,873117.2162618486
4907,1240590.3067049053
4908,739163.4301207728
4909,1223343.055414786
4910,367348.2150155822
4911,1480324.8664709118
4912,1179187.9609133766
4913,483477.35113220004
4914,595573.6767886399
4915,1060679.855533216
4916,689556.9019283416
4917,776135.463150596
4918,1205920.4786105908
4919,920648.4737566503
4920,496532.8039982329
4921,657029.7946681938
4922,1259777.1965139024
4923,771274.6441930687
4924,1076225.788823115
4925,720791.387445382
4926,1379901.4044780827
4927,2405267.4462430193
4928,1047563.0975940023
4929,1638873.8686321995
4930,1018016.5712080102
4931,596841.7087571815
4932,1039765.5170763987
4933,649476.3569007734
4934,978576.0922845261
4935,729380.3843466666
4936,484838.4617674359
4937,746984.2969514822
4938,828252.1354367451
4939,783577.0498294906
4940,2770457.0961514935
4941,671058.7590910663
4942,944010.2379359837
4943,901247.5424971619
4944,1276218.822329638
4945,1156701.2634900783
4946,782951.3561476137
4947,2141747.804746683
4948,534545.9069545997
4949,856249.0151117942
4950,1222145.7090273218
4951,2301866.5681140544
4952,731834.4941431826
4953,957630.6523652712
4954,586891.561232703
4955,1063168.2366929224
4956,1023284.8086960565
4957,498087.6365788337
4958,726015.8941705425
4959,2175824.1122150114
4960,1272874.9112104937
4961,1522066.7249391465
4962,1167201.881754856
4963,1377191.761536435
4964,714529.0710799978
4965,1449448.6731411652
4966,585747.3863130775
4967,849681.011805486
4968,1315994.1278121697
4969,1137279.3533736474
4970,527496.2907667267
4971,660783.901701207
4972,1125421.7850757309
4973,2945105.619533938
4974,803930.1485972782
4975,518154.66068514204
4976,1455182.2541524188
4977,721612.9321097437
4978,1297511.4044880774
4979,1617168.849686649
4980,914043.9308030229
4981,928134.0557341626
4982,854314.0402891391
4983,1316566.3045701275
4984,1294980.8560140887
4985,781179.5944106055
4986,1182799.7214049767
4987,2404926.6583874635
4988,1191578.2290542845
4989,681456.1242464745
4990,1403428.2352538311
4991,1374618.9336920108
4992,1374090.6478733805
4993,553925.2126260713
4994,547965.4042825493
4995,711488.9552875598
4996,940411.4743689831
4997,1030769.670080045
4998,2033305.2912520343
4999,898660.8787561724
5000,661121.3763034957
5001,1068233.4864777892
5002,1980676.6041096512
5003,1844053.844942973
5004,975294.1034554756
5005,1289826.3589521619
5006,1185046.1061882905
5007,514922.7333426693
5008,770772.3591619458
5009,551114.9295815452
5010,1446610.6708286258
5011,2240214.432223661
5012,320829.5674067035
5013,815184.6004754853
5014,1107979.1057355208
5015,3037083.2561681466
5016,693297.3381275224
5017,1047760.8139671416
5018,1425539.0441007772
5019,2256078.3127029473
5020,1744460.6475179954
5021,1704676.7520086246
5022,1035176.0021855705
5023,1308754.6986104941
5024,369686.38218931877
5025,1557552.67103032
5026,974621.1063709327
5027,485469.64716161916
5028,820290.1280344415
5029,1243055.8236027018
5030,574955.0901956564
5031,1077558.2476671536
5032,1200976.0600124083
5033,958315.7926618978
5034,1017317.7560990183
5035,555505.2146920878
5036,312225.19673996523
5037,592856.4421628902
5038,2741240.973712306
5039,1995975.2083261523
5040,709700.7483730534
5041,422723.10013603943
5042,1112885.5814355493
5043,1109413.8118463685
5044,1121030.1681687778
5045,506593.15835627844
5046,2157828.4053701875
5047,585220.8750977038
5048,832387.8151234259
5049,816659.4929375582
5050,839949.3810343024
5051,1299383.0100551932
5052,1878107.865992953
5053,647930.6166413062
5054,1000091.5549230572
5055,748005.5892679574
5056,1212491.0021113716
5057,1285694.0448168695
5058,688339.1564199408
5059,1319489.3771366996
5060,1340726.431281575
5061,617685.8888017152
5062,1036678.4657484079
5063,1543821.0859806703
5064,1350269.566304913
5065,1453894.1344616495
5066,385583.2566672632
5067,833472.6120146042
5068,764998.3093348343
5069,981950.3822770466
5070,1964650.2630390313
5071,533272.482880831
5072,387921.08226286515
5073,750265.4474585309
5074,838477.5819753542
5075,490661.5487700753
5076,1028802.9809472922
5077,711264.8135038685
5078,546932.2461371289
5079,532607.0467067487
5080,783406.2678730962
5081,1490294.1358523022
5082,1154569.322177628
5083,2919042.5756728365
5084,452166.3066985987
5085,1305666.0421671062
5086,647269.743897306
5087,1045690.0592061284
5088,2434144.9485166627
5089,414612.8854620222
5090,502815.19302757084
5091,604288.835947738
5092,514200.5607643821
5093,494602.54816810344
5094,765156.2499561753
5095,1939024.6033462493
5096,1720551.6517552475
5097,1376315.0134794554
5098,665135.0627189893
5099,1449764.098474357
5100,667578.6088685759
5101,2463161.426523369
5102,1248170.1324601588
5103,1128549.0130420013
5104,1332263.487742974
5105,610152.338607329
5106,571797.5893959088
5107,400307.2345729038
5108,776871.9474285775
5109,720893.589644801
5110,723543.4739797907
5111,796568.1896662695
5112,632200.697532778
5113,1114317.8767820313
5114,497546.64027568616
5115,1027217.613551008
5116,797707.2411165421
5117,921158.2145645869
5118,939364.3466241277
5119,1349031.5670718392
5120,2413719.8265739176
5121,859316.2941427202
5122,414737.453025732
5123,1054414.9898599
5124,713825.9986006682
5125,759283.1956866016
5126,410647.07851907646
5127,965451.157157586
5128,788345.7175358138
5129,849327.288572225
5130,1058451.6589855717
5131,1157576.3737862324
5132,1388587.1944132834
5133,2628511.139841466
5134,942335.6043185128
5135,1184912.6508316533
5136,1735453.0013996486
5137,725718.2811731539
5138,1623829.1397595464
5139,2092898.6564062363
5140,760716.047365591
5141,974908.5359390918
5142,2479076.995856912
5143,1186093.9453328352
5144,1050370.4128298457
5145,587063.8368327792
5146,728338.518737433
5147,849433.8838534225
5148,1648237.6917590788
5149,1154390.0753402929
5150,3080064.0180400796
5151,616074.3653523166
5152,1923815.1878283222
5153,1311018.5208794829
5154,1258947.8066071938
5155,1024746.8358453412
5156,1157667.0596595164
5157,2172925.9687289842
5158,881750.8702907928
5159,1031074.8203667919
5160,1515897.8400995843
5161,531229.1332494897
5162,904121.4170541364
5163,1317476.3362728588
5164,439015.1547287412
5165,1690080.1014221623
5166,1214028.6811875806
5167,1878939.3118046443
5168,737164.456032696
5169,998558.5461686691
5170,1127491.672607792
5171,954610.9498354453
5172,887364.2230674927
5173,861898.7464086645
5174,773218.8464191915
5175,759881.6734432785
5176,685037.8325261364
5177,353230.0958651442
5178,781848.3973642157
5179,1008822.6648495997
5180,1059138.1761618222
5181,1069311.4241204334
5182,1099065.575510853
5183,549278.0865470867
5184,1629976.5811543423
5185,853987.5635621644
5186,1474992.3528188383
5187,447385.08726913267
5188,854622.1240417067
5189,812221.6334359733
5190,942581.3834632366
5191,1176803.5500083903
5192,1375708.9971161685
5193,1257437.7799604947
5194,607886.4888459789
5195,771185.4603968675
5196,1157865.5411060534
5197,1162208.9745549983
5198,1466780.3449004944
5199,1061370.332815972
5200,1313715.82791902
5201,1993880.5630561605
5202,960868.2221268797
5203,2896264.789507706
5204,1141080.2516252948
5205,1317415.6478289051
5206,1307787.652891266
5207,761796.3935534677
5208,942661.5610924957
5209,1937793.6619044868
5210,703055.964264605
5211,1392346.4810438603
5212,920032.7827991805
5213,1300773.1086411416
5214,854871.818596694
5215,882066.3374311564
5216,1165878.1106726339
5217,906354.2138880948
5218,786310.2624922872
5219,832739.6959914484
5220,1259277.086800259
5221,478603.5976480466
5222,916641.2379195974
5223,1622015.1247404541
5224,2842298.370079924
5225,1852456.0358499517
5226,1002008.2685565064
5227,2275351.6186976833
5228,879830.5211012415
5229,910802.7125428858
5230,2171259.264660814
5231,1207264.4702903705
5232,663337.4205144634
5233,2955799.858385286
5234,1139771.6377144398
5235,766318.7367947309
5236,1081159.419573792
5237,452454.97902373417
5238,516305.41988959105
5239,466889.33982751763
5240,676246.917416403
5241,1126594.2588181153
5242,632728.3400618063
5243,860663.1673459762
5244,423446.6844288054
5245,636302.9499834608
5246,2461315.2346399818
5247,1482359.1240063005
5248,1558965.6466534832
5249,471451.8063225614
5250,2645427.6789263594
5251,780469.9931870591
5252,1082576.6818893754
5253,1112682.9102170328
5254,1117273.251605275
5255,1670055.0920001348
5256,659337.0466636515
5257,820066.8789348431
5258,1194177.2525866614
5259,2335794.4890163173
5260,672469.8209234693
5261,1642303.6969063086
5262,1552646.296357345
5263,624148.0689605336
5264,1243709.6295339463
5265,613541.8756158113
5266,718633.8283549448
5267,801351.7904389498
5268,1467900.4646687384
5269,802855.1130191965
5270,633969.4976964446
5271,1406271.2784996748
5272,2146274.5199490995
5273,1763809.3306747263
5274,1010229.7919109453
5275,1253283.3911305997
5276,1461706.456518243
5277,1335249.864584667
5278,592726.4898825455
5279,903869.1628134489
5280,618382.9603679806
5281,1606922.7747648943
5282,349689.3831486393
5283,970141.5024562768
5284,1626181.2410442287
5285,655149.7078363453
5286,1026467.2774301474
5287,2370787.593530137
5288,991500.0112585751
5289,641829.6008509533
5290,585851.7451691675
5291,569551.4866595626
5292,494108.1540651228
5293,867355.753579592
5294,279703.7392086618
5295,1193248.6602662674
5296,1028080.2547071786
5297,1405753.5179776794
5298,1680526.0453914106
5299,2354193.8231878867
5300,685543.0578867388
5301,302793.6108272031
5302,527244.43840579
5303,1097134.0333297625
5304,1314637.3587985495
5305,2330254.2366343327
5306,688093.2980413061
5307,1065395.5052863124
5308,791125.4738364222
5309,1134693.3904220297
5310,624451.8366705509
5311,1242638.2317720712
5312,1187668.2370968284
5313,726421.2935131757
5314,613369.6511900837
5315,692294.3813340564
5316,900996.2639967644
5317,510705.3004968908
5318,405657.7924769174
5319,1263013.2623705487
5320,866024.4619335068
5321,587754.2440018039
5322,1293740.5224721364
5323,3378363.204709986
5324,830658.150548163
5325,1549158.7604657637
5326,395128.3442726185
5327,817794.7295424789
5328,2309365.7417745227
5329,479572.6344376011
5330,2846101.358179284
5331,511769.1659767559
5332,623778.0607699557
5333,612472.234972794
5334,751501.8848873524
5335,1647962.7920294479
5336,1708285.7824669525
5337,973333.086706078
5338,1097280.4171539827
5339,665152.331934481
5340,1305958.52384306
5341,1000962.7110386277
5342,2689519.04273523
5343,1546295.8260624546
5344,1506462.4845700099
5345,1475888.5350718766
5346,396960.16409371514
5347,895096.1503905925
5348,1696939.5436713425
5349,554921.6613222633
5350,410805.8358830025
5351,442725.57251191983
5352,1893691.4918960922
5353,952422.1514015951
5354,673234.4639999905
5355,608273.5101277902
5356,584039.5147057893
5357,1201770.955741024
5358,615414.6887319703
5359,516702.11642093933
5360,930813.9720897047
5361,709006.3952401379
5362,907520.6302666125
5363,699464.6133339114
5364,369999.16809633997
5365,1109011.522003527
5366,623198.0752457032
5367,372910.4134774788
5368,1035504.3665352012
5369,332362.3758738985
5370,1834661.1182599429
5371,1475287.2799967933
5372,671815.0729001794
5373,1049965.0572232332
5374,1166555.345371611
5375,2074911.5971301864
5376,894936.7282574337
5377,652030.7110978891
5378,809877.9001321158
5379,672159.281967809
5380,1121576.860564423
5381,944569.3424973626
5382,280486.0897444052
5383,607707.8259690298
5384,1268797.0251033057
5385,1593849.0004003434
5386,2444799.0995643153
5387,594813.8897747229
5388,1365274.3575118438
5389,738299.7669170768
5390,1873189.1606071962
5391,1597475.5956378481
5392,677118.3770783368
5393,1266614.266962912
5394,1333518.9072970124
5395,1837852.0134290936
5396,1289751.9462959073
5397,697047.7118211485
5398,772507.6561647514
5399,698151.1703491828
5400,790388.6565752231
5401,1019927.7169522933
5402,588702.6057496803
5403,1016921.933086242
5404,644756.9031301425
5405,379427.53052053566
5406,504919.4437721516
5407,1161522.2405858908
5408,1225842.697105323
5409,1684142.5563644064
5410,952284.8502438546
5411,964388.8864854713
5412,425082.1450396489
5413,1922471.3951079908
5414,505115.3605679454
5415,705049.1556522064
5416,1184840.011495534
5417,659152.880138399
5418,1465718.9504674748
5419,675957.0977945591
5420,1313708.8471733807
5421,1651484.3554102837
5422,1226903.2148562088
5423,1134139.2664540126
5424,1153531.2088363068
5425,726856.5296962612
5426,1880388.99525215
5427,935275.6549767795
5428,1367716.8893073667
5429,1151522.6514847036
5430,828277.2087398104
5431,1219903.9289860358
5432,1769102.6699532706
5433,544584.293349045
5434,804883.770243031
5435,1384111.8213522034
5436,696808.8691522406
5437,958989.257619863
5438,1026432.9723936603
5439,1589788.671472692
5440,1453708.400515576
5441,821619.8929188083
5442,442748.6221772416
5443,714256.6412264488
5444,1792986.1066742998
5445,1549746.395675716
5446,651052.7849388325
5447,873497.6224593907
5448,639322.0321368686
5449,997170.515063808
5450,1409715.008114069
5451,1138807.9668333214
5452,816304.1190800444
5453,311035.4744550515
5454,447412.44491115026
5455,288595.15765898564
5456,992794.2724855265
5457,745644.1482884843
5458,1223883.7669385332
5459,985161.8223171027
5460,580585.1509045163
5461,1514115.231408526
5462,420054.57536520186
5463,471540.64299057506
5464,636109.652883148
5465,890849.6505965409
5466,607741.659300092
5467,761222.0212993404
5468,836984.5515043162
5469,506572.2368216071
5470,827611.3625532993
5471,811949.2588783436
5472,1020706.412573528
5473,1668311.6618523814
5474,425498.38538035366
5475,644667.8480381838
5476,1648366.9510490529
5477,730589.9001804435
5478,1833361.2224564948
5479,674519.2744873301
5480,839067.9170010429
5481,2747782.287870702
5482,880751.9657733291
5483,765606.2759961808
5484,933965.936612298
5485,982267.4762690027
5486,887169.2150049937
5487,849032.20054673
5488,802912.5329840768
5489,1587594.6942046825
5490,3274583.139893826
5491,526515.1506627016
5492,345484.37707135465
5493,1049589.0675090547
5494,785324.8950186081
5495,936025.4884495236
5496,664517.9432336817
5497,1609596.9642562584
5498,976811.8859932505
5499,1549878.9329671687
5500,1379167.4942694646
5501,1199071.1915564272
5502,906242.3751765063
5503,1299744.0573868984
5504,1096552.1793844618
5505,1307471.5244485356
5506,592104.5024933201
5507,479453.00488608045
5508,1217070.04630084
5509,2762632.8966316245
5510,641577.6918224947
5511,1283058.8978327434
5512,913874.9850883303
5513,1233541.3923355355
5514,973046.3015206282
5515,676541.3984802031
5516,1690345.189375756
5517,1080872.5436487328
5518,1383502.4210644092
5519,529458.3185562455
5520,1516474.4041393881
5521,895233.2104264928
5522,535501.172063165
5523,681633.3766088445
5524,1263094.7970480656
5525,1573713.5914158227
5526,1530796.944659131
5527,1062031.9647972668
5528,1334684.6011419606
5529,381647.0951097249
5530,692159.0226289794
5531,1230355.6041518277
5532,1579186.4882697538
5533,370343.4219877976
5534,634131.3874153824
5535,497926.82757732016
5536,698065.4414290688
5537,2941734.4481073725
5538,1187075.045972933
5539,924740.9836915617
5540,588065.58944608
5541,1057084.446314416
5542,1248309.3560258832
5543,2035576.0962393128
5544,2105817.021192962
5545,897955.0921085395
5546,1280993.0014073977
5547,1106070.7908493085
5548,416353.7084223635
5549,936005.9181806889
5550,366780.3480049704
5551,297742.75725314795
5552,879768.6308194995
5553,2200664.138363928
5554,1843228.7911401119
5555,1025241.8789008562
5556,446788.90698156174
5557,1027895.1137671408
5558,866028.1898095637
5559,1070163.177785164
5560,2180179.057103054
5561,711737.617789929
5562,1009107.3637711309
5563,422834.70431747864
5564,491053.72081329155
5565,697268.8507298224
5566,711578.0120383882
5567,2563666.755588889
5568,922988.140329717
5569,1143214.3099297856
5570,646766.799257908
5571,1724679.6147838514
5572,427383.9306397272
5573,1019505.7465509232
5574,1223047.5378887637
5575,1608800.6372007523
5576,570367.2583262351
5577,2044574.403732939
5578,484429.9176505495
5579,1464557.4464329355
5580,851099.5214797588
5581,2338914.964989894
5582,1170984.4641027031
5583,477199.32774440176
5584,1334424.4620966793
5585,1429280.3199925579
5586,840437.6418068586
5587,1399935.672120391
5588,1519767.1646490372
5589,1022456.7967454677
5590,529754.310899931
5591,720495.6214221546
5592,727705.924022952
5593,1065864.4862651913
5594,778248.2481521759
5595,644875.5506306199
5596,1392414.858135989
5597,1777015.1324997563
5598,820027.7968993676
5599,936441.0902200864
5600,566318.0536414982
5601,440494.90347794583
5602,2527753.8625809895
5603,440716.31624013325
5604,738100.5693495021
5605,2611069.920002153
5606,807934.199220335
5607,557658.2920352393
5608,959298.8964119873
5609,1956681.3019910385
5610,397925.79262921005
5611,1477390.1136107736
5612,1555624.9341310677
5613,1044956.0066117169
5614,930506.1724632862
5615,1854341.2792426334
5616,1644271.7613247337
5617,1039996.2030631991
5618,399828.2007523969
5619,563262.7264812222
5620,1423167.8383067176
5621,875194.8914830586
5622,409451.1297404654
5623,1169442.7219397894
5624,1117712.5119400169
5625,1341996.2243895074
5626,904455.3693366424
5627,766645.032899233
5628,1336470.4348210187
5629,3637125.545754698
5630,589200.323596658
5631,1570371.354554232
5632,731542.6887170254
5633,578150.4195665196
5634,669131.9139263212
5635,695188.1714120657
5636,1614500.3432246894
5637,1015275.3670776485
5638,771934.3126662133
5639,611888.1672838221
5640,563410.0472234952
5641,1257338.114928402
5642,467586.24176083977
5643,1529401.6379116434
5644,774854.1927744322
5645,521300.522392481
5646,1058235.9339799737
5647,992568.5256606536
5648,533318.812454315
5649,2159951.169227213
5650,737555.5487864565
5651,1909568.9980502974
5652,383869.9385177366
5653,1132511.4465249453
5654,469222.81937012274
5655,862343.9314334058
5656,286504.59722690185
5657,337493.3720948783
5658,2194587.699474146
5659,825317.2911908708
5660,416906.8822022962
5661,356913.0383323914
5662,1548579.5688101307
5663,898521.059025121
5664,631515.145010107
5665,480275.10350975825
5666,1229626.5558804595
5667,2382286.092100703
5668,570578.2557556975
5669,1428566.344831128
5670,2151854.5281048766
5671,691332.487952598
5672,1073501.2760138144
5673,2552850.2928958377
5674,1183700.4185951424
5675,618846.9580790215
5676,1744506.1590575094
5677,1773260.0251056345
5678,1406624.2221150147
5679,797053.821658141
5680,670025.6144991501
5681,1272185.2908838992
5682,3998585.9394200984
5683,985054.1849152003
5684,519477.87749972474
5685,1041845.2135523187
5686,871290.4568921583
5687,657150.117504936
5688,1525923.7713196124
5689,1002984.7831148938
5690,1503386.1996466867
5691,806967.8961763241
5692,2519576.7181695113
5693,1203573.3924708653
5694,1303222.98238238
5695,904324.5367980854
5696,450088.5030456828
5697,600269.300276259
5698,784061.7952471945
5699,572039.6628500628
5700,546907.0472484968
5701,861144.3850498748
5702,1051931.061253729
5703,996469.2216656839
5704,494458.9914571474
5705,1056386.2874117058
5706,1107748.6229710015
5707,1091641.6782165188
5708,1565660.07090074
5709,1132971.6725758913
5710,767178.5674739338
5711,1040211.8445891091
5712,1000934.2595087468
5713,1142415.4365825262
5714,692615.2076055846
5715,1556046.9841418834
5716,1403583.829817873
5717,425828.9307552072
5718,2151327.965578964
5719,882230.7601611047
5720,1308297.2317267472
5721,813576.0285076896
5722,1195627.2063372904
5723,611369.8666113899
5724,464748.56067912723
5725,948310.1173056312
5726,912808.5178836772
5727,978841.0179852076
5728,1788308.2038063684
5729,448206.1103871921
5730,874428.4531892495
5731,765309.7661153013
5732,711973.5648986552
5733,820494.6159976539
5734,712271.8969384708
5735,2018450.4414671133
5736,961866.7358897844
5737,1218344.2579911165
5738,841969.1190672574
5739,1273491.9177347724
5740,964596.9180005562
5741,920564.7681641891
5742,883024.908396717
5743,2162615.463839108
5744,845140.8670919224
5745,911262.800800581
5746,1934125.1569783164
5747,589777.173132043
5748,743606.873616328
5749,997806.2770099039
5750,2531700.4519760367
5751,949387.0510024931
5752,776322.5046007923
5753,649812.6655338217
5754,976683.1725537569
5755,511560.1925827516
5756,979382.6643547225
5757,1340295.207438238
5758,1269000.9280058031
5759,821945.7112029202
5760,569778.7489353088
5761,1018443.198870865
5762,704777.9710152886
5763,553079.8899791283
5764,1366804.149748166
5765,732283.2565925169
5766,386121.60051648103
5767,791521.90860145
5768,432874.524602276
5769,1651546.4963743775
5770,1313386.5847068771
5771,1344745.4467195533
5772,1468129.876267478
5773,1714402.5436274612
5774,1307532.105860201
5775,2614258.627833658
5776,1361854.7629182981
5777,1450265.147958932
5778,490517.0075063779
5779,608030.8377997384
5780,1098719.3297766785
5781,1575860.765455981
5782,875128.4981513125
5783,618411.3851685212
5784,755890.1642409926
5785,895086.4613738629
5786,963148.1294361729
5787,340701.6347590471
5788,463870.9026663271
5789,1660054.9363899308
5790,829127.3759689974
5791,839414.4604001286
5792,1125775.4843122764
5793,676332.8517263802
5794,652674.7009158296
5795,881950.0720915522
5796,486506.831212988
5797,1976119.5806333618
5798,911377.5196023051
5799,1487331.6888608935
5800,384405.7435421322
5801,840658.8571094713
5802,1452082.6809373319
5803,877952.4717582199
5804,1073279.0305197833
5805,1413496.918958767
5806,725018.4192752194
5807,1121106.977411105
5808,1468349.3227680197
5809,1464584.4072173666
5810,663565.1719197762
5811,1159186.4984427963
5812,911216.4008555247
5813,605483.3707684209
5814,2001810.3504695015
5815,2500687.9743361785
5816,600031.7006380972
5817,662226.5592439215
5818,808064.6248428128
5819,899589.2666517758
5820,953817.5068956467
5821,1103239.3341299433
5822,1452756.2750973369
5823,1215538.1022066192
5824,1024748.220024806
5825,1250093.215618798
5826,607318.587276539
5827,455013.95474021626
5828,2217050.885048191
5829,2222856.7226975416
5830,1718658.4689176814
5831,630757.745481298
5832,1413330.6841153293
5833,1262402.7003690726
5834,604635.5623362248
5835,510582.3895044471
5836,240975.86211592797
5837,904424.6815850553
5838,829660.8634886424
5839,2731022.2822667276
5840,593665.2573928561
5841,1161082.4646043256
5842,702165.429564634
5843,563984.9870257654
5844,769480.2456331251
5845,333376.97173487494
5846,1028973.712551405
5847,802737.8979633441
5848,494158.09517140716
5849,2041255.1461226365
5850,1387477.3177080152
5851,766307.3580116986
5852,1434528.276575134
5853,771435.4098097305
5854,483446.6259545591
5855,982280.9384654184
5856,1517750.9111079746
5857,2295123.4355643904
5858,1195815.2954716333
5859,908519.8514939351
5860,2340785.8811325296
5861,1128798.1672546421
5862,549949.6456997743
5863,507603.36892888974
5864,1288534.7298164875
5865,833369.793135963
5866,992079.0125263346
5867,495329.5346699673
5868,528536.4876894368
5869,663268.7699310853
5870,1208886.0380371804
5871,667685.336634396
5872,695062.468794129
5873,974881.2230565676
5874,1341138.674250883
5875,1121260.049268872
5876,855762.5313722629
5877,1183469.1241427097
5878,648434.4611678931
5879,426500.09786875354
5880,1291955.3676014964
5881,1017282.7306150857
5882,1558722.6949844565
5883,3803954.763145608
5884,2263588.145581821
5885,535036.7607632797
5886,1380111.644376704
5887,2002931.8661431663
5888,1418177.6901844344
5889,372230.2684790582
5890,1707907.8882681138
5891,689597.3671804722
5892,3019788.7281988743
5893,819721.7068767296
5894,1525864.9205896445
5895,1335463.2895496804
5896,993659.9829120111
5897,878980.3219129357
5898,532118.595979401
5899,589849.2309464703
5900,635547.7508170814
5901,558934.4131955993
5902,1096083.3766794833
5903,897133.6456980759
5904,1022409.8240934196
5905,1540672.1150767077
5906,931956.8193233291
5907,2599729.7750296392
5908,1121148.7937729093
5909,2121701.97500566
5910,1026300.6913657854
5911,661943.5774948234
5912,417582.52508776676
5913,2646698.621187041
5914,251018.72387249902
5915,1170856.6834583082
5916,1017995.8869512113
5917,1466886.785183179
5918,953780.7001227238
5919,2476524.6701181526
5920,383976.86489719956
5921,626302.7258539523
5922,362792.74714776943
5923,1273854.0115877294
5924,904127.1605581888
5925,605865.6904491014
5926,640450.0158448903
5927,1151824.305257694
5928,633091.1783954006
5929,1127744.7025138577
5930,1035743.3283320132
5931,1182064.6927861334
5932,1477709.6078379657
5933,683302.6320984086
5934,1584271.3812651564
5935,955747.8385083141
5936,704745.8180381156
5937,680844.6156118821
5938,1552158.286740001
5939,1213044.876164334
5940,2286369.8712926907
5941,866405.1503298678
5942,1781415.4522744145
5943,993813.844051416
5944,430787.5540359695
5945,2820560.4804317974
5946,700270.5997556745
5947,1136532.1974120985
5948,769280.0064343153
5949,2663311.526504369
5950,532442.1303429462
5951,1684963.5430024269
5952,512167.2008692684
5953,821628.9575038987
5954,678836.879675293
5955,1971929.2603501861
5956,569276.800228272
5957,1031823.2440941248
5958,669331.9170288573
5959,664746.438836505
5960,981434.051554189
5961,1805053.121294081
5962,1635194.360355334
5963,1469441.1309249036
5964,1980217.08904105
5965,1039350.2172541015
5966,535915.0705069524
5967,635910.4165112057
5968,1355705.654366273
5969,662899.0553085516
5970,471954.34856081643
5971,1431660.695986616
5972,1705709.1288634334
5973,1616458.6474310427
5974,782737.7433957574
5975,1401593.4567922142
5976,997216.7865915345
5977,1499314.8568722843
5978,606718.9737613674
5979,1311167.8334463728
5980,500574.2222086827
5981,1269247.6449344968
5982,707989.3446832099
5983,1117068.349663192
5984,643829.8609551659
5985,455259.5695121104
5986,1109839.2106859232
5987,982943.597643759
5988,1426416.274628185
5989,1688453.1255921521
5990,757440.8368406459
5991,1208355.1656057234
5992,862706.9539827771
5993,1237077.120970498
5994,562483.5691289239
5995,1464040.597342303
5996,3739009.5830835737
5997,1236394.6025186395
5998,753129.6858395324
5999,683859.4274720541
6000,1209544.2205277504
6001,1228523.9728227793
6002,1217814.9844326358
6003,1084290.6191589313
6004,470818.7172450331
6005,1989463.8354632428
6006,456747.3005316182
6007,683138.8429542565
6008,819269.5162000944
6009,573444.2927710762
6010,687443.1394049681
6011,270994.9477565835
6012,788556.3888107995
6013,1193307.2580995976
6014,424091.00501834793
6015,1003589.3357955476
6016,903276.4184168793
6017,964283.2966555184
6018,784151.8869189719
6019,449636.34349418664
6020,1164543.5218997153
6021,530073.4893425436
6022,623060.8399004699
6023,410453.0414110425
6024,1176573.6602338841
6025,1810228.883859821
6026,565896.0421732842
6027,635270.1362549701
6028,861531.8812416303
6029,605908.8028424348
6030,2100706.8922625454
6031,1295285.0178997035
6032,475967.94766696345
6033,1207755.7616168158
6034,840494.7645338215
6035,486205.8970482872
6036,2120309.5148237464
6037,2684943.693550502
6038,1054492.8387445377
6039,630380.5850614257
6040,708187.8055395298
6041,1001843.1533684839
6042,1201129.6376773284
6043,1084317.9982175587
6044,381895.6935310319
6045,641206.8655550872
6046,853379.8327346153
6047,1195643.513588216
6048,1145964.8235757696
6049,688383.2969914802
6050,605728.1527800638
6051,951233.9044931607
6052,1071468.3824881036
6053,1044795.312485415
6054,1144653.3522608234
6055,2026103.226533679
6056,1119594.789413833
6057,373253.66569081234
6058,476559.73676334694
6059,1091616.5138564503
6060,1250766.2811304245
6061,734048.8157059858
6062,1718966.2985682539
6063,494792.2798677416
6064,393096.7329636451
6065,366114.1932695665
6066,1873021.2956256056
6067,1214930.1340617016
6068,465823.6646311481
6069,586744.5029158266
6070,1360123.8173608156
6071,1316115.590079483
6072,1573390.7504545671
6073,1125487.9997412125
6074,1384058.8601255037
6075,1623770.987569055
6076,1206580.8703495588
6077,926203.0150570477
6078,1153165.1536542256
6079,793256.27313541
6080,1287305.0163333907
6081,638449.8167155049
6082,453939.35626533214
6083,372835.6976426042
6084,547220.9096534791
6085,525866.1518318795
6086,686961.2019345539
6087,665609.8483314106
6088,785032.183023301
6089,1020577.1356508818
6090,725398.5482804807
6091,736469.619032666
6092,3039729.4955140124
6093,578862.0860324119
6094,572114.1899201167
6095,865816.0266395586
6096,621952.301324185
6097,1194966.4028443207
6098,928887.1978955098
6099,1405903.556527973
6100,497787.2860029207
6101,661717.1737061777
6102,904751.4889562537
6103,514568.86606236664
6104,1694302.7508476623
6105,463735.0591366985
6106,1205436.0334165446
6107,616375.1556660054
6108,639754.5372208807
6109,376475.83140597487
6110,805094.6552905316
6111,891466.0817975749
6112,812657.3076240966
6113,3093939.805435732
6114,2396759.0051432378
6115,883756.7118025548
6116,331076.7303969174
6117,1451107.2960862068
6118,983794.6617209486
6119,1612143.93639396
6120,967243.09882131
6121,659976.864592899
6122,811030.1614831536
6123,806502.3226552205
6124,1170609.7646273368
6125,575212.9144426754
6126,687481.7764600671
6127,893920.5118468016
6128,900631.6265169285
6129,699102.313109082
6130,589510.2250029292
6131,750615.6900061686
6132,1040634.149268721
6133,373020.6141239101
6134,1504873.7127603642
6135,1026422.5369479698
6136,1099372.4207240972
6137,1068086.0023634431
6138,1337537.3878680295
6139,3254309.236035526
6140,383238.4618029944
6141,1021098.3837102072
6142,786504.7696788706
6143,1123917.5388584547
6144,1444780.8930751989
6145,429582.43128182134
6146,479337.6303887989
6147,389663.73545870656
6148,1124294.5990908036
6149,2171527.7037663036
6150,1774762.0017236175
6151,1202930.250955316
6152,1332892.1259160596
6153,678728.3673182561
6154,1074962.6839439117
6155,1527764.739631412
6156,1260237.7028036749
6157,576760.8880048321
6158,1732223.3959234222
6159,556772.1018659943
6160,522754.2947984716
6161,745655.7400887328
6162,706186.9467250094
6163,1918872.6640191341
6164,1153567.3076732338
6165,669880.9161364874
6166,451412.26685502555
6167,793558.5916276219
6168,2101431.9222057
6169,634750.1506333186
6170,457771.43646822154
6171,1444988.0822777683
6172,2044163.3367323019
6173,2036155.279875772
6174,1460657.0731884427
6175,2706106.934882503
6176,1318025.5411129554
6177,894638.0115670651
6178,989841.7369417271
6179,1050339.2562721882
6180,929586.9711363729
6181,584922.5755074729
6182,1310208.45364147
6183,948575.5939958408
6184,1693145.02525351
6185,466039.5854076521
6186,651288.5627796989
6187,506928.7204303773
6188,920375.6473496447
6189,595930.2474010063
6190,531810.1611553637
6191,532228.0708818117
6192,509056.4077789977
6193,1301884.6248804657
6194,438596.11523864354
6195,1592509.7347826408
6196,1663779.8688571665
6197,889642.7586964737
6198,841803.6200259549
6199,683404.0058538986
6200,1030474.3522180764
6201,1988132.049956617
6202,1623974.2415943656
6203,971838.0863644273
6204,1838258.5346031229
6205,732524.2038477294
6206,644140.3716861875
6207,713607.731444627
6208,1787877.8526713022
6209,579544.8814126545
6210,956924.5529064635
6211,757434.89982847
6212,988956.2146221343
6213,806017.1650227028
6214,1531426.641164477
6215,547509.2921406756
6216,828931.6958995257
6217,1341026.5226269846
6218,685278.0491618249
6219,1903788.82266241
6220,873251.2872251583
6221,1154236.281000631
6222,586591.6390111733
6223,631720.1713632052
6224,1005480.5819495298
6225,682451.3567951039
6226,1071549.8975000463
6227,2556723.1446933183
6228,664255.9768969102
6229,885613.2067475304
6230,1892420.7837555476
6231,493158.7833431404
6232,701424.3232510111
6233,403192.0669898983
6234,1634947.8146253293
6235,800289.781077005
6236,762869.6382671227
6237,555381.9868054126
6238,1339879.6728809976
6239,716597.1654837644
6240,1248237.405666045
6241,607284.646919712
6242,931818.9616822522
6243,1084202.080725494
6244,1163366.7990417178
6245,1539259.3965984648
6246,1138769.6081981328
6247,907646.1628148976
6248,1189456.8434865498
6249,1182217.3523663338
6250,1384112.7844370303
6251,764004.2974221448
6252,476918.75243622455
6253,970171.8027222136
6254,1143021.3660947364
6255,1882648.2789005039
6256,673284.6333014144
6257,438334.5444563444
6258,703955.2019395545
6259,984484.4403773131
6260,950329.4029454015
6261,1254129.694995393
6262,1119986.927463417
6263,637101.9427198329
6264,923585.5393651667
6265,2591566.9997871625
6266,845625.1724143642
6267,1177538.080118016
6268,785145.2348980096
6269,1103347.7239179162
6270,1441507.950082724
6271,645953.4192134911
6272,1229739.0904390588
6273,2246660.333126761
6274,673707.1187697229
6275,651419.6566672865
6276,1434257.4536859689
6277,496957.5510598244
6278,1465760.0919846275
6279,529305.7942030211
6280,692005.0960731329
6281,712875.094493501
6282,571146.550744439
6283,714719.1115478588
6284,731838.0627832137
6285,758453.7111697474
6286,2916168.0072627612
6287,503214.34370433795
6288,1155895.8774182396
6289,2017009.5956943524
6290,1065911.631098714
6291,492572.3213942001
6292,2241752.7458548597
6293,694083.9989447346
6294,644209.2649109
6295,1231671.4107714552
6296,1401771.552929183
6297,1321912.329603793
6298,2550079.6973908576
6299,1849634.8101341552
6300,1020675.1742966134
6301,946116.7890499848
6302,397486.7839339084
6303,846864.2724403833
6304,637934.9007627867
6305,387369.8635451744
6306,2249023.9335253728
6307,1269685.8514764765
6308,1024721.2284768384
6309,1861145.9677739174
6310,1334142.83514635
6311,1350391.281467029
6312,906935.1000259009
6313,2330184.061619728
6314,1496826.3944423716
6315,1102269.0508766707
6316,1834366.3131333045
6317,520214.8901774101
6318,2673165.383821435
6319,704651.9195950932
6320,1849893.194275741
6321,448949.66636168835
6322,1266280.0982526466
6323,1406743.1964640187
6324,808418.4276088661
6325,753240.2311291982
6326,2779407.9715906153
6327,444695.5068479511
6328,639721.7255695263
6329,898192.3363268825
6330,941965.6282572192
6331,1287469.1923445673
6332,2699628.9371632664
6333,589769.4432000746
6334,872711.6287919689
6335,792647.2070452904
6336,756148.3823836928
6337,1005701.1262945428
6338,523109.31687627546
6339,1671357.404327124
6340,1158996.539316676
6341,891019.1627523137
6342,1993071.021551982
6343,1083522.3074784346
6344,2364953.75227179
6345,948830.2334560595
6346,1412899.238871078
6347,747871.9737058566
6348,454538.1493718458
6349,428584.2048545241
6350,2310814.3070627893
6351,589025.0926484875
6352,2090413.2638217919
6353,1784035.8386685653
6354,626110.8370649051
6355,1019574.6638884965
6356,804152.3520180772
6357,2221171.443511481
6358,612296.6324414683
6359,690134.6830775989
6360,1347404.46565208
6361,382728.67163434025
6362,711217.9535260254
6363,797122.0177150237
6364,329425.72967118304
6365,399569.8927308209
6366,1161941.2251937909
6367,744648.1837782754
6368,956233.0043368781
6369,790126.0202441284
6370,1351796.40458936
6371,719295.075905066
6372,316729.0174927445
6373,529571.2795567093
6374,516591.75371893495
6375,719593.3435391578
6376,621338.0526718687
6377,733429.0525856944
6378,592558.8743139447
6379,837398.2767677965
6380,1090039.1226768512
6381,972793.2693982385
6382,618229.3230448285
6383,718612.1672406638
6384,824673.3283447755
6385,1177493.6654283456
6386,2128666.6493255883
6387,2008363.7272175897
6388,1101757.2668705122
6389,989193.090268855
6390,364760.66379291285
6391,1415722.3676225955
6392,1096938.702578757
6393,878208.6011823814
6394,1552114.180887765
6395,1075950.8270169222
6396,816114.3323667946
6397,1124442.525449974
6398,657566.0359198378
6399,1453025.958996314
6400,463917.19446514867
6401,926486.1968463064
6402,659197.2594916408
6403,875055.5392552621
6404,1368345.453416479
6405,606509.9291582466
6406,1001009.9738689163
6407,1012724.2924434268
6408,1392948.1466716717
6409,1443140.397962105
6410,385872.55337436416
6411,2166164.5873883944
6412,1228425.8055951255
6413,705903.6304815271
6414,847391.2603279252
6415,909436.1602656185
6416,687845.4536266006
6417,782929.529179059
6418,734167.4478672089
6419,1876492.5402577298
6420,1442936.3788352348
6421,2477393.7224646863
6422,1716582.7783190645
6423,616189.595097404
6424,1466948.0111235413
6425,635969.8364148249
6426,605623.2175525097
6427,2141339.2329748813
6428,1509506.0791204597
6429,688060.6521802348
6430,1152782.5149477026
6431,846211.320722308
6432,2158478.783694722
6433,2203495.8652146417
6434,706343.3654971683
6435,481858.3627770491
6436,1220887.9796273496
6437,693282.7122387245
6438,745600.9043206172
6439,845330.6476333337
6440,1622831.9728492359
6441,1731785.890172321
6442,755684.5592244044
6443,967544.7652186288
6444,928939.9802099799
6445,1343932.6132373335
6446,1801366.217197933
6447,403586.58610347164
6448,1000741.8541884265
6449,718858.1002350879
6450,524726.0199439896
6451,1457920.2334147224
6452,522456.8588499591
6453,1317328.3696062914
6454,557767.7136744827
6455,1135761.8691930647
6456,347436.65101348504
6457,1577109.6278579049
6458,1845134.3684379815
6459,834782.3286620688
6460,1104412.3741359538
6461,716226.0436842161
6462,1039578.086865576
6463,527126.4537262905
6464,714413.8882527157
6465,833514.7838531116
6466,495357.30808794283
6467,607343.0159449095
6468,940649.5850051232
6469,1299300.7370880414
6470,439932.556227917
6471,1113182.291327738
6472,1225223.4565492352
6473,532954.1498107436
6474,636801.5258651316
6475,1470729.8380029844
6476,1038163.0676910365
6477,1237386.5881992262
6478,1244530.5824800658
6479,324043.8025491232
6480,610083.7206193659
6481,516283.2474131704
6482,341244.91730263864
6483,1383681.344809838
6484,850155.2332678756
6485,494889.6608154627
6486,839296.3011780913
6487,1207606.2000403649
6488,427400.60682489496
6489,1154878.6801169433
6490,1187723.3195130904
6491,1067579.3682094244
6492,794534.1834293125
6493,1306743.7847699614
6494,2011001.4882010259
6495,717052.0994199581
6496,856398.3290538676
6497,517513.44523964403
6498,1571495.7498328942
6499,560725.9803247742
6500,751664.9182382989
6501,1137465.6615241491
6502,811101.8537820218
6503,1452979.9353695516
6504,1094855.7587758915
6505,899114.8489739053
6506,1568522.6206837655
6507,1548291.2297043244
6508,1736409.6083057823
6509,604405.647716785
6510,373289.7103430605
6511,607874.0649185999
6512,3383202.8892873432
6513,1170921.2113012923
6514,1747566.2230135219
6515,1168824.320975483
6516,1698207.6270514426
6517,951049.4744124959
6518,457186.29541991686
6519,1552058.0194579735
6520,514251.86466492934
6521,1690700.3330418726
6522,660711.5519868996
6523,1804784.086377286
6524,602433.6506290665
6525,620528.880818705
6526,1183955.7800218598
6527,1432728.702655793
6528,2283021.057852153
6529,1131024.828372035
6530,956980.1064906484
6531,640387.4365754401
6532,452088.353511857
6533,1592637.4845116625
6534,623177.2490811802
6535,1060076.9533512036
6536,837535.9777574932
6537,1623645.176441802
6538,596378.5751420627
6539,1189152.7832114322
6540,466898.53021899035
6541,741958.8022871581
6542,768823.1413921737
6543,397671.3063435441
6544,710097.0507876808
6545,1823128.8783046887
6546,1075983.0279685308
6547,355756.658097461
6548,699850.6750125152
6549,480382.2880917329
6550,534969.0066849294
6551,1589712.7732010954
6552,1471537.5203919944
6553,1270067.7850991113
6554,522177.4003000172
6555,1673648.7513424729
6556,1112978.7761626581
6557,1769958.9687239174
6558,662026.1885103142
6559,520625.29518396757
6560,933987.2200178254
6561,994780.1541450633
6562,441158.8779590159
6563,998554.6999883633
6564,601752.4415307248
6565,2281055.427381395
6566,630225.5367804371
6567,674116.9325616178
6568,553892.7792886951
6569,548837.5590546752
6570,1167784.1299715259
6571,1353839.7384802632
6572,752997.9229144129
6573,857987.7479628037
6574,705078.0111304485
6575,910900.14944144
6576,1315457.5774174938
6577,736744.1652900499
6578,1063210.8595297514
6579,3047316.3805686105
6580,723888.0288704329
6581,857286.096932745
6582,1386951.1867456287
6583,1270439.2266001143
6584,1382426.6761253506
6585,782721.1340305171
6586,969587.6706698869
6587,905906.0721173352
6588,355246.1628221977
6589,443077.92565177457
6590,722271.4964341726
6591,496808.75613034767
6592,1633148.333947843
6593,1216567.720631488
6594,1395211.1274623368
6595,908858.1687639181
6596,849892.059161429
6597,1026615.8527351038
6598,1131774.7247206091
6599,723216.80588005
6600,1193831.893182878
6601,2592341.6365021216
6602,1051031.5984922417
6603,3181647.181985362
6604,469924.241269047
6605,644575.3022895117
6606,1089935.3655619149
6607,736725.7149373866
6608,1294791.5284006419
6609,1305791.866493421
6610,462410.1926591864
6611,812200.3945998282
6612,2747944.3347593993
6613,652014.6390146826
6614,1527900.2787725609
6615,1461318.1035900165
6616,686834.5130092379
6617,544997.8491872513
6618,1068632.9956472672
6619,611969.5952159528
6620,530515.1169562793
6621,820199.5934795631
6622,2069799.7845341733
6623,1352293.1237507372
6624,743428.0491995605
6625,1455610.9400147104
6626,1076679.9177871265
6627,2111091.1126265028
6628,885517.3430828006
6629,2598413.8897178825
6630,512556.07258161926
6631,3308041.9216628363
6632,1003006.8610194363
6633,2564725.345098328
6634,511924.477023517
6635,791570.8234626869
6636,2352264.286966039
6637,1378361.7677793505
6638,1358975.4768992332
6639,1322104.7847954223
6640,1792469.8537515583
6641,918254.0243854548
6642,468312.53259555734
6643,684574.9928277959
6644,1281496.4244543852
6645,591711.5233973839
6646,824983.0639296607
6647,359288.9620363574
6648,1084516.8523800217
6649,684095.3196288503
6650,604843.6802354885
6651,1353622.971769321
6652,515720.93503127736
6653,709055.7076675887
6654,2499929.666568218
6655,956226.2487843093
6656,1902872.6899023023
6657,571503.26306448
6658,788559.7811668636
6659,1074672.2202652204
6660,1269020.1995253311
6661,311133.60171294515
6662,953282.0016742145
6663,464915.17020893586
6664,628619.8714339961
6665,601258.5551019668
6666,1494337.263071055
6667,1131129.0959566904
6668,1108511.9265519863
6669,1299440.1665524181
6670,2117379.761074789
6671,1267561.6166684371
6672,521506.51302498137
6673,1333920.8511203185
6674,714432.0312558907
6675,802092.5969431231
6676,609920.4531799073
6677,1534782.6197412477
6678,723531.684813561
6679,1151715.7825869874
6680,384418.2728766197
6681,693523.5026913033
6682,2013669.864382856
6683,1128418.2978919502
6684,1602898.3014126278
6685,592460.9719090094
6686,2269553.686578663
6687,818689.677659176
6688,957626.0870017572
6689,1251292.004793164
6690,1216786.7533588868
6691,728154.2148302977
6692,1312944.1639233783
6693,522696.9370560701
6694,1560427.5392840006
6695,1408585.7731407173
6696,1962910.813325153
6697,638371.6460318025
6698,893193.9663122817
6699,733681.3003268143
6700,432951.8691009506
6701,1561152.9137317596
6702,367239.74587956467
6703,411526.62374832924
6704,2312782.2424514703
6705,1732502.1509026107
6706,374628.03529360314
6707,710714.0355988069
6708,1243049.4820931589
6709,1154247.8189987391
6710,1202207.9513690074
6711,461495.94088895986
6712,1592341.2087271805
6713,1384939.1917468123
6714,1371274.4655606693
6715,1128550.670007682
6716,1200710.3704076456
6717,1085738.6851724028
6718,1005883.6773376033
6719,1309135.9838813154
6720,568751.0671986998
6721,1129394.678876046
6722,966986.7516688238
6723,603025.3363822621
6724,1021670.8051913707
6725,432850.575968348
6726,606773.5608257531
6727,1146205.974819849
6728,1018494.2497416134
6729,1005386.1976296616
6730,681195.8825358538
6731,1401835.951525914
6732,618995.5140316563
6733,511981.49859890935
6734,368174.32389718335
6735,3332150.9880810105
6736,586412.272710407
6737,777738.1474152801
6738,1924835.6246284174
6739,523218.29472468945
6740,1185217.7350123946
6741,527594.1186508242
6742,1202014.2075660874
6743,926316.581711217
6744,1161340.16877185
6745,1529718.4512301825
6746,504344.647607564
6747,1528292.788016708
6748,729132.6815684272
6749,1029904.2390113687
6750,1116278.9032881332
6751,1293227.6728254717
6752,486863.85766579444
6753,1282293.7293095246
6754,239558.30715951865
6755,1546641.796509714
6756,1793237.8819965234
6757,1507195.422665917
6758,686504.3573454093
6759,1733977.9925857938
6760,381189.4447487178
6761,895131.978923254
6762,1184886.427206011
6763,998703.3977921297
6764,1271545.425730405
6765,511247.39097085036
6766,599644.5692036255
6767,3627570.4794893633
6768,2185630.47956689
6769,1154203.4841166893
6770,377737.8881767437
6771,1771136.8029056957
6772,870071.2220581416
6773,450909.03966146876
6774,1515388.1785450876
6775,1231017.7463712033
6776,905034.8416071378
6777,1523427.2149819233
6778,2492494.741177753
6779,684090.4545984974
6780,525435.3605696667
6781,447290.4091500175
6782,785568.1434524456
6783,1307305.89056669
6784,651295.4869412977
6785,824889.3071842658
6786,745701.0996725211
6787,577801.1203977254
6788,857517.5704160472
6789,915315.2068518535
6790,1033515.5737762472
6791,1019266.1390895639
6792,502125.03615443
6793,1682871.3251527892
6794,1901137.2158320313
6795,1300416.737847545
6796,1268450.486524695
6797,831335.9705246728
6798,914480.9108382904
6799,1424280.2730340434
6800,654066.6471543433
6801,494131.8288629872
6802,796279.5051140713
6803,684392.1679710868
6804,1154679.7434758425
6805,1480004.3657392107
6806,656451.3104400818
6807,1172721.27584927
6808,778656.7409581626
6809,921617.9850195338
6810,487414.2585229116
6811,651606.4448312097
6812,913087.9115988727
6813,1490458.7602543293
6814,717552.7167405501
6815,610004.5963055106
6816,1816645.8768814036
6817,516368.5623567939
6818,657724.5836336311
6819,702292.6508056714
6820,1364832.2833654392
6821,2066712.6843056236
6822,892166.9358246891
6823,996852.6296678196
6824,1617904.9203175348
6825,770290.8738953435
6826,917793.6262939028
6827,481246.47381679824
6828,452941.00618770154
6829,1639215.585422566
6830,339556.27678077586
6831,1294652.6225456705
6832,1184600.2519462258
6833,390277.7537036344
6834,1995520.2611324675
6835,648541.1692692022
6836,1650743.3673726083
6837,1721746.3478283228
6838,353154.3076778974
6839,1162930.6344644425
6840,934685.9911159315
6841,999297.4630126007
6842,432235.698478069
6843,509819.93279188615
6844,1518985.0413382521
6845,529142.7177998885
6846,765546.8223041459
6847,902988.0482247849
6848,530786.1799331558
6849,781600.1943257989
6850,1212701.0717947003
6851,1158961.8539684943
6852,1522649.8124227899
6853,1030684.8350380072
6854,842147.1413766936
6855,610318.0405687075
6856,574624.3293735957
6857,1831579.3861580736
6858,1792345.0023331188
6859,586669.6847699066
6860,694508.9379138142
6861,650649.8499042427
6862,543988.8568252401
6863,402305.08235416934
6864,643505.6622986307
6865,714890.3158134208
6866,1321061.163489647
6867,761528.1204362198
6868,1070441.2218236122
6869,582866.7161035676
6870,603648.0365370404
6871,1432521.9302564901
6872,908041.3608269258
6873,876481.6119520046
6874,1159625.4358492438
6875,629609.2460455364
6876,404082.16251948837
6877,929380.6035068996
6878,807450.2095039899
6879,915718.3180781542
6880,933337.3712402367
6881,967552.9730109703
6882,3184359.9540904514
6883,630631.8480562118
6884,1015929.3437882565
6885,1093650.088808864
6886,1461040.9668864487
6887,2661673.208110694
6888,718060.9708425367
6889,2028284.8992598287
6890,731304.3775979594
6891,1549969.1164586602
6892,538775.1141788301
6893,967867.3418914386
6894,1022427.4658540182
6895,970711.2009377844
6896,337429.8026911861
6897,1776445.1681180107
6898,1375628.6112655562
6899,1064375.0087923564
6900,476794.1310336072
6901,1597211.1107528142
6902,1304603.1381804135
6903,807696.2606269097
6904,448270.8941453511
6905,635472.1426117636
6906,1330044.6866101231
6907,1010761.4101757421
6908,1383732.349286751
6909,523335.450562979
6910,1492998.9445159037
6911,1923257.0122007937
6912,1132816.7167220654
6913,470314.31136295863
6914,1369358.0667719902
6915,2747452.768165105
6916,2123007.7645386723
6917,2459345.7289830875
6918,364842.89536984294
6919,2798096.7928608777
6920,1018829.9289613445
6921,1800156.9307841505
6922,487959.22039081523
6923,998036.9607308942
6924,838911.60954771
6925,1428747.6654257986
6926,1155431.3431796532
6927,1864938.357663721
6928,1329602.4099946492
6929,511291.9298257112
6930,757872.3661128968
6931,831006.2996605507
6932,623532.1090691858
6933,1852488.8532493284
6934,1755046.585390696
6935,856796.3603212682
6936,751713.5700806554
6937,425493.65327625733
6938,1251308.7782644955
6939,300569.4928127679
6940,1709661.6603105955
6941,411490.0192192942
6942,852905.8975894313
6943,415323.34838918183
6944,545984.6705996352
6945,1027796.3682389543
6946,904695.7168718636
6947,1012811.6584141939
6948,1329906.8832820104
6949,732805.8232427939
6950,841635.5401155958
6951,591354.9436970096
6952,450281.13632524625
6953,1700375.9555870723
6954,632185.4046525969
6955,1061132.7638083939
6956,902776.4007680821
6957,1067121.950454371
6958,570925.4699304968
6959,479287.73208307597
6960,1246217.696048438
6961,968129.6350216495
6962,1158961.4007237982
6963,1259269.2491975066
6964,905951.9356203224
6965,1296434.6458767282
6966,752170.0898814149
6967,1074778.025722149
6968,906331.7180208509
6969,1143200.084721875
6970,566207.4779517237
6971,1394112.7348885518
6972,1150772.5764561794
6973,415432.73620253574
6974,281298.66658081545
6975,1380396.584194611
6976,594081.5207249938
6977,3249261.6976779397
6978,1045428.7798293107
6979,994936.9122370298
6980,438105.57254212763
6981,443167.9449989084
6982,785805.4920390197
6983,1821799.9293383944
6984,1480251.0862426402
6985,826454.0774226063
6986,551404.1863774939
6987,1639950.6761972597
6988,1110602.9167066573
6989,1374061.925845048
6990,1741143.2301880287
6991,1310098.8989187335
6992,1200098.5876711854
6993,634907.8879511581
6994,592451.101553785
6995,531339.7920557815
6996,1253600.943744113
6997,1126110.883881828
6998,891400.033858405
6999,1152994.9423295585
7000,650042.0366839641
7001,1490603.9251619487
7002,1140298.521498883
7003,1849652.207728204
7004,602685.8765556833
7005,1005711.6084631387
7006,1699370.4292290169
7007,2397219.1421331344
7008,1456385.471972075
7009,728784.6752644881
7010,1227461.075983181
7011,546473.3057290311
7012,1015759.0612887873
7013,1991786.2361922343
7014,726544.5202778913
7015,1129901.7698727227
7016,1952932.6395135475
7017,1630329.4972507427
7018,1398634.1988994216
7019,791785.4214145486
7020,708510.2347271029
7021,1225595.2118310833
7022,1077502.5924700547
7023,752150.7279906357
7024,413130.02401898097
7025,891407.4425431634
7026,764699.4851924712
7027,1248292.422116246
7028,498654.8774121817
7029,606211.4873945868
7030,871732.4089587285
7031,712289.0434327985
7032,2041818.7701975366
7033,785894.8647198888
7034,611653.7150474763
7035,1085474.003616052
7036,1068785.2881179121
7037,955247.8203914844
7038,1472186.1108082393
7039,705421.1753997976
7040,1018258.8607513151
7041,1108642.4952569369
7042,569512.3339834481
7043,464904.6156488115
7044,1568792.1101691434
7045,766562.5984614783
7046,1109790.5118004691
7047,363048.2070897022
7048,813616.776227282
7049,783624.7692215673
7050,940864.2967668523
7051,878230.6809929428
7052,927523.8620661483
7053,995548.7608145608
7054,1144396.186473954
7055,1095990.2165647778
7056,813107.8036161014
7057,615295.1771408813
7058,819387.596232023
7059,2244699.1362898196
7060,1751842.3926862744
7061,1525859.651053387
7062,702390.1080417348
7063,1525728.2345939095
7064,975931.4064086787
7065,580115.4847392329
7066,1037097.5117679436
7067,1611384.4790259902
7068,1260905.760825207
7069,817684.7712528919
7070,833067.9020282312
7071,1384626.4249753952
7072,841920.061230586
7073,953182.6802409595
7074,1248559.1711297175
7075,751356.2501476947
7076,1383917.0279393177
7077,484796.2847509879
7078,1049918.0720406855
7079,688506.1731721296
7080,2165894.3009744594
7081,2892478.2690255903
7082,1629458.9453552233
7083,689301.036989041
7084,896242.3010625112
7085,405964.2987032601
7086,736181.8085289855
7087,370672.019642024
7088,1154838.4217092758
7089,1023528.4955252479
7090,863956.9788532568
7091,1465858.0606955006
7092,1030194.5478081016
7093,1350229.3227038358
7094,597757.5073698689
7095,790366.3802656684
7096,2571625.8653823403
7097,2298062.5124059017
7098,722426.100957209
7099,927764.2201522731
7100,517940.3322022725
7101,1654076.2545714213
7102,1077914.0635734554
7103,540128.3005909481
7104,797738.5710127676
7105,493265.46822776797
7106,1314814.707276776
7107,1359690.9244907205
7108,798799.3700388417
7109,1199322.3189410942
7110,915777.002035047
7111,2814930.630869546
7112,1573347.3256896252
7113,628270.0758511487
7114,786338.0719628775
7115,1123719.3525228503
7116,408186.2514774368
7117,781291.0482201331
7118,610610.6497932809
7119,1667302.7244180853
7120,1060185.032317343
7121,605694.3825505839
7122,1519821.4392201959
7123,875182.1909232938
7124,1956320.0037186837
7125,567520.2354038177
7126,1499325.9311465402
7127,712604.3838567699
7128,2072711.3168235854
7129,719729.0747259301
7130,684926.134502723
7131,821316.7225395937
7132,1099250.1384207844
7133,778652.503689633
7134,497135.7512297366
7135,1277282.8195669902
7136,2266788.3665355635
7137,1054546.8943727198
7138,617790.351641852
7139,497815.6308888288
7140,1086842.45508834
7141,493742.74024858157
7142,816325.3771532476
7143,732421.5655204065
7144,1144433.3159543667
7145,642382.3687116357
7146,1147962.8014191107
7147,641886.6740732691
7148,541315.2680249277
7149,986079.7496015463
7150,748613.4558684514
7151,1183261.078992871
7152,898270.9019453423
7153,636605.091760164
7154,368373.5912251519
7155,2566671.179369271
7156,885580.7187484045
7157,819628.8926433453
7158,1379263.4950046728
7159,1862476.9466962826
7160,1411991.9842602098
7161,481440.16797752364
7162,613298.0967653828
7163,555398.3830906264
7164,2701475.7825652473
7165,2247659.8004690693
7166,401512.0860011024
7167,1441738.8886501982
7168,1523282.008724078
7169,476380.2659165635
7170,740898.5613788522
7171,967416.6475756346
7172,777832.940960501
7173,1164911.2652819532
7174,1583004.655721671
7175,452276.74977559916
7176,983364.7462691396
7177,791230.4923067031
7178,992021.0175369133
7179,540731.6705872741
7180,1653957.237606939
7181,805592.9816973849
7182,1229942.3456206927
7183,830658.150548163
7184,1133837.7413374786
7185,1254220.115957434
7186,1535850.546029413
7187,644513.6152475973
7188,638103.3491580064
7189,935640.7465640808
7190,448510.6028725414
7191,522429.1162860519
7192,1267154.2253099123
7193,2760767.2169275563
7194,596431.0383953772
7195,734495.2129077133
7196,999811.0419565794
7197,900486.5783068016
7198,1162969.1566792086
7199,556156.2885782382
7200,999698.8981590093
7201,1124701.239867527
7202,789314.9885190524
7203,1200034.4950434768
7204,691770.7162148452
7205,1841122.779985105
7206,640668.9136099902
7207,1042357.8264005363
7208,724874.2124081017
7209,473095.27020427963
7210,974849.3677736882
7211,1125438.368032246
7212,1281168.4296902388
7213,406295.0195952578
7214,643690.1870087873
7215,1021133.747875504
7216,648450.2865303343
7217,1190322.123000043
7218,1401178.5537993032
7219,1205485.8067324487
7220,582867.6419700029
7221,1600425.4480781818
7222,533206.850664094
7223,1307321.7562896844
7224,1359144.6977342062
7225,608194.5602854035
7226,1629275.2354317675
7227,810555.0041768928
7228,706316.5884974619
7229,1641839.4219325706
7230,1259148.250025415
7231,467701.2422016346
7232,404614.48671216425
7233,3235168.5103667015
7234,715366.0059064598
7235,579129.9834297427
7236,1198582.0021005268
7237,553120.0930589124
7238,605936.1910767783
7239,714758.2830237872
7240,1071775.8332068971
7241,631997.1745792725
7242,468892.91413162206
7243,1058674.1722538697
7244,865274.3085262773
7245,964029.831592337
7246,402620.66544887767
7247,628887.1030384518
7248,1665249.5446826397
7249,1561340.022190447
7250,770499.6975131088
7251,1475712.711808708
7252,1436557.4166070686
7253,1830175.8686964829
7254,1908063.1337002662
7255,742435.0377390811
7256,1416573.195579181
7257,776758.0161862908
7258,1054112.9390460793
7259,930647.312498444
7260,1181787.4747351962
7261,904984.03616635
7262,697760.1272588935
7263,1537536.2686598485
7264,801637.9729549534
7265,590964.9485723432
7266,1329731.0922960492
7267,1046763.2692250775
7268,583353.8541937794
7269,363856.11569571734
7270,623996.671492336
7271,1178487.7726942091
7272,1071317.9889336831
7273,1228074.4462003917
7274,1056266.0383835381
7275,1163021.098355578
7276,671230.2763282969
7277,1737958.658704727
7278,948155.6721624914
7279,1309731.8130606154
7280,886385.1904424384
7281,1711161.8861162171
7282,724768.7742756081
7283,1239895.6841341609
7284,675359.7091978551
7285,509734.6032648578
7286,426752.6900043239
7287,2446332.8194610737
7288,892979.8811479557
7289,2097986.1904261224
7290,1056404.2980242793
7291,1041494.4628636548
7292,852379.653771834
7293,1172738.3920539638
7294,746342.8895553699
7295,554530.4605270261
7296,418363.77647769166
7297,1226161.614686772
7298,809710.630672478
7299,813810.2019736273
7300,908202.3307334036
7301,706248.6452714609
7302,1719232.1325336026
7303,279652.20619099186
7304,1259013.6670625103
7305,550828.2405031883
7306,1385779.8116053487
7307,1370325.633858034
7308,799932.9298589713
7309,964072.4088591046
7310,1151061.0653244175
7311,455047.50720444263
7312,1883209.8112447548
7313,972696.8811421028
7314,1756182.6040060245
7315,1410059.4433113576
7316,1518622.1138462387
7317,690831.8182306023
7318,714221.6274345624
7319,778669.0195495585
7320,1137225.0198250785
7321,964559.9635996938
7322,1474302.2625627609
7323,1512627.455334162
7324,1183044.3187760876
7325,1873595.07718776
7326,924790.528962483
7327,656722.324480472
7328,611831.5007197061
7329,1531534.4092224364
7330,1054797.8030269975
7331,460372.1770971515
7332,581116.6803706315
7333,975652.2700973297
7334,1228187.147019983
7335,1360376.2922985165
7336,1126572.4411785996
7337,1179244.1690330484
7338,414913.3627175909
7339,1162942.187200355
7340,1840450.2447298756
7341,1282648.801640773
7342,693832.9005779694
7343,727691.1790955494
7344,694494.966843726
7345,649653.9938788596
7346,627185.709746594
7347,557216.102562978
7348,492602.79404447356
7349,886096.0245481767
7350,1909756.261932864
7351,498437.85076194466
7352,2059610.0014012032
7353,588392.6896434897
7354,1254087.7181030244
7355,735900.0619160826
7356,1910051.5556477054
7357,780090.4508487824
7358,1221288.0696712607
7359,912914.4559932571
7360,1794029.8032278102
7361,1009080.0267777346
7362,781436.6058668281
7363,1991860.340309216
7364,1472980.9673328528
7365,719773.9769685641
7366,748510.360318374
7367,600400.686265042
7368,392544.58034098137
7369,2665365.6223901766
7370,599216.6155983366
7371,1281519.0635567824
7372,1077882.9840136364
7373,1618302.7508657607
7374,1086625.3653135495
7375,901479.1370210472
7376,469493.44207728934
7377,1399579.8230637095
7378,748934.3146151307
7379,482654.561269548
7380,1442036.937526181
7381,1156206.8309255308
7382,781671.6174825564
7383,653381.1397951825
7384,1036595.0541075883
7385,711139.6397311407
7386,1433674.7671373717
7387,1498800.5094020013
7388,1480443.979580498
7389,1466153.107727142
7390,657328.4265216093
7391,588562.3746667556
7392,1058635.707417419
7393,1174778.3734082421
7394,411839.8272550415
7395,1459125.3143240933
7396,1047923.3707307717
7397,809645.9115668513
7398,843601.6726891854
7399,2482492.8844439476
7400,572319.6567693757
7401,965647.3301645996
7402,663331.1210594485
7403,557482.1522133298
7404,1619595.3558469722
7405,1119401.6250516567
7406,1032364.4914189775
7407,1820887.048625626
7408,474406.770399961
7409,512356.17391265347
7410,1369735.334836831
7411,621282.4319614398
7412,3463225.763834981
7413,1212425.1616570184
7414,701408.3255759963
7415,722048.8190891092
7416,1684335.5295443004
7417,875220.5863592448
7418,1155353.6947487134
7419,2001182.684410244
7420,494927.7507732603
7421,753774.4810526518
7422,1186958.0894400734
7423,745782.9561806037
7424,3546764.337084058
7425,1516526.8439819342
7426,764123.4688632642
7427,701492.224011957
7428,1399990.3019059086
7429,597525.7745760309
7430,396500.6567305467
7431,918461.954542803
7432,297242.62786178116
7433,597939.0745142299
7434,558717.9368178472
7435,1726886.416840823
7436,521083.0406373271
7437,1787729.8869425901
7438,786768.3042244107
7439,1328906.6344133122
7440,283510.89620749286
7441,614600.7122828682
7442,784259.7962333208
7443,396169.1216222893
7444,904392.0894526524
7445,1893730.8378602634
7446,693285.8974377686
7447,1313557.6560664272
7448,1060207.0894593114
7449,1092685.7279544976
7450,1079578.2080767534
7451,2705194.9375150525
7452,1241101.4055978428
7453,537272.8384779607
7454,611440.9791400848
7455,476907.3288897895
7456,454201.9315672359
7457,2348631.7236691844
7458,724330.2085974151
7459,642662.6758461152
7460,636536.5315371082
7461,558103.8900187577
7462,1851788.9919678052
7463,1132235.583532729
7464,847076.6184782216
7465,909185.0410539354
7466,427807.6116823236
7467,503646.51791005663
7468,627415.994160784
7469,1572799.1949223285
7470,913113.2521261754
7471,2114234.8624612135
7472,376967.125099956
7473,646247.0180318886
7474,470196.224908065
7475,1303723.1368908687
7476,2341994.1128069763
7477,587041.6500946647
7478,1883267.6254717063
7479,1414708.7389638254
7480,632720.0208771944
7481,889254.170674054
7482,1445650.6988324705
7483,424659.8780621076
7484,945367.9966988809
7485,995792.1101266925
7486,1590264.3101090176
7487,1132226.067551017
7488,974191.4289930293
7489,1129397.564279292
7490,496441.8759285696
7491,801873.1517037305
7492,1117739.4947096696
7493,1901757.9211059571
7494,540422.1696193442
7495,645803.0887826176
7496,976711.1840470094
7497,1540169.6786081803
7498,619105.8058607744
7499,1060285.3339676484
7500,556724.6121216144
7501,1208348.4125832496
7502,2021891.8772128792
7503,1060420.7747628586
7504,1009136.6212327188
7505,1145115.9746725732
7506,1152915.4742032224
7507,1236902.8685703557
7508,600670.8742213161
7509,963531.11523544
7510,857079.5772961867
7511,1579532.3530826208
7512,880976.2930029191
7513,1145414.022729376
7514,1791771.765684536
7515,1386042.3440355763
7516,1202537.3115097617
7517,732067.3899636844
7518,1597509.0242173837
7519,536825.2600040889
7520,2370214.262408211
7521,542108.9732896396
7522,1935980.0503003998
7523,982299.5461713562
7524,2028645.4581374389
7525,973822.3795148999
7526,1346537.1760728867
7527,731451.9339462788
7528,351412.0259592473
7529,1287347.6558151683
7530,728081.2639727303
7531,395465.33559886104
7532,1747892.0455949286
7533,1139289.6245945417
7534,753621.4558780419
7535,2291888.1259207297
7536,2975494.9093633797
7537,567846.2339276987
7538,992910.2123168597
7539,1795343.8643305115
7540,1226571.8654154902
7541,774512.1558127196
7542,618854.7136573854
7543,1311397.4317387112
7544,1555797.9056403923
7545,909635.5555580555
7546,1375425.4055357806
7547,903676.752019508
7548,597483.0099414955
7549,688773.375399067
7550,1074873.021796465
7551,745203.9901376261
7552,596385.786458832
7553,1352187.4123254265
7554,1548337.7616277891
7555,1336637.6154192218
7556,861184.8092532416
7557,689059.1805181182
7558,1195834.0961660387
7559,1367678.1842984627
7560,1974681.0604194717
7561,1669526.3444126672
7562,742138.5631855113
7563,759214.8793744718
7564,844855.5974206005
7565,446030.2684793076
7566,2996715.3707897402
7567,1517529.0314699209
7568,1415036.167622439
7569,979955.0422777769
7570,964968.782606416
7571,471477.28525049053
7572,1168303.5155289925
7573,587057.0483056274
7574,567882.3395719305
7575,1200679.6358776342
7576,1146664.2651223922
7577,901619.1910654419
7578,992033.4403488605
7579,473907.0691862876
7580,606647.134834778
7581,676091.8061164638
7582,454131.3438944353
7583,1013949.1197745765
7584,632237.8843903212
7585,1202176.9283559746
7586,461600.7692706524
7587,1149017.969934459
7588,487983.4737360247
7589,573460.0732627938
7590,1363553.6575173507
7591,792498.5560103302
7592,692532.5317576125
7593,1193148.1481002532
7594,824593.6415487786
7595,1341518.8547618573
7596,484997.7332679782
7597,531063.0831976809
7598,656037.8293463722
7599,1267011.4252066056
7600,559269.1386514789
7601,1566520.799570031
7602,929233.4543929496
7603,924747.675434543
7604,601182.1888777263
7605,722274.4363797689
7606,678708.4362084308
7607,1756325.3539321607
7608,890222.7051015246
7609,741600.5956204694
7610,322992.7194844399
7611,527739.5694263383
7612,956483.5260115336
7613,976188.1579945049
7614,1623755.6778065679
7615,681852.271869716
7616,1263881.2605952816
7617,667801.0107062253
7618,2459139.7921184334
7619,325013.2172396515
7620,1142700.069713411
7621,285299.0603202192
7622,939986.5396382791
7623,1027065.7302858282
7624,853255.6357880142
7625,1794376.4842872836
7626,1546122.154873369
7627,1438265.7635823155
7628,683467.9918791319
7629,1167104.4926480004
7630,1887120.419669255
7631,739298.2678788002
7632,1188708.8996732126
7633,1608059.962128478
7634,720981.7003495448
7635,354436.4744449207
7636,253598.10142940277
7637,481912.90956586617
7638,1097348.5890326926
7639,1176168.4129177972
7640,1597517.0482443476
7641,1727107.6491704108
7642,1575426.4386860614
7643,714914.5656519663
7644,1692024.6693092452
7645,1228037.1041588201
7646,842640.431556875
7647,583396.7509558387
7648,1225366.5573292722
7649,1371859.630399629
7650,1303915.379496465
7651,1155770.3976523264
7652,1655018.0927186282
7653,1200254.8385523888
7654,743665.4785627137
7655,521757.4821605751
7656,673320.4920663254
7657,1298040.9727562866
7658,618750.2394475813
7659,629023.4570008297
7660,1868427.5198588585
7661,590232.079589822
7662,814975.7100720882
7663,2061676.4557273102
7664,1415795.7898440813
7665,457627.3853704111
7666,1098708.785582532
7667,762907.637181049
7668,1486142.7482551134
7669,1160865.0898961048
7670,443454.74973475916
7671,952919.3911915921
7672,1400068.5617058314
7673,1572777.303345359
7674,1076239.3661144052
7675,1401842.195661866
7676,1179504.47531505
7677,698224.2346362064
7678,1091972.8726279624
7679,674951.9016765677
7680,715560.9579664654
7681,843023.8417465803
7682,1106767.13680037
7683,1083637.1977991853
7684,712642.0184848288
7685,1886248.5231919992
7686,813530.704886917
7687,470956.85860343114
7688,491444.97657119454
7689,1385910.4395055163
7690,1563188.2128856734
7691,698747.7031419964
7692,913906.7625749183
7693,962605.919478739
7694,1195041.4544821456
7695,446098.1317126745
7696,1588591.6494449975
7697,549430.6221450401
7698,622479.4383197036
7699,1202599.9903199868
7700,606803.2073179319
7701,337991.1340018591
7702,1219828.5926913694
7703,878923.16192753
7704,1371122.498569369
7705,510727.0140741109
7706,992332.6061863609
7707,1454368.4040727958
7708,1868064.5187561114
7709,767325.0261909865
7710,2196987.7978050644
7711,556642.6613239356
7712,2021527.5816995678
7713,809577.4056081176
7714,459316.0860267206
7715,2097357.518274162
7716,273277.6567002848
7717,969789.3337533699
7718,662092.6536920726
7719,783041.4565373133
7720,594668.7591155422
7721,2049266.8927545298
7722,993585.448621489
7723,1769258.3136510972
7724,1172409.053896134
7725,1197794.2334155515
7726,1545238.8835998327
7727,654072.7915044086
7728,1269112.742027312
7729,883752.4378373296
7730,1048007.9352944666
7731,1287701.027058345
7732,739982.8448079302
7733,839018.8653566579
7734,786788.3666966595
7735,1061989.255259214
7736,1805765.291410086
7737,329457.9284089416
7738,1175805.6114379372
7739,1016114.7539422947
7740,547429.0166560852
7741,696478.670510156
7742,941311.0524055768
7743,1390036.4055833116
7744,826747.2773608696
7745,890771.6348238663
7746,943189.1007359372
7747,937987.8414774224
7748,649831.5985923903
7749,1587589.55391353
7750,907791.596912221
7751,1103394.3721012168
7752,1097300.9036845614
7753,809665.9470213614
7754,1044129.0529022221
7755,617690.8318583278
7756,1114831.7138931686
7757,1598317.2791423597
7758,416632.0808277625
7759,919499.5001804954
7760,1482495.4350521152
7761,997442.4178030246
7762,1248236.595408307
7763,1212136.9164450383
7764,1288018.393226801
7765,1227768.7765351976
7766,2662627.4081942067
7767,1371065.839062664
7768,1447001.44111964
7769,702324.5984658805
7770,1951999.866178093
7771,390393.2266320044
7772,436703.1344056229
7773,549378.7569268759
7774,476314.15234110213
7775,687924.9078575852
7776,2573624.326197791
7777,1069347.0147573203
7778,358130.1293013522
7779,774140.5466309098
7780,1340830.6973510934
7781,654910.1935976654
7782,1993045.698407491
7783,586965.690767399
7784,1892181.3329899083
7785,1754704.2426919795
7786,662132.7286987824
7787,929237.2547936279
7788,523513.17052934074
7789,1167169.6340595405
7790,553327.1745453129
7791,565075.8150051896
7792,916780.3081377819
7793,424790.9183573225
7794,2169914.296425489
7795,1123103.7869391162
7796,934288.6860212456
7797,840756.1681089217
7798,1339599.9635960555
7799,795393.5386062608
7800,1488646.2036846015
7801,1960274.461250618
7802,680407.3667928319
7803,1441975.5619797672
7804,1689683.917283778
7805,545083.1520181658
7806,2489059.102521399
7807,922042.002341149
7808,1013396.216009207
7809,894986.810328904
7810,452005.5688591511
7811,944537.096759184
7812,743691.159045797
7813,604517.6964297185
7814,1505717.3146789444
7815,1742601.0977602175
7816,1153240.3751586396
7817,2727064.939009292
7818,626923.1324820465
7819,1455303.9229392433
7820,1102027.7550355468
7821,309565.6767198155
7822,1223282.5258236977
7823,2470352.3766626744
7824,3059980.0519657293
7825,782243.2328874724
7826,1392717.8224333408
7827,397856.5086198854
7828,640813.8297306502
7829,1208044.7785736637
7830,959497.222416934
7831,4187519.1386810737
7832,975994.2166466193
7833,921998.0959813151
7834,1168549.885110881
7835,495325.2680055751
7836,2179646.09921316
7837,832121.0804777797
7838,1196480.762701861
7839,394263.37572143186
7840,1035441.567664224
7841,765900.328045582
7842,2561835.041865566
7843,584781.8602786623
7844,1127106.2421787244
7845,1370849.6485121825
7846,855235.921041113
7847,633249.4641446245
7848,1405443.5229888512
7849,757239.8485279344
7850,1015847.8708590602
7851,945660.41885234
7852,622567.1750138861
7853,1492456.9950930518
7854,987981.8780854153
7855,1114264.9196208534
7856,377742.5184436623
7857,923511.1291585664
7858,1495970.3964030386
7859,756468.4234241564
7860,1206853.5452879139
7861,1604533.8813456455
7862,651422.454392261
7863,1450848.8198153106
7864,787065.5045440133
7865,401144.84685897664
7866,1277868.782976015
7867,413550.3448994939
7868,613141.7982707715
7869,676119.4364473809
7870,511486.1001700654
7871,5453035.603921858
7872,913523.736731393
7873,565468.1816953354
7874,1124503.8419880138
7875,984058.6866101146
7876,836792.8821918837
7877,1216655.8819959506
7878,572078.682490931
7879,981047.0618924714
7880,676404.0270215312
7881,634425.4559139266
7882,1729509.1439360804
7883,863870.2420678657
7884,1323229.5975988489
7885,274172.75419767137
7886,1197324.8466936806
7887,901522.9764141114
7888,788481.6175177243
7889,2429745.4047078374
7890,1799090.9521370204
7891,876130.6621963283
7892,2850864.856888183
7893,1080628.0082763075
7894,2364858.047112171
7895,2747496.435546466
7896,1435283.0767809597
7897,1028675.0605996868
7898,274874.0820899391
7899,1960790.2130820134
7900,559876.5684604256
7901,1600243.2602752354
7902,1262059.189548009
7903,868732.1893311857
7904,1921713.9981923327
7905,1229675.8765868875
7906,1066471.0068573607
7907,1447326.0053744526
7908,1320063.1156063783
7909,1374136.5785278885
7910,1612386.606504458
7911,1518982.3065321224
7912,1160476.8897982289
7913,2020792.8752341862
7914,1384526.823906403
7915,538403.3093265243
7916,1387395.5615201406
7917,1226113.132363829
7918,668429.8050838794
7919,815131.9138948175
7920,595874.0108550361
7921,2054319.9254429461
7922,314663.9565703552
7923,1285137.807775608
7924,1981440.7296125274
7925,687565.6363517006
7926,2370437.0912184045
7927,1323326.084763116
7928,765066.0421678447
7929,790002.4943309786
7930,1776245.6407755278
7931,734505.7808641804
7932,813606.5118363032
7933,866946.5125274841
7934,1618678.6804655825
7935,302650.6331887687
7936,616067.7255506592
7937,1192618.493630883
7938,1245439.241957021
7939,1397931.1834760422
7940,1555491.1683099924
7941,525470.0532478874
7942,1158019.3463919505
7943,707491.2620242645
7944,797023.7082931317
7945,1252188.8882797787
7946,712301.9517631374
7947,892736.3890461385
7948,1123346.7778864868
7949,1216980.7604854
7950,1323841.7868630807
7951,549560.8859710476
7952,783868.4570999868
7953,1660482.6174429976
7954,1494245.420596343
7955,567516.9604711646
7956,588559.6289811591
7957,1280893.2196462261
7958,509372.2084859564
7959,961788.0893722874
7960,641944.3751018114
7961,1490073.81057709
7962,1546310.0320772154
7963,1899189.6955811372
7964,1392481.6774133623
7965,974362.79507108
7966,918824.860247681
7967,455034.1447427698
7968,1222116.5420826843
7969,1136510.7861699054
7970,789729.4421889037
7971,1367572.2838604094
7972,675528.0977493038
7973,2562161.2201671437
7974,1364651.239700158
7975,949418.4745641525
7976,666581.3638418606
7977,3404154.255109566
7978,1023937.4110968388
7979,955218.3904247177
7980,587618.8634460898
7981,477971.58792705537
7982,2503945.006168777
7983,1070051.5038813013
7984,4159795.984687363
7985,468133.30828440003
7986,1550754.1200251603
7987,898141.6543749387
7988,678543.2762401947
7989,908060.7205043989
7990,1204264.824229373
7991,1652673.4791749117
7992,1327327.558271678
7993,985059.8749875511
7994,679853.7128953309
7995,751779.2318675448
7996,379025.6443489421
7997,961976.0881276043
7998,2313235.7755999244
7999,543525.6950811042
8000,1851527.6375326458
8001,1122217.2841662602
8002,969649.8961202587
8003,842756.053913273
8004,389536.22793652565
8005,684317.7144853546
8006,740333.6566167843
8007,1419798.2916033862
8008,738274.4388597355
8009,1559404.5017622584
8010,1202404.4908633265
8011,953435.9437380905
8012,878740.3892116196
8013,1769708.715785394
8014,1310207.755831568
8015,561730.5222722272
8016,762415.1848974659
8017,623396.7999659635
8018,2265928.6049028547
8019,1411203.8705658992
8020,895707.4283769007
8021,439174.26966621925
8022,3609111.401765094
8023,2113119.3230297277
8024,1174451.1309840642
8025,542127.7295023856
8026,565090.2032722458
8027,1669110.780252666
8028,638039.7302876889
8029,1513309.3908436026
8030,334416.65069678286
8031,1501932.5764185502
8032,1243923.1740228862
8033,940834.3493360365
8034,1474962.8227503663
8035,610213.3070908714
8036,1218518.5485637523
8037,1117778.979296496
8038,1353039.180680008
8039,1162641.386547661
8040,1301843.6358339824
8041,3643805.3349657026
8042,1278811.0860092689
8043,1998754.5226114444
8044,1367572.2838604094
8045,1681084.9855175358
8046,883313.4364799182
8047,1277260.659108859
8048,1751664.766494644
8049,1203669.9731618783
8050,1427369.7940632924
8051,873339.0551844309
8052,1337618.820752104
8053,2482526.861703443
8054,621573.2580053626
8055,2869408.195665472
8056,1253754.5057207572
8057,309206.00034200423
8058,737267.2770795287
8059,872050.9290636682
8060,584093.4178462736
8061,1169203.253882751
8062,839310.8116313178
8063,1181857.5612941359
8064,375712.3892884102
8065,429868.66241174244
8066,608477.0134496025
8067,949469.9957265486
8068,724921.8220614146
8069,403447.76994306047
8070,887199.3863613546
8071,1553823.7061194507
8072,926213.4924078457
8073,841234.0960197698
8074,402009.5337418645
8075,1485883.827613594
8076,590232.6302097901
8077,2264752.8342431947
8078,1873872.721885172
8079,609950.4453533848
8080,497836.7075993505
8081,499740.23832909693
8082,511454.31666820066
8083,829201.7803409153
8084,1309322.2223022594
8085,623432.0911263162
8086,547761.3442743357
8087,904109.7077288541
8088,979392.6916940293
8089,1074786.0421171763
8090,1219450.244371959
8091,284647.35712154873
8092,921894.0445993514
8093,742342.8216842033
8094,584249.9189425502
8095,1827034.794137039
8096,848449.620958076
8097,519897.65280450636
8098,1467013.122668067
8099,2034988.207564553
8100,1698836.0994771256
8101,1094524.4294193392
8102,338175.7153898365
8103,700687.877639684
8104,2088436.4357001157
8105,1946157.195818156
8106,589582.8883751156
8107,2635227.7250964725
8108,697400.8095145624
8109,1030443.7475016585
8110,762200.2006903865
8111,648064.2825217622
8112,2587737.751824083
8113,422380.68514988053
8114,3083362.4729699036
8115,1088113.4339274007
8116,481038.5699520524
8117,1034143.1031477614
8118,755743.5501953796
8119,876998.2368248214
8120,982176.1999558012
8121,811009.9734797067
8122,1336092.8090024814
8123,455255.8580662053
8124,1336588.403103837
8125,579836.078141912
8126,1482530.3835710033
8127,388494.77562643314
8128,636302.9499834608
8129,1016828.9376093583
8130,1190885.8642971166
8131,1636402.2233095996
8132,1874116.4390794882
8133,995227.0312874502
8134,2165634.6458815355
8135,894332.0747527933
8136,1550335.8198323718
8137,418955.2961443904
8138,1466416.6952432913
8139,1673550.3820198714
8140,948169.9763775748
8141,343390.20133704983
8142,885173.1583975505
8143,1165802.3136309788
8144,591057.548641438
8145,693574.431738262
8146,545028.461291584
8147,692954.112632592
