index,Price
0,2373123.2409458226
1,627961.7049549301
2,1049108.0081753316
3,512529.17968549207
4,825233.8659391443
5,761183.6376124548
6,521533.7329243324
7,1914295.494733791
8,570576.2677821635
9,1615277.6314615994
10,2206933.6294964356
11,728407.5747826514
12,1173473.5645227984
13,604880.4399376306
14,799803.1225613111
15,1130163.5839826106
16,568348.6191485298
17,685496.3909801953
18,2359551.74371518
19,419257.547351604
20,564300.2471897219
21,997091.9971965767
22,952076.4160538658
23,1368996.163592119
24,1625733.2994465153
25,734164.9371065485
26,594689.0113762438
27,566212.5893358301
28,751934.97458232
29,1278022.5144886826
30,693773.9683009827
31,1923377.2784858216
32,293863.5578772086
33,401039.61646987806
34,866133.265555903
35,475054.35635352763
36,1611058.1882331693
37,572146.6493053022
38,1049272.5779376607
39,610620.9215890215
40,1269474.3513464094
41,1081170.9658107325
42,1449989.7100309823
43,275224.43847382825
44,910761.9066989576
45,1194255.5587522367
46,613221.9314410985
47,622218.0083959267
48,465713.09282138565
49,1262418.8599532836
50,828238.7652732298
51,2715165.146007334
52,702710.485821118
53,884817.3603633516
54,1816722.8715947517
55,616093.9759687374
56,664248.5314748989
57,1724658.7908694146
58,1275882.4184924085
59,1761562.6798036539
60,630698.1324013772
61,1134622.9127203939
62,1358087.7597453168
63,1171182.1081523946
64,2528662.64156253
65,1781513.4583386448
66,1449464.5855009088
67,606077.8202341098
68,1454380.034566448
69,776849.7535469842
70,705104.7270210378
71,1373839.2694392512
72,1137789.6568457978
73,2138698.930772773
74,1284182.1821908865
75,2008984.4051955028
76,560289.579993927
77,1158605.8938332829
78,570379.67208849
79,2738802.52245982
80,736192.344528993
81,707020.040144372
82,512533.5555630834
83,1686176.08511202
84,960233.684654759
85,705296.4635905535
86,773579.3493219939
87,1431565.7724159134
88,725676.8840051704
89,494337.89923193085
90,641122.4988531277
91,1260328.081843935
92,1255973.378960834
93,1772758.6847288627
94,1192700.8165451577
95,2105809.943434938
96,484034.57817502663
97,2456331.202095573
98,1451510.2349921193
99,1530271.2899344794
100,661844.386173733
101,1388530.5704818564
102,1599241.885862903
103,1266854.093576996
104,395685.7853545352
105,680749.5137817193
106,1798838.3771866832
107,1518450.4186362154
108,585319.0824786059
109,1829828.498739534
110,2708386.5991871636
111,1072873.119524604
112,537924.5707463066
113,1240444.366074248
114,2465061.401590742
115,505449.3264123868
116,1338480.759853531
117,2654900.663682376
118,1331044.357188775
119,1336781.5345358595
120,2196944.2995786276
121,470174.19070668047
122,1272411.447214274
123,997011.6838911287
124,988101.723066865
125,1372281.3702396483
126,1916360.076851473
127,560443.965359182
128,1093093.018060656
129,769828.5111096614
130,543833.1951220208
131,829982.7698693053
132,1259589.5174014997
133,2572205.1276898077
134,647531.305523654
135,1020899.6456770768
136,1238412.13983235
137,727083.8614491749
138,966878.7789652242
139,722911.4680823275
140,1396417.3323219912
141,1502065.2925796632
142,943810.1640183278
143,932737.4386577038
144,1082540.3957072638
145,2948312.801151638
146,2213335.834805521
147,676122.0299122249
148,2755684.511320716
149,907318.1267714442
150,551676.3599151119
151,753759.8412792729
152,499163.8791407232
153,866778.7864045855
154,1311574.336760929
155,1553159.0939167084
156,1623413.2014185765
157,1210367.3902729747
158,467858.39464895334
159,1326745.2369968817
160,928215.6430667255
161,2554391.364832487
162,1554123.2975190494
163,521707.98088279075
164,1268606.4374146932
165,1959429.2810815733
166,1296279.0615121494
167,684865.8608624913
168,584113.6715182771
169,746777.0154324982
170,1697138.1018510668
171,1290173.43081148
172,717996.768445812
173,629389.4423207575
174,484704.37611933926
175,1207640.444115357
176,648577.5370495783
177,428340.4392114339
178,1098956.8489545044
179,932659.4197094733
180,2663252.09638628
181,1147288.4603130952
182,569160.9297385523
183,640430.3921909921
184,1258686.5722935053
185,1617018.1278295766
186,1809087.5364682216
187,1495614.996350831
188,484346.46772288834
189,859855.9631299396
190,620610.1945037078
191,881548.5116691658
192,488228.1676442891
193,1166734.7653525684
194,717400.9643786869
195,1273205.9569394856
196,861058.0929145728
197,720035.0671855165
198,764562.103602441
199,936388.1451872848
200,567940.7659500921
201,657197.6021896005
202,774753.2520177364
203,953934.8984436753
204,1309675.3889390626
205,2339478.2889974797
206,1031985.3259199413
207,1783273.0400277262
208,1080702.1016475768
209,1122156.857562317
210,790604.6623528602
211,877888.6879500942
212,1955193.5934201719
213,868592.7326653124
214,744990.8250828468
215,598692.022385693
216,836484.8138613229
217,822746.4051892238
218,1977027.1106484616
219,585952.6767045425
220,1235606.7306748412
221,1310744.9206925265
222,1897672.1319777505
223,1679397.1808584982
224,739763.1671476727
225,1230717.050648055
226,1143146.1407701708
227,730182.2758845501
228,771332.5281819105
229,387388.7085552646
230,560423.9567548309
231,738509.0848640845
232,765098.601976784
233,2566461.2607006645
234,1148015.7164486547
235,1011013.5966861421
236,1023463.2231222836
237,756934.35345
238,2350631.106534926
239,2212295.479620789
240,794492.3102783868
241,737408.1469464562
242,1829976.984260013
243,1484917.8487965493
244,3498354.3683564067
245,275973.73441861
246,643600.494636249
247,1564028.2036932565
248,1450735.001865143
249,1823573.3520808858
250,557692.1100923945
251,799989.8551478658
252,1149007.9828297286
253,582289.1845550614
254,744685.5921955073
255,810919.0239394582
256,1455988.2824804555
257,969129.2918865634
258,761280.1360844956
259,713562.2694211251
260,614616.1285603051
261,906574.7419662396
262,1420870.228028469
263,1331386.7246570422
264,2025183.9056856057
265,1184050.010435
266,1586599.3378167779
267,1174967.017909812
268,1315082.6810591558
269,1774680.7350447406
270,957151.4725652002
271,983407.975373646
272,1137427.6852735127
273,1910365.4812681978
274,445030.91051012947
275,1153807.495091969
276,1010563.8267278627
277,779692.4631886793
278,694498.3746804671
279,1235481.0860190922
280,1183618.6250534032
281,451194.64219136565
282,849131.0879068737
283,608648.3632619007
284,583694.0719602609
285,1520455.4981280135
286,745016.1399142985
287,1247174.9720770433
288,1771867.4309674748
289,558398.7779462322
290,1613531.0106053113
291,2389507.8703698153
292,1168134.8255464016
293,1807499.8450751053
294,2065594.2773697898
295,1228996.9433167446
296,475408.29945244023
297,738816.7290191744
298,846145.7619683489
299,610335.1913629955
300,923624.8732871189
301,697745.702333181
302,2399446.1870309087
303,379045.0493204095
304,3308554.020881243
305,788188.912133767
306,952116.0969740605
307,814954.3053595131
308,719940.6361059552
309,681455.3922933552
310,540601.163919596
311,684171.9258764532
312,602444.6420897353
313,2167189.1680776617
314,954664.0401749169
315,739575.1927900948
316,681701.3924771645
317,1811565.4874219154
318,974311.8406755355
319,454112.1983949394
320,624843.0586782704
321,761742.217104779
322,637039.2884679013
323,634487.845274407
324,1132269.2373755525
325,583618.5413777638
326,336138.4029324846
327,915735.2956494099
328,3479606.966008584
329,880703.1425640341
330,736368.046612575
331,1560920.2218245706
332,769679.6228433158
333,1605150.8459054912
334,660840.4519005334
335,491185.6866552403
336,743816.8299599977
337,1369325.3896916956
338,808903.2142869511
339,1109726.940548514
340,1416322.514561208
341,695869.6026874887
342,1394346.0866785797
343,1368212.5754334643
344,933310.9825983254
345,656335.1016623885
346,1323586.5553252671
347,729729.3183944569
348,339444.6145043644
349,619195.2290937918
350,808777.5650696689
351,1265212.3099538628
352,997681.3884343052
353,1504616.6903455106
354,697871.8170974887
355,482102.67413274833
356,416230.6234416851
357,990189.9163934072
358,983662.0160094941
359,813225.3866644362
360,755561.0739563876
361,596359.606655677
362,1317081.8362479727
363,983461.2864890139
364,779254.4845984188
365,549106.7130778331
366,598967.895712415
367,484942.2267983107
368,995649.4767104312
369,711415.5509249683
370,1286018.1338581205
371,1654738.671360754
372,1449521.0853489663
373,1182317.2400729714
374,1546044.8346838984
375,1394982.3047961814
376,1997466.2477843505
377,382200.6689013357
378,549870.3837006135
379,866858.6704892144
380,335188.73076387827
381,795980.8251419677
382,849727.3442276617
383,710117.5275223245
384,842969.2435125872
385,676403.9895436002
386,1190010.01829764
387,1566048.6423285403
388,464320.10953619966
389,534035.0584708896
390,898315.1735678728
391,396675.09466936934
392,2199980.540994823
393,1214023.70138368
394,969227.3606644742
395,2078664.886425318
396,1383829.0467161655
397,454400.5837831766
398,782349.0292414005
399,760787.1194282847
400,702383.5463781512
401,2359512.759936698
402,824179.9605841165
403,309875.7756684052
404,707747.0612643692
405,1138843.401957888
406,2062045.805034975
407,1844679.5302757933
408,588331.7082204464
409,545578.1452781045
410,1027556.4825047512
411,1666193.5513928984
412,810918.936676635
413,856082.5591153544
414,2097034.1607314588
415,812721.1015176884
416,1212195.8284534835
417,1112922.638935492
418,1049812.835099
419,803176.8910974485
420,494884.71416362835
421,1277955.4738347512
422,2102632.634414074
423,857158.7837779485
424,1135536.7297407957
425,1582980.3373863434
426,473639.30673608277
427,2017044.9231225369
428,625282.8364115639
429,1003943.3155239885
430,775935.2039196397
431,1299183.976651736
432,2556476.138255138
433,1841735.1144694965
434,636461.908718901
435,905436.4101926637
436,1151345.26913737
437,607929.2631737266
438,996410.2958770453
439,1213466.4233773274
440,668198.625824053
441,1176690.4328490878
442,575816.4472867787
443,943318.2390963454
444,324978.80716263765
445,1347846.9216727123
446,868887.3698569332
447,1130206.7586224736
448,1084278.410103141
449,807378.9565218857
450,918314.0726077884
451,894727.7285960538
452,1903579.9062584282
453,1266734.0384528714
454,767213.9458567345
455,866513.7551542269
456,768914.4269337797
457,805782.2992295425
458,1500953.6227492774
459,1628213.2646881905
460,880214.0924393284
461,792350.5088155095
462,1076742.2088870127
463,636466.5800085885
464,602328.0046157233
465,601301.1629784238
466,565859.6712222014
467,445667.71847663575
468,729030.9729536974
469,1853132.409811882
470,844126.727634389
471,429193.99363734527
472,1228209.1709336082
473,858282.3844614305
474,692187.6775496177
475,1293487.9929169489
476,1892518.109800201
477,594662.6940243327
478,1443151.9710954248
479,562530.7236011971
480,492828.02385171514
481,926033.8495519062
482,1632849.2132654414
483,1349594.2683381052
484,405240.59545883356
485,1950460.9571625052
486,661747.9024740625
487,521641.72714791575
488,515023.3262487176
489,955932.1377424821
490,1075808.025358939
491,1239843.9776960248
492,801529.8782294487
493,966942.925953579
494,590896.5139137924
495,927821.6318490105
496,2656815.6523169894
497,850777.5201350383
498,573057.6877106176
499,1248608.2109527884
500,1104822.1527023271
501,482050.48849316366
502,1922005.2881371786
503,445993.00740803586
504,742169.9335211883
505,516488.5097434677
506,659614.2221805619
507,1465292.9060758096
508,792978.8900593297
509,998136.9899473883
510,507444.4093551199
511,1391976.9453178155
512,822753.2131812124
513,660285.8548695953
514,467111.27216138603
515,1233515.4599832871
516,693108.126742546
517,789469.008933227
518,1917784.1735313449
519,2464036.3586947275
520,637959.8962406644
521,1299298.972530983
522,1590115.6789422196
523,920184.3692778903
524,648477.0888870796
525,1212731.537271859
526,830490.845959413
527,1604066.5207855694
528,501017.4166821899
529,779617.740756836
530,3992697.3115856005
531,1628127.3451301882
532,1244934.2164748053
533,898433.5604518463
534,1217846.4471739975
535,800787.5270239977
536,521600.56055851385
537,960007.0320074602
538,826150.4943971992
539,307348.0340516092
540,1648880.7828936891
541,1337461.2149238891
542,1493768.611122725
543,285718.3673780931
544,1749483.4685757963
545,1213375.5431822045
546,1501839.8149360577
547,798431.2588415241
548,1021393.7081781025
549,1245225.12169335
550,581765.9059133468
551,1138548.8332239166
552,1915385.087720277
553,864591.5932432245
554,990764.7787826043
555,1508955.1090371695
556,1973364.3808136652
557,657786.748271936
558,602583.1000532857
559,3691085.670879297
560,512197.29702808114
561,1081868.5643101828
562,1109611.9609527516
563,1417323.9717107618
564,926480.3804824192
565,1011928.1741700838
566,561577.773061571
567,706698.2483157165
568,1412710.6955343413
569,1938179.5325024852
570,1171933.7981252472
571,437800.3025736517
572,303571.04617014393
573,1589024.752999038
574,1936795.957530838
575,512646.0214446611
576,799796.1024452242
577,929412.4151720466
578,484522.29157951433
579,2220739.723866541
580,583788.5698588707
581,691795.8218556596
582,1764890.1773727143
583,790055.2439104144
584,1292924.8448417298
585,663922.529977781
586,2651902.987472454
587,2130532.481397365
588,1001561.0249671597
589,1790038.6542783957
590,723432.1737235928
591,1257881.396107505
592,916065.6674048144
593,1415749.9032373042
594,561372.0019495055
595,1677871.032692025
596,473529.51111141284
597,852479.9231881049
598,1625289.3790456587
599,453609.1674801058
600,1132493.7275660615
601,1821057.488891831
602,627543.7082768581
603,834904.6484996916
604,594351.2175340564
605,1523881.479822206
606,663256.8826279534
607,1124153.0798950354
608,1276678.9721275251
609,863259.9669352854
610,297723.69493874686
611,460006.6239082797
612,931683.2044961121
613,1711820.8942370547
614,793682.7364782799
615,650441.1006656946
616,499969.8548772046
617,653400.731169054
618,1275172.9160414478
619,987866.7377004462
620,297962.6544917122
621,2438903.7029784415
622,390861.3597981093
623,455726.13923127024
624,315602.8582456195
625,1907801.0300930897
626,773840.1424230427
627,1825213.79211752
628,2286509.567485301
629,1192748.2304898628
630,919307.3904015888
631,1220500.164981388
632,987324.7893740084
633,982923.9930252035
634,2522774.1695144037
635,881451.7872735523
636,1289651.1619357853
637,366810.92981217045
638,942052.1449436608
639,873058.0173836737
640,1696615.9270863254
641,592242.0968743807
642,1335786.593488823
643,1627187.2222094175
644,907326.3421755682
645,2738511.8995265737
646,524339.3717044212
647,368993.72563940356
648,751523.5117589923
649,568221.25281461
650,1338429.2279830852
651,926849.2527732332
652,527933.1195528538
653,704714.4090629204
654,1550464.3562598082
655,587476.7830836638
656,2634190.846894281
657,769522.7759911625
658,788336.9597189607
659,1206903.813633047
660,1523550.5011255338
661,502309.19104233006
662,925781.4657827135
663,906341.4780797628
664,469102.0555004536
665,777738.817235354
666,380033.05068178574
667,631353.5705592124
668,1329052.6888631291
669,952059.4114387155
670,1628443.6085996774
671,615538.4131694216
672,1667790.8637855342
673,634470.8006611273
674,556423.7853470348
675,486878.9942048828
676,670758.4908121706
677,1583126.8320360288
678,454018.7630309477
679,1171627.1049294735
680,738923.2507843754
681,1231386.9684589342
682,832697.8711680543
683,491350.4296556951
684,540220.7430544017
685,1723272.4735349594
686,845430.4714525652
687,1707382.2898046242
688,816902.8144006575
689,1118341.5971369583
690,1167281.1747859265
691,2227417.1400493085
692,795411.6977631693
693,811509.0818383492
694,784868.5736484652
695,689120.0793888344
696,451615.96928673284
697,1168668.1233992171
698,703942.3095520909
699,2679538.971010861
700,565168.3821413278
701,789760.6517885452
702,2460693.4293322153
703,818254.7090109388
704,2492274.4923848296
705,862321.0871117611
706,1352031.0347729777
707,783660.2262170092
708,1153364.6775893776
709,1747611.0006737264
710,549736.0285983518
711,926750.9013176529
712,1231180.1712698196
713,1087453.4398080136
714,1004549.8501049599
715,953861.6188218336
716,574078.5700533575
717,1285437.7029953892
718,701332.9180653765
719,545688.4800089033
720,989125.9617220835
721,918880.1953834803
722,2908647.786401001
723,809095.1593340163
724,799140.5655000854
725,505052.4862652591
726,782869.7931862336
727,1230754.8722523828
728,1326159.6809136418
729,1602178.4132362392
730,890909.8654867
731,901903.8674635525
732,1717229.5512161145
733,877385.1281972384
734,342476.74330255593
735,749455.0574322843
736,993579.7773566318
737,1299538.4369105888
738,612065.9578261902
739,1914349.2486615332
740,911689.6706511108
741,565928.5264058637
742,517752.64646736253
743,2156764.419601962
744,1179814.4001187657
745,1127468.1802017821
746,2237232.0784751577
747,874512.3163496964
748,689124.7767809936
749,1167867.312518941
750,1519383.126928038
751,1007707.2699617121
752,1137389.0130174956
753,1117841.9363769905
754,847306.3424163014
755,1160261.8290033464
756,1004059.5066589186
757,434279.1251515584
758,574135.9843602102
759,944912.6245909227
760,1621651.3307670148
761,970691.8077809181
762,931214.2766879937
763,681479.9580075643
764,454956.53230491356
765,571232.8615173058
766,1941822.1998264033
767,2681019.197672517
768,573576.2615167963
769,701155.3827158395
770,433335.13647376734
771,873303.6097121114
772,631125.55439325
773,1208487.840214432
774,1277605.6003710856
775,736871.2565013509
776,808356.344284878
777,1412815.3046126037
778,1201980.4304580502
779,1837941.0109524967
780,914042.6130994665
781,356165.97683492146
782,1817108.266180582
783,869854.1505265384
784,611002.219079264
785,534628.3878658027
786,1857722.9025507425
787,1086886.9148143164
788,884014.4529699599
789,453212.3182910495
790,848058.161527745
791,760024.2439168605
792,1646283.259807045
793,834673.6307798892
794,2056759.6623661178
795,827926.6699216417
796,721670.0688635353
797,755254.7463406035
798,896362.2065846879
799,512106.61663138086
800,1974654.7667029423
801,1165370.5845952032
802,2556043.3933260813
803,2330329.1992697194
804,545588.400952118
805,664758.5844939101
806,392695.4011200799
807,1184285.281212875
808,610832.7351887915
809,1314725.1008559412
810,1089240.922281118
811,1605894.5259722855
812,533088.2633349289
813,535577.7070926742
814,1311735.4337524602
815,923559.4768838476
816,1213134.1938374469
817,823698.1351854127
818,719663.1665164756
819,1195924.1688172966
820,1181765.5826731718
821,1184518.7733467445
822,1595541.5388068913
823,357403.5663954733
824,1528820.169118299
825,1400039.5880620347
826,874671.8290817236
827,832617.4535403545
828,1024057.2500135098
829,1617759.148327692
830,708010.4035000558
831,1026374.5219731705
832,514763.4674741904
833,1096136.3717474702
834,1986958.8706363721
835,556690.7822018813
836,464867.9216111241
837,1035438.1797930927
838,1254707.257642722
839,995809.4802944044
840,749612.340601831
841,1264634.057866551
842,2126453.3429400753
843,568957.1746775713
844,1239928.1456523626
845,1113064.9477575156
846,664032.4444855772
847,739529.0361277098
848,1087207.056511493
849,1235680.6819919292
850,2805635.5585440313
851,1359319.8073934247
852,575764.498468814
853,731752.0656734158
854,685691.2223239613
855,1341553.9972254336
856,686137.5021064237
857,1484153.1263282546
858,710774.3304210819
859,458046.9893685574
860,2312316.8124993118
861,2322208.880002985
862,2571195.0698287077
863,919101.6044109758
864,1089478.4249697365
865,489569.4886946566
866,924682.1997949565
867,1285262.1021699172
868,2097115.1035201156
869,667584.132152497
870,1517121.9224850638
871,991902.7962915592
872,1310529.6085744358
873,670739.5024304611
874,1386790.107921679
875,863455.7559305858
876,868858.1310594734
877,580171.7757895207
878,684785.5214420306
879,869621.6779979976
880,434969.24778737494
881,993904.4532962458
882,950029.8357623209
883,380944.83537090744
884,779015.6057303961
885,594880.0719038001
886,1634270.7813220816
887,680000.1542273151
888,871802.672397914
889,2541445.607217733
890,714138.2895869024
891,708663.8745507112
892,1356734.5932012629
893,436668.41087842284
894,576019.5654084671
895,870328.4721649349
896,830323.1354757915
897,1303781.0950181694
898,1074226.9963628987
899,1098269.271470093
900,1372061.317237897
901,805028.4817710363
902,1428885.3098479346
903,661033.438793882
904,1047115.19425426
905,692204.2168842505
906,829535.3531693032
907,450872.83657584136
908,1154487.4249408154
909,459661.42378765665
910,721423.6834666533
911,1381408.2360898214
912,706990.1538702188
913,1252473.5577516695
914,1059619.816915671
915,1348620.0109630416
916,617779.9911229839
917,537591.7923122053
918,1044143.3673980613
919,751390.5107951193
920,491449.4001371332
921,1172581.8431362442
922,1303604.9732794124
923,647689.3566544865
924,1158975.7893935938
925,1449731.2401657172
926,689680.6546522914
927,924781.9630931646
928,1782154.073264967
929,667943.838945714
930,2170092.714042848
931,785519.490761293
932,607237.4857145583
933,1356624.8640758332
934,797091.6872871924
935,1109390.2996451734
936,712153.8286670021
937,1854522.425615515
938,1107800.8640534363
939,296028.7856263466
940,961120.7918294264
941,1626071.8767265962
942,900217.523123661
943,699828.7322716556
944,1799426.1460383798
945,1068130.408417415
946,1039518.0246056037
947,1924142.5323852808
948,1008592.0066499708
949,944741.4034466881
950,1430664.7430691572
951,711521.2481553977
952,296814.3992497445
953,1333333.5047514597
954,1495488.0062181978
955,746746.5381323255
956,750050.6544377973
957,1045752.7810600605
958,704417.1350338749
959,2055833.9917055708
960,717447.1092017287
961,843091.4210393698
962,568082.80064448
963,719530.5596253407
964,279734.413001665
965,553253.792940844
966,768409.4874954998
967,758393.3127655013
968,1061847.2644452988
969,1001646.3578443637
970,546584.7195863494
971,2018111.624883862
972,1069886.9876177788
973,586720.5844265041
974,670293.1764149376
975,1203218.5666906645
976,731714.9066362396
977,997859.0698348546
978,732395.4410511737
979,931804.3603729603
980,1490570.2098345822
981,851045.9777778509
982,980440.5728931284
983,1287452.4932983737
984,646898.7839239697
985,1179403.1883412956
986,1028250.7294881317
987,967638.9558186048
988,1005193.485333863
989,526462.310052878
990,1037291.3315509323
991,503842.00566491985
992,1168369.9844796958
993,889825.560670238
994,852981.7848055111
995,766320.414187148
996,871921.9936963622
997,2085049.7097142565
998,1461956.7286528843
999,1148661.9373935848
1000,931302.4661788845
1001,663373.5276004674
1002,627526.452319917
1003,1157805.9726052608
1004,448064.8164681612
1005,3146412.4770588726
1006,626880.5285243477
1007,461034.4886658504
1008,945118.0878772099
1009,1192653.170286743
1010,408370.3396805227
1011,975330.3277764824
1012,479436.52695130097
1013,1677771.5038308646
1014,1447372.8631914526
1015,710559.9201942888
1016,544759.8750878692
1017,551826.3994764477
1018,764393.8853736317
1019,1531026.7256636024
1020,1634630.821377672
1021,295012.0101767864
1022,566870.7153638289
1023,789233.8076557623
1024,287183.8329815392
1025,2112994.204727442
1026,877219.1087279812
1027,448378.7440722405
1028,730466.3117488516
1029,1429511.6111701424
1030,349175.4807273443
1031,2637456.4355752915
1032,698546.556052838
1033,1233444.2268159215
1034,847629.7836979437
1035,861297.8103131132
1036,1818080.6630370282
1037,1468515.3005200103
1038,713698.0550733876
1039,2530364.360591325
1040,1639117.5505463765
1041,1333082.2138993365
1042,582013.2396533568
1043,375091.94594636274
1044,493588.4105728529
1045,1179344.9002398793
1046,949586.6466734135
1047,480495.406826159
1048,949304.9781362319
1049,2335699.8352034967
1050,458015.75455575064
1051,643140.7355122726
1052,458147.69236839004
1053,1161175.1636892222
1054,1127646.150904538
1055,846339.6086780818
1056,626412.6550733773
1057,814309.8251923852
1058,1088369.8330750165
1059,2271010.9640422957
1060,1984666.1086532143
1061,666180.179427811
1062,494252.94041363866
1063,696492.056367159
1064,600462.076104826
1065,1262961.0435478322
1066,627304.8329866277
1067,1331284.5359390436
1068,1486587.4951838197
1069,1983749.3492342976
1070,744515.3542277961
1071,501216.6002144999
1072,1017902.6181175513
1073,700813.7312201778
1074,1073694.0939580533
1075,1909700.636168299
1076,1431116.7957208669
1077,1034421.4083402646
1078,1586325.9513699778
1079,661169.5395134129
1080,783036.2870584459
1081,1365213.9589470164
1082,2648409.572372636
1083,1121223.4550417878
1084,672817.7781538308
1085,698040.727846229
1086,516979.1492374103
1087,4089002.7201525522
1088,1268571.3056865912
1089,597063.9746787141
1090,1563692.169160287
1091,594205.0634259199
1092,1245070.160528515
1093,934398.3351256399
1094,789094.8090662686
1095,1505326.6237680677
1096,848209.7581283887
1097,795042.8084357858
1098,1369450.1174716684
1099,614532.9282345872
1100,912458.4710798734
1101,1731052.2593609884
1102,586445.1011093421
1103,622424.6194281223
1104,911284.4778589838
1105,1153966.80832282
1106,1058819.6906517856
1107,1157024.811207743
1108,603340.4909076102
1109,896334.766989673
1110,1812416.7675803688
1111,874121.8340764965
1112,475653.7242594926
1113,829623.7238847968
1114,600107.0987491009
1115,1854969.326000422
1116,1174531.7083349938
1117,570037.0818506384
1118,1398048.3759033869
1119,1472176.001498616
1120,1820498.4914717842
1121,655878.4691518178
1122,580483.6378850393
1123,989682.3506975891
1124,839139.2496068479
1125,1217095.889207992
1126,1543508.0908033438
1127,850031.5970050844
1128,1741652.401263007
1129,592025.0069440185
1130,945479.7248248702
1131,648803.025146921
1132,890383.513950464
1133,4096320.376226492
1134,855688.523125218
1135,2136365.6260620113
1136,859022.993048193
1137,1489960.28137432
1138,1871551.1762193856
1139,751351.751736378
1140,1637904.0487234485
1141,405577.2059810266
1142,535129.7627918315
1143,1180192.738232284
1144,629257.2630514936
1145,1224071.0081476027
1146,519396.68731727067
1147,558833.0054704373
1148,721335.7508790473
1149,741845.7719756714
1150,786511.1321602047
1151,1153869.88888274
1152,1317299.068577853
1153,1190716.5634850396
1154,2847212.566037044
1155,1111591.7794132119
1156,596203.8451796778
1157,318546.98937782715
1158,2361868.537848375
1159,960082.216360599
1160,935264.7390449807
1161,603228.3754419088
1162,1905952.207441299
1163,847897.7659910433
1164,1125264.6855069748
1165,916899.1196675722
1166,744696.7446383786
1167,826857.1437799939
1168,928757.6496184164
1169,995742.7481531996
1170,795057.8934482062
1171,836847.0193337171
1172,1399215.996920675
1173,725881.6494544954
1174,824407.1578566948
1175,720763.1337214363
1176,982193.0600502812
1177,916125.8897834893
1178,1925261.1090973597
1179,793132.7046383009
1180,778994.7390391711
1181,613626.1681719448
1182,1086539.9630031688
1183,1246910.0937594546
1184,1414429.0791909762
1185,725518.2553517221
1186,1283312.4896092413
1187,695808.491872882
1188,807634.9107899193
1189,585075.6865248918
1190,671287.0936953592
1191,684390.3108973086
1192,539134.5108949165
1193,581043.5620458135
1194,2188985.788843289
1195,1381914.4916827069
1196,1457509.8515771653
1197,727532.7416673898
1198,1645946.0606853664
1199,1015877.740580717
1200,975656.6738396487
1201,816307.3932238005
1202,2137218.6718473397
1203,1155757.8378268024
1204,627395.5527504071
1205,1123769.075910165
1206,801414.7326418802
1207,776706.3178413648
1208,649542.2484005552
1209,640820.512971342
1210,1796918.5482098411
1211,742775.2260683803
1212,1124376.8416867454
1213,581101.4517866017
1214,697566.9182703603
1215,1778072.7560733068
1216,1611752.4278570053
1217,831884.7084079348
1218,1615566.0608098484
1219,888751.2241360546
1220,325709.24073205655
1221,582826.2446376497
1222,1947802.7485482371
1223,671718.3257065152
1224,1033556.084437581
1225,570981.2161268741
1226,715677.0684980359
1227,794550.5568577946
1228,1917363.6907171349
1229,570667.9186937422
1230,1318515.1037829735
1231,680444.6423947138
1232,1226724.7551751265
1233,1287177.4793566929
1234,1532463.74366742
1235,617426.291242535
1236,504834.02913135145
1237,1521652.5680564258
1238,402817.26723795745
1239,1764780.328746741
1240,768903.541165833
1241,751727.8161255826
1242,1075428.0747598982
1243,618702.8356580553
1244,669318.3961567907
1245,740874.4225902118
1246,1821268.8934807335
1247,1291289.3412671916
1248,958961.5430446804
1249,2026134.3726359734
1250,736033.2142687108
1251,1375105.0872350978
1252,662864.1157318864
1253,479530.3337304839
1254,741942.0248243157
1255,1488251.9803062784
1256,336299.6277002652
1257,1868864.582672563
1258,698213.4718304898
1259,402304.40237590444
1260,703278.5483488912
1261,981150.4347166762
1262,1291811.648377298
1263,1097672.6163213004
1264,538202.323440977
1265,3370034.019289068
1266,1456664.6677935978
1267,697100.1350042616
1268,427470.4483163258
1269,668826.2299155749
1270,907483.4871722929
1271,636534.4224755897
1272,1486919.6443897274
1273,1536165.3149082186
1274,805401.1472609802
1275,586637.2278647466
1276,3744278.7753899423
1277,783537.3206286281
1278,1058835.1883930103
1279,1569634.665892018
1280,1009207.6032387225
1281,1876619.390061772
1282,858227.019990149
1283,2333035.6166867735
1284,717628.0806401218
1285,2205816.1081467876
1286,1066551.0393300091
1287,757811.1939539282
1288,1398458.4648904551
1289,1265461.2947513433
1290,1374445.2435769862
1291,1634283.3314640168
1292,551067.6687216477
1293,950804.7121373572
1294,949597.9095421947
1295,906607.5850965849
1296,290809.1092919318
1297,1274811.637286435
1298,584730.6180685719
1299,911170.5977010957
1300,358130.26851677586
1301,1560471.4796105318
1302,1810960.4593075498
1303,951566.9903652947
1304,2716779.6923423875
1305,967142.7967331891
1306,2689486.2716317596
1307,562206.1059152263
1308,845511.4844112816
1309,626712.060139324
1310,1184928.7483559947
1311,1262655.9915736483
1312,2144596.4573883554
1313,1654396.55909508
1314,1117373.6027857407
1315,528682.116754696
1316,742831.7543582098
1317,616783.1208725008
1318,557221.6874587052
1319,529385.4654215616
1320,700817.4505222541
1321,886304.102502115
1322,367251.2615679908
1323,801273.5064421266
1324,1028311.415057853
1325,814803.1737615181
1326,538707.9599502563
1327,1372080.740889553
1328,1998432.3249454966
1329,1628393.5742460026
1330,1657687.5439508779
1331,763458.2747298353
1332,1900325.1381130286
1333,835813.5339476081
1334,634436.2540859957
1335,1378422.4310684206
1336,869614.224940073
1337,1305617.8313797843
1338,1563811.4061185915
1339,1383422.6570397874
1340,699093.2819813903
1341,593252.324212239
1342,552038.5930850146
1343,992511.8758430919
1344,1032823.2472952909
1345,731838.9665628625
1346,1357523.6393345024
1347,2532068.423151171
1348,695456.3146882992
1349,1352114.9074078754
1350,796420.5656197565
1351,1794465.1693375371
1352,423702.73984341824
1353,515870.44369331526
1354,796056.3992205
1355,764153.2037848644
1356,985384.9268408456
1357,829917.4538167266
1358,981431.2303215332
1359,636637.9093797926
1360,1212625.1616917963
1361,955816.4584223547
1362,567039.282281934
1363,812662.528073203
1364,1112683.0506241051
1365,611028.8180466304
1366,1251189.22793414
1367,551588.0958956266
1368,1355677.7619759971
1369,1661198.5384055914
1370,934706.1799122301
1371,1027836.8486703678
1372,1984083.7682360802
1373,979745.7208197629
1374,582893.0420636022
1375,1386156.2197392005
1376,472639.90294827917
1377,958623.4841571065
1378,1221381.184472296
1379,1503903.274469269
1380,564223.606133187
1381,1013267.1320909427
1382,735187.3269308484
1383,700636.8570805335
1384,858336.1752601867
1385,670200.382084875
1386,1435064.7706947327
1387,1493832.1446052955
1388,838117.0723238866
1389,1429670.3031053245
1390,360653.55420610466
1391,629892.8853859878
1392,591523.8306642843
1393,1788336.8199671374
1394,1361572.2667401019
1395,544477.5649865958
1396,1589982.629945357
1397,1138396.3641678446
1398,946144.5770960324
1399,469087.7267943626
1400,750919.0003499396
1401,732587.6339549626
1402,983791.4042048221
1403,825440.2037889493
1404,809071.4865727973
1405,646450.8770303045
1406,476097.2863976183
1407,988739.2725259392
1408,661175.4184974184
1409,965046.9424083413
1410,941509.769232118
1411,879277.5581158334
1412,941712.4527973747
1413,1342509.9842007519
1414,1082095.2431422446
1415,2927335.6876811236
1416,650491.6963942697
1417,562110.4276887581
1418,1237338.1251947903
1419,728709.2442397242
1420,663043.3471524506
1421,694876.9009401861
1422,3100718.696123152
1423,1492999.801823473
1424,828788.2566957097
1425,773758.2224829108
1426,2056750.643979829
1427,2898471.457703095
1428,968320.7342299975
1429,1049873.939543245
1430,1563196.5774275465
1431,583728.1337277445
1432,1196588.6262389538
1433,1722253.6744842606
1434,851581.8895711728
1435,688494.8105416023
1436,710847.2421266714
1437,1592360.135480973
1438,1117879.058711463
1439,2014098.5311029393
1440,444707.17649548844
1441,2608201.7956193313
1442,1184698.8171936509
1443,586856.9850806782
1444,649627.5670233256
1445,481831.0292057696
1446,2293064.3882518653
1447,819474.3793677008
1448,1676864.9352179645
1449,1322204.434150903
1450,1824454.678248246
1451,814841.8443765407
1452,582031.3392800475
1453,473815.1355832684
1454,750401.7126525574
1455,1405509.3925010907
1456,1013260.9158779117
1457,1409350.4265569546
1458,958718.0486457557
1459,958455.5426869898
1460,680679.9003943056
1461,1166795.6870312775
1462,883549.108205606
1463,1061066.3288714243
1464,1477378.2843783859
1465,666934.8349838047
1466,490786.7270505555
1467,714017.6214709778
1468,1104360.0840920717
1469,1439392.5694091248
1470,913413.1625743277
1471,704407.1094910856
1472,853909.6439470924
1473,1695345.3084683213
1474,879416.0249271642
1475,1362589.4688814434
1476,842990.8810604746
1477,1045394.594342768
1478,570273.8913207175
1479,786469.5466035658
1480,883479.9421557169
1481,1759941.6520224144
1482,1667454.3999473476
1483,731177.1767003981
1484,914340.5568551238
1485,953971.9321136796
1486,732964.3371315318
1487,1210391.8791784365
1488,808747.2742639735
1489,562872.1644234279
1490,837942.968454178
1491,1135174.8131181677
1492,577833.1648922764
1493,650644.6695204463
1494,858425.136703541
1495,672955.248919094
1496,1401757.4631784903
1497,866130.6902764343
1498,408906.05183425714
1499,2010692.3596636262
1500,2124790.144743856
1501,593100.8675502498
1502,1165167.0329137058
1503,1982817.664703683
1504,2207101.51718383
1505,833531.6138464215
1506,616820.2755830049
1507,807315.5148006934
1508,878683.8677856791
1509,734167.5645482005
1510,749852.7125795813
1511,1603310.4101827955
1512,542247.9217104783
1513,2269855.6197511964
1514,646753.698895253
1515,392096.01165958156
1516,891684.1231016844
1517,1837621.2217284818
1518,861873.9878970092
1519,1377707.8661287483
1520,1358723.8767084084
1521,1211936.6078462228
1522,1024187.425082534
1523,962821.375130504
1524,897892.9767262985
1525,1202674.1340783464
1526,811993.5691927363
1527,534749.6406107598
1528,813354.7388886793
1529,1656495.8308178547
1530,827713.6015166888
1531,369118.1555890794
1532,1031791.1881998493
1533,639800.7394308036
1534,900894.2485356067
1535,1271938.4750638674
1536,1357350.2723136744
1537,1497610.4574561452
1538,1376467.6210503043
1539,840933.0457151113
1540,2064841.6321396567
1541,673795.3980286779
1542,1649088.8462323246
1543,652943.9867199336
1544,493219.2792775001
1545,492108.8841867605
1546,881753.4117646012
1547,966569.5263036354
1548,1132251.2810808541
1549,873564.1817360763
1550,376400.02958979027
1551,977635.9334418839
1552,1095886.1885598097
1553,1008109.9538240603
1554,846975.4496843412
1555,2049761.1997624375
1556,490380.53471034684
1557,616565.532077177
1558,1099537.8845597503
1559,842025.322143091
1560,1352877.0614956028
1561,1135801.0081408564
1562,1221085.7554591969
1563,821011.3130838152
1564,1141917.7569808983
1565,1061354.4053616934
1566,828082.3299233407
1567,1557404.110840241
1568,1156210.4706997366
1569,427877.9643203002
1570,2529811.375497155
1571,1393919.956171256
1572,1921202.2207764063
1573,1169650.6807370556
1574,1967826.4302514014
1575,1482921.7754809204
1576,1356775.5136043392
1577,1531281.2377368498
1578,486759.3947573873
1579,793970.4221331758
1580,1640551.267899203
1581,702361.3404038637
1582,1330940.9608005148
1583,842409.7810210818
1584,1404357.7635983347
1585,710166.3091525726
1586,1294368.0626372856
1587,1622985.3222687643
1588,1571506.529144301
1589,537080.1062323819
1590,1025582.3727154027
1591,1897469.0050659648
1592,959873.9502258716
1593,945315.5521471604
1594,1940301.2240880409
1595,315768.5604989428
1596,374037.4424853377
1597,1172914.363185399
1598,737564.4999448726
1599,1799621.3378900783
1600,1284156.6484829755
1601,1866563.2161949703
1602,1431805.4583983568
1603,390810.44221690693
1604,1276166.8191092042
1605,2594561.1154546663
1606,491758.8957435299
1607,798310.7990842225
1608,578388.5502513247
1609,1110647.7303811049
1610,634859.844095249
1611,338255.3170501084
1612,1654112.6424251313
1613,1360398.315511165
1614,1098074.1678700019
1615,1501880.055526672
1616,609022.1036510817
1617,911380.0293399618
1618,1064717.414769834
1619,1509203.4424082409
1620,1608649.8251264107
1621,1345001.710199536
1622,2087853.3657122788
1623,1310037.0102194347
1624,1261046.4940617396
1625,430251.06946873607
1626,476106.9569459171
1627,661986.5446945766
1628,712927.5768552893
1629,1022745.8112258355
1630,1303932.3680386937
1631,511737.9882023996
1632,961468.6258791442
1633,505386.264126333
1634,1445009.9992437777
1635,1195898.068085016
1636,714781.9891108021
1637,1353754.7119491864
1638,611321.6274221069
1639,686571.1338060123
1640,1456951.8063757156
1641,1117154.4850618094
1642,887953.1295828387
1643,1597628.6345253605
1644,664303.3697041468
1645,663651.023772716
1646,755913.9016094041
1647,1613180.255362857
1648,1447209.2701631961
1649,1477540.3593240902
1650,1186684.7312856612
1651,933288.2372794439
1652,736237.4849929339
1653,799588.8920318831
1654,929740.1482345879
1655,1131893.9649886398
1656,1053630.3329920631
1657,2043553.4760168202
1658,1888493.7496449759
1659,746115.9827748013
1660,2756584.9421688737
1661,3236193.1357980818
1662,1540760.319106236
1663,1347560.9446745897
1664,972764.8993770566
1665,1622469.1737197244
1666,792457.5774287024
1667,1281226.8081955607
1668,868286.1638646905
1669,2220812.4736150065
1670,1013510.2457113628
1671,1401917.8324965294
1672,478523.42238286056
1673,1936127.5279058355
1674,2255231.6732580513
1675,765613.9032344201
1676,786281.3699313153
1677,2900541.750607269
1678,294291.8765684376
1679,714909.0093128086
1680,2254535.9321362125
1681,688389.3640190782
1682,781522.1041347353
1683,1109840.421138405
1684,2174485.9879502347
1685,415980.7213210165
1686,1764616.1891823676
1687,2353412.5001995564
1688,1249197.8751475243
1689,657331.9077277298
1690,1492644.4673663105
1691,1337444.3701308668
1692,2922982.2352683134
1693,755655.0206618349
1694,2053461.1354343884
1695,742965.431164408
1696,1284157.3538901205
1697,598540.8463836784
1698,932597.524043148
1699,1071275.4250769478
1700,592142.8638392641
1701,1260392.5768542523
1702,870177.7278771288
1703,626995.183373934
1704,2978865.3186638663
1705,2754315.0851974357
1706,617746.2703278481
1707,909297.5473425067
1708,979699.6296289281
1709,787760.8406413875
1710,1210279.678507562
1711,821703.1792511104
1712,592275.1208057095
1713,486943.13770345296
1714,731283.8026357329
1715,335531.11340283963
1716,882306.9212827866
1717,1074962.6840565817
1718,670707.9160230249
1719,495984.62082849274
1720,1354930.1416048442
1721,1967032.7757525234
1722,1570889.9268497166
1723,921280.1954396715
1724,756534.7621094952
1725,1868417.422302602
1726,1340428.0658808893
1727,812491.7071987835
1728,827410.0085832512
1729,819796.2378715111
1730,714939.2897986794
1731,1149800.9833227843
1732,859601.5983129678
1733,778733.728772017
1734,1198844.4840705537
1735,782882.278310425
1736,1545306.463557578
1737,1364276.5955980965
1738,491089.68226227775
1739,835875.4286846429
1740,362862.6000248965
1741,705105.3878789537
1742,279189.4261835595
1743,554279.0556921014
1744,625121.0883799092
1745,906654.9113670898
1746,654659.6606890507
1747,599056.8001443159
1748,1141214.2232306506
1749,533226.3846033141
1750,2050106.9332449231
1751,1092726.109884153
1752,1414036.0714365307
1753,2582913.8048922867
1754,815492.6764034199
1755,1104667.2958997323
1756,431479.6161089984
1757,1643810.3677533737
1758,1224823.6879316976
1759,607032.0103944583
1760,861840.8748809539
1761,967132.3766753151
1762,2485767.615224285
1763,346102.840885078
1764,513661.94115481386
1765,607742.7418859339
1766,1518151.8289496817
1767,3770323.7324959636
1768,856269.9984500251
1769,826971.9645281557
1770,1104180.890792601
1771,896424.0551700757
1772,380983.819144576
1773,1794076.2749862494
1774,758474.9639533119
1775,1085839.1107918355
1776,748912.9161812592
1777,1096037.9515996824
1778,1145226.9809482377
1779,1220240.057217978
1780,1033838.0182757652
1781,1250254.724374765
1782,458935.1425172599
1783,1710908.2862927676
1784,658123.5527519872
1785,735734.5208198497
1786,849142.9419431196
1787,867502.7291302986
1788,714437.0452932237
1789,1278238.5498475865
1790,906556.7317625502
1791,503784.3817971324
1792,573497.3265772827
1793,656909.9118298418
1794,2152160.375593568
1795,1326612.2103785097
1796,911953.4528173887
1797,692829.4386536827
1798,1129983.3498519657
1799,1437210.793833234
1800,736226.7008398338
1801,1089436.0549483467
1802,532673.8708697095
1803,2394585.354236747
1804,621741.0050730957
1805,770614.5392563893
1806,1230280.0374029465
1807,1790017.681332025
1808,1330882.1080294736
1809,1699992.1646139447
1810,2269287.0171290487
1811,1184503.224588983
1812,770116.5965887683
1813,496339.69216051535
1814,1287397.2669502702
1815,1775969.2325564495
1816,948169.4324928275
1817,2671873.4398871846
1818,511693.01818124857
1819,1272252.1975931462
1820,1247726.998586385
1821,1300776.6740158703
1822,1181152.5064354523
1823,822132.2987832915
1824,574398.9673199645
1825,674194.0807257821
1826,1012375.7967276766
1827,1239964.0608864466
1828,1244977.448603526
1829,415210.6994368167
1830,1183018.3787033586
1831,1244056.6915062475
1832,1964397.6438745058
1833,456021.72675883287
1834,913738.9731271751
1835,654786.2063605778
1836,1335255.0076028344
1837,1024908.4107654011
1838,602585.1688704387
1839,730315.6614831843
1840,404626.67328256957
1841,692232.388965481
1842,1958601.8131581598
1843,1765632.806882396
1844,1218224.8744981405
1845,2113687.000519323
1846,842383.6711209953
1847,814988.1884058507
1848,546015.9480139351
1849,1532455.049260816
1850,400852.70820940734
1851,396853.9827913181
1852,2477603.056737763
1853,1539753.2817349196
1854,647513.8418745663
1855,1250119.435637698
1856,1138124.0020260846
1857,1135846.1070377002
1858,845972.1029004115
1859,1302789.3286066968
1860,824667.3950743313
1861,599648.8750980591
1862,395562.72719165083
1863,678415.2372699794
1864,919439.3463677026
1865,634050.0212240567
1866,404945.6197502705
1867,1351785.1378214892
1868,1240138.4524292299
1869,1048547.7859618375
1870,424121.1762746013
1871,630141.6606232147
1872,824053.4712890487
1873,1319431.8552006192
1874,583535.8384722063
1875,913431.4966652545
1876,618514.0968196223
1877,355516.0151760324
1878,515609.26801216754
1879,877642.0380775112
1880,1156991.1990206798
1881,581535.7909273405
1882,747560.0189024673
1883,1501439.8040947185
1884,1304407.2080231584
1885,1329552.2681711868
1886,801344.5843097768
1887,1420853.3227849668
1888,699585.9056406934
1889,1358782.035121845
1890,472213.60056903766
1891,584005.8073269303
1892,751266.0712536488
1893,447398.04901013937
1894,525747.5016979903
1895,1166044.5078144958
1896,481121.9315863452
1897,950443.9010037394
1898,1646040.3224895792
1899,1609640.35597569
1900,1458499.6560122466
1901,1150354.0465210848
1902,675429.1155910926
1903,605252.1775780311
1904,1155840.1013693907
1905,522553.29681363865
1906,650686.8762615902
1907,952342.5350459466
1908,677576.4837961914
1909,824411.77431951
1910,508497.08365652873
1911,1764229.659516094
1912,2819768.827577642
1913,1077295.6666181495
1914,482082.9456150014
1915,407166.5326746274
1916,1687113.7677800853
1917,1049757.3310831673
1918,1101212.3397735492
1919,411900.2704570209
1920,2213273.575207577
1921,662737.8307551472
1922,445249.89613836905
1923,1075896.7083257118
1924,603439.7238326629
1925,1394229.6597383523
1926,1014254.6615589462
1927,796045.1100219224
1928,609776.741846724
1929,530649.4767692268
1930,1022817.0383581762
1931,2122079.5447470555
1932,1046952.4460942468
1933,1160041.165033101
1934,4681680.045651398
1935,862592.2277286574
1936,637104.3776311387
1937,1186702.8444068392
1938,828830.2808845313
1939,489447.91162616276
1940,477951.5121288395
1941,1238100.0648404255
1942,1005827.1551814146
1943,516327.517710528
1944,952476.3989832085
1945,510924.84270166326
1946,810618.6434095557
1947,1093257.8428786695
1948,1564354.6217662664
1949,1165891.5962048422
1950,1268011.372863106
1951,2816117.171462534
1952,1792216.6968698725
1953,1834906.3805967171
1954,657331.9077277298
1955,1763138.0725939202
1956,810178.0122264988
1957,1941101.0582843653
1958,624398.4849453983
1959,437573.5104461658
1960,1075791.97907121
1961,910728.6423847744
1962,866035.8051752273
1963,1034326.0705561191
1964,481224.99804386206
1965,401339.7585032268
1966,708735.119654135
1967,2164539.6541365245
1968,2731765.6794836596
1969,1132123.41306492
1970,766937.120666465
1971,1121966.6196735953
1972,1328229.7960557332
1973,1012047.8330944761
1974,633287.5028423246
1975,636070.4494929047
1976,756152.7426620597
1977,1848067.065901152
1978,425288.3624801831
1979,1128843.128304011
1980,712032.2741179371
1981,1406346.1976551996
1982,993776.8529269488
1983,945578.0329172107
1984,499486.5226040982
1985,536217.7299333399
1986,1577549.0540863588
1987,1439895.3385887085
1988,592774.7329381289
1989,1270616.9659923364
1990,1493444.992221481
1991,618920.1645014762
1992,1050045.222747233
1993,1235369.776282273
1994,1769697.341109601
1995,1480650.827075674
1996,647487.4174505484
1997,1147780.940320381
1998,1734101.3747899642
1999,699956.1718020134
2000,930184.6696060043
2001,1519003.1162157266
2002,1505942.6573283281
2003,407856.4351586832
2004,319907.25780419
2005,1196180.2342421412
2006,2263810.367287091
2007,1079626.873975078
2008,1737987.6547246268
2009,625603.8017305315
2010,420718.85624014336
2011,1052367.424849459
2012,1554161.9069691587
2013,898023.3565989156
2014,1014939.502279855
2015,2303510.8694536854
2016,524950.8734361837
2017,611294.3214853944
2018,1494455.8033960708
2019,1362989.2588999378
2020,1806623.7545540072
2021,529778.4411093979
2022,464730.0618427751
2023,507339.9234521029
2024,948888.8667032899
2025,806350.514307726
2026,2738496.1258595306
2027,605140.716738405
2028,625831.4588996205
2029,545933.1559628962
2030,701571.8516665532
2031,2106788.9664966175
2032,624595.3612505835
2033,844276.6783815707
2034,481525.21231530345
2035,456854.25958410685
2036,996322.2715625782
2037,1054136.6804040999
2038,1684295.7371846598
2039,999251.3950390266
2040,753867.9030242225
2041,830048.1742264393
2042,1595454.8064896746
2043,575412.2640696797
2044,1346941.1288082842
2045,435790.98506858
2046,947221.1130241522
2047,1504616.6903455106
2048,1442456.2422684776
2049,439201.6911225523
2050,836483.7132242866
2051,1336012.454882596
2052,948757.252134781
2053,1795046.9894139278
2054,3034737.646477392
2055,1311502.8505500662
2056,1908399.869634676
2057,660239.6382728822
2058,1159969.5217499482
2059,576075.2814517973
2060,848139.5301994864
2061,516856.43143175996
2062,551980.7686775806
2063,387412.78505582653
2064,1531908.2371679582
2065,556291.1578750268
2066,875673.5907109218
2067,1178078.4569054414
2068,1069785.7192478965
2069,2681274.3887582244
2070,1554099.726635792
2071,696031.1633103433
2072,813525.0116617663
2073,1400735.2785971216
2074,775443.4696585276
2075,876391.9231128551
2076,516864.69842619845
2077,1719715.8072146822
2078,1245663.5527735087
2079,591808.8682786297
2080,923084.1326326936
2081,948522.8049438905
2082,1544536.5517202066
2083,806342.8462827354
2084,1373084.2785711784
2085,673794.2886192346
2086,769667.5096828452
2087,662745.8993450939
2088,883175.2640635781
2089,1918447.9791902895
2090,321384.7040178431
2091,1500137.2217768633
2092,781082.1414231808
2093,1032500.8873030418
2094,644161.4422101476
2095,951390.6877772297
2096,1223867.1715312302
2097,1165357.4547821502
2098,927132.8249133973
2099,547370.2545119089
2100,784220.1837863777
2101,896930.5834984737
2102,752848.1329773647
2103,1099926.6717026173
2104,766754.3438200599
2105,1234056.358662454
2106,630006.4869926157
2107,1460443.5385028431
2108,1870922.671855312
2109,909298.4062831629
2110,796303.9011303448
2111,1322750.2235570815
2112,780649.6793891133
2113,528496.6935118011
2114,621632.0947696271
2115,556214.7750614629
2116,1301279.1045143013
2117,908764.0508284554
2118,1204812.66285682
2119,1361339.3237387717
2120,756677.4519077602
2121,906541.3074305565
2122,963728.879891322
2123,1394951.4508051933
2124,1856871.249566202
2125,1059367.501398261
2126,1654714.0462362485
2127,885289.0042154763
2128,733732.7354055522
2129,895371.3468342089
2130,498998.4519293409
2131,1203138.2354483623
2132,703450.6452116286
2133,1221563.1918484343
2134,836813.6442586121
2135,645073.2196166682
2136,1370946.080266719
2137,683118.5453969814
2138,1332482.312197509
2139,2374566.989789948
2140,1317200.7615064597
2141,964860.6600869143
2142,894952.6193033375
2143,969527.1687622387
2144,281795.06500026555
2145,985880.9528100056
2146,539390.7066565324
2147,1878421.6168516404
2148,1508984.8749404955
2149,1920630.0566652564
2150,776352.5897201514
2151,2233831.8173141973
2152,1709917.891024519
2153,819980.8053489478
2154,1018108.8326293577
2155,615928.8617752515
2156,663518.1004013347
2157,710266.6992537661
2158,1413565.396675628
2159,570686.5505628265
2160,905382.5046127215
2161,769192.7241432047
2162,1746496.7612781096
2163,561506.3991027931
2164,357199.7155911493
2165,1223415.8337454114
2166,2091391.7080992458
2167,742790.3252357624
2168,402164.3813884956
2169,498544.95490502764
2170,1234464.4569639217
2171,1173934.8836223087
2172,1389370.38652199
2173,553870.0025543361
2174,617160.0960449639
2175,1451901.9319493868
2176,1221819.0105066174
2177,463130.1259154661
2178,590195.6815788338
2179,750781.7775549543
2180,2762391.324029207
2181,405696.5130222493
2182,1206226.8742389362
2183,684559.8737679365
2184,1397356.7053646978
2185,738665.1570678115
2186,540646.6742444764
2187,2608056.9363072077
2188,492501.9658559485
2189,593176.4723824989
2190,1572616.4231974317
2191,498072.9937842338
2192,1365239.9244827642
2193,1332654.4526175996
2194,718830.4868501204
2195,1727469.4734238123
2196,482830.55860196997
2197,1175830.7048957776
2198,1610823.243916116
2199,932748.2302583696
2200,1323121.9294765827
2201,692914.9725163479
2202,788936.1579731492
2203,1295750.3741204867
2204,1184554.9772861418
2205,685210.8454680484
2206,339844.1038387719
2207,1197259.1432355586
2208,1299881.4073061873
2209,686033.0955138926
2210,725006.1269377257
2211,659421.1099928478
2212,492418.2738883293
2213,653841.2660890422
2214,1841681.1780080255
2215,754380.5396691303
2216,2767888.3108552583
2217,395521.5971503469
2218,685605.5550249541
2219,1637095.9327266444
2220,670017.0992021591
2221,766286.7967096438
2222,1810742.9163788126
2223,1401061.5222488802
2224,1113507.1876178265
2225,828141.3849736357
2226,1774249.2622652422
2227,743689.7156574925
2228,1587563.340588882
2229,638061.0627242035
2230,1105160.563938549
2231,2279885.1678994484
2232,1432948.897745556
2233,1240007.1390918891
2234,654585.7888237037
2235,629091.7279590651
2236,1980114.5424080896
2237,1951959.2000359674
2238,1104219.0513400761
2239,2415003.0417652596
2240,520934.5326608053
2241,690473.0157863717
2242,301449.88800269907
2243,1233637.9964751953
2244,772467.3691426477
2245,1514331.9108791188
2246,1435258.6003263956
2247,967159.4496249503
2248,1208705.7658978244
2249,326037.7344822472
2250,1204977.6843006967
2251,741362.4001800589
2252,1444026.417778705
2253,708196.8161832328
2254,1602110.434691934
2255,1629387.9255570045
2256,779362.2879268462
2257,1466174.9428026013
2258,1024810.7804768161
2259,1123867.5919562888
2260,1368686.3028138776
2261,598002.1807097208
2262,916761.5637533696
2263,597905.586373343
2264,599442.1550771383
2265,508988.89790179674
2266,1158321.3155337675
2267,2196190.557440019
2268,985197.1114284337
2269,931139.3400071564
2270,998857.3706002694
2271,611628.4150121396
2272,610352.1137620157
2273,942671.3620520602
2274,940327.0026335175
2275,1146033.611693729
2276,1045132.373172449
2277,763794.2697220653
2278,1455327.5384130822
2279,666837.5173113085
2280,3409341.274040603
2281,556608.6877481319
2282,1211850.7262954598
2283,1022096.8194976355
2284,909739.3123788948
2285,820807.2572745306
2286,882662.9521328391
2287,560150.7207606346
2288,710933.3992207674
2289,1165580.7474018347
2290,1058946.8140371228
2291,1347932.3816224816
2292,1321957.848943284
2293,1146996.1969797441
2294,711385.7543363705
2295,728386.181294806
2296,1159409.7294623686
2297,870077.4779795469
2298,933438.8088776374
2299,1211214.5473217592
2300,1095160.0400993717
2301,527338.3283295855
2302,1964344.1069582861
2303,572122.4111014216
2304,1896355.6288506952
2305,825920.1106275872
2306,832840.2471413605
2307,690653.5526785185
2308,1011782.1730136016
2309,723523.3845045945
2310,717034.7879335164
2311,1242120.523162633
2312,860595.4684052463
2313,840713.2024456166
2314,1162021.2671550498
2315,998391.3028235357
2316,1604742.3892215192
2317,1566223.3866807332
2318,1167526.7909396782
2319,1300850.3776420953
2320,1669890.2749824545
2321,856010.4086601314
2322,644875.9730816972
2323,1008956.1016224188
2324,789940.3637934484
2325,2692892.5103167323
2326,982315.8001558731
2327,790464.344367074
2328,571221.0468216407
2329,739824.9332079345
2330,637701.6270960628
2331,810564.4743022919
2332,906237.9009523784
2333,756779.9121379721
2334,1641940.351743955
2335,838343.4853999742
2336,935917.9781164814
2337,813759.550705598
2338,928100.3742907329
2339,1051220.088083272
2340,779240.8183498692
2341,2331791.5213672286
2342,1241637.8028496073
2343,1663149.7963679603
2344,1252082.4602439238
2345,1469398.6968333318
2346,1420068.5820852427
2347,777266.8502383704
2348,496780.63885541173
2349,3138690.311995656
2350,429695.73020362173
2351,639854.2442518768
2352,978142.1782963445
2353,400795.4679676676
2354,1161085.135700629
2355,463490.41684307804
2356,1195684.4109536123
2357,506311.3911419725
2358,640325.7583029434
2359,1109065.3270944103
2360,1736004.5646095574
2361,335624.9438715722
2362,565522.3639051155
2363,2347383.198557928
2364,405469.2710582198
2365,2029252.879605323
2366,1239542.9366550713
2367,633218.3813340454
2368,3889856.2229577387
2369,2117364.2900332203
2370,610326.0253057964
2371,873960.2331988519
2372,806257.4192188904
2373,2099708.699567315
2374,689523.4510717934
2375,819023.0784452328
2376,1014372.5296514322
2377,720433.0799622815
2378,682336.5506577244
2379,616661.5822074029
2380,871827.1098965624
2381,1337599.1285114067
2382,790576.2165905719
2383,990904.1880473263
2384,760631.5841744347
2385,1091627.9009536866
2386,1034823.2810569978
2387,2492683.960658691
2388,1368035.6497731803
2389,372407.3080723845
2390,597664.2674671558
2391,601025.4489345329
2392,1336589.101400543
2393,1697068.0504008322
2394,1656801.8752658197
2395,1277873.385450037
2396,578756.8632653411
2397,1750156.4238084147
2398,833102.1345394804
2399,1140798.0919262413
2400,1123663.3943960154
2401,1832804.514435816
2402,923717.4250152409
2403,1625844.9656690545
2404,433133.4167676195
2405,468800.7794463953
2406,423325.45786601875
2407,560583.8864604094
2408,437162.6735772107
2409,977360.03771914
2410,1221606.912279172
2411,670451.0181809413
2412,1565788.1857864424
2413,1396288.3064885815
2414,693360.9184634435
2415,1084364.4720003353
2416,484862.93060844636
2417,2030290.2173054647
2418,1914590.8716765516
2419,2030009.8384629118
2420,581109.4649261908
2421,661103.8513905086
2422,1538759.8219759003
2423,541591.7454483216
2424,717364.7660123544
2425,2138270.9775389563
2426,1774613.978412298
2427,598129.3322923393
2428,550802.363640941
2429,2339978.8122753752
2430,1235624.0848226247
2431,404791.9956693411
2432,937624.6175104259
2433,1241453.2402433436
2434,486886.1856552436
2435,2996594.1459521186
2436,1060370.529451425
2437,476853.1442857573
2438,1699143.3880034173
2439,1028008.3963051634
2440,803812.9838824273
2441,679993.3842204461
2442,662954.4400696686
2443,1519599.9140271496
2444,1347779.565979466
2445,541168.6039932034
2446,848283.308760181
2447,303979.20452470245
2448,1094169.7370585187
2449,484498.59946919867
2450,839043.5266967663
2451,1043716.1627679793
2452,509698.43099259504
2453,1513818.36361412
2454,417710.7008362047
2455,370094.3385094076
2456,1029049.1020916875
2457,598528.9756322524
2458,757099.0655417218
2459,1205609.794845578
2460,850819.1886120593
2461,869043.8387750007
2462,772472.4812849235
2463,975637.3553579245
2464,1203690.3920450446
2465,1091503.049812457
2466,1282940.188643033
2467,528296.0156682866
2468,1690970.1681203288
2469,1216111.0497026022
2470,722688.9781024901
2471,1945895.8576705377
2472,2385847.6199561227
2473,559755.2726458544
2474,628207.8392562452
2475,758396.554780669
2476,1885945.290417633
2477,1183492.8171892099
2478,1338450.0647788844
2479,869523.3081077462
2480,1080268.3314442828
2481,2538896.538827013
2482,1048165.9601184505
2483,872391.1008996643
2484,763180.5818822075
2485,1090408.5378403605
2486,417262.0784449708
2487,1085799.0523794675
2488,1381984.5012605817
2489,367168.7141388514
2490,1394185.2395921657
2491,889959.4384131359
2492,981587.1708862069
2493,915637.8947888978
2494,1839027.2173285333
2495,784323.2838580636
2496,524648.5928364359
2497,1316664.0386654106
2498,694633.0978155662
2499,1332713.0527814885
2500,420409.1763202423
2501,520181.80906817457
2502,1048555.6146565191
2503,822599.1170406964
2504,591123.3628545442
2505,593620.5062337163
2506,712235.2309093141
2507,1246594.1072367127
2508,1352822.6930123696
2509,535250.6898594453
2510,518110.69535658706
2511,423541.08628183405
2512,841815.4580861344
2513,388533.274574476
2514,910435.9162861557
2515,1511945.9659187899
2516,580241.8582248125
2517,855325.3391627785
2518,682189.2489846203
2519,657879.1171734877
2520,2082781.907545333
2521,1009694.9354844405
2522,2064323.8467117709
2523,1226362.5698236963
2524,1293682.7539957429
2525,474388.4505214296
2526,445759.4480861626
2527,1461144.0919248117
2528,801654.4049442903
2529,1260476.1627536358
2530,526248.5568287988
2531,511173.45446635643
2532,1010347.9559341507
2533,1840803.3846294608
2534,1849783.6485191886
2535,1504730.83673162
2536,1243549.0280764978
2537,486197.6687063952
2538,1132019.2743162608
2539,588242.9741802289
2540,734833.7418225415
2541,975441.5401995048
2542,1243358.610246441
2543,1385676.2721440229
2544,833981.7747076233
2545,1133111.3144366501
2546,1233410.7605868704
2547,585113.8713629328
2548,1565104.6501800208
2549,1545246.5353615703
2550,720301.1082344542
2551,1406346.4606969326
2552,937692.4498218752
2553,968815.2330858024
2554,1046384.1001469898
2555,731011.3606960982
2556,1692562.926404568
2557,572557.0193182889
2558,943892.5723020474
2559,294786.6403871122
2560,414040.89143542806
2561,943007.3227491046
2562,1757959.172543238
2563,1402977.6637060544
2564,404251.4172134664
2565,817398.5491210764
2566,823726.7472159597
2567,492028.32354565494
2568,875739.003490114
2569,1181285.5442843214
2570,367133.7465769328
2571,2163973.6336347545
2572,461559.524746451
2573,1333629.4133986246
2574,1363240.1687972636
2575,1272060.6494752234
2576,915801.9673105025
2577,623835.4010990532
2578,476541.23177630093
2579,1795950.4140689268
2580,518869.52804081736
2581,1300414.3629384737
2582,850083.8896463797
2583,1057180.030867533
2584,811449.3557999037
2585,748703.9733637073
2586,1279499.2283113154
2587,1310342.0222148227
2588,1064928.7753774729
2589,956181.9666318382
2590,1254066.1950890466
2591,556721.6977383447
2592,425404.52421812474
2593,855204.75782067
2594,1695365.423406122
2595,559308.7479403745
2596,625232.5288712594
2597,1170899.5897162997
2598,1372834.640467761
2599,1474495.2156347753
2600,464749.5890617586
2601,699662.8972221157
2602,1964594.7117707722
2603,1048227.1942514917
2604,710169.9202928873
2605,1428873.992121506
2606,958005.4333274947
2607,672593.7932484719
2608,568501.1154677955
2609,604389.7491101553
2610,2547044.8605493745
2611,1168984.559903534
2612,1330612.7670357106
2613,1224226.765580467
2614,1494619.345944102
2615,1039626.6167701704
2616,634911.7026930188
2617,1449943.19800298
2618,374682.7516016422
2619,1201925.7607809321
2620,629022.8434115754
2621,881648.0624977055
2622,380064.0814745684
2623,676105.1323731681
2624,695205.933205051
2625,1703094.88605196
2626,777409.9769936099
2627,1278543.0406356598
2628,1283313.153421746
2629,1357955.0792683666
2630,1074654.860971283
2631,997125.1544461772
2632,1096829.6046923278
2633,2051505.2324653065
2634,1494522.979256206
2635,1043561.4800629038
2636,826707.2351204135
2637,946344.5387255037
2638,1086090.1462002064
2639,522947.3001513786
2640,927551.9821776872
2641,317865.5062398177
2642,939676.9202661421
2643,2555468.975352753
2644,807134.7094726035
2645,1146294.9646907405
2646,1441535.9741043188
2647,712733.8842630534
2648,727395.5941465186
2649,356847.2144111886
2650,1770264.9854195637
2651,789166.4997594702
2652,549126.5100685976
2653,958421.2191197616
2654,1799431.8684020417
2655,1263267.956106165
2656,654594.6079886319
2657,735134.6890790216
2658,1374067.3532199103
2659,1792640.6662565635
2660,2766256.218385091
2661,1482352.1550775694
2662,842950.888005107
2663,1369289.8637479353
2664,324258.2045260785
2665,1221425.1416507426
2666,2208922.239132615
2667,781819.5206158509
2668,1980088.4871405098
2669,385316.47263568395
2670,873124.0490465236
2671,993651.789391117
2672,999256.8690334989
2673,510567.9205155587
2674,967215.011571929
2675,1351243.2682755433
2676,432238.41922234267
2677,623604.6851887322
2678,1144871.945354405
2679,712236.2327496833
2680,1465084.33684651
2681,964477.1135130674
2682,348408.6249803883
2683,2625926.9356454797
2684,1453991.3542737053
2685,1160134.0838005953
2686,721451.0315599942
2687,494710.68912979995
2688,684633.8709985382
2689,829210.8761318383
2690,921319.0662389764
2691,1222259.2549313153
2692,901143.331764884
2693,1118929.2988896975
2694,836356.1991646293
2695,1549064.986326651
2696,729749.1526619077
2697,1786887.5490250357
2698,1967293.6037730288
2699,2757330.0655554933
2700,560331.8308002469
2701,1895212.387706619
2702,1021182.6427993865
2703,368112.7684586713
2704,814313.8804716145
2705,515407.08557650726
2706,1309466.0183699233
2707,1175597.5012799262
2708,1504560.6905875062
2709,869429.2254842245
2710,1945616.6330968088
2711,1026855.5787798251
2712,3270210.5657563275
2713,3389989.3835035143
2714,1446104.6057622961
2715,925609.3708281334
2716,1385277.3824397086
2717,1527971.8232147763
2718,653434.7067196517
2719,561785.9438373176
2720,1394627.1548316998
2721,1763571.5906717435
2722,1063277.984722731
2723,2881450.201666455
2724,2654382.2005797485
2725,1155929.002514802
2726,529717.4767481228
2727,635129.6579503057
2728,986511.3723407506
2729,1149907.9328333163
2730,1336729.8622065545
2731,913727.0916508477
2732,1082738.234598679
2733,1301636.9753118146
2734,533121.5201904069
2735,1638182.5914778544
2736,1423736.0787552868
2737,1058271.7875364663
2738,689516.368571311
2739,706848.5016572902
2740,662096.4619181936
2741,830341.81183781
2742,2601330.396349461
2743,720298.1509298804
2744,504472.95106487867
2745,2103690.8972581904
2746,1581374.4361010392
2747,1203485.4268850384
2748,683281.5464997644
2749,1237246.2960638553
2750,536078.4394631098
2751,506818.1247301991
2752,838411.1607994155
2753,1094706.3974895407
2754,928693.5596973114
2755,1357268.2431679468
2756,1092365.2311249997
2757,616248.9475518517
2758,1750900.6625519597
2759,1332291.9846626078
2760,421101.3820292043
2761,1418874.1388057526
2762,902362.9690675801
2763,2111048.1251747105
2764,1031698.6164872674
2765,534518.2691111597
2766,1096921.911114851
2767,3066507.4813690567
2768,1123018.4956498488
2769,1233211.0251569652
2770,1102332.8638249047
2771,796923.1315850065
2772,666449.0603053942
2773,569336.3745434271
2774,1280093.9421208915
2775,686883.0541916182
2776,1571957.8514006953
2777,617272.2664039545
2778,390459.2053642816
2779,1056090.8896457143
2780,1417274.8062789016
2781,1214722.3561339802
2782,1054329.1957672427
2783,1727923.7497557965
2784,433400.5300825573
2785,715191.9370816215
2786,2320876.1089919303
2787,471302.1184915706
2788,1413248.9297185633
2789,692188.643477585
2790,1518554.82569887
2791,1344123.077150111
2792,636809.9275940825
2793,1807608.7382063204
2794,393833.18366219907
2795,589690.3649149409
2796,1882076.4053200437
2797,987949.809942559
2798,879127.6309558708
2799,572868.6195826351
2800,1256677.4481884246
2801,502087.87789986946
2802,1516944.251252012
2803,1564501.0287195158
2804,456774.6942110792
2805,1931613.9813589742
2806,1810709.4610972926
2807,1449141.4878706536
2808,594114.9990274941
2809,384141.9305321309
2810,729625.3956822329
2811,464901.8655577581
2812,1065674.528666285
2813,1042251.1747326443
2814,434623.0514807795
2815,1233643.355698501
2816,902726.5631808002
2817,1375012.8383600921
2818,1713428.368752593
2819,292417.4904280634
2820,739890.4787494383
2821,1203467.306027332
2822,1201377.7126554174
2823,743492.8264238138
2824,791874.0897400392
2825,943167.8695926076
2826,969983.0766686542
2827,1076866.854457923
2828,3292429.3887898223
2829,583385.6910440417
2830,996000.5110421568
2831,653940.8519863297
2832,688301.4301851221
2833,762952.0910863673
2834,1069523.4953471648
2835,2281492.0768203437
2836,668987.4445713282
2837,1910902.4723302622
2838,817409.1152630805
2839,550305.6612103878
2840,1124736.4723449873
2841,2140661.276874074
2842,1674663.8374075943
2843,1655219.840756475
2844,363810.56672777794
2845,529334.5366318373
2846,2468424.671920671
2847,1136321.7326028785
2848,522705.20242563915
2849,1329439.7345602727
2850,1553169.1580428274
2851,731374.7527601017
2852,1051624.062771608
2853,567466.5686219144
2854,344511.1514596734
2855,2182684.89623027
2856,2179680.638787193
2857,950396.8619026648
2858,574326.3472821839
2859,1878922.9744780203
2860,751856.6582168406
2861,2226193.412152039
2862,1252365.620143675
2863,3116317.8393495055
2864,540288.1233176342
2865,466471.2102530771
2866,445213.55361939676
2867,1446399.1172081062
2868,562435.228375994
2869,1469030.390637356
2870,854822.0556438541
2871,856943.5651391377
2872,1969624.8592202119
2873,1952560.8221195112
2874,1039393.2429403344
2875,1021428.758122891
2876,1676515.1626791158
2877,1621671.8585949764
2878,1280404.598200718
2879,367866.6499013428
2880,1007249.2786799476
2881,1234953.8185651668
2882,393908.1718628083
2883,852534.8955375348
2884,1220090.4520337149
2885,719917.5843521171
2886,1977235.8085205771
2887,700415.6595012392
2888,630714.1074128852
2889,405416.3876535483
2890,738969.02210848
2891,1400412.3680699153
2892,710191.3676899995
2893,807703.7634452527
2894,1211803.3111277644
2895,2394812.947791037
2896,1463872.2816217376
2897,462011.90541071026
2898,1170805.8952237177
2899,723734.8949570627
2900,813977.9770050586
2901,1860918.3080511985
2902,419035.1074713376
2903,1091022.1737334975
2904,2539196.7866711663
2905,634640.7463171831
2906,600228.0758015299
2907,1099104.0207708825
2908,686330.8602273414
2909,909215.9336979879
2910,1177504.219125677
2911,3199249.8662336515
2912,568232.3242685114
2913,439521.1070734214
2914,1356226.4191314369
2915,1445821.354221473
2916,1504083.8030199707
2917,895980.2066270789
2918,617868.2493588636
2919,785923.7598033653
2920,1231689.7156640133
2921,699408.2002793299
2922,925602.3490862553
2923,430860.383070529
2924,788162.4981266634
2925,575870.2177948212
2926,1144865.26296708
2927,1050107.3006298915
2928,679348.8598778334
2929,781947.4041018481
2930,1229941.9687285158
2931,561611.5067624556
2932,1876386.8352756444
2933,1419456.8798191554
2934,781251.8814854667
2935,752194.6567874372
2936,377030.0006940576
2937,494560.4012703562
2938,1013965.9873832676
2939,1314092.4289486783
2940,1907196.3699522105
2941,1882137.3549610581
2942,1001366.4531200847
2943,836107.1342126915
2944,931653.9022004384
2945,1728965.317291459
2946,1289579.0600385864
2947,540236.8319680339
2948,632860.2426179355
2949,676019.5547052919
2950,957584.4775994922
2951,1126855.446598589
2952,2551110.530030519
2953,818911.2974364429
2954,696262.9857724444
2955,467949.6654417519
2956,945554.3936696049
2957,389298.6631084985
2958,1249452.9476287358
2959,598907.0310435907
2960,1185007.9020297604
2961,616860.5484558451
2962,571992.91926877
2963,830359.189348683
2964,965392.7156126742
2965,761328.5483790601
2966,850500.5460882455
2967,523762.15548291046
2968,1283032.939892719
2969,968047.5080719603
2970,864993.4955960194
2971,634290.3574917899
2972,1335663.1064857256
2973,1062802.9584252357
2974,473457.87544576824
2975,1037905.9760394618
2976,1268217.316761736
2977,727258.5972465794
2978,599319.4036462577
2979,1636243.4011075406
2980,1453048.8926903326
2981,2072460.8121697756
2982,2043257.404569821
2983,509090.1140397488
2984,427025.6539106286
2985,1005306.9746791883
2986,718357.9871556027
2987,483577.50506042235
2988,1361918.662710996
2989,1419456.3766895784
2990,1827713.0763305572
2991,1455448.9987869265
2992,423317.1071063715
2993,610273.8928686462
2994,1952456.5066012372
2995,1245635.6783472009
2996,995627.0103915093
2997,1328474.5879400556
2998,894753.715693444
2999,463128.78497629345
3000,1926775.4419078978
3001,1174783.549907095
3002,1290189.002227887
3003,795401.9175495656
3004,2208046.7912961263
3005,982213.9681565599
3006,1617488.70677289
3007,785463.5881968547
3008,2147902.2254417213
3009,544475.1360194266
3010,591672.7625951278
3011,1018204.5044601756
3012,705533.8921231984
3013,1172683.9730900123
3014,717003.8904140902
3015,469934.3979277863
3016,1155729.232767294
3017,811933.5289809774
3018,350770.993523556
3019,1198857.1553735828
3020,755179.5996551866
3021,722975.8394677675
3022,468509.7236896159
3023,647599.3182485024
3024,390728.7940641537
3025,1396961.3639139247
3026,803821.3203028128
3027,1766980.0608622017
3028,4203664.001242282
3029,767638.2128056556
3030,733428.2115178913
3031,1304013.3343853038
3032,712492.641144907
3033,1383890.0266725176
3034,1509383.9149012114
3035,363634.57488855027
3036,608311.6089514013
3037,926625.0293864768
3038,2248991.970156056
3039,1767574.1856966813
3040,556031.3215756359
3041,2255663.160333706
3042,934769.9888537824
3043,626136.8185106686
3044,608221.3088435465
3045,1303533.8613407623
3046,1115109.7230005285
3047,834906.068705757
3048,992109.5440337555
3049,1751458.1272833196
3050,453073.6585448315
3051,1084031.3631868125
3052,644327.7737270172
3053,957820.0699159311
3054,564959.2084453655
3055,437402.61688060965
3056,1819323.1006351425
3057,1368879.3430505604
3058,1801812.9161303402
3059,951267.6218635641
3060,845794.0412555274
3061,898131.1643873586
3062,359559.73520123615
3063,840096.2920766098
3064,542812.5453968983
3065,2403497.6131203817
3066,817589.4483834698
3067,975502.4038009441
3068,1152105.202576645
3069,2170069.935381855
3070,885352.9128377488
3071,1714791.0202591289
3072,551334.0757851363
3073,1797616.0564813046
3074,716548.2221385818
3075,572917.7968134454
3076,2141147.591382753
3077,707334.9374323967
3078,1272992.4470652184
3079,853759.419664172
3080,688587.1899953956
3081,648388.1321611042
3082,606748.4676549226
3083,431772.7798981651
3084,504995.93000541977
3085,1197703.2373733574
3086,847849.3762254686
3087,1366595.2834482638
3088,1517322.487042265
3089,918714.3887275875
3090,804243.4493403699
3091,741444.4663941696
3092,1024610.2889582266
3093,579016.0708971771
3094,950183.8144181379
3095,801744.3712218213
3096,1225110.0659247434
3097,944071.2504116419
3098,1090613.8604801802
3099,657029.3006546008
3100,1866744.5839552316
3101,477971.5532753085
3102,729819.2189974543
3103,2372891.054315353
3104,1120471.0086443797
3105,2135600.157963354
3106,1190615.809112414
3107,1056219.415339708
3108,1458884.8618302664
3109,328716.9005770763
3110,435462.4902202701
3111,776816.7738621003
3112,1733421.72956131
3113,1953957.6860376499
3114,876769.7135360923
3115,1332809.3143901604
3116,336344.0771714286
3117,594098.7624259414
3118,1277510.8219170058
3119,617567.3257068614
3120,724030.4660648062
3121,2010461.74722084
3122,577177.7652909396
3123,1421953.6379617802
3124,473676.4905058583
3125,1810045.4137345029
3126,804751.9280273756
3127,2681111.463773351
3128,663031.7864825184
3129,1673104.5114966412
3130,901113.2893546806
3131,863143.3681822649
3132,1107051.6519031073
3133,863143.3681822649
3134,1013666.2406071445
3135,497281.8223546422
3136,1530684.9659071488
3137,1608581.2115355972
3138,999029.360900773
3139,2059955.4285222096
3140,1099783.303305902
3141,2252271.5522989472
3142,1476482.0876091933
3143,2113490.343689802
3144,833369.1536513068
3145,2349167.341730141
3146,552079.6202186646
3147,1029567.5908523464
3148,890504.2387995466
3149,1290947.8016919522
3150,1304923.0289312596
3151,565376.5446652372
3152,628047.7417921005
3153,1453873.1623711744
3154,1396929.41093245
3155,524940.2150013311
3156,1889678.221579231
3157,1304507.1635051086
3158,1644647.6225503795
3159,898371.374939008
3160,1789135.2104981819
3161,1671679.9036243234
3162,671430.6980698614
3163,288388.90551056596
3164,1164726.9431217003
3165,1284357.4439158123
3166,1126231.6392033813
3167,1042305.6598522905
3168,1091452.2305266121
3169,946805.3042036882
3170,1598072.5340868244
3171,1779179.2205925146
3172,1093478.564927909
3173,919956.9745107058
3174,827289.3883659799
3175,1205443.3235606123
3176,373245.26971172635
3177,899361.3790662881
3178,749983.9286344098
3179,1148658.2343336884
3180,990091.9353466042
3181,1010690.3325160764
3182,452826.6469662032
3183,962547.9699275268
3184,526891.3128848622
3185,847942.789446124
3186,918962.9966056603
3187,1266069.5540799769
3188,1391869.3557572062
3189,842842.7769497201
3190,1156358.9903125316
3191,1571424.5094738791
3192,875081.5810364363
3193,1230072.904610886
3194,627517.9090821171
3195,259221.6915020285
3196,1919051.3809889895
3197,2064840.1242138597
3198,1495937.2987973634
3199,1080403.0528729223
3200,719527.927991342
3201,704983.9468466995
3202,794898.1980238365
3203,1673500.09650142
3204,1463859.6125914613
3205,911610.2928550809
3206,641620.2159855862
3207,585005.4791182718
3208,1100962.0320333107
3209,768890.4505749753
3210,410533.69599409425
3211,628962.1908638317
3212,695038.3172681296
3213,978053.5627934533
3214,1164432.173357018
3215,1880255.971962002
3216,1646212.142657377
3217,918140.9776123955
3218,2167545.1527408483
3219,1122284.6923901725
3220,1148150.9638550438
3221,967811.3892689546
3222,715970.3692380487
3223,572314.4560225267
3224,636744.5296534146
3225,1705168.9151342676
3226,487495.2896944866
3227,1039327.0311430951
3228,590786.5978379091
3229,1100134.7603451873
3230,834313.2818002957
3231,826271.6937417903
3232,847282.3893063441
3233,1461481.379868911
3234,1331705.8251710597
3235,1365480.9374127674
3236,356974.5657046041
3237,1381873.0616766526
3238,583239.9326214284
3239,821737.6155009735
3240,586932.7735997175
3241,1391627.604377298
3242,2594376.7162655303
3243,1974494.8202329152
3244,1337669.4598057594
3245,1199608.100452319
3246,513754.4196135701
3247,475676.10277741874
3248,337143.35050291155
3249,1569103.6661719407
3250,923049.3216236494
3251,1461432.5205825656
3252,1590881.0043330663
3253,655254.3092553071
3254,2963876.713713607
3255,584929.0406476784
3256,735771.7130429571
3257,2087627.3451447806
3258,516523.626344859
3259,698745.9150227188
3260,1002953.6482322101
3261,817903.6342737969
3262,458196.2579914952
3263,932106.8328052358
3264,2977063.780942335
3265,1134334.9852656831
3266,665434.8283314095
3267,983834.2398178703
3268,543350.4266093071
3269,775315.1321792795
3270,547541.4376340149
3271,1533577.438594248
3272,907721.576177341
3273,3228900.790807033
3274,785654.3509436455
3275,1113144.3154517617
3276,1678237.2709776892
3277,506483.6396111321
3278,353679.33369973727
3279,1363049.3690923415
3280,814092.0454227328
3281,2194463.9768021544
3282,452106.95068792487
3283,747543.0227753508
3284,654528.9501012062
3285,2275963.208466038
3286,1220542.8845514301
3287,858827.7755368693
3288,1244384.998295974
3289,944479.7327740514
3290,761274.6885857355
3291,1096649.9691174224
3292,769112.4159224167
3293,859395.109536069
3294,595723.7516519235
3295,666424.4383331335
3296,363946.37532055733
3297,1001336.9197979987
3298,840055.8007049548
3299,1328397.2789193601
3300,1573605.7183849812
3301,637732.0005523833
3302,1704313.2185573643
3303,1656082.5753354689
3304,890981.8009654982
3305,1665431.7993530952
3306,641883.6680774774
3307,1904076.755484735
3308,739294.4820846915
3309,1160358.6730207813
3310,788957.3446010116
3311,740979.686807303
3312,715855.0494449829
3313,960404.2715340467
3314,3028335.464837144
3315,859741.8023144235
3316,691097.8261707511
3317,1066225.1257493086
3318,1032276.959507071
3319,943391.4544220092
3320,1959365.7792916887
3321,820678.2203389085
3322,985422.7868120633
3323,2376936.299262979
3324,937527.8128916713
3325,1906625.8715051329
3326,1401136.1213720434
3327,1720369.1378760329
3328,299753.17889452353
3329,1343782.9613862752
3330,275553.45330791106
3331,926236.9250602965
3332,452541.09785987664
3333,481772.75708697666
3334,1635730.9176687438
3335,521752.39030345064
3336,420400.01589838817
3337,974832.5693967293
3338,1191651.675688849
3339,2300924.46154889
3340,994626.890432385
3341,493868.7957051317
3342,1029891.3287893254
3343,1215772.0656724854
3344,758568.8089947883
3345,1474647.9428828973
3346,859703.9771589693
3347,356868.8754366419
3348,2511271.631376897
3349,1575614.5115229047
3350,542169.7509590208
3351,964065.0577774354
3352,577079.2878120256
3353,1448374.0315633405
3354,1950303.5022191105
3355,1292705.9301010626
3356,1735297.3458097137
3357,575276.636752787
3358,1582869.3382424386
3359,672968.9372134163
3360,1258120.318971914
3361,1124606.4013151436
3362,1853990.5773548896
3363,635386.2927612218
3364,1164037.696677921
3365,662044.6938874074
3366,838315.7378734245
3367,767857.07861755
3368,1012122.662999979
3369,652023.5135273746
3370,458055.50510625495
3371,1421953.6379617802
3372,692867.8349819876
3373,2055089.1272581737
3374,699284.9900976279
3375,1781250.8384822377
3376,1537385.6128117237
3377,1683814.6055953426
3378,1989351.1867510276
3379,485479.5044509838
3380,1190506.8634584262
3381,443600.14353175234
3382,838204.1468827237
3383,962696.6413146881
3384,486296.43908836786
3385,815987.038844036
3386,2225428.0095496867
3387,717731.2865484642
3388,1110562.916600663
3389,1144321.9160493186
3390,650200.9151121739
3391,805124.5190574776
3392,852774.1981083123
3393,433789.3606554239
3394,523133.8329654499
3395,592225.6667284358
3396,376886.6407150634
3397,699816.2031992301
3398,944801.7782573214
3399,414446.05501576327
3400,1283118.5488827033
3401,1394878.3345205819
3402,1360963.2158071694
3403,466020.63364458666
3404,728257.4526725804
3405,1200942.8957691265
3406,770083.9092344837
3407,421850.3441036539
3408,1438820.8006036193
3409,1619183.339640213
3410,1091825.4825906546
3411,1322777.6512748187
3412,1365655.8736963507
3413,836411.3386592054
3414,2065145.0315320035
3415,621064.8784362922
3416,1042189.9167371946
3417,1843284.1385016679
3418,436064.8104313152
3419,1534168.4669658707
3420,1082388.070220036
3421,1346862.139289208
3422,951373.6205584067
3423,570158.4938704934
3424,1146632.3453439095
3425,1724342.9841674666
3426,655521.915799739
3427,1022249.560715545
3428,1383891.6341308984
3429,1196419.5201862731
3430,504792.32971822174
3431,560513.4963834047
3432,521162.6345048747
3433,520587.9816896685
3434,794073.2385768133
3435,621284.1582066953
3436,462414.57884568715
3437,684124.6508879247
3438,862426.1166590624
3439,2582235.7691528434
3440,666991.8926039033
3441,1836040.7677247755
3442,639334.223269261
3443,365796.77572991786
3444,485908.6207916275
3445,943606.5182832616
3446,1688977.8803811513
3447,848808.8021109982
3448,358786.0610342361
3449,1186922.9550625246
3450,746300.0825700905
3451,285304.946113644
3452,530622.183943258
3453,1896659.2380457474
3454,834415.885483925
3455,1547635.983939314
3456,650341.1456726681
3457,1050431.2589975356
3458,557046.594901012
3459,2324022.6754396
3460,2191276.1152084097
3461,1167796.3279504394
3462,768051.1415198076
3463,693523.862777277
3464,655824.0738493046
3465,1581389.9786261811
3466,803325.6714543474
3467,798011.217480249
3468,1252672.4262855763
3469,1203753.279504305
3470,1182895.2296776713
3471,525467.4160519525
3472,1093539.728204401
3473,618308.937865839
3474,502317.6371403189
3475,518483.0566406369
3476,1567095.61334027
3477,1443179.5276403641
3478,421511.8278163098
3479,1218485.3438158613
3480,459253.3209200414
3481,543329.768733735
3482,995870.8390764197
3483,1050800.767596316
3484,941578.097427204
3485,800308.3741483596
3486,1244823.2804776863
3487,1926040.495627672
3488,827461.4352398856
3489,873078.0244506308
3490,1043147.4779161105
3491,980087.3821996273
3492,1610546.364130903
3493,510315.7015184874
3494,1315798.3231935676
3495,1469421.9374054286
3496,639784.8854097327
3497,2036375.6668828055
3498,1781260.6939944401
3499,485185.32857134205
3500,1883467.5418386434
3501,526705.2890667666
3502,1483607.5843677847
3503,1725054.940026754
3504,2108429.565404039
3505,1398378.926064949
3506,1067904.9148955536
3507,743096.9103197332
3508,1031924.0477830737
3509,602506.0754505541
3510,2301186.4294256456
3511,1404517.987613353
3512,742505.7486203006
3513,1493083.260960025
3514,1826101.8695448218
3515,1226139.7443324744
3516,457460.64447418525
3517,1176418.3678387296
3518,1855168.729012026
3519,643797.0195604168
3520,2940421.577440315
3521,680789.446586732
3522,1159808.761376515
3523,922298.776593727
3524,1127853.4644777353
3525,493840.5718207596
3526,563803.8449756223
3527,992472.9813829679
3528,1864060.4454529914
3529,2218008.6647117482
3530,1207021.8535398652
3531,1100035.1159022264
3532,680569.6322544322
3533,1229712.2215234009
3534,589242.0000334275
3535,1237502.8158116713
3536,712929.5807658833
3537,1222083.376817741
3538,1172400.4276093526
3539,1249477.0065313538
3540,647037.2633587458
3541,1803742.4074717513
3542,1100922.8127084356
3543,1870444.1927548824
3544,913821.0536034442
3545,1817784.4024884386
3546,1030380.6562297004
3547,700699.3789042523
3548,597096.4413480221
3549,1148243.6749538693
3550,1263316.1428827366
3551,2735754.2793532247
3552,867139.9828385377
3553,1595942.6120488374
3554,756187.8813456221
3555,1135298.3555541383
3556,1782261.4102584326
3557,2408103.4305423014
3558,326523.33074839675
3559,979704.9521028541
3560,499431.0016209626
3561,416517.4825647765
3562,2352551.7188163614
3563,849315.1109750794
3564,1149574.034720098
3565,826677.4040149768
3566,1205552.0354815181
3567,891257.2311198466
3568,2401270.7371949162
3569,1176076.4079009055
3570,1309698.4014358378
3571,671450.2003440473
3572,3758266.947069104
3573,1144819.5274584375
3574,1280364.4831081694
3575,465234.3353876146
3576,3010638.1905476386
3577,518482.436672027
3578,1119864.1235033136
3579,1348812.8381926795
3580,1549204.0429497843
3581,626682.6311602136
3582,440953.92227391776
3583,656862.1576095041
3584,959327.8154272438
3585,794733.7533332162
3586,1298672.8179293545
3587,1088263.3364514199
3588,678876.3772792221
3589,549595.3519316631
3590,652149.9503682005
3591,766458.6985115506
3592,492213.0116690446
3593,2005926.5971028733
3594,2908395.675889983
3595,1595900.3120733746
3596,1053118.6742019986
3597,2259231.1292429753
3598,489371.2620968179
3599,1639631.3958183248
3600,1447692.808522088
3601,1195844.649964882
3602,337754.2911278737
3603,530624.3495114852
3604,931582.2175265659
3605,668678.9328423913
3606,440141.1837232786
3607,1596593.0903526768
3608,832857.5404765838
3609,1245908.9805723224
3610,1198566.2820429911
3611,508143.6457305654
3612,1649736.0054164447
3613,782565.7643083618
3614,1074505.5639816415
3615,455340.72641089774
3616,604991.3379252392
3617,709434.6840553901
3618,593316.6438775627
3619,765870.3384917687
3620,645114.3473825015
3621,787526.230639422
3622,1058343.0890166224
3623,2282814.592220597
3624,935558.0631096299
3625,1082000.9057391174
3626,665871.2963941566
3627,701666.0573892073
3628,1060279.0714132055
3629,969626.7065217061
3630,846454.9545245029
3631,2177310.957773515
3632,775530.125069685
3633,286507.97611859103
3634,2479391.4846746633
3635,1356193.3055384126
3636,1698265.5328576749
3637,2820339.8059410816
3638,1110873.91188743
3639,907429.1552223685
3640,1689207.2369427837
3641,933277.2750485112
3642,1200955.7721543969
3643,528638.1082039635
3644,546247.9502907858
3645,1338557.7130434336
3646,1472901.7085688622
3647,956947.8018345227
3648,1201583.5570527054
3649,1259295.9243424556
3650,668128.4651281586
3651,638416.9427172537
3652,634847.9647237703
3653,788476.1778411185
3654,719569.5783439392
3655,707625.3643723192
3656,831669.3755872392
3657,694845.5102278001
3658,1212880.34870218
3659,1722621.9099033647
3660,476427.25773148227
3661,1092193.9830168162
3662,1255637.6125917984
3663,524251.58691883145
3664,747652.2444318596
3665,314672.4812446016
3666,568819.5337067139
3667,536124.8255926945
3668,734559.7484822324
3669,770991.2220036132
3670,1553540.3079402756
3671,1379488.2642000122
3672,550459.288509542
3673,1345635.4340576662
3674,1485528.2077878732
3675,864181.5015935359
3676,1750515.285093065
3677,2209321.0045189075
3678,1055756.9788012153
3679,1291379.047435057
3680,521966.2159125231
3681,555434.2242833001
3682,601063.0150326903
3683,1409761.584116348
3684,618345.8554974768
3685,1484568.750890102
3686,1262518.2732525228
3687,653390.4892679704
3688,1185644.5462635339
3689,1452249.1132214684
3690,498693.5284257321
3691,2569356.1199322706
3692,1212714.0104532081
3693,1278477.980346287
3694,1754513.5012287747
3695,577893.0499265839
3696,1721819.635616515
3697,437675.53763874026
3698,579607.2922350735
3699,1356711.937103
3700,495906.15909715585
3701,1493648.0663805676
3702,1228431.2328304353
3703,1087551.9614639163
3704,2266167.3495905045
3705,518174.48485897307
3706,566824.6280791769
3707,709308.3264421517
3708,1253894.246587225
3709,1169533.0841149813
3710,1758829.4756222898
3711,1346572.8382420067
3712,941359.1131976005
3713,453784.98433331796
3714,1041156.1445779984
3715,2091953.9865734612
3716,1437857.6543275397
3717,964410.5886354599
3718,491565.00670983765
3719,1222364.1895224224
3720,1055547.4449499485
3721,995307.1646900442
3722,1411292.0822748197
3723,632885.5367760299
3724,2537464.6636593565
3725,1693016.6082123714
3726,1174360.923307751
3727,519680.5027134158
3728,465814.4585691032
3729,1418656.6202917395
3730,1201513.6376861953
3731,653551.6208560622
3732,2180622.233248464
3733,1006295.5933064694
3734,781434.4654151488
3735,1749450.3331453933
3736,858473.4933112473
3737,3156571.7241879785
3738,1418882.9867142346
3739,1080173.6567215114
3740,1505685.7640231333
3741,648231.9439738705
3742,1489305.6112552576
3743,3048944.2418358093
3744,624977.6677637611
3745,1649444.4588221128
3746,530418.9084169181
3747,1068220.6299539865
3748,1169809.086360943
3749,528245.7050154402
3750,269341.5399243021
3751,783799.2127976684
3752,851662.8827661573
3753,1361201.4942847711
3754,939860.0022755648
3755,651816.2132025238
3756,919089.7731570477
3757,1011464.857265317
3758,1202779.7460571558
3759,1101345.7654124256
3760,788254.6782294106
3761,591480.7880943733
3762,945809.9496965638
3763,1009446.738344907
3764,594138.5199191491
3765,1020141.3602509275
3766,757307.5450801257
3767,1623758.4455664728
3768,1198319.9832658218
3769,559168.0659993887
3770,1361165.2417126803
3771,970584.264287728
3772,567806.7338721236
3773,420753.30640085443
3774,611823.2685645486
3775,1435180.8507645053
3776,1081165.6379887867
3777,1218103.7209900832
3778,447368.15538801166
3779,1635202.4512775044
3780,1390037.127450415
3781,1380989.5641997466
3782,1745221.7746289785
3783,723665.3241592582
3784,1781006.8065495216
3785,680235.167235812
3786,1117708.7365028574
3787,830334.608541536
3788,531290.7209439598
3789,2207924.341724769
3790,1780217.1521009372
3791,1369354.140526863
3792,1124986.0474550026
3793,640803.2169605636
3794,958970.8570228018
3795,513802.1409838144
3796,962248.8604169033
3797,754191.5631250014
3798,1457949.5978092193
3799,655048.454790128
3800,992077.7027918978
3801,610769.5201420485
3802,307166.330179749
3803,692945.2088197732
3804,1122649.1494324605
3805,1409170.5176033601
3806,540056.2019637383
3807,1264690.939605899
3808,559709.5306827846
3809,717548.8854996967
3810,1334526.4664040487
3811,725111.7984768775
3812,575037.1866616568
3813,419973.4388135544
3814,1092416.9540582837
3815,541551.9342047938
3816,1454291.36170139
3817,652100.2027792302
3818,1137984.6642069996
3819,520238.30708792584
3820,338944.3969244147
3821,818592.7357289522
3822,1419527.647296141
3823,1507887.9296944335
3824,965699.0805895153
3825,533954.0349473815
3826,787623.3065950798
3827,443307.97643382393
3828,1737705.2074009476
3829,612447.2978962408
3830,416139.7890461959
3831,1747774.409819769
3832,967566.4460591245
3833,2301228.3039948177
3834,426910.7792521817
3835,1293286.995568285
3836,910401.0503646866
3837,523508.7085455707
3838,741916.9871585403
3839,417807.83034732396
3840,1400857.2454511556
3841,603462.4094155342
3842,497586.7407088568
3843,595062.2725177314
3844,421785.5752259731
3845,732697.3204341134
3846,1273240.6117829978
3847,584217.4279843264
3848,1915829.1812204933
3849,1407015.283736363
3850,1040967.346076308
3851,814568.550661324
3852,577105.6661594707
3853,338113.44671326736
3854,2093270.0575834566
3855,1207395.5707525795
3856,978022.9733901935
3857,1069469.8259568056
3858,1190468.1865343833
3859,770815.1252944676
3860,614415.6869754905
3861,972466.2530514749
3862,1206138.8939666918
3863,667523.6025762302
3864,579893.1196065699
3865,1668061.2749099007
3866,1341733.6300885344
3867,1036287.8047503144
3868,1384643.886948209
3869,680814.8455190761
3870,659308.2180678488
3871,799940.8692050964
3872,1188477.8147971928
3873,2279625.553727622
3874,960052.8738126818
3875,2873721.6122165844
3876,1334831.302893284
3877,1029189.6940061839
3878,1872024.1791711585
3879,382243.66435237427
3880,712533.495928717
3881,1059188.0368987308
3882,932977.8338732022
3883,715681.0609275296
3884,1085955.5749113814
3885,634058.5911646707
3886,1150448.6112037771
3887,1748646.9893928748
3888,2200979.535478971
3889,311679.0054069149
3890,798032.3845015061
3891,1702421.047906731
3892,1378730.1504188546
3893,618690.7541515406
3894,678205.0871836981
3895,480857.896953995
3896,652261.1827362336
3897,576903.4893932195
3898,454029.92923905596
3899,918118.8716350067
3900,1255064.2303531123
3901,1141413.390838797
3902,1676382.7599139768
3903,843525.976395248
3904,426346.2752445796
3905,775319.7427568941
3906,1071047.7236725502
3907,2432805.628855598
3908,1360924.4726197575
3909,1507645.0314943795
3910,1001602.3857598914
3911,734298.4822040793
3912,1478461.9911258982
3913,1488460.3797725998
3914,949289.4871670619
3915,407062.68010399444
3916,821040.1201195824
3917,545866.334265685
3918,700099.1710679135
3919,1191093.0747900351
3920,942972.902460525
3921,819834.3815584831
3922,1302993.9506052264
3923,575422.8614638806
3924,589488.7263461149
3925,1719483.3752039217
3926,489348.6222160176
3927,1692605.4147099766
3928,565048.0750118813
3929,465803.7068329019
3930,1132339.9399718838
3931,911658.9599641968
3932,660099.5704959133
3933,2168192.272952077
3934,791563.5706576348
3935,1332825.8937639587
3936,733561.9927692054
3937,2821653.3515503826
3938,1013401.3180692664
3939,682970.9000947383
3940,441749.35566412157
3941,1255459.7610577873
3942,714152.1015371905
3943,940465.3212880244
3944,588774.2341465714
3945,511300.17518670403
3946,588450.2250885922
3947,778587.9652910975
3948,1947645.6882584558
3949,483595.17379951605
3950,1086325.011246843
3951,2733242.475230314
3952,589344.9230471746
3953,1006690.8894680811
3954,358149.0229100047
3955,501584.2563658135
3956,613875.7761353067
3957,780192.0901491498
3958,2209939.5810913974
3959,395790.2724844291
3960,642169.4016373323
3961,1096792.9740725416
3962,1358463.645734094
3963,1905424.8915174794
3964,1117668.0600436819
3965,952957.3179166665
3966,1100411.9502785578
3967,653742.2863577817
3968,2629756.9923835713
3969,448485.7482886655
3970,1048784.5848745662
3971,1310457.7943866274
3972,926438.3397397178
3973,953839.3276957015
3974,1161472.1504924207
3975,577810.330259793
3976,934996.2509820323
3977,909961.5957335347
3978,3094077.57413626
3979,542288.5708982826
3980,662096.4123585711
3981,967720.2709357226
3982,456963.5970377868
3983,637029.2518392589
3984,587573.5938168964
3985,1658920.5636205235
3986,893720.5488426214
3987,1879136.7485771114
3988,710804.3671457637
3989,562573.0241219673
3990,1419905.5540122665
3991,462057.5221165278
3992,414987.99240384484
3993,803578.7692722233
3994,1103463.2269430386
3995,1165870.1993015974
3996,982266.1445297056
3997,1050543.6405940983
3998,862458.5475202295
3999,1342475.071374041
4000,637493.7726326151
4001,1304773.7343811917
4002,1456855.7744587655
4003,3036912.6143026417
4004,3322807.8680427847
4005,977039.237461492
4006,1188847.3304120486
4007,760756.066985192
4008,1413142.9604240847
4009,474898.69382780313
4010,508984.0454226043
4011,1123374.3483869515
4012,841969.6868984989
4013,1145151.4663014405
4014,736190.8397495216
4015,1765929.6220319963
4016,986402.1792731843
4017,1082254.2211325213
4018,671652.0971301056
4019,804201.7723779577
4020,1141479.0751199294
4021,1913756.3729528994
4022,965942.9368834302
4023,1944576.9629306807
4024,858279.2262340158
4025,1176541.546075648
4026,1127137.196983669
4027,1870082.307279605
4028,924798.3594146598
4029,1523691.147407699
4030,1289078.9218434026
4031,838268.4624289385
4032,1281770.8677848459
4033,541157.8168283281
4034,1156007.974861216
4035,1117870.0098145185
4036,466105.33008421725
4037,570816.5963209277
4038,900097.766116718
4039,1154092.7172180943
4040,1388274.4912439913
4041,899993.1822981341
4042,1134411.6825697296
4043,817081.9187127257
4044,1472082.7038752057
4045,1000169.3498994042
4046,1241651.369246831
4047,850330.4766732377
4048,771615.0488937239
4049,1854658.590311066
4050,915041.1931747257
4051,338736.66839918296
4052,1209585.1953845164
4053,694194.4764419027
4054,366850.9038758496
4055,845563.2783811877
4056,995683.3157147156
4057,1011754.1002726962
4058,1697775.8714512924
4059,369008.3392073757
4060,1345416.9436915943
4061,731769.1373610524
4062,651752.4787276454
4063,689124.1807370668
4064,1671905.2983856003
4065,1881962.1046400112
4066,638992.7955160992
4067,1887314.2399639455
4068,1586277.5885555898
4069,847671.3577893323
4070,1695118.5984692755
4071,898576.5620128727
4072,533839.108130344
4073,1843726.0655580517
4074,2855903.2291925773
4075,1793640.7706624002
4076,1342826.7034636186
4077,2045450.8241673708
4078,1217051.2746798373
4079,446100.52166391566
4080,564162.2990953457
4081,1688929.9340084223
4082,766077.3420129102
4083,648388.0132550764
4084,834416.9163524542
4085,385566.73365002155
4086,2021299.9823749291
4087,630266.9975806146
4088,739539.0300836284
4089,410108.21112023207
4090,1803401.811532481
4091,1415084.5714640361
4092,961487.7862926722
4093,1650774.1942647465
4094,1061038.6616549294
4095,485977.4029460614
4096,795168.0093491774
4097,1207208.7470972487
4098,344007.88483400666
4099,556185.811863439
4100,1248489.1251314844
4101,1346831.3615493646
4102,1908363.150446283
4103,2056819.8861644545
4104,683701.3962105124
4105,1553129.5719338884
4106,1287506.1834786206
4107,1110502.8487349793
4108,915146.0492671748
4109,372850.00664693734
4110,808527.2970628955
4111,1291045.1424993447
4112,509142.9922835805
4113,1082195.6990614727
4114,1614493.917703269
4115,1811776.2551255955
4116,1026860.2329545012
4117,2876986.614952971
4118,953005.4147865624
4119,681878.9590827576
4120,1761018.8835797654
4121,2737349.471828956
4122,1387703.1095891614
4123,551945.8230660114
4124,1720764.7427565223
4125,773879.6792320944
4126,367714.8751423414
4127,1560212.4483682506
4128,1055770.9704723365
4129,782646.1305967184
4130,403369.0077332485
4131,552321.7535083127
4132,795057.8934482062
4133,2753799.7186141154
4134,1270885.996774571
4135,1263273.1741779014
4136,2122262.733943075
4137,361473.17164583073
4138,1192963.5678635985
4139,1419603.3324767745
4140,526900.546028141
4141,563957.7876901363
4142,469581.7264970413
4143,1054254.493691613
4144,1115840.165937511
4145,948918.0611510087
4146,1343354.2341774553
4147,1426040.7059360067
4148,2600307.7423350066
4149,552994.3769856426
4150,465423.7495534405
4151,1330498.6739906522
4152,1127154.781316307
4153,2509042.9216081686
4154,666226.9869579872
4155,1292939.0471298778
4156,1191119.4267091455
4157,680358.6079012587
4158,720383.2593055095
4159,697821.0031770943
4160,1850184.3112318025
4161,478968.9745529252
4162,577892.1813026213
4163,794150.1272364262
4164,1663720.3989537465
4165,711876.7729456293
4166,1352984.2326772606
4167,1344418.3094413618
4168,1768417.632308299
4169,637923.2686014196
4170,1250010.568626417
4171,1465561.1737118089
4172,787352.9118673162
4173,1301861.3632684166
4174,871333.9207433276
4175,1690296.9780379708
4176,636917.1008008396
4177,884912.7368090356
4178,416307.5423152386
4179,362628.9563645514
4180,2208358.7536307033
4181,1529888.6424211506
4182,1111133.4878577576
4183,1730608.7133719812
4184,1199204.089557901
4185,365017.63547012577
4186,406592.87122350413
4187,772800.0064717582
4188,1580879.426627026
4189,1196951.4280691328
4190,666104.5784153603
4191,756362.6746330428
4192,1343306.469217188
4193,1579763.1008634355
4194,622630.8732661329
4195,737763.2339894518
4196,1081117.2936606568
4197,682729.991632288
4198,835168.8596171223
4199,506449.2957765658
4200,815607.4556764943
4201,1044831.2238388774
4202,876605.1205617519
4203,1654266.1153135207
4204,445119.58855137863
4205,697003.6351607797
4206,722047.7557587045
4207,1031233.7281314931
4208,1300245.751083349
4209,1180715.2002267092
4210,648290.8631499441
4211,626199.2853476006
4212,725414.144942603
4213,1308234.6596095404
4214,495872.81024675124
4215,931895.0132586845
4216,1130567.6599512626
4217,620279.5361674553
4218,664906.5079591031
4219,1112419.5766743708
4220,2187602.6755613284
4221,523766.1528285685
4222,685845.1067027763
4223,985887.8326889108
4224,1795264.2688276982
4225,768204.0260140129
4226,890874.0568532094
4227,1249704.4083579862
4228,1546228.8338886672
4229,1318804.505143067
4230,800230.4492190216
4231,879570.9438657628
4232,518773.756069344
4233,2272745.5303968545
4234,719257.4288153952
4235,607176.7632083452
4236,1242882.287871554
4237,841087.8604573391
4238,536586.7970630568
4239,2019188.7492406617
4240,1182981.356717084
4241,639174.9398370129
4242,893451.1421869666
4243,895210.5214241412
4244,1232615.0087277088
4245,1162361.5833881204
4246,1016617.0050020454
4247,4209593.525780156
4248,681207.8726977186
4249,1681946.2322294647
4250,759010.4036543122
4251,600444.6191246723
4252,1086308.499459882
4253,871310.1629289194
4254,293838.9650418824
4255,452145.37352510536
4256,1095341.6754563088
4257,480360.8436806342
4258,712195.3250416385
4259,1319279.0487335601
4260,821314.6690596116
4261,519592.1515852476
4262,522929.2237888023
4263,2500271.8144919686
4264,956828.7340891304
4265,721304.2501661844
4266,1333339.9861098959
4267,462513.81040709437
4268,918403.1569570202
4269,1348609.6926280889
4270,2130559.9274877887
4271,516272.37055940635
4272,1765142.5576672524
4273,1417211.7229383597
4274,572016.787864088
4275,1016493.5409230861
4276,438556.2620441294
4277,592123.398436235
4278,1010763.6610277313
4279,717419.7424121241
4280,845779.7233326988
4281,950422.3631102217
4282,1506180.7020417273
4283,2568928.408070055
4284,1382047.2634723608
4285,771321.8444899364
4286,311008.9063712851
4287,547683.5661880102
4288,536753.772986809
4289,454535.2674070226
4290,1123398.9795046297
4291,1375307.374250568
4292,502496.2391816765
4293,878174.313215207
4294,1628537.5410778422
4295,1273002.1158293178
4296,1142789.4855341727
4297,930068.1500989625
4298,672116.6779777234
4299,1954956.094341739
4300,1439945.9019270956
4301,981788.187397352
4302,588726.6349605459
4303,1027928.1860677999
4304,1154099.4526483528
4305,801249.1786902347
4306,966555.0083932531
4307,1131090.2300888137
4308,565302.5826404605
4309,916898.2812130182
4310,949698.4093251139
4311,1783017.0805717208
4312,610901.1341386491
4313,1883361.2078719598
4314,319886.9916764863
4315,499896.6916732417
4316,605340.5417061284
4317,872569.8819038877
4318,766020.3184294463
4319,525220.3316397856
4320,853001.388770273
4321,685427.0619490192
4322,1943001.349427346
4323,627312.6994065997
4324,1649061.65827955
4325,364234.6693314191
4326,1525901.1438631578
4327,639541.6314621485
4328,588147.8953901136
4329,739821.4844577373
4330,810775.1715414888
4331,648064.249194108
4332,634123.1032997392
4333,530409.8156020396
4334,1218735.5020564466
4335,749998.5867374132
4336,1170798.695610609
4337,1040843.5077112366
4338,810316.458981878
4339,1090946.46150198
4340,1359684.6184340843
4341,524868.6209115277
4342,2008628.295823827
4343,1213285.040050819
4344,997682.561203435
4345,1024933.8866890494
4346,1254211.4487187865
4347,560953.0376019246
4348,2579097.011280612
4349,770965.8455695026
4350,389515.7867276041
4351,608503.9313323968
4352,1320205.3186937755
4353,486509.91340960254
4354,544649.0617672118
4355,533882.3146729358
4356,466602.8112798993
4357,1413251.0000739468
4358,642457.59492937
4359,886570.731174122
4360,778083.3339625413
4361,637364.7052620964
4362,1663263.9369637845
4363,771473.2339352085
4364,771554.8584602487
4365,873568.0011696967
4366,1029693.7356515918
4367,692534.3147005517
4368,1019076.6431294075
4369,1275427.8113154378
4370,841129.2299441182
4371,475920.8372167799
4372,1016959.1076127066
4373,953395.0410708105
4374,662325.3106361611
4375,1106506.849251391
4376,843983.6419647454
4377,1629239.6978812548
4378,1407347.9501800411
4379,728343.0888012941
4380,806958.4403936802
4381,814028.5558237096
4382,1117324.8942824337
4383,765028.6230566537
4384,590140.7106728062
4385,1186668.959072561
4386,515782.4629297834
4387,1083562.9722544816
4388,568796.9164242345
4389,1552081.1558282613
4390,802843.313429587
4391,1535974.086616055
4392,1204136.100864909
4393,852969.2012412245
4394,2054353.217485567
4395,500591.85814751225
4396,807507.7717288941
4397,1156612.295844599
4398,873542.5273856324
4399,894065.1089068243
4400,579528.5694030485
4401,1272383.9767122152
4402,827436.5583968752
4403,1109374.4608579013
4404,973825.2692330668
4405,552544.9148966948
4406,470963.69628694776
4407,967846.959587408
4408,525806.032535348
4409,1309623.3214266808
4410,959680.1693075064
4411,990179.4301264354
4412,2040375.806856322
4413,847747.434547615
4414,880162.8129658595
4415,1289980.8921603381
4416,2724751.767592176
4417,833838.6255486488
4418,568288.4404439626
4419,792133.4272857525
4420,900086.9522271557
4421,1461762.9900408592
4422,817701.7188488339
4423,537392.4908702808
4424,511054.14618303825
4425,662778.7696748117
4426,918382.6415310646
4427,558306.7798086101
4428,1375557.9694932224
4429,617925.1798577121
4430,1283044.6993277103
4431,1411994.2777727346
4432,648043.7976408347
4433,1490929.704673847
4434,398081.3579703875
4435,824411.77431951
4436,532048.5088215418
4437,1255963.5898485624
4438,1265814.9448003888
4439,1271193.350028532
4440,818664.6083765832
4441,1010186.0483817973
4442,698165.6048921059
4443,1074332.6648466014
4444,532093.9140397564
4445,1099195.9174769998
4446,2572621.655690008
4447,648698.6443331818
4448,1017389.7388559474
4449,985665.7418608328
4450,625684.0637949094
4451,767414.1377894499
4452,343362.7985708403
4453,613795.2472599924
4454,1810211.4329652453
4455,751443.5530773825
4456,2677136.1316289008
4457,1199630.717969185
4458,712323.2808538788
4459,986144.8179212088
4460,599142.0897477635
4461,2213882.762796453
4462,985507.0573526102
4463,425390.2273359148
4464,328173.9877339689
4465,637121.2387290661
4466,1019986.856634174
4467,1196806.2627392234
4468,779964.4094214556
4469,729096.215758361
4470,916615.8719866876
4471,1170937.9472769292
4472,1107435.3919558807
4473,717671.0294867152
4474,1289796.7512068865
4475,1249115.1634489037
4476,296560.6741943208
4477,526642.7652527103
4478,1424724.629973509
4479,1726114.2944793014
4480,1871481.7683989496
4481,545848.2629477927
4482,1084875.9447862124
4483,1124364.3111407897
4484,788660.2530804095
4485,2092695.644498585
4486,722845.5223952181
4487,1257457.2954056356
4488,792646.2741762345
4489,1257075.3582812957
4490,2533032.8266767664
4491,1216170.4112627024
4492,1156357.1923645663
4493,664559.8695802467
4494,567351.8153638864
4495,1072902.3078920036
4496,639336.9421667209
4497,377186.83788124955
4498,965396.5739527935
4499,1257366.9700749714
4500,637072.2865391728
4501,768853.5387831082
4502,1342983.7623094774
4503,1285989.6720932254
4504,1193069.7253545276
4505,1234629.76293835
4506,1077378.9791573526
4507,903674.0276813775
4508,1518535.0647777778
4509,556093.3602492241
4510,1822000.8401892278
4511,3102084.4492214555
4512,512851.9511434495
4513,1547130.9239272377
4514,2750365.1421090504
4515,1004980.0467655703
4516,504965.41434967116
4517,439242.15583302896
4518,2308763.403290294
4519,2004885.8958297095
4520,2078384.7815061484
4521,1130020.7298036215
4522,857600.2424570142
4523,240785.7456749632
4524,602110.7711846335
4525,560604.893933325
4526,1541533.6431208735
4527,2079912.905110052
4528,2140434.9271642333
4529,2423052.702224751
4530,2313112.208213059
4531,3632266.476636081
4532,1687503.4789151652
4533,1562919.2001327802
4534,845120.837712672
4535,954362.4638703151
4536,737837.4712984035
4537,1226439.697434893
4538,942257.5294014803
4539,949662.82482424
4540,666003.2662518431
4541,2573580.1595891695
4542,989477.0419669568
4543,586514.7884455705
4544,1244512.0919282562
4545,494415.6671528293
4546,469567.3147508936
4547,712480.2099696727
4548,1466825.3960218413
4549,736999.1126467701
4550,1233861.9264521138
4551,1419131.1205249587
4552,748596.9697810232
4553,1459239.2955069058
4554,738214.2427972517
4555,645035.454697493
4556,1179749.723648137
4557,972099.3111745963
4558,698048.2878991886
4559,1492381.2166823351
4560,1696588.6423023795
4561,863244.4598131758
4562,881042.1644137836
4563,1327562.0770919193
4564,1228919.1116005303
4565,903260.901953298
4566,1069957.4258136519
4567,750708.3759292894
4568,547571.7710297512
4569,313707.65278551367
4570,704119.6534865166
4571,1831812.843534064
4572,1703345.0939686024
4573,1696931.5696861842
4574,1581745.4437669152
4575,2241080.565853372
4576,2040528.9230653113
4577,677600.2096486648
4578,875860.3956730254
4579,1231277.4048761444
4580,697483.6795754341
4581,624283.4775035946
4582,536314.023018261
4583,427292.66327596904
4584,255590.7122719689
4585,1480909.5757561184
4586,584461.8747709427
4587,740501.8188562595
4588,899884.010170623
4589,1428492.1047748206
4590,1028793.7094778827
4591,513834.7175473564
4592,893918.1879807797
4593,2155377.425054375
4594,679437.9376897862
4595,337268.12281913735
4596,398466.49108232674
4597,521724.3297497319
4598,842658.1145881326
4599,417223.70281702414
4600,696770.2279137745
4601,497831.95402040775
4602,1465843.221867599
4603,386676.07457690703
4604,1427863.2030922791
4605,611262.6290014004
4606,1327169.7473637746
4607,1969689.6926681616
4608,850389.1418631687
4609,1082620.2821665525
4610,636545.6094391664
4611,872184.8711867044
4612,1082748.915886853
4613,755057.0945273023
4614,1421790.1003860005
4615,843020.0850872921
4616,1354259.705275104
4617,1152440.2589930696
4618,1304038.6723703905
4619,1098638.0065029713
4620,1028733.7235602055
4621,1303034.0338281025
4622,433815.70250663575
4623,2214422.2868726617
4624,1626422.224411719
4625,660388.8793493441
4626,2058306.4749244384
4627,988082.091013431
4628,825106.3545627578
4629,1548975.5671501278
4630,576843.9680850981
4631,653802.3121710267
4632,1071361.8515866788
4633,530180.2034170764
4634,352774.784126789
4635,856137.4700816245
4636,2668438.0748200146
4637,474674.39129431325
4638,815327.4830443341
4639,445010.1444817095
4640,1313400.707813329
4641,1320491.5899186693
4642,843950.7898996079
4643,1281679.7903780274
4644,720375.9739710066
4645,1211557.4053843874
4646,2161027.0378377764
4647,1180703.7461316145
4648,597359.5113217626
4649,1553146.0897233037
4650,1148960.7722941574
4651,1048114.2810048845
4652,1904740.87178406
4653,613648.7837490634
4654,734353.9721437646
4655,2714364.039903274
4656,588374.9952705675
4657,763491.3815036917
4658,1801168.0093518854
4659,984817.238364877
4660,504781.4538575475
4661,463204.065456517
4662,854324.2212840357
4663,666730.0169411448
4664,816807.6744185314
4665,497156.9980155251
4666,1024596.8613971963
4667,1373940.9931859232
4668,1569982.2817949005
4669,958274.2517979221
4670,1507548.9831867921
4671,1767686.8236396555
4672,734405.6290858524
4673,809102.3929685473
4674,401339.7585032268
4675,446005.69403541624
4676,597449.7536891988
4677,2172755.438272304
4678,985390.1926470924
4679,1057672.4929495472
4680,1140903.2349007418
4681,792547.927880837
4682,1326777.8867118715
4683,825672.2657616229
4684,699938.1632356618
4685,730006.119025034
4686,1057595.7323257283
4687,1577164.2795194201
4688,432875.8610529249
4689,1014929.8359155417
4690,4065259.0030633826
4691,2463816.9510648744
4692,1332413.8501592425
4693,1237542.4813149427
4694,1706253.921074767
4695,1803950.5127831856
4696,1513027.037649879
4697,1764405.1840657424
4698,604850.8296758404
4699,1255953.6377028294
4700,721242.8747133686
4701,1004477.5132283021
4702,1624988.3913859415
4703,808326.9497910126
4704,1087433.2169716246
4705,387219.7048983767
4706,400840.4022660544
4707,1194116.1854820098
4708,517375.18601468357
4709,953157.9524973498
4710,575773.9828009454
4711,437886.619621939
4712,1343316.277784399
4713,589819.5175471845
4714,756535.8535115285
4715,2823524.4121113727
4716,1520921.120653667
4717,510390.7336554533
4718,2200881.4473472405
4719,649076.7674027823
4720,1106893.6337962586
4721,579666.2059596292
4722,2185364.9963711677
4723,1200886.3953884034
4724,893189.2953286741
4725,690556.5778136097
4726,1042270.0433762898
4727,611898.3243202529
4728,1173726.6955286786
4729,1276371.941477583
4730,1275736.2875229227
4731,1577591.3454092357
4732,624293.4192624709
4733,2139314.8680763273
4734,516255.46215160587
4735,1047655.665227395
4736,470516.28636806627
4737,648385.9244712449
4738,1404566.0662651078
4739,614041.3402153826
4740,659468.1534083188
4741,659219.8023174996
4742,427414.6669013771
4743,2573513.175958558
4744,1021765.916146844
4745,1351867.1437687522
4746,768445.8202912238
4747,482124.7404688581
4748,1947242.964652707
4749,1909049.2974954953
4750,788833.6883490132
4751,1363529.084227015
4752,1353247.4463652244
4753,744631.4622967248
4754,878570.0859564777
4755,923830.3849427572
4756,741673.6838969812
4757,1023333.3942125209
4758,1678234.1850882745
4759,1722615.7490274573
4760,924748.7525061852
4761,582076.8814604013
4762,1197010.669547795
4763,2032412.5481339707
4764,1070407.4421443464
4765,1269921.8114216025
4766,879338.489279235
4767,957549.864780175
4768,804013.7953676735
4769,645480.6526585299
4770,794998.1778056307
4771,1089985.8196783022
4772,1878321.2104383504
4773,705726.8713857639
4774,551324.0274599036
4775,834614.0801930741
4776,2016672.9842286028
4777,594428.2886457054
4778,639128.8438191974
4779,1491956.70830771
4780,744911.8208486163
4781,851457.5757351194
4782,923169.2231661986
4783,519719.746009285
4784,1114639.0015053705
4785,1770575.8799126304
4786,938618.4256766018
4787,1213761.4293126818
4788,569825.5940153529
4789,557084.7576024717
4790,953830.0896184352
4791,921604.9689685127
4792,466319.85825920425
4793,970033.439005004
4794,388935.66365040693
4795,598564.3788357999
4796,1104743.9533804103
4797,1510603.1784357019
4798,1143113.9976403434
4799,775356.2262281218
4800,2159642.6252462603
4801,688069.28125281
4802,3287664.579827223
4803,295334.8589763743
4804,703171.3919242668
4805,1292011.0180265824
4806,1012549.211968157
4807,3180022.7498279503
4808,1674796.6145612996
4809,583619.5950775911
4810,2336009.8485544985
4811,1176402.709121537
4812,770047.8643246501
4813,959254.2667565825
4814,1334110.1809466882
4815,645334.87677593
4816,589745.3439990446
4817,431714.4541682867
4818,755919.9866928679
4819,1550090.536604291
4820,752139.7396076489
4821,1060347.4430975427
4822,672247.9634667349
4823,1254990.5893663482
4824,324821.87552868464
4825,887577.3901898024
4826,836392.3784578588
4827,965913.3321691796
4828,1321924.995869363
4829,752172.7288218444
4830,975239.4985057559
4831,1706261.5803153072
4832,1167792.671583122
4833,826659.5768336367
4834,1054542.9585829768
4835,567873.9771337629
4836,1002396.2324267961
4837,479501.66762728756
4838,1907498.244197577
4839,880894.4876496424
4840,1127450.6420276032
4841,2496973.013193246
4842,1249596.9397422231
4843,706017.9393148328
4844,1108491.7618312235
4845,1525830.7088791167
4846,815970.3341577839
4847,980469.3245396712
4848,990834.342943428
4849,612873.5606296115
4850,2332961.969471191
4851,1369684.414137512
4852,624402.6686835712
4853,972562.8465556742
4854,619602.8648569054
4855,653744.7070896975
4856,714065.1085643424
4857,398035.9943188154
4858,1311133.0897739553
4859,616486.5747362691
4860,886001.0560546721
4861,562754.1487240632
4862,685646.7483648488
4863,551416.5740572525
4864,649206.7474831991
4865,1701808.3474280818
4866,674580.3952055806
4867,509675.62647471216
4868,1287661.0385118832
4869,423726.864917084
4870,1535874.1898193748
4871,681754.3335526747
4872,3261011.428648919
4873,934798.4550667221
4874,632196.6288780902
4875,1157874.192232353
4876,1039922.0512679839
4877,1134748.7744126776
4878,590357.2990392809
4879,876983.7168305452
4880,1401747.0498542825
4881,1163987.284613522
4882,790754.7982667497
4883,625292.9994849951
4884,2636174.4011024022
4885,847960.1693273118
4886,1484378.181859491
4887,1227329.5704455844
4888,1029739.281506452
4889,1095780.4820436034
4890,966138.7869870588
4891,2018259.2518066429
4892,614497.3683145901
4893,749217.7442651921
4894,1112387.965461685
4895,563396.9046428534
4896,1057565.1570079369
4897,444321.7067993803
4898,674266.5970312711
4899,507268.94236374495
4900,277694.70773268724
4901,854615.0901887256
4902,1335120.4248308153
4903,1757613.578777135
4904,967427.6027108491
4905,681632.9204389128
4906,858322.7518424145
4907,1255537.7989136244
4908,754960.8452491246
4909,1174771.2594845784
4910,379607.3530354869
4911,1541533.6431208735
4912,1107140.087917721
4913,468103.1787679855
4914,620831.1499428581
4915,1048465.3673359442
4916,675648.2129488299
4917,725064.9883246075
4918,1246192.1121595635
4919,928798.8662512314
4920,539119.6922314761
4921,719416.9373737114
4922,1267887.3871932088
4923,769649.5996671497
4924,1011662.0951858404
4925,696924.7711481408
4926,1390409.0037398299
4927,2501513.506747163
4928,1009755.5791945998
4929,1661840.338606138
4930,984253.6669380093
4931,607783.4442462754
4932,1023904.8875381979
4933,640475.0800530479
4934,1011575.7355588984
4935,727075.9887217976
4936,548979.2621337762
4937,742869.2651797312
4938,858349.2216406378
4939,791498.0773444845
4940,2918450.9019605545
4941,704727.2781625732
4942,947669.1238858168
4943,884193.6110584072
4944,1360448.6983113743
4945,1136533.5297456402
4946,783764.7767783988
4947,2161317.244718191
4948,553879.9200790859
4949,864350.4390037918
4950,1221620.6333011868
4951,2187967.015757513
4952,731999.0255111881
4953,1041176.5676311573
4954,564487.3554671213
4955,1100421.5359287437
4956,1065259.404029484
4957,496879.6959230415
4958,698290.1740191928
4959,1936201.0275002606
4960,1183495.3235663995
4961,1525393.1754657088
4962,1171020.1293383979
4963,1442885.9134254882
4964,714491.998761814
4965,1461389.840649329
4966,640192.566041428
4967,798426.0549531765
4968,1280695.1193684284
4969,1164178.326607222
4970,556858.4066747775
4971,631944.4153037877
4972,1121023.1979445452
4973,2103238.2286313735
4974,793703.3074369632
4975,520149.81833726005
4976,1466113.5171636506
4977,704675.7552629118
4978,1323894.913093566
4979,1573239.3308954423
4980,891834.0666824599
4981,946285.0601258118
4982,808065.6948505356
4983,1328244.0128166901
4984,1223196.6954263605
4985,776502.419088173
4986,1192177.5814310603
4987,2396769.2509240387
4988,1215527.58973365
4989,719337.7970347448
4990,1387887.2902335492
4991,1452146.0469160052
4992,1389882.6855046717
4993,554337.5695069368
4994,603681.9345136632
4995,686941.9329937994
4996,941359.7812730103
4997,1071048.3044030196
4998,2071971.1472688701
4999,873008.8430188175
5000,662114.2460763165
5001,1090698.3393385801
5002,1852021.005765028
5003,1819466.2509119343
5004,952900.4881021556
5005,1299511.995462054
5006,1174554.9699941126
5007,523864.33925843635
5008,792195.1964167459
5009,552755.5891990622
5010,1435315.6893907718
5011,2170259.081160293
5012,344671.7996543049
5013,842454.9497542316
5014,1095760.779506158
5015,3028068.046698967
5016,719225.2000859524
5017,992268.3396794472
5018,1371985.486479048
5019,2245323.843908258
5020,1723126.785871768
5021,1659399.088092631
5022,1075460.226763336
5023,1268320.2386065035
5024,375971.2248521117
5025,1531913.8266037484
5026,1053601.6781517186
5027,478656.7594899134
5028,781491.5662576819
5029,1257450.9611078268
5030,558045.0915313323
5031,1096283.441128872
5032,1218386.864084414
5033,970012.402955804
5034,1000148.3348334567
5035,558804.7090119576
5036,349345.09873478237
5037,603935.8755891726
5038,2624668.767430762
5039,1863499.282445059
5040,709379.3714577088
5041,460557.20157083473
5042,1172152.6647916895
5043,1120496.0118738797
5044,1071769.4117845646
5045,521733.41473128775
5046,2210966.3862498393
5047,602974.4324675936
5048,905724.3625194142
5049,914796.6289687618
5050,904771.0272662677
5051,1294509.2423086443
5052,1685967.3405827605
5053,672914.6472891637
5054,1006886.2453010101
5055,743440.0551061853
5056,1176899.987934913
5057,1264284.111805337
5058,672474.0293656255
5059,1295894.6502090765
5060,1365315.1142678233
5061,639289.0976572351
5062,1053866.2826212752
5063,1561349.7919086176
5064,1449121.2874305435
5065,1573741.7396392336
5066,416033.03889332607
5067,869258.8126480659
5068,871850.9607158721
5069,984885.9411379963
5070,1961289.4586316228
5071,558077.3684015194
5072,378593.20940072887
5073,755203.2185191425
5074,900513.6728552585
5075,492438.17523275083
5076,1020531.194922017
5077,735169.3430364972
5078,497877.289970013
5079,559559.773492458
5080,784230.8018123811
5081,1471384.5238311528
5082,1126236.467548322
5083,2795542.258327091
5084,534920.5668568762
5085,1265969.3080235035
5086,629780.0165649994
5087,1052479.9646707613
5088,2381688.6455175094
5089,377164.53560998006
5090,524550.5839420765
5091,563156.1190259674
5092,489371.2620968179
5093,508970.08977189776
5094,722622.9408950142
5095,1925442.4209799184
5096,1606893.8717865606
5097,1403520.6874310263
5098,655533.5982459431
5099,1492042.9130992063
5100,647920.8584377085
5101,2513497.9827298494
5102,1205255.1428420034
5103,1113196.5242641927
5104,1295358.3868038885
5105,588470.0930638188
5106,580180.3341689453
5107,362142.5503927509
5108,767606.4097536651
5109,678605.7492216537
5110,704948.375113365
5111,795953.0538655606
5112,600823.2655922365
5113,1004507.3382731958
5114,482102.67413274833
5115,1011283.2253493366
5116,826291.3812011523
5117,934955.788772608
5118,934931.2509108391
5119,1341277.557844921
5120,2204261.0126514416
5121,874081.3127018648
5122,372983.3826081725
5123,1058941.0317644353
5124,714519.2481646315
5125,720488.5004712433
5126,388079.7934280212
5127,985600.6856733814
5128,826356.0635768244
5129,826734.2934121368
5130,1072422.5947574615
5131,1169709.8132584998
5132,1376373.2974685326
5133,2486106.5308072437
5134,896186.6663954278
5135,1185955.998449374
5136,1748270.0469623525
5137,714369.1067878229
5138,1791489.436768598
5139,2022878.3531165852
5140,744528.5047947998
5141,1058679.6234189474
5142,2460644.0664279675
5143,1223803.0053320671
5144,1073461.5952584867
5145,639497.929064642
5146,763973.6370825408
5147,878218.6130500246
5148,1760519.0109142857
5149,1213797.7037263913
5150,3098404.6996911326
5151,605604.792171215
5152,2147136.745740263
5153,1353157.954963888
5154,1244897.1013397742
5155,984211.7548458824
5156,1174709.0845802089
5157,2019008.2397962075
5158,878567.61673793
5159,1029850.7498468838
5160,1463318.850582905
5161,513959.28319069906
5162,895080.6064321317
5163,1327571.6635969554
5164,418241.7623038136
5165,1671939.6410539525
5166,1268323.2287525416
5167,1802049.3458794558
5168,725946.9981703904
5169,1004865.9877919785
5170,1060836.1062982264
5171,937510.5519193913
5172,875972.8057404681
5173,880593.2748255428
5174,791370.9251732974
5175,759652.422479372
5176,778267.4053778701
5177,362229.7395718517
5178,769817.182969286
5179,1009222.9654877554
5180,1089631.7723392579
5181,1078563.0241596396
5182,1082213.9259790818
5183,539106.4162942717
5184,1626528.5997018558
5185,824010.2816401356
5186,1492910.9969213125
5187,470451.0961924217
5188,827100.8318374545
5189,878067.2542486228
5190,896465.8459332591
5191,1181734.28762678
5192,1397144.91436488
5193,1200740.2768593498
5194,612211.0291499839
5195,730562.9106916363
5196,1126397.807306764
5197,1203657.030672953
5198,1424221.581878898
5199,1030586.3187683916
5200,1373818.9397617409
5201,1953928.4362177504
5202,969513.5216987465
5203,3075733.280291643
5204,1144734.8167225108
5205,1357040.1388690956
5206,1256054.7661053278
5207,708399.3530419453
5208,963469.7226059615
5209,1791931.198406747
5210,723495.7640999671
5211,1385959.0002942216
5212,877904.1578751013
5213,1257981.3016440074
5214,875190.4517508026
5215,873451.4685268729
5216,1190307.9384470622
5217,873919.9262036971
5218,805066.8756527392
5219,874311.079962508
5220,1310961.724161508
5221,508048.4894372546
5222,903827.0729679613
5223,1337349.1727163023
5224,2803305.58683584
5225,1820956.898325507
5226,941505.5542922257
5227,2269675.5701109646
5228,825876.0513018619
5229,935430.0248565037
5230,2197023.130119604
5231,1215564.8785738817
5232,628491.4987519658
5233,2956531.4920551376
5234,1191988.6476559557
5235,792212.9159947388
5236,1073722.966238265
5237,453999.8799577524
5238,531313.9934147745
5239,485915.43735430617
5240,702031.5288030223
5241,1081006.883109366
5242,659512.653016945
5243,775062.2098927345
5244,423413.6874746546
5245,663373.3261682156
5246,2443042.298776705
5247,1468791.0049723757
5248,1614006.3662585518
5249,496979.7876277964
5250,2607505.3914599773
5251,782410.2353242832
5252,1086420.0057485665
5253,1087397.1562967515
5254,1130274.5414808628
5255,1658157.713390761
5256,658767.4219021582
5257,840832.6295695932
5258,1145881.1616835939
5259,2269200.4897472393
5260,648553.7686171342
5261,1654446.3514472223
5262,1625245.1984964297
5263,624484.3686323216
5264,1253911.3855168126
5265,604370.1778655603
5266,716054.391224077
5267,769929.1462549218
5268,1520011.4134396731
5269,810191.1227400928
5270,636035.5229499723
5271,1395422.929671433
5272,2037329.6148684868
5273,1742733.444782985
5274,1020741.4002578764
5275,1279514.3672550172
5276,1482348.8717380262
5277,1328204.0537048175
5278,574267.2793051957
5279,905151.1700470304
5280,618176.0932189861
5281,1594454.581943442
5282,367273.49995141116
5283,934972.633503206
5284,1618503.0512256124
5285,674977.6954588154
5286,778937.3627987857
5287,2258411.5879390137
5288,973037.4004208302
5289,646330.5890418229
5290,522868.6370357219
5291,543587.0367520687
5292,461078.1736340182
5293,883561.728174512
5294,307612.356137152
5295,1172636.0035630367
5296,1041793.2394882955
5297,1388725.1848481973
5298,1736878.000109514
5299,2298884.19269701
5300,681050.442849885
5301,296026.52550109214
5302,503099.2441023449
5303,1079190.1604872877
5304,1283984.4792959231
5305,2525066.8326265244
5306,689487.3349010105
5307,1043611.575386544
5308,781601.7731407175
5309,1080621.8488973768
5310,607483.0658395427
5311,1272259.5094810699
5312,1099322.088305508
5313,714376.034637405
5314,664026.622502256
5315,713561.5337704181
5316,887022.317451159
5317,487368.575653074
5318,401962.12633517204
5319,1058714.2031706215
5320,919740.5413647712
5321,568492.5201918692
5322,1374040.4677615324
5323,2953942.9863363644
5324,877010.9018350444
5325,1633289.5382439543
5326,392504.3394791697
5327,741191.8409267194
5328,2251221.9211049946
5329,451304.74058212974
5330,2765154.191545057
5331,505649.6627997809
5332,594703.4055393541
5333,578817.7365467423
5334,757168.9766460764
5335,1594687.6192817688
5336,1698239.5879987231
5337,978941.6115512559
5338,1118994.7826340224
5339,640999.403866843
5340,1235053.6903299228
5341,1005517.6205577694
5342,2912579.2163767703
5343,1583590.461177756
5344,1507039.3222042583
5345,1461095.9224559083
5346,403649.506440631
5347,947234.9869194954
5348,1873808.678679525
5349,407103.0067103942
5350,397403.03355896554
5351,461777.35063629417
5352,1902460.7132441439
5353,1024453.8206949325
5354,661943.4496486472
5355,652684.0529544719
5356,605405.0858298711
5357,1226291.43755039
5358,642470.7726092846
5359,536334.908237529
5360,960017.4735220008
5361,775086.6731858534
5362,886630.9504053827
5363,700575.1405921035
5364,373429.33084846864
5365,1124979.9320820067
5366,642362.3287716768
5367,361954.1318518868
5368,1069055.3107527571
5369,321199.27945581125
5370,1805091.1029325512
5371,1483822.0519122824
5372,616535.5693398187
5373,1061869.1607657515
5374,1206604.2259519077
5375,2084501.3040373458
5376,875767.454494061
5377,696616.6541686107
5378,829907.6194947016
5379,698295.8025244842
5380,1133185.527287106
5381,1007106.093237117
5382,254976.31601475168
5383,569185.0780717357
5384,1252235.1033393084
5385,1569191.0820929105
5386,2375286.54483511
5387,604032.2121945225
5388,1487077.2639812785
5389,716455.9182377548
5390,1801100.3122553537
5391,1617515.6119950623
5392,729616.2858630006
5393,1381451.0007847007
5394,1347651.4835695585
5395,1842073.2909069448
5396,1320545.179194924
5397,683427.8209240842
5398,758671.9198820826
5399,779090.8150972936
5400,780941.7299706102
5401,1041585.1680331305
5402,570672.3585431842
5403,1026235.764398038
5404,656573.4936931594
5405,395537.3523325499
5406,568931.6809804968
5407,1171811.4919733114
5408,1239776.5507045237
5409,1736022.3632957658
5410,964268.7563764694
5411,971204.6390141146
5412,440389.35196037794
5413,1909447.568692142
5414,493523.30590144516
5415,636617.2079061167
5416,1191285.0216080514
5417,680726.5174393636
5418,1485047.5524787973
5419,688314.1148092843
5420,1291745.791220521
5421,1660734.6196883137
5422,1237413.8957354964
5423,1151360.064308698
5424,1214823.678350314
5425,749279.6361739269
5426,2010554.260177857
5427,982564.964904612
5428,1412815.6415547417
5429,1113700.0912466287
5430,863041.7842916399
5431,1249988.2009469813
5432,1761004.9653640236
5433,544039.7146867001
5434,743364.2421373423
5435,1447187.9160378776
5436,688979.8010253446
5437,995164.144047422
5438,1035462.2274446159
5439,1590889.4646243718
5440,1424883.5404947973
5441,849729.5681046982
5442,469650.4100240743
5443,650207.0256896943
5444,1777161.6126378127
5445,1581985.795857514
5446,634379.0474311152
5447,836483.7132242866
5448,605147.4611928711
5449,992363.9445966182
5450,1469618.4226149842
5451,1209871.2267802553
5452,833733.944389568
5453,303680.0756807862
5454,459536.20688383246
5455,319573.804930726
5456,960339.6572366297
5457,766251.1962198423
5458,1192517.7390802207
5459,983336.8914459149
5460,588221.0192378486
5461,1432867.2798271982
5462,416937.8728702424
5463,513409.9571202699
5464,644103.1393246158
5465,873250.5641147218
5466,634920.0394689167
5467,786797.1228744393
5468,873938.9992858906
5469,492061.32361531537
5470,867600.0205084258
5471,842614.001882296
5472,1006889.5801352
5473,1731073.6259428186
5474,415657.7535196152
5475,586955.5860603286
5476,1508405.5126883972
5477,703161.1052808493
5478,1822043.2628283352
5479,687957.7601967724
5480,842546.0936207591
5481,2767692.857347301
5482,912950.9455257738
5483,711020.3101428316
5484,955355.5690223472
5485,1010609.2128667575
5486,865527.5224872674
5487,836470.1813863397
5488,853052.9565242685
5489,1260944.178513523
5490,3254486.092058981
5491,526867.990612618
5492,402855.2153875884
5493,1039758.2295818084
5494,791182.9090850097
5495,910328.6144341836
5496,620630.8786866468
5497,1722721.4107132407
5498,982853.3637296244
5499,1432545.401312692
5500,1372750.371669631
5501,1251819.2749820813
5502,943689.7987281152
5503,1293016.2328847002
5504,1084887.8804702908
5505,1323789.388790632
5506,782777.4193546352
5507,535433.9567630959
5508,1225750.4210512727
5509,2772267.4755935688
5510,609331.1225692881
5511,1288232.0013611624
5512,892903.4360968189
5513,1237390.2154440666
5514,1042753.7990410277
5515,657595.5500438177
5516,1713299.8566610634
5517,1033962.9405205087
5518,1301557.3194999343
5519,507662.94867683004
5520,1550915.5162757917
5521,906980.9603680136
5522,527141.5564312187
5523,686597.7623686873
5524,1325668.203261976
5525,1573739.7732744252
5526,1541701.381504149
5527,1100051.0783187037
5528,1471222.1293510124
5529,390724.04555674404
5530,643626.2512084638
5531,1192021.701426131
5532,1598645.8566552582
5533,312748.742413934
5534,618703.0601621328
5535,494223.56109307316
5536,718056.952994701
5537,2767080.1863550693
5538,1207848.800125899
5539,948767.2943975102
5540,600073.2587581731
5541,1024834.1021348747
5542,1321009.611161208
5543,2165455.575677716
5544,1912130.0752423122
5545,886782.840641609
5546,1289255.0168776403
5547,1155934.7734064537
5548,398324.42002159375
5549,923136.3842864665
5550,404410.64902359113
5551,289888.67567186133
5552,843103.0627944712
5553,2269759.900156795
5554,1679926.1550646722
5555,989719.3139914991
5556,460840.88592103857
5557,969177.5764692744
5558,814548.195964367
5559,1094816.9571735673
5560,2186448.0533414083
5561,703873.6931868905
5562,999810.6219142869
5563,440664.3755247043
5564,504086.07989962754
5565,656382.3914851039
5566,695107.5662725306
5567,2542066.221376666
5568,933818.1560364041
5569,1133453.938866902
5570,649164.286584916
5571,1725622.0966636534
5572,429340.03248041664
5573,972356.2391179858
5574,1209792.4204505314
5575,1554241.6288177758
5576,589494.5940698936
5577,2019391.4235977642
5578,461312.2723786955
5579,1584303.064241709
5580,821288.6052860693
5581,2261030.138608817
5582,1102182.6838148725
5583,511170.77912791516
5584,1248349.7000270393
5585,1378551.9681306619
5586,700111.7690417379
5587,1325394.1649155335
5588,1559298.1028530272
5589,1140889.1111018108
5590,529500.6592199329
5591,702468.4790846672
5592,749381.0902800522
5593,1055145.839182719
5594,754153.9063829868
5595,663032.3502687309
5596,1396823.2728897408
5597,1724594.4461048683
5598,756709.6564189427
5599,918687.9019057162
5600,591762.5643287222
5601,451523.73402608535
5602,2501269.2215752164
5603,435405.9911365586
5604,726305.9372657229
5605,2432458.807212583
5606,771979.0342928682
5607,543823.0387946762
5608,829950.288862085
5609,1897380.426674307
5610,398060.0701154215
5611,1446241.2136604118
5612,1569762.1508191638
5613,975851.2903305144
5614,871168.8565232273
5615,1825061.4139556228
5616,1561830.019786972
5617,1011421.441401003
5618,401587.85972455546
5619,549052.3834199185
5620,1470770.8458937367
5621,863169.8777614463
5622,405545.38883217867
5623,1195249.0758794716
5624,1123618.724601959
5625,1345640.690621209
5626,926256.2966664678
5627,713659.8343956464
5628,1353735.1663274278
5629,3421874.9482231196
5630,592011.5333742194
5631,1617625.6145777078
5632,716479.6335009263
5633,591984.892781509
5634,684209.7705438152
5635,657693.2782365725
5636,1597239.9083103775
5637,970089.2925659025
5638,789164.6202737866
5639,641399.1438148526
5640,605413.8429116884
5641,1245620.1266804459
5642,494317.4187081401
5643,1523738.165986856
5644,752424.4849019101
5645,550254.7165206007
5646,1003965.9896868387
5647,980302.2259273222
5648,542323.6683601211
5649,2098835.506089123
5650,741575.3637902613
5651,1827117.2046488393
5652,389591.0260358763
5653,1161961.6882101512
5654,458370.0182113595
5655,902375.6800197471
5656,361903.80109624163
5657,336521.62674076715
5658,2053087.9514299424
5659,787108.7131924527
5660,400296.844398208
5661,317589.9868706046
5662,1527659.0061119935
5663,933343.2821091315
5664,636586.2526104118
5665,479821.54249672696
5666,1219816.9808374678
5667,2351384.1158890193
5668,561823.1355902464
5669,1429079.841859916
5670,2169753.6135211
5671,660643.3803873784
5672,1096873.1847786922
5673,2588581.1714960486
5674,1165230.634065548
5675,615350.735649699
5676,1646461.8342960265
5677,1725909.2028593232
5678,1501931.0716555666
5679,765474.1314077285
5680,690788.714224757
5681,1273216.8113521007
5682,4237736.481177989
5683,1046415.6385731264
5684,522598.4617045132
5685,1031118.9319022121
5686,899374.6412545947
5687,619955.9381547126
5688,1531004.2375779103
5689,1026662.2586620831
5690,1514938.604083741
5691,769725.5980167862
5692,2607056.7257125815
5693,1221273.431948999
5694,1284415.20670406
5695,907283.2349328148
5696,513695.4253268407
5697,581948.0307498162
5698,788201.592027365
5699,567085.6835499963
5700,554885.7866157467
5701,861894.1355970643
5702,942161.6262234998
5703,1019511.5778776294
5704,470506.3408324582
5705,1057697.0085105824
5706,1082827.7416006092
5707,1154006.2312199308
5708,1725154.9913832103
5709,1137046.8862257525
5710,775982.4053062218
5711,1027776.7378252441
5712,1014972.1296051412
5713,1180314.901320347
5714,588666.9679695345
5715,1435209.5740738881
5716,1448377.5853973366
5717,453519.20294441073
5718,2319742.6759339413
5719,929841.8368151641
5720,1309526.8703089429
5721,877396.9145532795
5722,1210767.229546228
5723,611309.6531862672
5724,477017.22362097196
5725,921235.4985694448
5726,927227.6880747019
5727,960651.673412562
5728,1738172.4703495507
5729,435056.99969431665
5730,872829.4476050719
5731,666804.1470037817
5732,659475.3194087885
5733,793046.0494606483
5734,698721.4964789405
5735,1923991.19063756
5736,968062.5214993375
5737,1202595.8902192053
5738,850353.3309857292
5739,1294754.6861879588
5740,983039.489300212
5741,925812.3986596046
5742,878052.322544605
5743,2056916.2374821538
5744,796014.4145393522
5745,922545.8514010273
5746,1603396.397750959
5747,596778.2379319431
5748,715168.1720832445
5749,990954.7953398732
5750,2379692.9149645735
5751,956848.8717180927
5752,837274.1841830281
5753,660229.6196814433
5754,986887.4551386373
5755,490722.61129420967
5756,959570.838664071
5757,1396334.0373361714
5758,1251516.193589904
5759,798212.8331456025
5760,566149.5733917984
5761,1058057.5731682125
5762,792143.5124352082
5763,573730.3243395769
5764,1351643.8257154482
5765,758018.1820458021
5766,345498.4863453363
5767,774169.6252802749
5768,531322.5939913767
5769,1662575.7672802245
5770,1317185.8730929298
5771,1273664.7925345986
5772,1465345.2998641657
5773,1708258.451489408
5774,1328336.374578951
5775,2471566.9408689337
5776,1305314.042457252
5777,1453710.64650213
5778,482794.9354842579
5779,621974.1660284275
5780,1141780.304580506
5781,1518314.01615051
5782,974001.0291713193
5783,587562.2125918083
5784,796181.1194725643
5785,867534.1102116248
5786,986303.277842086
5787,503859.8031576189
5788,505366.64632456726
5789,1634120.486404436
5790,848958.9498860701
5791,803446.444804669
5792,1034137.3907624548
5793,669185.3598858054
5794,678815.8955480622
5795,923778.3441436635
5796,474969.4992342695
5797,2055621.2474614468
5798,878949.7780124949
5799,1514223.4887275547
5800,420727.69689693494
5801,835768.9212559632
5802,1434136.8203695624
5803,890655.0726896042
5804,1037330.5018421002
5805,1486867.2057343174
5806,717370.5952672642
5807,1077231.2856142886
5808,1594325.5677239927
5809,1495365.4388608106
5810,644021.4000724813
5811,1196396.1333189013
5812,879297.2717568913
5813,648282.5373070971
5814,1944621.945627404
5815,2560723.9506753655
5816,582937.8617094829
5817,641462.2091781264
5818,804763.1367526359
5819,894188.9106306345
5820,952204.2274624456
5821,1121145.4925447295
5822,1408522.019024851
5823,1222317.7521286171
5824,1062731.2069985596
5825,1231188.4029305847
5826,613184.3723829587
5827,467319.71761420096
5828,2095632.460690634
5829,2328313.5567892147
5830,1668233.4684683748
5831,585516.6035796735
5832,1382160.8693731672
5833,1264870.5083500326
5834,635113.185988707
5835,518884.78727920004
5836,245719.7322010821
5837,892254.4345330815
5838,884093.011597459
5839,2891576.6994347544
5840,561169.934322583
5841,1371610.0149678185
5842,707321.2844337056
5843,543664.2877362808
5844,750772.2693630784
5845,300194.8819825635
5846,946659.1317826763
5847,817082.2176860987
5848,549080.5351908305
5849,2070506.7677773267
5850,1329016.7175036967
5851,777487.939854789
5852,1459312.5689094188
5853,747404.8168637875
5854,514059.207401844
5855,993189.1528487442
5856,1446217.7770955898
5857,2253839.8250760213
5858,1156760.3940561623
5859,900482.3365898047
5860,2370633.6794288913
5861,1147735.6814909773
5862,579037.794355597
5863,535097.2748657305
5864,1244523.163397466
5865,828477.6896650397
5866,936027.9997930318
5867,504914.43113951065
5868,527354.8531586399
5869,637860.394413126
5870,1202368.5732938356
5871,674012.7983125242
5872,704528.4016365317
5873,964347.2462807028
5874,1345316.5286148344
5875,1125794.3726815793
5876,844492.0555146027
5877,1138392.2083464807
5878,663360.5114996387
5879,493121.8225987983
5880,1280799.713085972
5881,1021413.7291996215
5882,1598785.5262450096
5883,3547115.175729786
5884,2059397.9922569632
5885,522717.5512032693
5886,1386918.4543643226
5887,1760416.1570663303
5888,1427781.0196314354
5889,369814.7501196793
5890,1739180.6415402498
5891,662023.0700091205
5892,2937364.5979153225
5893,809606.590312024
5894,1641334.9989731885
5895,1354714.162992029
5896,1079647.4903962703
5897,909230.3230507864
5898,548812.535496442
5899,582387.8247479574
5900,642279.8061031498
5901,519420.76092013076
5902,1158750.3924547187
5903,902105.7433490795
5904,967796.8286443725
5905,1566206.546427503
5906,905548.5417346053
5907,2376521.4126125546
5908,1060815.0802607362
5909,1930717.8697470252
5910,1077198.4672242193
5911,667743.4650721888
5912,430473.9141825822
5913,2668857.8912230395
5914,263134.09351963125
5915,1137616.6134747637
5916,1044821.7126152024
5917,1435538.6216271915
5918,991532.9559607893
5919,2464754.5344829727
5920,394218.5744048423
5921,605462.4515453891
5922,388214.1803464949
5923,1270601.1144913367
5924,948281.1338560944
5925,673348.7626145887
5926,625520.3326599175
5927,1093223.7697589751
5928,623780.7957804307
5929,1147459.4751716645
5930,1054386.376660221
5931,1204160.9352561275
5932,1417004.553414261
5933,647059.8189619121
5934,1622842.1733343801
5935,988161.3666479057
5936,661653.6242886289
5937,654214.334259371
5938,1562963.165831669
5939,1232975.0266308277
5940,2313015.730209374
5941,826615.4557009869
5942,1788073.026525124
5943,991587.0375537745
5944,491003.2389060843
5945,2699165.847920402
5946,690954.7734813151
5947,1158012.8331945557
5948,912918.4802656212
5949,2683516.8965879725
5950,554980.5133263649
5951,1752393.6800217216
5952,591867.7411495274
5953,789450.2517442043
5954,666023.9911124664
5955,1970426.3361187717
5956,589543.4113425901
5957,1068264.4598737836
5958,706154.9239468434
5959,620423.8206230976
5960,984722.5736399541
5961,1823018.6346981637
5962,1664488.610979594
5963,1512695.0547813708
5964,2037421.35727009
5965,1095757.6254634864
5966,524940.2150013311
5967,679999.565122161
5968,1361119.7120947682
5969,695576.7573002788
5970,484372.02774556837
5971,1561518.5606698638
5972,1682384.9963995009
5973,1667800.4863527124
5974,816349.8141671562
5975,1375372.1465956431
5976,1028208.5364396684
5977,1542691.5085441202
5978,616879.5203323681
5979,1389476.9711786045
5980,516654.8308517776
5981,1309457.5910726662
5982,704202.4436491664
5983,1121741.663442681
5984,603725.5673375237
5985,479824.8134930628
5986,1160358.7531913086
5987,944185.4426761386
5988,1459541.7986746423
5989,1667600.0809509933
5990,761509.2835091843
5991,1241932.9911987202
5992,890031.49267042
5993,1280268.4592093239
5994,574783.3627547903
5995,1447751.9866141186
5996,3392923.255352892
5997,1199774.5663679305
5998,684317.1332484623
5999,702612.031234021
6000,1155265.9000778075
6001,1193178.1086977965
6002,1148664.2082488195
6003,995725.3343244416
6004,497347.36862047913
6005,1873147.1420669418
6006,433121.2568278131
6007,713510.042684678
6008,800226.001234912
6009,591674.3686234163
6010,674939.6227193358
6011,283309.4565358973
6012,826313.5237476453
6013,1197605.4791342546
6014,424984.33571818366
6015,958383.0072670479
6016,893625.9156134222
6017,998197.0022255088
6018,776230.8344870427
6019,445270.47072145337
6020,1180871.6576466623
6021,539935.5459224132
6022,631559.4348631115
6023,513702.36947413103
6024,1222398.1294349805
6025,1835160.0503477238
6026,561740.4997822484
6027,571544.9779206917
6028,896038.9328670366
6029,498478.33377963054
6030,1996853.4317947258
6031,1260158.192745964
6032,459357.5924695623
6033,1240241.5462152173
6034,895574.5749813828
6035,483017.6137020473
6036,2005866.729496755
6037,2731893.2113816505
6038,1110414.0186517378
6039,660494.6085500852
6040,730988.7896389952
6041,1052846.774285448
6042,1149595.4912923158
6043,1111631.6481050437
6044,385988.5856492625
6045,668340.1751828856
6046,817347.666540184
6047,1189350.6694630983
6048,1153361.5902827529
6049,628069.2324800146
6050,615130.8538633131
6051,998810.8142393884
6052,1057187.9273547716
6053,1001960.5339707953
6054,1134466.6602683512
6055,2043404.9236531942
6056,1098023.256187558
6057,374039.7711882152
6058,501396.8685552977
6059,1092843.3478064034
6060,1168387.1803417974
6061,707409.6519782962
6062,1662221.2279227187
6063,522104.7754563178
6064,383196.4950175389
6065,342705.5182990329
6066,1768063.3260436424
6067,1249252.8275612576
6068,428276.37704297097
6069,471451.2823628263
6070,1341844.9982747892
6071,1128517.1060016146
6072,1527738.6835773664
6073,1127766.2952546338
6074,1540265.8382119683
6075,1567928.9022762014
6076,1094439.4190244453
6077,929249.0071437593
6078,1250803.4244139309
6079,787078.6673451455
6080,1302932.9548861734
6081,650931.7524202077
6082,479931.3471356833
6083,376797.5234245792
6084,568982.7977605662
6085,527421.305775538
6086,730060.286619255
6087,621436.4530818781
6088,842089.7920884446
6089,1100449.5556425264
6090,733739.3303125865
6091,759352.4110023226
6092,3127717.956168156
6093,583948.4837865985
6094,558112.592763549
6095,884365.5582928668
6096,706723.2513509026
6097,1263088.1017633341
6098,847756.6659894444
6099,1373554.8185625377
6100,506034.5035571698
6101,616756.2858834664
6102,843203.015668823
6103,482338.0480664795
6104,1700593.9941200356
6105,432138.33515328204
6106,1201517.6929065494
6107,612129.5542330464
6108,609405.9266046941
6109,371474.6973940738
6110,804522.5041445312
6111,893244.0959108791
6112,835773.8427655025
6113,2837233.9501846908
6114,2413869.4464981854
6115,924820.089273395
6116,336283.9824326478
6117,1433470.5092894628
6118,1028603.9424981569
6119,1447339.155056246
6120,1012042.6499653673
6121,681838.8847438508
6122,775483.8398383992
6123,713612.8673310695
6124,1165189.386758243
6125,578784.7614369583
6126,699127.2832226608
6127,883081.3369627647
6128,971716.2055796159
6129,672354.9115861492
6130,591394.673667684
6131,696165.5191249109
6132,1047226.7302442899
6133,379584.9482026663
6134,1462619.499552359
6135,1054546.4034697383
6136,1136133.4765429706
6137,956611.642767979
6138,1330542.7420854764
6139,2889703.400212867
6140,388185.5424576512
6141,964007.1511030025
6142,778806.7578906224
6143,1111622.8032371157
6144,1491304.497492147
6145,409541.3836019432
6146,464839.74010692135
6147,421568.9004247649
6148,1111088.1727091663
6149,2253992.2938254187
6150,1875957.6613834985
6151,1221664.2483872895
6152,1372078.9849302394
6153,699212.9169029575
6154,1085935.0392467047
6155,1470791.1432379878
6156,1293821.1167784622
6157,633400.6714840576
6158,1763870.090954681
6159,560843.8715900199
6160,486583.71820183436
6161,776416.2620720618
6162,727871.8009509125
6163,1908251.5534052532
6164,1107097.930472941
6165,702864.9201299219
6166,433725.9794422625
6167,787507.3030028577
6168,2287866.369314175
6169,636619.080127817
6170,432476.49083628494
6171,1427018.7224885155
6172,2016175.7630447838
6173,2064371.2414770548
6174,1600639.3065765782
6175,2571092.2295709886
6176,1279392.1317130837
6177,874498.4490307663
6178,992006.382361999
6179,1096068.7613139641
6180,914548.6057676732
6181,623889.2127016033
6182,1280395.6747687026
6183,938529.1908993034
6184,1632054.2337914163
6185,470282.3054717712
6186,643120.9563413787
6187,525063.279672453
6188,911050.1206892525
6189,613319.2701619612
6190,546288.9121821903
6191,560032.0549385514
6192,478009.40850613435
6193,1274733.7457840964
6194,505459.2766005421
6195,1648422.3022866566
6196,1593119.072100872
6197,982710.5232101221
6198,811303.2965568943
6199,755996.3277825929
6200,1066213.7155511677
6201,2050680.681649349
6202,1805629.8687826404
6203,928454.3510054568
6204,1836638.6516488984
6205,736561.3360349603
6206,627836.7345362654
6207,754107.3703551533
6208,1904316.7193435885
6209,595641.9035728828
6210,911943.8263786394
6211,766085.5649956868
6212,1051595.2646670064
6213,811255.7845762509
6214,1515275.5234748356
6215,527605.1374742717
6216,856243.9846167492
6217,1338374.9669570175
6218,725084.7516195897
6219,1776232.146676871
6220,862693.4572305048
6221,1129184.565660775
6222,597367.8299935707
6223,648843.7469100382
6224,1041161.3844676581
6225,720536.0148308148
6226,1105362.5076356693
6227,2497963.998061712
6228,706506.0973954198
6229,881047.135367929
6230,1809980.302267031
6231,484174.80187608534
6232,736378.8575336369
6233,405881.0626647538
6234,1637353.1851359906
6235,733196.082005731
6236,772443.1629365939
6237,570135.8001367415
6238,1400359.5962764716
6239,683621.0452313073
6240,1316439.7912192796
6241,633166.864302481
6242,977661.0594498378
6243,1106180.854375907
6244,1168766.1603193118
6245,1500792.7087442218
6246,1151312.0159528577
6247,880416.3991607955
6248,1196875.9281868709
6249,1149312.0674115152
6250,1393040.7097730997
6251,782925.8673107502
6252,495984.62082849274
6253,970906.7213671076
6254,1085670.8098405888
6255,1888183.071321165
6256,705368.8596263535
6257,459527.51110272564
6258,681698.9223632119
6259,1003944.617841317
6260,909284.6530881567
6261,1249169.6264596619
6262,1154596.486931617
6263,636405.4654369802
6264,836601.2235776974
6265,2423817.999368091
6266,843248.423534709
6267,1118203.3291037055
6268,831603.7314811688
6269,1115998.1240072716
6270,1432536.0516486666
6271,625897.2483053133
6272,1191873.4166286294
6273,2169022.1110930704
6274,666582.3865258625
6275,601578.6858071992
6276,1451435.1377475383
6277,508311.38447650196
6278,1491843.3532678569
6279,531326.9025483606
6280,726036.9110388363
6281,726577.4317658321
6282,597624.2575448652
6283,623693.3191014332
6284,749240.4733767792
6285,757332.0153533471
6286,2852292.4801513012
6287,479495.14586788835
6288,1120154.9320048855
6289,1952839.5177316566
6290,1089179.6660026975
6291,528068.1229128768
6292,2310161.282829636
6293,713844.3889005817
6294,612806.1907151255
6295,1210309.2932880933
6296,1331261.8887235755
6297,1413748.6999929314
6298,2619256.090792778
6299,1854289.6766284031
6300,1002842.0153540373
6301,958494.6271061087
6302,387467.6747001749
6303,863887.908554689
6304,646044.3483869504
6305,388105.431390926
6306,1878800.58641947
6307,1274724.09015337
6308,986068.5000362626
6309,1954345.8192707843
6310,1346790.6602447834
6311,1338878.5985360683
6312,927339.2808426161
6313,2334784.2159211226
6314,1509406.8543392129
6315,1123377.7057575725
6316,1885027.099354312
6317,486368.0617086345
6318,2609145.9227412343
6319,704974.4541083555
6320,1957024.7193757924
6321,453794.857715359
6322,1320233.7271458094
6323,1525603.8540719785
6324,821082.6804525448
6325,742889.2078954353
6326,2765443.060955126
6327,459049.41015403805
6328,658992.0650220235
6329,921553.5194796066
6330,946167.5501111168
6331,1243908.2216546643
6332,2828014.523545243
6333,625387.6006313424
6334,848475.499648887
6335,791441.7999873491
6336,759431.7877235255
6337,1045174.6170412533
6338,524636.7621972472
6339,1658372.1303881286
6340,1191632.7890356944
6341,846242.7027570399
6342,2032788.5954847247
6343,983090.4663649186
6344,2308003.1548453085
6345,948470.8002876135
6346,1379247.8172410526
6347,599526.9326380779
6348,435752.59217947203
6349,435307.0649268817
6350,2363109.2925845934
6351,646308.1124225787
6352,1936746.460695426
6353,1884461.9064564658
6354,649803.8374847681
6355,1033705.3365673812
6356,823757.1395856851
6357,2222164.6504827198
6358,610632.1312974844
6359,692124.0344486886
6360,1398151.003956832
6361,387230.87218842865
6362,698853.4319164765
6363,829154.0785874553
6364,322336.2278646593
6365,401195.1774348518
6366,1099869.9261467222
6367,788927.6072522579
6368,958048.6507819023
6369,788183.8590723315
6370,1344339.3979256477
6371,647650.0533580626
6372,333635.3512235848
6373,521442.69646307034
6374,533535.0649025291
6375,686348.9546368611
6376,603077.4744042577
6377,729083.3576019552
6378,619884.4566730032
6379,870725.3191798734
6380,1064090.3296235746
6381,1003969.174898917
6382,632331.4533366068
6383,709295.9676657334
6384,798966.2711678318
6385,1193611.2281644165
6386,2030561.7445706667
6387,1900865.4598171578
6388,1206846.183820575
6389,986883.3865910745
6390,358398.3010344772
6391,1421302.1454203308
6392,1087504.7717612402
6393,913333.951599137
6394,1532826.7251928505
6395,1047737.356169374
6396,825092.4339980177
6397,1094195.8248303432
6398,668268.0108926318
6399,1552550.449620725
6400,455918.31735782424
6401,912484.702953291
6402,666229.8457342964
6403,859253.2911121309
6404,1352970.355063052
6405,650002.4849967178
6406,1019419.3139377526
6407,1025960.4473044763
6408,1364366.4405048764
6409,1532348.1392486054
6410,378460.20992576925
6411,2043967.708801457
6412,1193256.5473142394
6413,772397.3435441162
6414,842677.6399160029
6415,911457.3202166936
6416,699432.9784417362
6417,760936.1377643456
6418,745375.263746305
6419,1875956.6158784034
6420,1446772.1243546822
6421,2404758.446328833
6422,1617588.593631629
6423,663925.3981839328
6424,1440638.7017188573
6425,604339.38513892
6426,583190.2217973233
6427,1982524.1613865097
6428,1242609.3136895772
6429,666469.7179780011
6430,1130606.0772631902
6431,823831.0913732055
6432,2061941.6228324256
6433,2029774.2222048237
6434,742229.4419670732
6435,508730.26987032825
6436,1185527.346198948
6437,684387.9087335455
6438,729725.9947331741
6439,859272.8722932949
6440,1590804.9577612465
6441,1726750.1302649484
6442,772365.3302387061
6443,1010620.0825208675
6444,932006.0503881704
6445,1445526.4050383898
6446,1805819.4767638112
6447,421271.94035154075
6448,1145271.885931626
6449,700222.7995339249
6450,521450.4194037807
6451,1450368.2620019491
6452,541664.5828785303
6453,1234942.2335012266
6454,569616.4947745737
6455,1151741.058951118
6456,337490.783822869
6457,1581179.7439886583
6458,1954853.4345759314
6459,834939.2699506516
6460,1058782.962338376
6461,668302.7173508196
6462,1033742.8377943358
6463,591740.4490069402
6464,736600.7729150524
6465,824354.5086485461
6466,441646.279442331
6467,618954.3779604355
6468,905295.1367420405
6469,1179868.8085356446
6470,442669.61927392735
6471,1050127.5137951751
6472,1308382.9309407112
6473,563230.9921892857
6474,670309.9400444232
6475,1476975.903082545
6476,1044979.5955174491
6477,1183760.7325902102
6478,1206674.160989203
6479,298925.91938111855
6480,638053.4017241567
6481,525858.7444863726
6482,336848.4958278
6483,1417696.9471763768
6484,897544.3644030018
6485,532668.4841827953
6486,839580.4669614482
6487,1221242.7903943125
6488,355317.0428095615
6489,1062039.8008208184
6490,1183926.2784594977
6491,1072104.7600366084
6492,801415.674725793
6493,1183318.4071157617
6494,2047553.7474725991
6495,771801.7597586539
6496,939113.9329960947
6497,497503.3884902691
6498,1531895.7050887654
6499,601642.8941377713
6500,723879.137426444
6501,1096354.894742548
6502,817132.401975914
6503,1425747.7105686448
6504,1034117.3116271496
6505,904236.4941313076
6506,1431562.4679786596
6507,1557316.6699535544
6508,1761143.6558680327
6509,603514.5467911997
6510,360109.55749675335
6511,677682.9031488902
6512,3621260.3210902857
6513,1268976.262118181
6514,1705469.4035481182
6515,1117975.106252181
6516,1769268.9099743024
6517,947910.9946497193
6518,468359.1249420585
6519,1600108.588799483
6520,543159.0398719128
6521,1763208.8190716659
6522,660773.6635065284
6523,1704949.297674725
6524,606490.6626836685
6525,601467.3075523016
6526,1201728.1698849835
6527,1425978.3597358868
6528,2218008.6647117482
6529,1152981.0905222902
6530,943784.0172853466
6531,649968.1249242955
6532,463383.39835759136
6533,1665029.086632861
6534,594971.8679906384
6535,1103006.6434479512
6536,825134.174732252
6537,1488333.7077043478
6538,564176.7401291338
6539,1207541.6129812908
6540,501929.94540151645
6541,733507.3879853126
6542,783119.2823518983
6543,426904.6437554198
6544,709023.8419494687
6545,1645923.1949798253
6546,894018.2690245009
6547,379469.51059073943
6548,710291.1311843297
6549,492835.19870487315
6550,521899.9626340243
6551,1653288.780328971
6552,1372839.1562685287
6553,1282930.7264823006
6554,474638.9436404094
6555,1612192.6511632998
6556,1086160.1432988762
6557,1748417.695856694
6558,667864.7646172567
6559,543153.4386720982
6560,996514.6991183138
6561,959003.8443056364
6562,481162.10462358175
6563,959060.4136799421
6564,609190.3907054547
6565,2219199.783502101
6566,608387.7050252843
6567,687393.1157499165
6568,618727.9037329113
6569,530072.1381307801
6570,1237417.5364883624
6571,1362953.4286113677
6572,710785.496046525
6573,864594.0409969017
6574,756741.8612741489
6575,901427.848696871
6576,1352826.9568297926
6577,747946.3804171017
6578,1027855.7809781384
6579,3020663.6969967103
6580,716117.83764411
6581,848590.8801319781
6582,1403454.334502229
6583,1259710.4877716652
6584,1503202.708095164
6585,738205.4094059556
6586,1071616.7379794251
6587,912178.0315268658
6588,444072.68375144346
6589,438130.24523141905
6590,731698.1873683236
6591,502317.6371403189
6592,1656611.612531909
6593,1171723.38136513
6594,1457053.0706190602
6595,937022.583111813
6596,849601.1334097832
6597,1002786.0023270681
6598,1133856.804499212
6599,766848.3165836971
6600,1196739.7581104347
6601,2457556.3074296033
6602,1035139.4695595023
6603,3044875.80574843
6604,512290.7323790019
6605,631579.0621962276
6606,1095194.061974422
6607,782618.4571024425
6608,1299904.0961550036
6609,1298122.703179394
6610,476930.3078372911
6611,803471.8879462734
6612,2870159.352178295
6613,629970.1932964458
6614,1593954.8713182658
6615,1405725.8728660094
6616,692108.2201511881
6617,547108.3253644996
6618,1051276.3005085296
6619,635152.8568091849
6620,546475.5811072349
6621,807716.383790939
6622,2121015.080189986
6623,1341526.1637944214
6624,761723.8000258871
6625,1475769.7454253752
6626,1137830.3361769225
6627,2086564.0051573298
6628,888730.1807028033
6629,2572232.858939524
6630,533544.9879542696
6631,3446423.9979803665
6632,1044143.3673980613
6633,2625417.4882864226
6634,554878.7733387655
6635,809847.5271264352
6636,2430632.6020367155
6637,1374023.8156326592
6638,1296522.2083463734
6639,1285580.3706096935
6640,1760261.8290151162
6641,937089.3830828326
6642,497742.1723325336
6643,714793.5819387491
6644,1480451.1278716053
6645,594229.9145404379
6646,841368.6151910045
6647,357435.81080889574
6648,1109686.1102403677
6649,715696.4139300083
6650,621967.7773906863
6651,1393498.6424417424
6652,486721.8054947483
6653,725568.5499921758
6654,2483791.507875099
6655,943203.8995551592
6656,1894819.1574296409
6657,553775.7155303829
6658,805520.9952588339
6659,1138623.3431092487
6660,1239400.4574675653
6661,296394.72108385054
6662,979927.60185872
6663,444588.70623356814
6664,606123.054746734
6665,581633.1994418182
6666,1473372.3683210758
6667,1162955.4043044792
6668,1066044.1680891262
6669,1227838.8766437082
6670,2185744.3645628113
6671,1284654.5800534852
6672,523132.6547302081
6673,1307224.8581960674
6674,806082.3425222827
6675,781487.4425765378
6676,611316.3312429879
6677,1476385.815678957
6678,680159.8225037779
6679,1099149.0081116585
6680,387361.3186511546
6681,723287.7820247541
6682,2080390.2555456127
6683,1106055.2920366016
6684,1589311.0310016796
6685,596175.625461695
6686,2286666.415459183
6687,843017.2527573747
6688,970151.5329707034
6689,1217275.072300996
6690,1237261.2540762261
6691,731059.719067964
6692,1283667.5381893083
6693,579184.3335375034
6694,1446241.7240723157
6695,1422307.4626006412
6696,1907382.8926849756
6697,636166.7168995576
6698,924180.291715971
6699,735638.5498218773
6700,421503.1701665099
6701,1563168.7303506893
6702,383699.19541398104
6703,449091.13573156507
6704,2280183.9939616444
6705,1742306.7207744708
6706,385141.0411363497
6707,683690.7496772681
6708,1240469.6465592685
6709,1104543.4212631946
6710,1216706.7526527627
6711,443986.16545981634
6712,1566623.448207614
6713,1410439.1251258284
6714,1360738.8664281503
6715,1093412.9011258667
6716,1261489.0322462409
6717,1059634.2112120602
6718,1003799.8167694669
6719,1279551.7824692524
6720,578946.0903850077
6721,1274966.2450997795
6722,975408.4081636827
6723,597070.1959796139
6724,999906.7654303669
6725,434743.340839297
6726,594080.520368325
6727,1144429.3236710627
6728,1017503.92157206
6729,981321.2281990751
6730,705900.0723127938
6731,1426429.9621151097
6732,584240.6916709208
6733,513915.0075923875
6734,342643.35138191533
6735,2199568.503456873
6736,558161.8689127134
6737,815252.5512160986
6738,1991286.4080798624
6739,521379.8035603671
6740,1162824.9780801535
6741,563161.3040225112
6742,1076266.5748985347
6743,952318.6580581244
6744,1166964.2915964907
6745,1528810.950442672
6746,481774.6789019867
6747,1521216.7676951417
6748,789946.4868259244
6749,953746.9241766061
6750,1115611.9543054712
6751,1237378.055040037
6752,498445.9172233255
6753,1364728.5269704459
6754,260924.29390749702
6755,1508629.6898958797
6756,1810624.111568007
6757,1528702.1296623903
6758,722948.2198216862
6759,1827209.033607372
6760,374129.92724458553
6761,881544.5483790485
6762,1157909.5082919882
6763,974117.8342013768
6764,1308789.6922061853
6765,539748.1791678112
6766,637153.9835263306
6767,3615670.692216549
6768,2140053.027302433
6769,1217341.103110465
6770,355969.9245353316
6771,1707017.5851853753
6772,849820.7229186185
6773,460253.51259046246
6774,1509943.1677032893
6775,1232625.3477988727
6776,1137496.0375052348
6777,1501859.3445933196
6778,2374998.679708057
6779,682830.5647585056
6780,437997.0957421443
6781,435841.0096017871
6782,797230.1030220167
6783,1279438.2727905374
6784,641946.1591271616
6785,894998.5673955841
6786,743609.8560527746
6787,576010.5917548015
6788,875253.160356294
6789,873480.6155497262
6790,995778.3768409981
6791,1000018.2144329931
6792,502894.5097192799
6793,1701092.7289387602
6794,1876548.8551948871
6795,1292266.9332823248
6796,1281644.5892011689
6797,850958.5548615779
6798,937536.0561719664
6799,1429320.4228941773
6800,632200.6222497702
6801,508213.1469478982
6802,798217.3432233895
6803,707608.1076306171
6804,1159193.6530947888
6805,1457117.6619400082
6806,659464.247007535
6807,1154111.186281125
6808,785843.5759763971
6809,932741.4501019148
6810,514542.1637326818
6811,643062.2353331897
6812,922881.9265747764
6813,1464795.075761785
6814,738516.267280553
6815,599722.4742781318
6816,1797664.4394254475
6817,557534.0350678635
6818,665853.9199090231
6819,683616.7680445288
6820,1293042.4578490488
6821,2113045.138464556
6822,852720.6611432418
6823,979461.9595902587
6824,1612878.5274725556
6825,793768.5506835706
6826,824789.7235348672
6827,521309.68414101936
6828,440747.79828601365
6829,1598606.6748535722
6830,353290.7296275545
6831,1322394.5944572769
6832,1155160.9283154665
6833,439638.00003449625
6834,2009492.9255541782
6835,606737.059170127
6836,1658983.4104116142
6837,1776067.9105817247
6838,321632.7949365385
6839,1181645.6634791687
6840,858153.8557477597
6841,1036355.2230363267
6842,437185.6936681208
6843,509457.59423145396
6844,1449440.0707033682
6845,603953.334396819
6846,732057.7758528923
6847,855274.6151660996
6848,517161.7690701379
6849,811525.0386598425
6850,1198435.9375443684
6851,1203053.912314723
6852,1474638.4003200394
6853,1000914.6734841401
6854,823079.7410706033
6855,594049.5361967562
6856,638462.689322242
6857,1798027.1677385746
6858,1865405.8599431869
6859,561357.6859603263
6860,735144.7710356874
6861,662645.237453204
6862,528851.3743651203
6863,423590.5072221431
6864,634324.4551549673
6865,720837.6475336533
6866,1330857.4354520438
6867,769375.8780317937
6868,1120341.0242196107
6869,665659.4939720542
6870,603823.6652376858
6871,1360115.9404836353
6872,889322.7482452355
6873,899760.0473618112
6874,1180053.5926205
6875,661078.5103656553
6876,415418.8344086942
6877,916355.4811898293
6878,803650.996375532
6879,942600.6007103553
6880,931600.0258664398
6881,978660.7026990055
6882,3014523.547985212
6883,664786.7672943099
6884,1009646.3422382756
6885,1109915.2581490993
6886,1523305.4323773088
6887,2655706.6411604276
6888,828317.8175984726
6889,2000388.3536735105
6890,724105.8164603875
6891,1543669.174238759
6892,536526.4933352252
6893,999614.6355504156
6894,971644.11563448
6895,937164.0844921627
6896,371228.83414356114
6897,1784585.2467372
6898,1414507.2384478496
6899,1045043.0847236593
6900,496715.7826246787
6901,1601155.9274912428
6902,1254911.3708209181
6903,815050.6788066605
6904,450191.1819656147
6905,628055.7856939023
6906,1306308.950146726
6907,954675.0940875259
6908,1419097.709127009
6909,547375.0512610335
6910,1526817.616982294
6911,1928230.0493251053
6912,1083768.8344272543
6913,459661.7829839084
6914,1366417.8304249411
6915,2577135.3644134393
6916,2059049.615092553
6917,2548267.8815537104
6918,374037.4424853377
6919,2460807.2533237804
6920,1003363.5738700237
6921,1742261.0346705113
6922,469058.59149603633
6923,963532.5158276911
6924,863740.427143972
6925,1389350.8064737306
6926,1148661.6446218903
6927,1893032.6318583593
6928,1333760.7283571241
6929,491649.7005970773
6930,724259.7799910138
6931,868394.3100589372
6932,579811.7710653958
6933,1780171.7482769634
6934,1780342.4914391572
6935,903124.6517814423
6936,769080.2181182066
6937,422477.95055541774
6938,1253506.726147426
6939,308952.5754099872
6940,1729247.533010219
6941,469566.3214515252
6942,829775.4364030021
6943,428559.91139886447
6944,519103.9829886373
6945,1050680.1820195764
6946,925827.6324829815
6947,1035763.7041954612
6948,1338175.2957893917
6949,740427.6987213225
6950,845266.2292493919
6951,560716.201914967
6952,464727.9697666273
6953,1654260.9778258533
6954,649211.9667532714
6955,1060471.977461697
6956,922636.4445793497
6957,1158140.7969512641
6958,707233.4922248216
6959,483552.98720956786
6960,1305641.9140515646
6961,985017.2507954763
6962,1060130.748484423
6963,1286146.1203024692
6964,926006.2871556723
6965,1246739.697200846
6966,752359.9622873975
6967,1057259.4538927423
6968,873643.571947529
6969,1097908.9931876888
6970,573807.3528530275
6971,1466479.7377610437
6972,1136359.7812595025
6973,389776.37613532005
6974,314304.6115980813
6975,1351995.144159146
6976,617464.8540443758
6977,3630812.4086233173
6978,1014819.2052651214
6979,1012080.9576018316
6980,396025.1266514247
6981,428524.79078081733
6982,806679.2291252956
6983,1810487.2765796701
6984,1462210.6487319937
6985,669588.2532160289
6986,519707.739615544
6987,1588114.592653958
6988,1084693.9786901649
6989,1379094.8357408878
6990,1896877.8246037383
6991,1282862.359811121
6992,1080673.5943977516
6993,665823.9054054448
6994,611443.4906340255
6995,525849.1187181585
6996,1282870.4906740289
6997,1143580.6981064102
6998,833216.7401252243
6999,1131368.3113457095
7000,635491.5765083734
7001,1429375.0907143562
7002,1108013.11563076
7003,1812768.4336114537
7004,610965.1398148306
7005,1084374.2257755124
7006,1708968.042634013
7007,2257471.977281358
7008,1448428.555968902
7009,737801.7017705246
7010,1304499.3786258667
7011,561707.9924300037
7012,1076981.261373567
7013,1928450.6334678952
7014,728681.4519721738
7015,1157700.6094475302
7016,2052601.9525196077
7017,1618064.9527938473
7018,1386582.1647421466
7019,822075.0060331739
7020,709692.5563321204
7021,1182294.2702691248
7022,1107629.447219093
7023,765165.0175994156
7024,390032.96807830624
7025,934919.9104022536
7026,744743.2992018018
7027,1308696.4537768906
7028,509087.10203962005
7029,610910.713662013
7030,909917.6449610951
7031,723368.8585394741
7032,2115569.0286160745
7033,751076.5405666599
7034,549346.3739142065
7035,1076157.6201392515
7036,1107407.7234275085
7037,809359.7634928228
7038,1485493.505247396
7039,698354.6670745364
7040,1019952.3716423867
7041,1091403.4927723692
7042,627174.6357402384
7043,521673.86057751393
7044,1564869.818821754
7045,761567.1668269458
7046,1020899.0371899512
7047,388713.500032309
7048,814337.1717078431
7049,782878.4542602559
7050,837223.622375167
7051,947102.105732065
7052,922951.3891709344
7053,1003352.2789749232
7054,1194456.3741682197
7055,1035602.5290019878
7056,802478.6038653548
7057,609304.507157694
7058,900164.2703222147
7059,2234236.8060887204
7060,1877681.9667099565
7061,1541505.5955400595
7062,715977.665343116
7063,1518855.9273881712
7064,956104.3031266127
7065,576319.4322418498
7066,1038282.8701932677
7067,1663370.1686623874
7068,1245090.598584271
7069,862150.0130655376
7070,810880.8672677181
7071,1460109.6230461895
7072,986849.930385224
7073,926203.8158947579
7074,1262222.2506613648
7075,729134.2244634422
7076,1383929.7567522952
7077,507986.45862162975
7078,1334667.78295137
7079,688798.5483570927
7080,2183160.4852121873
7081,2928184.374085849
7082,1472214.8528772232
7083,703874.9186822074
7084,835615.6795845274
7085,427289.7553660536
7086,770759.5218000279
7087,430967.35862317286
7088,1170300.09782405
7089,1002983.4773401804
7090,850777.6838634405
7091,1452940.6415963126
7092,1033311.8886911445
7093,1324862.6330516606
7094,593063.9376280289
7095,765238.9026589158
7096,2581523.605630935
7097,2246510.3356183786
7098,759452.9867003931
7099,942287.8938374365
7100,529158.6435547014
7101,1740775.443548107
7102,1092857.2072003705
7103,530686.0638837259
7104,786636.8598276614
7105,507561.03977226594
7106,1331681.893828938
7107,1170998.4139606091
7108,816110.4160330064
7109,1191224.4623710292
7110,918856.3194714384
7111,2843569.881116707
7112,1555554.1489254218
7113,621136.5826521475
7114,793299.1061928223
7115,1131672.516517394
7116,418608.0819017704
7117,779307.824920722
7118,613055.5771008461
7119,1599614.1503895964
7120,1040785.2069575894
7121,575801.1840166176
7122,1579597.4921420414
7123,871361.3117950824
7124,1819175.0953096612
7125,572915.9718005547
7126,1596738.6211562154
7127,823783.7671817087
7128,2009982.5688408553
7129,704199.7447009246
7130,660887.5411047633
7131,794666.9157852622
7132,1119359.677154134
7133,767304.408364535
7134,507379.6642768715
7135,1085732.907857851
7136,2354140.889233186
7137,993708.0802219865
7138,668319.5810145519
7139,515712.48890958016
7140,941274.8684015654
7141,518089.83957516926
7142,868194.0032582728
7143,750470.7078365672
7144,1098649.265972219
7145,661172.0975880494
7146,1140779.6062968348
7147,673570.8869774588
7148,493201.07180516334
7149,1048115.002062039
7150,768035.1223143999
7151,1174876.3828889944
7152,933409.0029534602
7153,644524.3022571616
7154,352065.59936637385
7155,2629762.7828460485
7156,894954.6257204873
7157,805376.2784391412
7158,1390850.5569061562
7159,1741228.008268425
7160,1408357.1190032342
7161,481729.30850180605
7162,602494.4229827091
7163,561392.4719895542
7164,2606029.8886659117
7165,2117107.6528318357
7166,401023.45961406775
7167,1452138.0240723267
7168,1294630.9369268136
7169,463991.1505935186
7170,708130.4956158944
7171,1056766.3983851743
7172,771455.2680677117
7173,1164769.874665008
7174,1542297.3872126746
7175,435209.94496238715
7176,958711.091094749
7177,789385.9785465878
7178,1033926.2824941564
7179,563093.1825929169
7180,1703409.6527574942
7181,782695.7938263799
7182,1227317.6923777217
7183,877010.9018350444
7184,1176818.5326906124
7185,979477.7888140087
7186,1543388.3421900284
7187,615384.5271136244
7188,625872.6843402395
7189,925027.1792530349
7190,453536.4799735914
7191,523602.46203535516
7192,1242938.3016261042
7193,2882919.065960655
7194,618841.2695331376
7195,749646.7081366077
7196,988951.2648428935
7197,892289.5276813706
7198,1182309.400995288
7199,547296.1438319098
7200,954001.6141486622
7201,1096526.7848982718
7202,839392.4353788358
7203,1181367.4967314608
7204,721402.6478634347
7205,1843194.7583345463
7206,689467.9601532593
7207,1039956.5393436784
7208,737155.6681342988
7209,465668.01472366095
7210,997951.1988259983
7211,1145840.0395430038
7212,1198464.5909174855
7213,448687.9191680984
7214,620631.5033438592
7215,947646.7277420667
7216,640205.7925525651
7217,1187546.0470019225
7218,1354981.1746138055
7219,1334287.9988869766
7220,573586.350513635
7221,1541474.795542718
7222,537676.7723299264
7223,1255766.2732956996
7224,1377415.4652149319
7225,700648.7865014643
7226,1651321.797011277
7227,776416.1321203652
7228,698614.5795075531
7229,1640013.9545271476
7230,1182547.4864554328
7231,423747.835011987
7232,409998.093000238
7233,3296584.752207837
7234,723257.2812118392
7235,600025.5340788725
7236,1173910.3697517554
7237,561554.0492894042
7238,621413.4395217425
7239,675674.9003496616
7240,1054833.5077359213
7241,661269.8698216145
7242,494260.91557789495
7243,1019201.5964135794
7244,825673.5697551001
7245,888152.6903909215
7246,403126.7157322731
7247,640318.7035666567
7248,1636134.1834242705
7249,1559891.8916968436
7250,772774.5719229942
7251,1448199.8572506483
7252,1421599.9194394415
7253,1847454.9875587176
7254,1928609.850906485
7255,747648.6657929186
7256,1401721.7682194335
7257,816974.7272294287
7258,1057005.4675996217
7259,915285.7955842648
7260,1235918.6098396413
7261,910274.4082699484
7262,744582.1994808452
7263,1560275.3593694728
7264,827887.4244847029
7265,557852.642711933
7266,1343768.5393027528
7267,1060797.0804310888
7268,557543.8750574185
7269,353069.1926887648
7270,643394.1555803915
7271,1158367.1134271815
7272,1087901.8925926632
7273,1245419.550789354
7274,1062270.8300017223
7275,1184661.2142780498
7276,691174.6204935662
7277,1817401.3359160423
7278,959330.6954137236
7279,1303390.4449253392
7280,921476.5367986986
7281,1701509.2557759816
7282,676726.1347393115
7283,1159049.0085644347
7284,643745.58958919
7285,535444.7162241611
7286,371623.61117787205
7287,2554674.917027544
7288,868939.9742710644
7289,2127407.4130355194
7290,1034743.7754163449
7291,1028975.9016450673
7292,861777.1865970304
7293,1177306.9184162095
7294,717691.3057784359
7295,595825.0135779519
7296,476688.7817544768
7297,1200162.8702770167
7298,831268.5529092387
7299,808367.5179264199
7300,837331.2122900571
7301,731284.5742519636
7302,1738251.4027949192
7303,389633.87172357197
7304,1208804.6319625261
7305,557881.527168801
7306,1399329.003570534
7307,1355081.6784761862
7308,786409.7693475214
7309,946725.8441581778
7310,1143216.543024363
7311,379178.49544591975
7312,1876930.7849070241
7313,964422.7511054907
7314,1737717.8502123056
7315,1430876.9547369902
7316,1574085.363075265
7317,650746.8901376392
7318,741851.6711991507
7319,754132.2423777853
7320,1155517.6930695807
7321,948299.6209584827
7322,1421555.0049247781
7323,1476294.408235683
7324,1122628.4022646586
7325,1795348.5741699715
7326,966329.1190721946
7327,660208.9600558364
7328,605076.0890529548
7329,1564305.7357056423
7330,1036466.9647515581
7331,474879.2290505215
7332,553586.243948021
7333,1019132.3754961179
7334,1213215.9363722783
7335,1333929.6329708956
7336,1164995.2724671522
7337,1202402.9729295296
7338,419172.78657610144
7339,1203113.59423855
7340,1933874.3961618026
7341,1310751.9336132884
7342,704810.0443143197
7343,735892.4829693136
7344,678015.6024820074
7345,714825.2708343338
7346,644604.6576226619
7347,547901.4095289705
7348,544761.0501246868
7349,852972.6375844812
7350,2243429.3041777564
7351,532175.715851569
7352,1934420.0530361736
7353,535148.9025731529
7354,1253794.3005118878
7355,792234.7611687207
7356,2025511.3376601068
7357,789718.2743661037
7358,1330158.0795136143
7359,864939.1628255581
7360,1839788.0260375568
7361,927570.9805813179
7362,731745.6009491483
7363,1892680.0442517411
7364,1446566.3790936125
7365,686464.3405743343
7366,752567.8823916903
7367,591556.0501427626
7368,395972.4813251057
7369,2503701.410860312
7370,597818.9936437086
7371,1325499.5884010135
7372,1130022.3490392796
7373,1561622.7634347084
7374,1071482.715461895
7375,967489.9122441541
7376,472596.73073498585
7377,1420055.7221178422
7378,730191.9940167896
7379,512669.0829410736
7380,1436367.308212447
7381,1225298.9177992127
7382,760953.7200947927
7383,629927.4319411014
7384,1016692.8319403154
7385,659006.2088236857
7386,1399227.4130528802
7387,1542674.7882813897
7388,1576800.5130633633
7389,1457492.072755431
7390,656924.2061730735
7391,579489.102808405
7392,1069799.128788987
7393,1186301.182842138
7394,410760.79577542987
7395,1386839.1976151017
7396,1052010.0764425427
7397,763970.863381587
7398,827746.1749482838
7399,2350322.0676289825
7400,564662.1911307287
7401,936063.2181432622
7402,679733.1253799908
7403,551889.1715440192
7404,1607297.5095090908
7405,1167934.5539495996
7406,1134676.9500498364
7407,1843700.1073569679
7408,476017.3733992074
7409,512486.66157360165
7410,1381910.6147922107
7411,618180.3587103616
7412,3333033.391399367
7413,1196198.690366691
7414,716708.4763285139
7415,766592.262107241
7416,1651354.4321274618
7417,865679.0871165416
7418,1160417.3462986154
7419,2022636.6533859703
7420,494406.1774359887
7421,749309.9770493977
7422,1133204.1513423105
7423,796522.5250276075
7424,2742942.8791818786
7425,1453273.5247208744
7426,718766.3901141594
7427,681076.5652469854
7428,1400662.44470422
7429,646057.5737161684
7430,509909.80504883244
7431,957453.2954440418
7432,330456.52132226335
7433,584755.2803222529
7434,548096.1815555783
7435,1724859.530139957
7436,529185.1814244874
7437,1885728.9947707588
7438,784189.9071237346
7439,1271187.3277430753
7440,312882.4858356
7441,603347.2249447025
7442,786423.9404619009
7443,363008.0605385238
7444,853271.7715265574
7445,1866017.5651630803
7446,720302.7946264549
7447,1288116.3268111881
7448,1027635.4116419211
7449,1106462.7293672478
7450,1256675.9202419138
7451,2321155.7045057565
7452,1165546.14129641
7453,554092.5307880108
7454,601810.9643939837
7455,488780.6969559012
7456,442516.52731232625
7457,2223854.594111939
7458,794608.4716679979
7459,635658.0873915306
7460,592499.2557225703
7461,551413.5495602181
7462,1866532.2182939677
7463,1127035.7022077932
7464,862474.4128263562
7465,898385.012390817
7466,428201.89413963933
7467,462360.1261370872
7468,643636.5947699269
7469,1565657.4844235582
7470,1011323.4426210554
7471,2064686.3392992313
7472,386022.85741953773
7473,645792.8727498212
7474,487277.2205159608
7475,1229170.562524411
7476,2509690.135714476
7477,585163.9576994058
7478,1780059.932805223
7479,1361929.2205091973
7480,609075.6464463129
7481,992105.0011539051
7482,1538614.8974229435
7483,457306.1236332169
7484,981254.3200734186
7485,994534.0396076812
7486,1622862.4926115463
7487,1205703.8549464403
7488,868303.116184298
7489,1158641.6255181087
7490,470929.26387102576
7491,802987.5243601236
7492,1083241.4079371535
7493,1835246.1572915444
7494,531419.0492329664
7495,660247.3338617185
7496,947071.4718046995
7497,1544659.5367901495
7498,583005.2182580259
7499,1040847.1615741011
7500,631725.4186662561
7501,1222795.6165610366
7502,2013790.8767251507
7503,1043253.0567710516
7504,993137.6353915439
7505,1155097.6770274714
7506,1087941.6855210576
7507,1263659.8945014176
7508,614147.2254457247
7509,994864.7608211437
7510,870012.8492843858
7511,1537671.1796380184
7512,873430.5058630457
7513,1210752.2219413626
7514,1780694.129395362
7515,1278298.68048531
7516,1233340.6910410821
7517,759878.065522629
7518,1727824.2980809396
7519,520759.1241053097
7520,2277419.9844004884
7521,566889.957154909
7522,1913870.1237556129
7523,975672.0153943409
7524,2249470.368271419
7525,964256.0198570817
7526,1348691.53868073
7527,705170.2711072474
7528,345742.3809401278
7529,1284300.2073141863
7530,764074.7550135541
7531,384984.3193888585
7532,1713321.8534571577
7533,1115753.6302612452
7534,786896.3302819924
7535,2327451.803698048
7536,2458241.1993557075
7537,571962.9616356102
7538,865513.9043464452
7539,1754256.8626577426
7540,1300103.5110427854
7541,757977.2241946418
7542,572452.6557570547
7543,1326590.7081580113
7544,1626115.0683710095
7545,882265.4481629984
7546,1295805.0674858878
7547,913772.9085738258
7548,487431.8457619079
7549,717155.5580074682
7550,1050400.7409298758
7551,765779.7046327412
7552,629154.1307870554
7553,1347909.8785186587
7554,1552574.1194484169
7555,1285954.3000494228
7556,881363.6961584531
7557,698339.5334154036
7558,1253383.0187836036
7559,1363145.5981384704
7560,2003806.0182709347
7561,1695006.8896686656
7562,762565.6829974047
7563,723058.0184109634
7564,868199.3070905446
7565,454569.55789997143
7566,2615898.628242299
7567,1467414.1588282918
7568,1420216.5202286562
7569,949311.3992627568
7570,986557.1516069439
7571,471548.37671018566
7572,1142086.2175174954
7573,569220.7744680052
7574,559614.0479640038
7575,1097305.5299119444
7576,1244950.281263437
7577,875878.4808000635
7578,1031697.5218129996
7579,488291.1685511409
7580,585411.6480505405
7581,697130.3820064324
7582,449029.9314634463
7583,987205.972991183
7584,705503.4490437369
7585,1222681.9629130152
7586,498788.96775412216
7587,1121728.9349602868
7588,690677.0214516957
7589,600834.9250218271
7590,1372740.2293827662
7591,812824.1584932099
7592,761861.9744165586
7593,1183439.0098753679
7594,868701.4376924175
7595,1312622.547484537
7596,480245.5552446252
7597,522945.2471960463
7598,655976.9463950114
7599,1243500.7495036195
7600,471738.21826319856
7601,1609927.4330308223
7602,879000.0260625033
7603,847977.0040176741
7604,590533.1856881956
7605,671556.8046399154
7606,688714.1507478645
7607,1770310.4894767806
7608,870078.667329878
7609,746226.2228249166
7610,331618.56655510806
7611,590864.8584993165
7612,721211.7724676239
7613,950184.2328768776
7614,1637545.5253495744
7615,720011.1623576644
7616,1225843.4935881773
7617,664930.0684053549
7618,2324601.1036468884
7619,394003.59618024476
7620,1121451.7596300624
7621,301587.9302105914
7622,971499.8133287268
7623,1028976.4868476089
7624,812444.89298583
7625,1819123.1799985291
7626,1658142.493741415
7627,1499313.5211918356
7628,690379.8114378782
7629,1152534.5936172826
7630,1933495.0710688694
7631,657729.0123368892
7632,1250129.4153589045
7633,1532445.2674802812
7634,734142.8220204045
7635,374637.9908362017
7636,258360.96838683938
7637,479403.40551701986
7638,990902.5895000041
7639,1208568.7994042786
7640,1588089.3446888812
7641,1704076.226411002
7642,1570390.535641224
7643,735097.3862259854
7644,1727220.1262640334
7645,1362322.697641539
7646,812751.6385962791
7647,519455.01846649207
7648,1161906.277112749
7649,1422326.2738068325
7650,1301266.6677212343
7651,1128975.0221100322
7652,1675779.6292271435
7653,1191651.675688849
7654,715861.0146575668
7655,500882.88234851556
7656,654558.1380504194
7657,1251959.763667045
7658,593779.183295337
7659,684221.6482059627
7660,1949079.8552659906
7661,609098.3564567191
7662,819021.8934431078
7663,1985043.0540429319
7664,1402334.5735182732
7665,513035.27297842596
7666,1106959.0544372846
7667,806798.8378544414
7668,1485660.6434911606
7669,1167392.0176074798
7670,456776.8727135748
7671,908782.861959932
7672,1329062.2537379968
7673,1564553.1635003309
7674,1035938.5488382517
7675,1574397.0141594585
7676,1093584.222437521
7677,708474.1360378508
7678,1094611.549528008
7679,676112.3769371992
7680,709982.4834713561
7681,881270.0234967364
7682,1114514.1393385448
7683,1102305.2596726206
7684,730755.3702111635
7685,1926122.7499315045
7686,802464.760604431
7687,514903.04934869136
7688,527953.6310455891
7689,1408799.0627873065
7690,1579260.2371816454
7691,705971.162937063
7692,905920.5707373875
7693,932590.0334383332
7694,1174512.7572807693
7695,453211.4222212768
7696,1566916.3622552454
7697,527186.6112660363
7698,671113.2670321174
7699,1194635.7093043167
7700,610782.0157034841
7701,340406.1786324177
7702,1172031.5109947447
7703,966279.610529468
7704,1345593.2065321226
7705,539472.383315954
7706,998603.2388343479
7707,1324789.2391043818
7708,1873817.5794132384
7709,790945.3541647567
7710,2183459.076901977
7711,567255.1979194542
7712,2140677.000170679
7713,852930.749272169
7714,649136.5703167954
7715,1979427.3582844955
7716,314252.4079521603
7717,906679.3698290025
7718,664238.3835256137
7719,819028.3447134421
7720,654716.9019250475
7721,2006311.919452103
7722,997042.1650372496
7723,1736611.250572791
7724,1200810.6282307885
7725,1200845.7340907264
7726,1549557.0321494457
7727,641076.0686593255
7728,1335050.5349748966
7729,879203.7300912593
7730,1089404.0790620735
7731,1209280.9155687238
7732,753197.9527445451
7733,852401.6951930871
7734,787609.5045852306
7735,937116.6934681953
7736,1825455.4219637576
7737,424277.5731694376
7738,1171623.8971436562
7739,1049550.9757762388
7740,565843.1668927156
7741,766955.5749527456
7742,919969.364457924
7743,1378213.4961742256
7744,814298.1503324923
7745,786337.9182891805
7746,978798.5002423035
7747,923827.6277262109
7748,667325.4348134381
7749,1552052.298645694
7750,903237.3012825823
7751,1125493.9148861847
7752,1086556.8952314141
7753,816513.0386944322
7754,1127937.816423955
7755,611477.6130797055
7756,1078186.5194335985
7757,1523650.678803784
7758,400680.59372761764
7759,938380.3982560772
7760,1512441.830560451
7761,946260.2662450647
7762,1226403.8685071454
7763,1370407.755319817
7764,1288259.1942960545
7765,1261737.2205276326
7766,2605407.6796156513
7767,1400022.0131251516
7768,1461302.4888593396
7769,696762.5988440531
7770,1895242.6347422565
7771,410688.97385548573
7772,435041.68808515085
7773,544410.1744732696
7774,504421.4498553493
7775,728564.9622636731
7776,2530007.11392897
7777,1111904.7262425842
7778,397378.6862905994
7779,754805.8474072228
7780,1307406.5599064317
7781,658267.0795937758
7782,2005841.2677916952
7783,604991.4826519116
7784,1827384.5879067085
7785,1828700.946244733
7786,704596.5299258935
7787,1005389.6750132351
7788,601985.5946697711
7789,1210861.0003034684
7790,558509.7904991552
7791,562404.4206952696
7792,915020.8232136122
7793,495429.5690970576
7794,2029245.6827013067
7795,1071995.0544316561
7796,939982.4626540159
7797,860401.2735682215
7798,1371170.8120660319
7799,779276.4192230419
7800,1592158.7418595261
7801,1953788.9897749128
7802,676964.6621605664
7803,1417304.9611626554
7804,1652817.349184491
7805,539481.1143817103
7806,2536706.1866223
7807,892530.0539348054
7808,982575.4129832427
7809,837396.8171006397
7810,425131.0805636085
7811,996380.8860648675
7812,768320.3772581605
7813,564045.6594452467
7814,1574585.42327569
7815,1754758.3431124182
7816,1184867.0056443936
7817,2550733.470775609
7818,656954.6236585607
7819,1412980.206948102
7820,1048877.5653270183
7821,318382.77480453986
7822,1188113.6782989157
7823,2329245.64420898
7824,2772858.247874466
7825,769087.1351666616
7826,1370902.4826232835
7827,470560.79838373914
7828,653037.462757742
7829,1195821.1949833964
7830,955663.0569067033
7831,4136725.0731264735
7832,987921.9393328268
7833,911817.6872107886
7834,1121791.8607718048
7835,544303.6302307335
7836,2153380.536440731
7837,874188.2733960252
7838,1125541.9753428837
7839,383663.8409658102
7840,1045423.3714058227
7841,784621.6504835649
7842,2653175.939271981
7843,589210.1436296819
7844,1164742.5444186558
7845,1388540.9141060773
7846,838813.5850133774
7847,631091.5320224706
7848,1367783.158168576
7849,756341.965999482
7850,1017660.6165405177
7851,952256.818116212
7852,601560.9269196846
7853,1591625.6356510138
7854,1017541.9130665126
7855,1116609.1291706439
7856,400942.57523049327
7857,972058.711814044
7858,1487582.0613281045
7859,763139.9039751141
7860,1223758.8879231398
7861,1587462.8762825895
7862,606482.9391326687
7863,1515135.7855569837
7864,798384.8447801628
7865,464424.58159612946
7866,1385251.5686134887
7867,421356.2348469197
7868,602182.248896232
7869,636558.4429472944
7870,521242.0633992838
7871,3746648.321831312
7872,929898.3191669029
7873,543641.0350429522
7874,1106886.7112132383
7875,1032817.4441657343
7876,840136.9652453722
7877,1233742.8905292528
7878,598322.0379695763
7879,965652.7917240998
7880,610025.1031974127
7881,646653.9418988744
7882,1764224.3305219123
7883,864659.3918271889
7884,1287253.4459044454
7885,279189.4261835595
7886,1192535.84748511
7887,857949.6984562762
7888,794797.2974114575
7889,2504133.591461476
7890,1733141.9863281467
7891,898825.6486180073
7892,2772183.4773097783
7893,1093872.300687911
7894,2188754.264665516
7895,2765807.7122135106
7896,1397518.4744805521
7897,1039855.5717831019
7898,303399.61081084074
7899,1955454.5249317547
7900,557232.2273254532
7901,1617738.7369936625
7902,1261418.8001463944
7903,934517.804552573
7904,1847653.916402917
7905,1214091.9858603724
7906,1074188.9114262206
7907,1401847.6603488745
7908,1331694.0928373116
7909,1368121.2058285167
7910,1520404.1691034469
7911,1548195.3286829446
7912,1249603.717185988
7913,2037585.0019019376
7914,1355133.642466297
7915,468249.5460166097
7916,1371103.585119621
7917,1109189.6346771196
7918,671301.0949603164
7919,824167.813844618
7920,569596.0249974998
7921,1939942.6495174086
7922,308460.230699998
7923,1324510.4065003227
7924,1937315.8723323469
7925,686340.3174693827
7926,2327921.1413038904
7927,1338858.6127425449
7928,771091.7437811177
7929,780063.1692223382
7930,1740028.9368038056
7931,742949.3129675543
7932,820341.1043591289
7933,834783.6215843589
7934,1712546.2878961484
7935,304228.3739791571
7936,631424.8743997146
7937,1219861.9578652636
7938,1355150.4457321127
7939,1371071.5349637305
7940,1445051.4664163655
7941,561332.8621056746
7942,1125957.6620935674
7943,722277.786476457
7944,808625.573032565
7945,1265527.572230041
7946,712588.7776049044
7947,881763.435234958
7948,1196781.8622538394
7949,1135669.936026713
7950,1352331.1001220723
7951,542764.2089223724
7952,828644.8911042992
7953,1545962.7348721677
7954,1460934.4093590179
7955,581938.5745199124
7956,584658.78184119
7957,1193304.4407010025
7958,508199.68719356484
7959,964342.8509059914
7960,631546.5657207265
7961,1397980.9879028443
7962,1519735.0015600594
7963,1929451.6037702844
7964,1394338.3454709603
7965,947195.8806370009
7966,952409.6685580336
7967,468153.7515193076
7968,1316244.536004358
7969,1156016.7219965544
7970,764309.1905121873
7971,1389606.8240122483
7972,654819.4338213671
7973,2517449.602462682
7974,1379192.9736032197
7975,974075.3928988305
7976,715045.001988148
7977,3230875.210898308
7978,1134264.5502942803
7979,968386.1558217794
7980,587517.3034030156
7981,493222.36983437627
7982,2425309.0318679987
7983,1108309.2996910026
7984,4270461.911672859
7985,496845.02060408
7986,1558238.0699764478
7987,913164.5942275863
7988,685374.4839385616
7989,958478.8509940555
7990,1152843.2392180765
7991,1732753.6994599744
7992,1362847.8146997215
7993,961923.0238316463
7994,649497.8521179404
7995,781089.2259979931
7996,389695.43392282515
7997,930091.5458387284
7998,2262835.9935183553
7999,553121.1116625787
8000,1807085.2485339916
8001,1112692.4231790088
8002,960705.8656543114
8003,791775.9367398401
8004,378384.1969509811
8005,712558.4584050055
8006,781823.6902037116
8007,1429562.3221424061
8008,776845.4506623632
8009,1577936.8647339086
8010,1190818.6525097
8011,908732.1129007514
8012,884304.6840142993
8013,1821607.1257890498
8014,1287890.6377309721
8015,508834.699983218
8016,789182.4043524726
8017,667746.8984122565
8018,2261282.146700048
8019,1483581.2210827996
8020,914084.7572745115
8021,491108.98477740295
8022,3565287.728164127
8023,2109435.896244988
8024,1153268.5200395377
8025,528488.2161741051
8026,584676.9601581878
8027,1634773.7974644394
8028,611778.5052926884
8029,1519008.8621200712
8030,340308.9975282471
8031,1507935.1355270804
8032,1255981.352611157
8033,907628.1930622697
8034,1523915.8046918956
8035,692272.3435563233
8036,1174118.3641864941
8037,1118260.76087716
8038,1289016.5534561062
8039,1153626.2854532003
8040,1279187.5621225694
8041,3580212.692102723
8042,1270145.4854438258
8043,1994105.0608843477
8044,1389606.8240122483
8045,1599101.843205297
8046,885685.4400556273
8047,1304209.095802773
8048,1722215.507135408
8049,1182349.5602996256
8050,1405753.2216984883
8051,896954.930900869
8052,1354955.0014569068
8053,2327428.16347053
8054,623531.742854458
8055,2661990.997682538
8056,1255555.7383814086
8057,365029.8446179743
8058,722232.8098060772
8059,810477.6391273107
8060,606733.0674459827
8061,1126636.9591717643
8062,896561.6874276802
8063,1167585.8900419457
8064,354129.8225808577
8065,429098.1411984247
8066,599232.0527722482
8067,953503.666143741
8068,711425.7371676018
8069,410145.50913858373
8070,889344.2503028342
8071,1609691.1904721146
8072,957522.0117757878
8073,864764.4879303628
8074,435538.87401226733
8075,1417064.310230374
8076,593609.6038680117
8077,2154295.2228017235
8078,1906568.457907382
8079,607422.4837161881
8080,516307.4128405637
8081,523337.15832423745
8082,494602.1436495059
8083,818073.9455804898
8084,1377398.0838109576
8085,651326.7141223993
8086,522899.26133714593
8087,910436.3211441851
8088,1041592.9846405662
8089,1047918.7174190683
8090,1209781.7904444893
8091,306312.40838150587
8092,953079.0602205041
8093,795301.1672316184
8094,589207.0012003228
8095,1777723.0586730137
8096,915923.2068666449
8097,554218.578920227
8098,1568802.399792932
8099,2084738.1725304115
8100,1549503.0718314443
8101,1109353.2130047565
8102,314554.64504618547
8103,710442.834772094
8104,2070932.8687923823
8105,1890117.6580423834
8106,586973.8946294948
8107,2597432.5340350056
8108,704435.9837164108
8109,1075663.8631639841
8110,828232.8420527339
8111,623736.5902832041
8112,2480763.243786727
8113,401817.3845386608
8114,3225697.8238336165
8115,1080852.7082145773
8116,474572.599283009
8117,1028077.244750866
8118,739802.1464531041
8119,850953.5279943382
8120,1031040.596512012
8121,791781.9592817861
8122,1371328.662318194
8123,471503.0495353393
8124,1272555.341409198
8125,525126.4700039373
8126,1512555.7031906357
8127,394212.6944502847
8128,663373.3261682156
8129,1024152.811272429
8130,1140532.1195761664
8131,1629756.056876302
8132,1724560.5277126064
8133,1008650.0510841763
8134,2066202.4467756604
8135,891750.0227356284
8136,1568086.3989599016
8137,419024.58112147363
8138,1450505.891345395
8139,1658228.2869800965
8140,954169.0634061468
8141,333925.0116520557
8142,922600.9418534882
8143,1213309.5465196855
8144,604319.9406549726
8145,700473.2469584458
8146,502609.6639095634
8147,718124.6172842974
