index,Price
0,2408677.5703509296
1,603564.7274896594
2,1122990.7584306104
3,530283.3925066185
4,790877.8904701502
5,750002.0417865063
6,509759.6699892031
7,1809505.1073152833
8,584088.3890899769
9,1577232.1952840649
10,2178258.695902079
11,702496.3148496196
12,1047108.1589469719
13,589852.0354393759
14,835940.2113803005
15,1096229.2988788101
16,569982.4228321303
17,670847.7760912374
18,2297723.688810735
19,432208.8973788921
20,548257.0499481265
21,1030670.672740561
22,1030361.4346492935
23,1469278.9616526943
24,1619358.4313221995
25,711587.2743439865
26,576789.2326584762
27,596764.3505719239
28,722254.5006989111
29,1255568.8709254076
30,737537.9232913124
31,1959081.53597655
32,305744.0019110886
33,409158.31137718586
34,903240.5723306263
35,483492.4237409217
36,1527729.3363793993
37,606521.1564397753
38,1069113.4479116292
39,594840.283155575
40,1241660.9891634162
41,1070837.1545681066
42,1490000.703065405
43,270591.7526462858
44,902513.1733512956
45,1152074.8942975586
46,627373.8043203106
47,602107.5690627579
48,479563.2845327617
49,1259187.9395927635
50,833432.3736758935
51,2637163.4986085817
52,734301.2274324746
53,929502.193306576
54,1863540.4572398753
55,582979.4258727587
56,681770.4125651971
57,1770333.3621648552
58,1244295.3806609793
59,1764502.364142612
60,651288.8135995264
61,1237131.6512647634
62,1332736.6298210619
63,1155120.6519147393
64,2425844.0378831867
65,1772703.4287522363
66,1575582.555995386
67,621698.7298927081
68,1395431.4828191479
69,686078.5912242245
70,697248.2523509413
71,1370081.7863649337
72,1162090.0834385587
73,2141599.1274422635
74,1331486.3795271465
75,2018593.0308261975
76,611776.2102225848
77,1148919.7611020445
78,567485.9852684358
79,2673841.5665116566
80,799911.9742275631
81,669025.1599181964
82,501915.8821496016
83,1693665.9041522217
84,977266.3363573246
85,701367.3368436266
86,768958.8623448625
87,1393974.6694796693
88,721557.1845479092
89,528789.2445415828
90,630702.0488938703
91,1277024.593662076
92,1329872.8875794963
93,1738187.378744676
94,1155532.9125208552
95,2056449.5837335929
96,458533.96045581944
97,2486771.1603337657
98,1412382.7401339405
99,1497665.3329486859
100,704555.2193385342
101,1413660.0018228688
102,1666285.9372208822
103,1262930.0431233507
104,271903.81941423274
105,689162.28580029
106,1847981.423673606
107,1506683.6882801205
108,567215.439884885
109,1795468.0265222087
110,2675544.2219717554
111,1052098.1661469338
112,492575.6115800554
113,1250069.3871455856
114,2355285.9968447187
115,519805.11974375544
116,1358248.1624214943
117,2375294.353039179
118,1277915.1034588877
119,1329807.3223750067
120,2187767.1614871896
121,492737.63788859284
122,1307489.3644947596
123,1008879.1623600502
124,861442.5543585032
125,1403219.1527745824
126,1882413.0437750097
127,584803.643890133
128,1053336.9168618761
129,782504.2847428574
130,549673.5148932899
131,839280.9428086308
132,1171510.2198238675
133,2471780.687679913
134,664948.8653772194
135,1008887.7447720036
136,1137083.6888606744
137,723082.0455652147
138,948067.4146078086
139,795121.4226410341
140,1372537.9106263008
141,1501377.1480935256
142,941037.5611734365
143,961446.0585273377
144,1136036.7780591818
145,3021311.267023998
146,2302114.767644878
147,640064.2385994658
148,2837447.4928759723
149,864294.1396613657
150,590443.9879190603
151,749657.0129868828
152,512279.4531025215
153,865792.0974834514
154,1321936.15355626
155,1488260.9614273778
156,1729677.3996946337
157,1246935.3721848275
158,457435.8281006102
159,1266435.8871399944
160,941045.6237854902
161,2513610.123634448
162,1522020.867307598
163,503572.5487835493
164,1216543.338540953
165,1982426.3818429043
166,1392010.5535690184
167,662806.5802885479
168,620129.1313305496
169,703825.0825803913
170,1683743.2698441674
171,1288643.6607262644
172,711658.7780233086
173,612715.516772204
174,495561.8824824213
175,1192549.3501749947
176,642291.1554623597
177,456601.59746571106
178,1117660.9709421129
179,921584.1714514241
180,2790978.70420924
181,1160242.2909879617
182,582945.0499219063
183,604764.5784943989
184,1206781.3808225675
185,1572465.2571528528
186,1853156.1443891341
187,1436792.38397835
188,532403.7234984938
189,838182.5592391577
190,604569.8324940756
191,747921.4359875105
192,508257.99036861246
193,1171958.0201445252
194,648213.9605357556
195,1314799.9531549923
196,881889.1538971108
197,723630.401160704
198,748549.6666660932
199,956432.9681979703
200,530816.8112129084
201,639584.4854742239
202,766980.1675540906
203,1048904.6523933196
204,1266285.8532316377
205,2367737.9290818907
206,1137160.4806341364
207,1699724.5773830232
208,1064876.9763546102
209,1178233.6478420272
210,785162.2871299859
211,881129.0909167452
212,1892232.4085271577
213,821334.153839319
214,862216.741232091
215,578430.374590447
216,855226.0833284389
217,766982.8100717752
218,2006500.5579712002
219,563977.0420552567
220,1300019.4990378073
221,1301840.350989703
222,1947566.5271020823
223,1745126.611861225
224,715566.332526923
225,1161202.031603732
226,1142551.110673214
227,731916.9048990314
228,743870.6426507098
229,376328.8359940464
230,565252.6440368741
231,725359.2683524899
232,738665.2200186967
233,2581674.618377635
234,1145097.5905897098
235,1009264.5890008868
236,941963.8229243361
237,774396.2809583694
238,2377843.3341937377
239,2191076.8854519306
240,788397.6663540608
241,737796.8025020412
242,1862256.1188352206
243,1469612.2131324797
244,3505538.2863607546
245,251829.7076999793
246,617662.4304572006
247,1564546.9521645177
248,1469270.358556035
249,1744806.9642372301
250,508865.3507550687
251,817169.695081632
252,1147554.3871258541
253,578260.2057897047
254,792174.0388600241
255,790733.9966186587
256,1461062.495246807
257,991627.99515356
258,709510.4306195895
259,697788.4890082601
260,566489.5199974673
261,836669.3230323248
262,1538909.6922093832
263,1315153.710221461
264,1997331.7628524986
265,1163818.6448145509
266,1519941.5502102007
267,1157976.7537889993
268,1322146.405594634
269,1934077.9143121233
270,993648.4927481177
271,931130.9241635242
272,1141508.104228159
273,1840264.7564041014
274,481077.3321165791
275,1128553.9471576146
276,1001222.9054483345
277,808838.0643578613
278,666768.6831892179
279,1209486.893562855
280,1232661.3380691367
281,475341.2102116265
282,902615.0481485919
283,614513.0482646319
284,571968.9963045571
285,1521979.9101258696
286,757425.711754606
287,1223630.0222135382
288,1682210.3464266919
289,594443.8154028892
290,1728828.9802690367
291,2462435.55862846
292,1196018.0185544596
293,1741859.4534039297
294,2085191.7170430035
295,1223974.3634008963
296,498637.8787179081
297,721349.9918435679
298,839930.8373464261
299,609757.4027332044
300,944638.2471850611
301,740304.5329537343
302,2388222.2713727388
303,370014.01776464714
304,3155843.698083172
305,756794.2948311603
306,990076.8964152242
307,828875.1170684408
308,753825.2060042832
309,690950.3577480298
310,551643.7253687049
311,664124.2344511631
312,590889.2430930027
313,2074845.208169132
314,981122.3584454348
315,720077.4601221884
316,664733.3898844171
317,1819322.7688575606
318,952679.4981178563
319,459885.885069895
320,643295.971895195
321,772999.3540015813
322,658994.5757134636
323,559480.8515149757
324,1076272.027013886
325,573746.3006775051
326,355814.4544983327
327,924325.6314522575
328,3601000.8735563243
329,1082108.441431071
330,751322.8196939669
331,1430707.9825491318
332,762798.4258327829
333,1631406.4694096781
334,696803.3905497055
335,530690.8853342673
336,770962.6033151071
337,1332115.5885891523
338,817325.8938214204
339,1057325.3160523255
340,1326683.4614220331
341,691718.4177441924
342,1415841.8606014212
343,1396934.9168121193
344,881663.292129398
345,623264.6674088233
346,1283906.8831745444
347,725161.1904918621
348,399971.747820587
349,703036.213046508
350,812632.0809720655
351,1392836.2178117346
352,1059119.9859773857
353,1675471.4483544002
354,681907.0497176255
355,496362.77553387947
356,391400.2331436046
357,1016151.9476905649
358,966701.4778281695
359,810630.6811745381
360,761259.9860983489
361,614802.2357109808
362,1297159.4311641885
363,981703.602527788
364,773232.9799840695
365,530708.7497668065
366,567056.6051388438
367,521242.52478277334
368,1013487.1571510716
369,728081.7453356874
370,1377814.0423003098
371,1667475.0376430624
372,1492057.071660494
373,1223327.3878679215
374,1556035.9485816716
375,1368665.5756067121
376,2111633.6105620996
377,341479.23714720435
378,557269.2574754899
379,874631.598804757
380,328920.7890190323
381,790804.394945765
382,811903.2143669137
383,610057.3493267796
384,836457.6767177284
385,669097.9040433696
386,1201144.7992258323
387,1575435.1028961015
388,463434.37356329395
389,495702.0127044388
390,950088.5125166731
391,416973.762083174
392,2309142.85748612
393,1166992.1334790338
394,999044.8005687345
395,2040452.9880062952
396,1408169.4074956786
397,471072.02221340744
398,787413.0277511417
399,747343.2908439598
400,626401.5877796707
401,2307189.3003621427
402,805847.6805471012
403,317333.5685456305
404,712072.6107584601
405,1149315.4534588587
406,2146217.9089323124
407,1822524.2302791479
408,565948.8168654968
409,579501.8976710172
410,1019961.4028839318
411,1588742.152470054
412,823205.4491063855
413,881260.0121928504
414,2098165.803808227
415,807319.3382520583
416,1233990.9460926682
417,1109753.2330078618
418,1075924.3388644776
419,790227.614477523
420,480540.32734850765
421,1213809.186712039
422,2144390.023376074
423,804313.5465194514
424,1141147.1150585013
425,1613350.7721767796
426,462636.0362241391
427,1976322.4920876066
428,604233.4025787718
429,1040391.4344910486
430,774962.8255377734
431,1350652.0646858306
432,2639745.3257783665
433,1727466.509686702
434,612053.0534229847
435,924895.2648029614
436,1100152.1078882357
437,642029.5918324201
438,983321.2093267194
439,1225990.0210707416
440,655718.8468401405
441,1180262.5136067886
442,577261.5818312999
443,912747.9549157917
444,298482.39527515427
445,1327979.6034740377
446,897651.0092238662
447,1083260.0923862958
448,1014359.0336984448
449,782167.0998729123
450,923641.226442054
451,891457.5932122061
452,2122128.2523686513
453,1188037.6100642427
454,772455.7530861194
455,860168.1192353163
456,746712.249579581
457,806471.2374520439
458,1449572.524839543
459,1532445.8332142732
460,942223.4286928013
461,800246.2425992708
462,1056243.3876911574
463,635934.8190072754
464,645201.2016647186
465,601272.798745956
466,593382.9002724168
467,443348.56137427344
468,716643.6838180597
469,1979710.4430607243
470,845970.6149692509
471,463954.71464355564
472,1151528.4074160468
473,876762.5491939946
474,799391.6300442126
475,1342959.3156557586
476,1889964.5267943628
477,582726.5128522322
478,1447688.2601809492
479,454498.4184127259
480,507058.8877580145
481,856388.78282459
482,1596128.5726455455
483,1430357.0398379627
484,426035.2924470285
485,1917414.5285138339
486,663488.3130000082
487,454276.200282156
488,465907.27229976223
489,964187.8187164805
490,1087369.1678016714
491,1200087.6020914873
492,791473.47185089
493,1037842.1666245887
494,582608.2811746869
495,938772.9208886967
496,2825873.701829576
497,892917.7459267043
498,594176.4435220797
499,1205367.0114633904
500,1162382.6323055383
501,452039.69571154256
502,1985097.2808909707
503,445542.7090644405
504,726235.1505830251
505,502065.27087126847
506,660653.1696709542
507,1394421.6247532251
508,815034.7541469699
509,954892.4120376962
510,494410.9218197126
511,1381272.7243517286
512,725606.6906745562
513,638739.779210514
514,517043.4541906845
515,1193276.0987343362
516,670487.1377132686
517,764104.1794319712
518,2072248.840889536
519,2754737.1022739396
520,672191.6977917195
521,1364005.253816817
522,1611383.5695717253
523,917113.2273559233
524,607972.0200465141
525,1234269.2528427255
526,879708.8894933101
527,1590787.7715749037
528,575721.3428177449
529,820759.0679543897
530,4272817.401787498
531,1610684.5860918323
532,1256865.4002042972
533,833364.8698218779
534,1220792.419577662
535,845031.6716037579
536,497182.27304248535
537,919636.0165165452
538,806893.5721585897
539,253275.84206164413
540,1647428.0823749485
541,1384173.1484792652
542,1445819.5751809718
543,280186.2981437368
544,1606593.5591525782
545,1244085.121340604
546,1513334.5373453563
547,794482.7352008888
548,1072905.4191299947
549,1247125.4058879816
550,588810.0660739423
551,1130764.9521938623
552,1861252.2071267474
553,812185.3535562216
554,991131.1063173674
555,1555912.7038025053
556,1899117.4881389262
557,680337.639362348
558,606912.4157956161
559,3850721.082224246
560,512360.69943330507
561,1115905.997774436
562,1141600.440985618
563,1422367.4276394697
564,894373.3411044952
565,1032282.0752459152
566,573556.1884448661
567,695480.546569781
568,1420384.5731079758
569,1927941.8985647056
570,1184596.497412652
571,481991.57666017785
572,302797.57009992044
573,1662847.621794185
574,1963508.8190853472
575,496299.41945247905
576,776444.0318131847
577,920949.5447326052
578,468226.1538436948
579,2202151.99411912
580,620085.5249375252
581,730125.5139341953
582,1797358.0661191153
583,825684.9645952785
584,1323581.838183625
585,717620.637710881
586,2654444.4159274893
587,2148192.314212318
588,977336.333194491
589,1780411.54451722
590,664133.2901257821
591,1298335.779995364
592,876694.9289625379
593,1426931.5210078757
594,533322.7184927922
595,1634508.9283483305
596,496509.73873614456
597,846964.0582162201
598,1704419.8011647202
599,451966.98190045217
600,1079760.4934501902
601,2158747.0698821456
602,683348.2974452276
603,806565.5454984929
604,595283.7963180891
605,1531391.7773584025
606,704577.7934253057
607,1105927.203177249
608,1339054.3379550271
609,993195.0448937219
610,275372.67659098934
611,446002.6287362292
612,926714.7262564473
613,1887717.7320707245
614,748603.6940958014
615,659688.5866715927
616,510327.29543330544
617,671472.9703114731
618,1200287.8160921223
619,1031433.2862951432
620,262135.44766797428
621,2365437.2178175836
622,363664.25918143656
623,459316.467066093
624,309112.7991930296
625,1810475.496226683
626,782996.6770165926
627,1917242.9638949253
628,2259615.061143857
629,1152922.9733525107
630,900125.784319821
631,1171349.43184287
632,955481.4652654496
633,1009605.1747258344
634,2440712.180294089
635,820442.6794112601
636,1330706.4951681877
637,375004.5814785611
638,941335.7319730307
639,884232.7637927413
640,1692457.2389744124
641,643694.6496330745
642,1237318.5082009747
643,1601986.6833208832
644,926661.0702207048
645,2768035.768453651
646,643093.0641563283
647,391825.76226989285
648,744518.258343257
649,537909.5449836913
650,1315298.6370418877
651,820599.4200846091
652,528276.716494261
653,676314.6300427513
654,1578659.9308709223
655,593473.8330590487
656,2667484.7595930444
657,695189.7311471256
658,804235.0961546948
659,1164395.5029201997
660,1498533.903806658
661,484559.294501946
662,909702.8668051505
663,923665.0126128123
664,481001.8508450836
665,759208.3608087575
666,413921.5822228126
667,604178.5008969265
668,1328033.3743030482
669,1001963.6780705446
670,1639312.447008845
671,602201.1856559281
672,1608937.1949183268
673,617399.9602149595
674,562710.9632876159
675,490945.4589985513
676,690728.7407082801
677,1652353.391362727
678,478374.47042551206
679,1137229.3702287318
680,713721.9624423374
681,1232730.6709026312
682,824273.6751372583
683,476677.47984638234
684,570933.5632662106
685,1723091.412143584
686,809873.6358370073
687,1748628.034523027
688,754261.2489654076
689,1154257.461303475
690,1087638.451808139
691,2138458.6711730147
692,779865.9422366286
693,884863.2246857123
694,784319.1112647763
695,670695.2854302869
696,456080.5090919045
697,1124220.667682204
698,719694.7163165677
699,2848109.8131650565
700,570070.6346728314
701,820548.9560183622
702,2406473.700680075
703,812291.8953285684
704,2376701.3140244917
705,866548.0220083559
706,1434574.890290561
707,840206.1683863415
708,1122333.2607087847
709,1719492.305425888
710,516699.92318014055
711,979317.7890070444
712,1244800.394518766
713,1043595.8982084023
714,994695.7693729851
715,922887.180883621
716,551246.5689600162
717,1315621.221558336
718,606736.8408058137
719,514523.3968917121
720,1008755.789860522
721,939031.1457479075
722,2826184.5667253355
723,752736.8061271239
724,824585.1446216938
725,347348.37154809
726,770531.7313744571
727,1218359.6149100114
728,1314334.591940142
729,1638183.3778223682
730,867937.8368275147
731,922933.5863659524
732,1757218.1887194954
733,886058.9807407644
734,317106.10681702656
735,753568.4293264288
736,980662.1345870196
737,1304976.9328664595
738,650170.5796529027
739,1836036.2653493641
740,885802.6890512563
741,584869.8336880956
742,504046.6572945105
743,2233687.864276376
744,1112246.8131635187
745,1092453.2675997128
746,2285627.94232835
747,846570.771842974
748,581053.2780532535
749,1136928.4007211775
750,1501424.6002292563
751,1081229.3354602926
752,1189306.9592658223
753,1094423.2582093098
754,847452.9150292509
755,1162225.4735036376
756,1039216.0127563132
757,350613.6601215989
758,483280.1152256315
759,957415.6426679789
760,1601893.5913618058
761,978954.4371682944
762,914905.7491073296
763,703780.5682153649
764,463877.7284735112
765,574758.917159724
766,1872464.0865715619
767,2656363.2192416154
768,560660.5964112598
769,693615.844147508
770,467198.0228421732
771,927515.800685905
772,636994.8976995146
773,1228104.6253346507
774,1272439.7326071565
775,729013.128757763
776,803752.5322916757
777,1381609.6807577324
778,1130312.565979123
779,1828256.531571981
780,913957.1163976935
781,393314.3948827449
782,1824043.2824895065
783,950623.2170762698
784,577671.6200164098
785,601778.1700379819
786,1797574.8511114798
787,1080017.9472609318
788,839441.9846134458
789,472599.19414562103
790,867937.3247699084
791,770511.8278909173
792,1577119.1256667841
793,874848.16227046
794,1947387.8175278984
795,807606.240244247
796,685743.173632767
797,784540.3767488961
798,896030.9192426023
799,443360.72334507795
800,1936763.5782659047
801,1197350.6486726627
802,2543798.597334296
803,2395204.35855066
804,498747.6785864631
805,657183.7679730551
806,396040.01184653176
807,1182637.4090778327
808,648880.3660064191
809,1377244.6029301863
810,1115198.0754324936
811,1554575.6073693142
812,532233.4411074574
813,538161.2916185721
814,1490369.3542124876
815,974511.9815326927
816,1440194.8923496127
817,800670.8724664571
818,737785.7633611092
819,1222074.616779976
820,1222904.5332207861
821,1176975.2143185334
822,1639683.0320200266
823,341728.67362302705
824,1508223.3040632275
825,1472467.8693317575
826,891721.4449704905
827,835187.7096967347
828,1076603.9937547296
829,1611559.7566385602
830,826036.7446855986
831,973992.3393328766
832,529133.2884771014
833,997131.5478349347
834,2145145.6823204393
835,584186.3141568525
836,480744.9248129269
837,1025056.8890008032
838,1272557.612518923
839,1027480.998548372
840,732766.6342203761
841,1354896.3311381121
842,2149289.5157670076
843,521723.46171798254
844,1233905.8690621129
845,1097370.7766892842
846,628417.5261741416
847,706430.2442160363
848,1131149.5673454832
849,1288228.7634255649
850,2882749.2529316936
851,1315083.2307505934
852,567955.0622802897
853,716983.1133855626
854,699406.0536991091
855,1395905.7575877989
856,687947.5975141103
857,1464614.590306186
858,746680.6959457571
859,453083.6758351379
860,2378948.187967219
861,2181893.7003560024
862,2406103.098281104
863,999672.5311811914
864,1219784.394173747
865,517932.7618857763
866,940915.0156760634
867,1287713.8391168707
868,2059972.164954539
869,713215.5608808228
870,1533072.440076282
871,1002434.5737062581
872,1318043.7128235204
873,643636.3241531004
874,1439293.1652634675
875,861752.1555447343
876,819896.9487719185
877,628883.2817949279
878,661624.1690364315
879,813910.9964927242
880,439201.1684179144
881,931867.3830625572
882,935225.2705720719
883,397283.40336233925
884,778815.8778897492
885,587908.3956836542
886,1656656.9769147201
887,704942.4903687293
888,852551.8853009726
889,2527525.942822235
890,710334.2125010204
891,666330.6863079303
892,1385928.1921390637
893,475657.3229482723
894,565598.3065279372
895,897061.4273776332
896,810069.7175314468
897,1328541.3889763851
898,1051804.309431954
899,1048016.1383641083
900,1314326.4289132413
901,787097.884303707
902,1553406.3874454387
903,639634.4707743941
904,1056788.493529132
905,656004.0781715106
906,714564.7856255856
907,431114.519184083
908,1200561.4019880274
909,444178.90801824135
910,707877.6064722748
911,1337812.9179009171
912,690565.3776076388
913,1231945.7785983286
914,1004683.6980268358
915,1318405.7616960953
916,571313.9619680658
917,499111.141961064
918,934370.6818645753
919,678631.0179850148
920,483208.5957538901
921,1143839.0217849144
922,1261709.7994470133
923,647390.7820265151
924,1143823.7554305883
925,1476380.062353812
926,692537.3147636685
927,937829.5867051488
928,1660560.8547121666
929,641145.1784180476
930,2168711.9089187365
931,764916.3661296952
932,656019.670853785
933,1353453.0562732974
934,718997.4299802956
935,1163561.5009914585
936,712499.3126895736
937,1848320.9055194198
938,1028786.9794346836
939,287667.9197912809
940,991592.1944662561
941,1581686.8115853234
942,872208.195237088
943,987677.1653082129
944,1792800.079318672
945,1033213.0456788552
946,982779.2471749345
947,1970783.0207814747
948,1128038.4100152329
949,962395.5252873548
950,1446234.9177789555
951,704098.9545422245
952,219773.07865284444
953,1407238.1529892448
954,1502320.247658171
955,779343.6905366132
956,718680.9281307213
957,1066181.7655541417
958,709120.4897992478
959,2108520.608031726
960,666961.6595414344
961,878758.4418104417
962,576202.497178566
963,633358.5970070185
964,165103.70982532215
965,568825.9884706932
966,838999.6283365673
967,704655.7861719937
968,1041105.092679048
969,1048989.9879261344
970,591490.6525442254
971,1956077.9446047377
972,1063539.1618648286
973,591797.0380941276
974,641035.785832317
975,1186972.212323937
976,744866.6887798891
977,1009994.5225373283
978,782522.1522615553
979,931813.0612530916
980,1434629.6641651771
981,883829.8961964166
982,922236.5928314032
983,1283362.8596609756
984,630272.5846203339
985,1199451.1082192329
986,989849.5549226133
987,979158.7097788219
988,970357.0471747183
989,522114.29517300916
990,1018739.145274627
991,480487.97528368887
992,1249560.9530995155
993,895788.2580461866
994,848951.4627555687
995,734561.6181788888
996,916206.296049639
997,2086923.7831708975
998,1498074.7763965714
999,1138392.0700865453
1000,952556.7239218071
1001,621076.920475132
1002,601784.1724671324
1003,872342.1232934459
1004,456839.7578412402
1005,3147774.265895618
1006,634966.6771766166
1007,401715.4026390771
1008,907212.3185964461
1009,1223931.7297643835
1010,438643.59306969965
1011,944617.1640821778
1012,488863.24609808077
1013,1693532.9541910184
1014,1463548.416944372
1015,694936.4439153452
1016,519550.40532712126
1017,543259.3416981469
1018,785561.7664371099
1019,1432895.7439197558
1020,1658721.534418048
1021,295115.0198833269
1022,577548.584771987
1023,849508.4685843562
1024,256342.85915394645
1025,2091623.369060421
1026,859058.8907257443
1027,464425.89057039726
1028,713787.3693822472
1029,1374193.0838105613
1030,386232.213315305
1031,2586630.1228913637
1032,665537.7745046802
1033,1161930.712892083
1034,832731.9423974722
1035,850968.301116613
1036,1944927.8413990375
1037,1404467.188960337
1038,723989.9439151
1039,2528414.407653743
1040,1617475.3052300208
1041,1192687.439905415
1042,550366.7682026346
1043,378473.36823829927
1044,529356.6284062162
1045,1162426.7514672661
1046,893900.1889724531
1047,462952.23444189347
1048,874262.9903936523
1049,2393892.3952837046
1050,460480.2724645392
1051,627739.5638470827
1052,444000.50762600394
1053,1097739.9637656126
1054,1157443.49573537
1055,910275.4193558927
1056,627908.9101327446
1057,825727.1939479441
1058,1092392.0601402367
1059,2208153.581208119
1060,2010520.8597218713
1061,651807.0183941572
1062,492113.8564035257
1063,678645.5004107631
1064,595735.2431623699
1065,1161929.631300516
1066,617842.8613950083
1067,1312225.2537820362
1068,1500065.3859726097
1069,1917588.3310255278
1070,767296.3413301042
1071,497339.5211325055
1072,1023757.1501988816
1073,676591.473379129
1074,1079094.99611259
1075,1888163.2499767824
1076,1471800.1908973022
1077,1033822.8258175459
1078,1772339.743138609
1079,665923.7214759658
1080,753211.372870428
1081,1375001.916279393
1082,2612368.5171054215
1083,1092338.5322046112
1084,662034.6823187624
1085,708371.6278581863
1086,545215.8541669635
1087,4140496.18247129
1088,1219663.2001633835
1089,565061.2097420784
1090,1630206.4601567206
1091,618486.6042076945
1092,1311564.2540788846
1093,941992.1705323533
1094,823162.2884990651
1095,1452248.7568350576
1096,866382.2698010426
1097,754022.220595087
1098,1384916.3586885307
1099,679367.3463738593
1100,903458.9220660668
1101,1752808.9272448267
1102,583939.8898982726
1103,690991.0811873911
1104,889207.7675356016
1105,1184614.9611738336
1106,1093069.417526461
1107,1142367.1022308315
1108,419419.4464343839
1109,854852.678422844
1110,1915006.1524613986
1111,769498.8003875397
1112,461650.9538409917
1113,768852.3734941651
1114,566230.7069777591
1115,1887258.742836002
1116,1192640.0467483574
1117,569216.1512063303
1118,1438500.6377378383
1119,1409687.7697766304
1120,1949244.0116251553
1121,663870.781756137
1122,572837.2243326093
1123,1105813.0757795272
1124,824663.0779783109
1125,1175010.0818452302
1126,1458461.9367467675
1127,834360.4238292765
1128,1766077.4916340949
1129,596985.3496648965
1130,955970.0571367599
1131,649665.4260268644
1132,934623.84407499
1133,4156668.7905312628
1134,896363.8122619039
1135,2042172.6885717534
1136,796309.1681580077
1137,1435972.8909593923
1138,1926093.4074243202
1139,747294.6467302395
1140,1765550.164728833
1141,403746.58959341445
1142,556223.185293226
1143,1197264.932337504
1144,654861.635957125
1145,1213870.270818164
1146,539537.5488851597
1147,573215.2469917921
1148,703574.9038076268
1149,735557.7134029348
1150,779405.0644959604
1151,1188409.1189866115
1152,1350136.9042661577
1153,1156969.7918154073
1154,2869906.105346214
1155,1205590.0635487959
1156,658675.9229684086
1157,326404.7756792644
1158,2310581.5131359478
1159,988489.8594650335
1160,925768.4999064271
1161,630866.8462205463
1162,1857207.4674733845
1163,842203.6729600914
1164,1151895.1360211032
1165,933444.5244761993
1166,758038.2932618158
1167,837788.4818490498
1168,921638.0701290212
1169,897148.5181843229
1170,792823.638959943
1171,859427.3063164407
1172,1386697.5710041444
1173,709192.6030587154
1174,747222.2008788219
1175,680284.5829497735
1176,928484.6357811633
1177,975816.0031661894
1178,1853328.049578051
1179,813434.175661873
1180,808403.8156761794
1181,614547.3643971037
1182,1165949.6042006009
1183,1200730.474076285
1184,1420289.9476061477
1185,711263.923783813
1186,1333715.0175947698
1187,693465.8374685806
1188,807680.1355650007
1189,578736.4176126358
1190,697172.5210176832
1191,680948.8237665278
1192,559836.1338094196
1193,554664.8885907145
1194,2163484.222644456
1195,1614733.1008784322
1196,1473421.91012456
1197,734436.3818643143
1198,1662054.7899556772
1199,1079470.7322598111
1200,981663.1047130196
1201,762373.5590102965
1202,2085489.0864193672
1203,1128472.632563794
1204,629882.2468798104
1205,1172317.9566715937
1206,816620.0879571803
1207,772382.5577469288
1208,656496.4556800537
1209,699947.8029328864
1210,1835084.7478698324
1211,689277.15460181
1212,1243896.8758538405
1213,567478.4235906441
1214,642277.2806068658
1215,1727936.2395599235
1216,1509256.1992480217
1217,882047.3434668387
1218,1599342.417669851
1219,877045.1444869528
1220,354201.47154242493
1221,610058.2724639289
1222,2014252.7165254627
1223,669409.3226355684
1224,1102141.105448951
1225,571689.775049606
1226,724228.817139947
1227,850394.1227544458
1228,1827897.8268244343
1229,545962.0030518378
1230,1405724.3618375636
1231,635890.0137999225
1232,1234773.3821261781
1233,1303616.539979583
1234,1557266.4335591742
1235,605976.3906558265
1236,480463.4991310706
1237,1433890.9896271809
1238,409124.27555502456
1239,1854590.0846115414
1240,963805.4943550753
1241,693117.5115659215
1242,1034808.4305825315
1243,585798.1863913841
1244,665943.3309343755
1245,744822.8434532234
1246,1868895.6043462364
1247,1318382.0095819451
1248,987963.1063770589
1249,2325389.137064172
1250,709471.6877865467
1251,1334084.0902540062
1252,638265.2194554382
1253,496061.0804978709
1254,746444.7150751037
1255,1468583.5158179344
1256,326284.22075698664
1257,1796402.2658180213
1258,701178.685803793
1259,388325.89045906335
1260,700614.1111524039
1261,1045617.8253625378
1262,1303882.4936436152
1263,1042433.0205749609
1264,551044.9299377452
1265,3284650.57774988
1266,1290611.1092779592
1267,673711.6880301195
1268,448836.71077955485
1269,669061.3489887774
1270,897974.7546182293
1271,613360.7595872722
1272,1469454.6122697925
1273,1590591.245139087
1274,751546.1744604853
1275,563004.7315861653
1276,3696240.332812979
1277,717421.1593770378
1278,1054032.3545149812
1279,1707905.107599167
1280,1016615.8898198915
1281,1886039.2379514144
1282,946419.2154207603
1283,2322416.28892532
1284,731665.2071266635
1285,2271683.693912192
1286,1069041.6073052294
1287,738205.631268128
1288,1258427.4977768094
1289,1254752.3545220322
1290,1419018.2016948054
1291,1480211.0921352932
1292,554466.1547897599
1293,957134.098609904
1294,870952.2841177334
1295,943150.0152172305
1296,294867.0707634862
1297,1304077.755785162
1298,621506.2542252924
1299,907757.3709116597
1300,364023.5507196803
1301,1515674.809639741
1302,1752729.611027288
1303,958203.7095069888
1304,3026865.669322929
1305,985489.6577606163
1306,2675369.3687876565
1307,557312.2723253772
1308,865321.498969097
1309,623800.4147149535
1310,1158845.0108534175
1311,1163161.5594737825
1312,2181848.0661308873
1313,1627630.5484185147
1314,1105276.3736045682
1315,479578.41079736146
1316,735072.5576231668
1317,639983.8797460739
1318,525829.6939725179
1319,615734.0777159231
1320,736083.0458468437
1321,869440.8523166642
1322,313106.462702169
1323,780938.2864313095
1324,984166.1246896203
1325,817065.9664521537
1326,532013.8003004909
1327,1316365.5238762768
1328,1970726.8828759023
1329,1785122.492771834
1330,1630062.7137841792
1331,617258.8305235626
1332,1944041.2663817361
1333,862883.2662371569
1334,621485.0332734002
1335,1337993.9501360017
1336,918814.6317837384
1337,1284010.458540339
1338,1529306.5983861072
1339,1485843.4363452103
1340,685879.6853515478
1341,551665.1622729098
1342,547860.6092549161
1343,965468.5918883694
1344,1007301.7754004633
1345,721024.591162888
1346,1380836.1728313551
1347,2453356.8031262415
1348,708825.3281335825
1349,1362981.4589749288
1350,743014.520120599
1351,1744021.8168635636
1352,419001.13172936364
1353,548948.4543288122
1354,758385.1170817236
1355,755650.2339956018
1356,972479.0667544914
1357,833041.3109469124
1358,992756.4306592192
1359,648939.1160115713
1360,1211171.4948566318
1361,1013541.1804483755
1362,541173.6491288482
1363,771460.3244704646
1364,1293827.2014433763
1365,594996.1818235429
1366,1236464.0512351065
1367,553053.1992547197
1368,1382357.563059377
1369,1679878.5517610845
1370,956775.8580797378
1371,985884.0427809324
1372,2037288.5840810596
1373,991398.178204929
1374,475726.0002336196
1375,1433112.4968411648
1376,469800.48405031965
1377,987781.5171709235
1378,1199344.6434147893
1379,1416189.5383937592
1380,556260.2615185949
1381,1041290.3842007865
1382,718237.5354632903
1383,643192.4182412787
1384,802230.698160502
1385,721598.5218163277
1386,1423217.37172045
1387,1434975.2384847822
1388,840732.6704599721
1389,1504723.0252342517
1390,365644.6845259721
1391,606458.6040332911
1392,638607.1204533501
1393,1651905.0770754083
1394,1357438.3293472247
1395,484793.88016112027
1396,1490626.2249812332
1397,1154863.8547426325
1398,898141.9263258415
1399,447314.43195217696
1400,733302.8517235762
1401,699979.8226924468
1402,907027.5475210326
1403,859529.5273118551
1404,740019.8093966435
1405,651186.6316506766
1406,414863.5957174207
1407,1012752.7252755892
1408,679735.3434943424
1409,1015020.2848700667
1410,950526.3579555766
1411,810536.5476044934
1412,900657.9175080346
1413,1373756.7491298004
1414,1112442.7142030902
1415,2896484.885186017
1416,645168.5461614195
1417,569620.1436332129
1418,1277386.4526661667
1419,710917.4600987432
1420,670479.7517533534
1421,694520.3294188968
1422,3266093.099861287
1423,1490224.771229927
1424,780358.1369825536
1425,762926.0261362367
1426,1904238.7837005768
1427,2974271.3507022006
1428,1081800.2813755376
1429,1261984.4013809946
1430,1506368.3382952774
1431,580213.2640094194
1432,1195529.82168467
1433,1689780.0620823223
1434,826278.4217924115
1435,680874.3280770268
1436,731040.7230066182
1437,1618637.4362519386
1438,1127339.2735328272
1439,1967662.3288997638
1440,435779.9390691065
1441,2538804.1022757776
1442,1258587.3984133354
1443,548736.1230383286
1444,676008.196832576
1445,455616.92577508185
1446,2231918.499385852
1447,839069.0701858408
1448,1655301.409801039
1449,1313981.4432702165
1450,1932961.7195739748
1451,817722.8169665226
1452,579914.4973515401
1453,415963.5030058694
1454,705735.2742974606
1455,1407303.461020202
1456,988889.2543614686
1457,1421423.8939888286
1458,947918.7432736577
1459,877599.9793733228
1460,675447.1905685373
1461,1179237.6221999843
1462,910086.5448741765
1463,1139852.624677329
1464,1538808.8087693811
1465,580561.4753017615
1466,497530.12754274206
1467,711620.0502904224
1468,1116194.0553776093
1469,1409207.943386614
1470,896661.5060168669
1471,780217.2086642231
1472,853151.2274015279
1473,1711356.475458546
1474,919241.1322172037
1475,1366646.8666839036
1476,849417.2846082099
1477,1106601.2459988273
1478,561971.6948550674
1479,773602.1019527287
1480,876267.2770449998
1481,1832208.9383253125
1482,1775618.0501070921
1483,688121.0241807773
1484,921172.372227172
1485,934734.968330602
1486,673711.5758354202
1487,1235903.3642788942
1488,806519.5353409724
1489,591931.1515468146
1490,850619.3345189057
1491,1139531.7004951339
1492,568123.1699583927
1493,646628.6863909679
1494,842826.3302514725
1495,652807.8035571201
1496,1300042.7879878755
1497,850305.3991405811
1498,407854.6222857312
1499,2098891.1108295307
1500,2162299.0950803244
1501,543983.1077670278
1502,1192057.1954463047
1503,2152183.707826536
1504,2214349.533701895
1505,877263.8064873727
1506,636506.5464210974
1507,817324.5811400228
1508,759307.2572547753
1509,700255.4313619127
1510,769788.8831784195
1511,1555742.1632368779
1512,536515.6723277494
1513,2286808.9916318753
1514,615672.8085362324
1515,379516.71483415127
1516,911041.422575537
1517,1835542.3211486745
1518,828725.6038393449
1519,1363341.9862678635
1520,1365848.2006100018
1521,1216054.6942864885
1522,1032864.8505943718
1523,937013.2268498832
1524,809697.6371774235
1525,1242719.4984951133
1526,798800.2301122212
1527,512416.2230481043
1528,807821.5870062524
1529,1581292.9062596364
1530,769366.8160038424
1531,380000.5752245251
1532,1040997.9299789285
1533,666090.1977504793
1534,912543.0427041419
1535,1293143.1188060374
1536,1376950.155065057
1537,1489286.5700872466
1538,1348473.953681021
1539,776189.3769040881
1540,2012602.532255395
1541,644653.2275209081
1542,1503739.0775564471
1543,645882.6343320216
1544,501242.64105294604
1545,392887.2817801324
1546,834644.4008271594
1547,1014872.7101040172
1548,1078513.4285814299
1549,879559.3048111877
1550,367899.08059516194
1551,959429.907494079
1552,1063392.4749636631
1553,1016745.5476377236
1554,850476.7736870756
1555,2140939.420263725
1556,434136.0059274752
1557,678877.9027666211
1558,1053906.492799812
1559,819744.0633551726
1560,1377373.6270971508
1561,1101968.3552439802
1562,1234006.2331523749
1563,935648.6370425347
1564,1121437.23646835
1565,1072400.5239172748
1566,816762.4333964906
1567,1512575.0108122206
1568,1222012.3826450626
1569,423392.4129090906
1570,2571862.228364772
1571,1403584.8849196106
1572,1996377.9827466838
1573,1178602.5414012598
1574,1953620.618484799
1575,1431279.7899572928
1576,1419113.864164948
1577,1649691.2869515372
1578,469025.034341113
1579,868686.249372854
1580,1711159.7420497648
1581,704907.5372079373
1582,1304456.4648761982
1583,839395.9888618037
1584,1365241.760333474
1585,678709.1767744314
1586,1285134.406834204
1587,1528491.4774317949
1588,1563675.7414528234
1589,488272.16195385985
1590,1026491.9820798575
1591,1829921.8985688614
1592,978699.0359329542
1593,909272.1819738178
1594,1995670.5499692066
1595,343617.47664882505
1596,335786.0632130279
1597,1155229.4319575543
1598,694923.5705487742
1599,1880582.4162510906
1600,1358859.7511252398
1601,1843420.678042972
1602,1440861.8757088734
1603,349511.4125922132
1604,1233062.4252074086
1605,2736871.2582990937
1606,412006.68802981125
1607,679366.8497253957
1608,594549.8201817558
1609,1128775.7414282581
1610,646584.6378687995
1611,370648.0220254211
1612,1655878.868108412
1613,1272633.9528653857
1614,1175604.366305991
1615,1507528.1883228524
1616,612232.0446611759
1617,918024.7506548329
1618,1029942.61857221
1619,1548612.4025117557
1620,1466183.1673431357
1621,1374000.227347711
1622,2076745.9119212874
1623,1301463.3092631446
1624,1228217.9721653825
1625,426519.29604756663
1626,451692.56628787477
1627,626536.6130938833
1628,697703.2194171834
1629,962287.0364559616
1630,1297049.938817876
1631,543195.263664947
1632,973464.0837289642
1633,511775.3208603832
1634,1361142.966448998
1635,1155169.6569442635
1636,685371.3466728156
1637,1308002.1086205211
1638,595621.6808706169
1639,679394.0463930788
1640,1302200.7072992146
1641,1180657.9798691291
1642,956344.0320067605
1643,1601097.8932693256
1644,635940.5249571727
1645,651079.7328444576
1646,844831.4572997096
1647,1647259.49900222
1648,1411864.5221146673
1649,1337506.8765988504
1650,1177876.6303437066
1651,941831.8989971618
1652,730836.5077609516
1653,813279.1099778018
1654,920181.5495450309
1655,1134257.1198859543
1656,1079048.4236951927
1657,2091759.8576287222
1658,1890307.0277512732
1659,755981.3284258405
1660,2573708.044992583
1661,3421886.8694224115
1662,1582065.4020612014
1663,1343021.1955727043
1664,975408.0476569182
1665,1564270.6168478422
1666,773132.0047486642
1667,1361752.5342219148
1668,763924.8426486761
1669,2261092.090488942
1670,1033568.1363770829
1671,1376132.9869657552
1672,511838.3327896589
1673,1913116.6174723217
1674,2240209.6127827144
1675,785241.5814844989
1676,810878.8704761736
1677,2991176.5883742105
1678,285436.87123089505
1679,709193.634876107
1680,2293540.647558824
1681,674106.666918723
1682,722868.2494403936
1683,1040739.7137250071
1684,2120133.5097463285
1685,396993.48937578243
1686,1739296.3927808895
1687,2133692.8774281433
1688,1277304.890815135
1689,653982.628471847
1690,1449409.9313304482
1691,1292952.6348863342
1692,2926960.844987453
1693,802856.8336416247
1694,2107133.4502164028
1695,687546.9836257114
1696,1263089.340053586
1697,590298.7484868347
1698,942989.4588758482
1699,998421.4351819655
1700,584166.2947738842
1701,1347978.6128608317
1702,785890.9337399644
1703,598166.0110797397
1704,2839568.2872537747
1705,2795721.4453387153
1706,601525.9307493438
1707,954385.7914982134
1708,952397.901206543
1709,714370.7559482404
1710,1213888.1348673631
1711,891069.4484668275
1712,621998.0356986874
1713,478247.5782946851
1714,692117.6697763192
1715,320997.82353675336
1716,833659.2453860175
1717,1085547.7965804986
1718,659885.7040942974
1719,467994.80159244285
1720,1359474.8335557124
1721,1931408.5664923822
1722,1531085.190730206
1723,880802.7857566184
1724,775598.3990484489
1725,1932234.0824723244
1726,1341225.6613487524
1727,852321.3791034466
1728,840769.9979707113
1729,814993.8729885706
1730,698413.9371086475
1731,1128341.6464649034
1732,850365.9193817411
1733,821876.0712283781
1734,1174855.0045277593
1735,730613.3948321702
1736,1567946.9459774562
1737,1390428.4864688695
1738,473521.4592215756
1739,902582.8766718749
1740,373504.82628529804
1741,721529.0919069488
1742,283565.46803169907
1743,581221.4878867026
1744,685020.8440593219
1745,900073.535759779
1746,625729.3295598197
1747,602055.7209872181
1748,1148933.8277355907
1749,552737.3995903215
1750,1975492.9265396623
1751,1110138.989188392
1752,1339033.4535909719
1753,2693867.9034941723
1754,825020.896016596
1755,1102239.7455699844
1756,454742.7153961078
1757,1653596.6060415476
1758,1280870.292177321
1759,585757.834989951
1760,834370.1345278068
1761,980720.0135704188
1762,2525032.155602613
1763,326567.514390666
1764,515564.48036731686
1765,557627.540844719
1766,1540647.3483582155
1767,3778545.213531172
1768,846392.9602998244
1769,776794.3943148401
1770,1224730.7221215812
1771,838280.1330935145
1772,378521.792918425
1773,1891029.7658478494
1774,788495.9045025193
1775,1106557.5242133348
1776,757742.1725397028
1777,1045872.3654497624
1778,1165594.824760664
1779,1261576.260377885
1780,1094204.445946247
1781,1298098.6104455935
1782,482027.39369803754
1783,1688663.913686202
1784,632037.7553458787
1785,739531.6043265563
1786,805929.5011600858
1787,817297.5803165945
1788,684380.2121406243
1789,1125570.8915392724
1790,907708.9855500857
1791,461863.02849401877
1792,678540.3567542715
1793,668201.9321440469
1794,2235787.4564846447
1795,1302232.1426966155
1796,1034138.169720307
1797,695898.242350868
1798,1088516.4294618948
1799,1476683.1198048166
1800,815181.9195052974
1801,1138901.706131855
1802,505115.98384256486
1803,2478802.633501727
1804,609545.9411233328
1805,772898.8825349438
1806,1345147.3514772563
1807,1708497.8797652212
1808,1390584.3601650721
1809,1649055.1077588247
1810,2228142.7404984627
1811,1219518.659774466
1812,690750.7027855084
1813,476667.6762726508
1814,1307815.2057802144
1815,1832361.5581610762
1816,982617.8389203697
1817,2722674.2597092
1818,535307.3149314349
1819,1314401.6827274722
1820,1280741.1890386618
1821,1202948.7061695617
1822,1224606.5474442746
1823,843568.7151768168
1824,577552.1381368052
1825,666794.7654602078
1826,991733.6183188325
1827,998131.2889432468
1828,1248846.7628681764
1829,412694.6444835245
1830,1154044.5873877457
1831,1238014.0669333865
1832,2003282.2377878986
1833,511144.22561604937
1834,937136.5036168989
1835,684101.8166167844
1836,1368417.441413576
1837,991525.446424744
1838,601484.4653589336
1839,727109.0957854206
1840,399443.8826059223
1841,624607.4753068045
1842,1831185.619274653
1843,1685868.8389436458
1844,1258800.1091900354
1845,1970553.9215177207
1846,868219.6962618764
1847,804882.694844105
1848,541367.2111683823
1849,1647859.868871214
1850,419086.0911737864
1851,399425.9992875248
1852,2470843.0763508864
1853,1514449.3250332945
1854,663713.7483195319
1855,1284613.5377545
1856,1152494.2639016341
1857,1170602.6437821568
1858,882030.8413315216
1859,1269975.9589817047
1860,800928.5195762379
1861,592198.9795103404
1862,366914.8353935256
1863,697485.6977350242
1864,845215.5964060369
1865,650628.1207437554
1866,410684.093448835
1867,1381194.472113822
1868,1259369.1177066395
1869,1003445.3060515582
1870,417566.19637128955
1871,617168.4459157982
1872,794319.6246341338
1873,1355389.3195961209
1874,622654.3920319143
1875,940215.0785615693
1876,642262.689921263
1877,355756.8480971255
1878,578533.2694224849
1879,939308.1166129624
1880,1187504.9412783612
1881,585024.6154653607
1882,740985.6216092223
1883,1614073.4945070595
1884,1285180.844424624
1885,1360415.5295056237
1886,803281.6319400563
1887,1451730.3359073745
1888,710658.6066907813
1889,1344890.3028490036
1890,490987.64591398084
1891,569500.5672220816
1892,716600.9985185202
1893,448667.5330268508
1894,521849.2343137659
1895,1194399.2979115245
1896,477544.65531969426
1897,936807.0289126611
1898,1686287.536174269
1899,1514442.2042597153
1900,1488593.1698558456
1901,1137567.762979045
1902,673892.8423705908
1903,577754.4789028312
1904,1046011.0152847655
1905,512896.37249874615
1906,639711.920712154
1907,943912.1324574396
1908,689056.2713280917
1909,805678.3585610704
1910,503217.9598020272
1911,1727907.0683148967
1912,2909341.826945917
1913,1087653.3684580338
1914,474057.0814668183
1915,413777.44847967854
1916,1634990.8681460924
1917,989196.0865519411
1918,1135890.579202069
1919,447320.2070447285
1920,2135450.318411313
1921,667201.3791196656
1922,487327.94438305736
1923,1113460.8353766701
1924,571911.0653017904
1925,1375482.267674354
1926,1064145.7977216914
1927,788393.7522672905
1928,609291.1780945178
1929,589472.1929168038
1930,986392.3025657637
1931,2110800.2796935965
1932,1016053.2814639844
1933,1162456.4194510449
1934,4711482.599484567
1935,890829.9389784958
1936,610138.170161663
1937,1237155.1452126855
1938,853869.1333884695
1939,505702.0125318874
1940,511791.7462521108
1941,1211987.3129073463
1942,1075932.0532347306
1943,508989.59682433575
1944,930791.3925519306
1945,475992.4743205566
1946,784882.0365127963
1947,1050660.7653327014
1948,1501677.5786608665
1949,1109983.4524821604
1950,1309598.5199699313
1951,3276175.6261260766
1952,1829189.8469480157
1953,1893550.7373381322
1954,653982.628471847
1955,1864411.9123259902
1956,801408.8081622344
1957,1916018.546831979
1958,653422.8532484098
1959,420098.32651719626
1960,1100159.091317985
1961,928962.2056547088
1962,811317.9940921484
1963,936493.5676875907
1964,512990.92888333637
1965,309110.22528803657
1966,818172.1081989995
1967,2181041.541680773
1968,2733177.771232825
1969,1131001.6058644003
1970,804740.6577629426
1971,1100164.6273326497
1972,1344097.818465996
1973,1048383.3311196724
1974,610155.4510821243
1975,640003.871143044
1976,772808.4978141338
1977,1886464.286033499
1978,429274.8486906815
1979,1117978.3769535583
1980,741298.8778340784
1981,1405503.5937796677
1982,926063.2481218115
1983,925654.2817752467
1984,517825.66434181633
1985,511865.30185708974
1986,1565086.507882422
1987,1459493.2562587713
1988,569108.2847382099
1989,1293723.2163405109
1990,1518387.8081877036
1991,579369.8397081605
1992,1082477.582891805
1993,1167499.5241607043
1994,1824357.2723035477
1995,1506256.6426461
1996,656999.9241473002
1997,1135462.195412537
1998,1618448.9064544572
1999,713362.8110351696
2000,942796.8306223592
2001,1466206.1850647856
2002,1484835.677940667
2003,400036.1849014467
2004,291517.34555058565
2005,1141556.5832435307
2006,2265205.3994847382
2007,1097623.9015526732
2008,1746384.2366777502
2009,668110.5471828522
2010,418128.5512184937
2011,1049880.0346318127
2012,1583314.0706082387
2013,874374.630341407
2014,1063046.9045839862
2015,2238133.756825182
2016,567924.4834351968
2017,599342.858064288
2018,1484074.229350261
2019,1312618.8280882812
2020,1788779.5810437354
2021,525719.0669149957
2022,451646.4001129513
2023,440627.8197829552
2024,960761.7320076347
2025,833847.7108954644
2026,2696124.8885407047
2027,587720.2503964949
2028,635337.2831677437
2029,563016.2130837105
2030,717837.8544136625
2031,2008447.0722918082
2032,611910.002640329
2033,861817.0185385266
2034,471317.7121266787
2035,451092.5446356333
2036,1006828.9466998338
2037,983197.8680382891
2038,1611628.920208283
2039,1005780.9490984298
2040,729907.3879133434
2041,779526.8871667633
2042,1623868.2822447757
2043,531970.0353992541
2044,1292819.8059470518
2045,440310.0326943879
2046,854969.0390262472
2047,1675471.4483544002
2048,1394172.158953114
2049,438159.9972070718
2050,898662.633596696
2051,1329351.0316662327
2052,783760.115105875
2053,1691813.0787192062
2054,3044584.2387523213
2055,1273736.5944967337
2056,1961793.5714815944
2057,667526.4941451454
2058,1216536.108195239
2059,622744.5396195762
2060,834548.9746598178
2061,431101.87230383116
2062,569343.4893891681
2063,414024.22192358953
2064,1411624.7625721267
2065,558515.8953894968
2066,837420.2391772215
2067,1208339.1329717594
2068,1051111.8783173696
2069,2634266.3345898646
2070,1574489.9147649677
2071,703293.3350752604
2072,722870.2357645163
2073,1406151.2100944668
2074,810454.9411130025
2075,854277.3080300902
2076,495270.5240833564
2077,1689687.2168478924
2078,1130358.895958438
2079,590937.6005200231
2080,928037.1129168354
2081,960991.5944276822
2082,1585107.91366778
2083,776381.9498539512
2084,1370711.6309308812
2085,649176.5030638555
2086,743133.3618141491
2087,653478.097451372
2088,854522.1563803435
2089,1831484.0118158702
2090,343456.94541387324
2091,1404642.5090028045
2092,819611.464922179
2093,1041252.0848933773
2094,649206.3372128855
2095,932667.2686243117
2096,1353856.9416552498
2097,1163919.4473208769
2098,905410.4391871578
2099,559220.7693141177
2100,778036.3845976936
2101,928527.6454223694
2102,700363.9369535355
2103,1117976.01363977
2104,763814.2967574792
2105,1319486.6636029268
2106,621979.737195347
2107,1425220.1651368737
2108,1869859.8444679861
2109,913805.9887505095
2110,795313.2898592191
2111,1283460.1997523
2112,777070.592284006
2113,505731.7562267394
2114,646650.3606764077
2115,570139.1950102675
2116,1299102.967814629
2117,913706.0166416669
2118,1164229.776243806
2119,1355785.6824053454
2120,663634.223364135
2121,899091.2521949669
2122,988237.5471141787
2123,1411954.0922942096
2124,1822602.1561805115
2125,948488.4005192842
2126,1584087.4272134975
2127,909050.0595264175
2128,745699.3271378613
2129,885291.3869701605
2130,503497.55728165485
2131,1183137.0409748093
2132,689919.5162489548
2133,1195566.8822639748
2134,874799.2270735238
2135,648503.430008511
2136,1437509.5604342027
2137,675130.5643290138
2138,1377226.6446343637
2139,2397684.7307420485
2140,1338123.1130535998
2141,1024986.0573171846
2142,943487.038802851
2143,958221.3602201189
2144,266092.33271333034
2145,1045414.3103057789
2146,529840.6978268385
2147,1849514.0839943162
2148,1449786.0435430573
2149,1914174.293567722
2150,781288.9913964203
2151,2250213.688583814
2152,1757808.0491758827
2153,818908.1863373693
2154,1010027.9519790056
2155,651172.8203281105
2156,675073.4226235732
2157,722183.8521835499
2158,1371526.6415094428
2159,586745.326254751
2160,917590.8832727252
2161,796887.777066933
2162,1775113.8982402885
2163,577982.3771347218
2164,377339.81736744643
2165,1214240.9516315192
2166,2114656.5238819686
2167,770027.0168372669
2168,401341.4937713092
2169,510783.2624899404
2170,1380672.1520352864
2171,1170648.0575996821
2172,1330398.9978638855
2173,539109.9760508682
2174,595921.6871449329
2175,1423086.5520369848
2176,1222843.3778956481
2177,508294.81474640453
2178,581269.5904327072
2179,779631.7749494365
2180,2838587.111443514
2181,403703.36780757137
2182,1170468.0401191507
2183,631165.2820090727
2184,1485965.6873539211
2185,712365.4189023897
2186,588097.3567774917
2187,2998973.977669653
2188,500310.78792782064
2189,573112.5942736395
2190,1590809.7055419844
2191,500384.1287878084
2192,1354987.4890042383
2193,1323902.9370003087
2194,716247.3961836116
2195,1777349.0824609732
2196,475548.4019214502
2197,1171915.8940833271
2198,1623218.3261054105
2199,983741.0626087581
2200,1419668.7643171758
2201,704027.5873471536
2202,805863.1597749075
2203,1195043.1542221692
2204,1105873.6034116258
2205,670078.0421800887
2206,339474.32847810147
2207,1165587.4254692113
2208,1248575.37396783
2209,704888.8235314977
2210,770643.1736844275
2211,644985.8772843141
2212,524186.1122494595
2213,664989.7324730105
2214,1905109.7164761312
2215,583786.0808616204
2216,2514416.3764391607
2217,412415.65490050503
2218,715232.526011742
2219,1636537.6330139711
2220,712745.9320521475
2221,812697.6115294497
2222,1939702.7385038736
2223,1372920.6895578005
2224,1143157.2387046542
2225,853420.8847896195
2226,1840181.3295615572
2227,618429.5664514897
2228,1618311.027259371
2229,635517.9055113102
2230,1193136.0801056027
2231,2325894.640534864
2232,1419206.6674359913
2233,1224827.665587409
2234,655291.5954423521
2235,645681.3353312776
2236,2031075.7505071822
2237,1903936.071748961
2238,1110157.1362576673
2239,2400494.905338055
2240,495307.53765634756
2241,669901.2636101597
2242,297018.9268098215
2243,1207992.5939298999
2244,730811.3408306516
2245,1275319.9915788933
2246,1438292.0956527698
2247,958818.2936176172
2248,1164199.731790181
2249,309536.06533160445
2250,1334499.5829884065
2251,756118.7357081873
2252,1483271.5279816205
2253,721817.0790184146
2254,1636494.8289291393
2255,1669080.5748972753
2256,776221.5087575122
2257,1497243.5644287476
2258,1046671.9592744703
2259,1076773.2714869701
2260,1304332.9565458258
2261,561640.5156637869
2262,957323.3232846841
2263,594451.3421976626
2264,519431.0856720322
2265,498806.8859486763
2266,1176821.1485482233
2267,2317741.4172845697
2268,974147.6441972873
2269,910013.119300275
2270,969144.8775856493
2271,552721.8284446605
2272,636549.3047292382
2273,980477.5659669923
2274,956510.9355330493
2275,1151262.1687302566
2276,1073438.1081681554
2277,775800.0096862775
2278,1499491.8740148607
2279,661156.3955414768
2280,3572829.6764152846
2281,552095.8689621737
2282,1119634.39680084
2283,1052052.967272051
2284,924353.5702747484
2285,836179.5201671908
2286,881218.184336348
2287,577361.7666398936
2288,706961.3316535347
2289,1172510.2643228427
2290,1095999.5584056512
2291,1394476.2379298953
2292,1310056.694083896
2293,1109891.6862809104
2294,710774.574019342
2295,757909.755390726
2296,1135162.7520204498
2297,914963.2078076532
2298,926831.878016982
2299,1253818.1199578613
2300,1095604.317127159
2301,541320.819356008
2302,1905595.4734445512
2303,518969.6103854993
2304,1802801.2738966253
2305,896737.4706137923
2306,843323.2875920245
2307,678543.2171845997
2308,963018.4539916668
2309,696934.2203334565
2310,700082.5834362423
2311,1263325.1733059187
2312,888447.7935845143
2313,847841.7258602964
2314,1211662.2354048658
2315,940876.6412356264
2316,1489336.730598358
2317,1519570.6983358788
2318,1154876.4917073417
2319,1315273.327813892
2320,1676361.703290676
2321,888315.2781892443
2322,651806.7772872746
2323,971606.349697866
2324,741020.7941238148
2325,2688378.707017756
2326,1004804.7513005767
2327,790827.5950186498
2328,607900.9586115448
2329,728113.7160279433
2330,642349.1699734533
2331,769413.0041480535
2332,945939.6690583557
2333,803779.8050136096
2334,1640397.4906110612
2335,861900.3319829322
2336,972152.563022309
2337,859859.9694787856
2338,961595.0424558629
2339,1000194.9077637892
2340,773200.5135815985
2341,2381889.6843429613
2342,1281734.7284866944
2343,1654710.2464075955
2344,1223694.677608509
2345,1608359.7257045247
2346,1392561.798706006
2347,753730.9818388801
2348,503987.1440097931
2349,3299418.6684101364
2350,517865.5930716251
2351,631026.1148483056
2352,1006811.8303387722
2353,396039.1212579528
2354,1114414.7273280723
2355,457565.5417242735
2356,1218093.4191975626
2357,538103.9656852247
2358,607762.8645284829
2359,1148616.926650882
2360,1768640.6532944527
2361,315159.5379700839
2362,569163.2164587519
2363,2326436.4621565957
2364,410273.78289444296
2365,1963526.2821919394
2366,1133707.177684043
2367,639869.7399782604
2368,4091031.1140281805
2369,2134440.3060525614
2370,607199.7740371259
2371,873370.8309920895
2372,795319.2376407315
2373,2228914.243538945
2374,670678.6400239309
2375,824104.6152378647
2376,986887.7378017589
2377,724231.3566246041
2378,695000.4259551805
2379,613468.3730645216
2380,871471.3583111502
2381,1384293.7578674213
2382,802988.5211765036
2383,991964.1525581207
2384,770896.7079272469
2385,1056178.1430945667
2386,1081239.3734107146
2387,2418848.3806254375
2388,1334096.154931758
2389,356243.048426956
2390,603790.4994971107
2391,601267.6210467914
2392,1286757.2232342542
2393,1805603.7212274245
2394,1558070.408574284
2395,1307399.257683894
2396,591430.5915132205
2397,1692199.6425622292
2398,857038.889523799
2399,1183384.3273447515
2400,1083434.0860151057
2401,1727399.5883863282
2402,1074320.2737732749
2403,1651191.2926300957
2404,449148.05400178995
2405,492570.70058293146
2406,413532.82797307085
2407,650279.0566686982
2408,423041.87676819036
2409,1036527.3136222146
2410,1226668.018176276
2411,652811.3178096175
2412,1513376.6152731397
2413,1418979.8062302114
2414,679960.4071502041
2415,1159710.8735574796
2416,462211.74640202266
2417,1981677.2908568524
2418,1930916.5833925558
2419,2103319.973854819
2420,586878.3635677014
2421,646231.7525819935
2422,1504321.849779148
2423,590730.5659589311
2424,684057.8967004967
2425,2197410.517429819
2426,1726033.4510597105
2427,631483.0886336316
2428,544010.355244056
2429,2533163.0826374
2430,1295203.8335599087
2431,397817.2460311221
2432,983475.5748340109
2433,1323379.915315364
2434,467628.6413035429
2435,3097528.7253778693
2436,1017994.3809939581
2437,482238.20951037627
2438,1763954.1268711314
2439,981806.8854248298
2440,833384.807544392
2441,658299.5200575382
2442,655774.5092651165
2443,1571259.101795573
2444,1340671.9597626629
2445,494136.3466912263
2446,835266.6988851045
2447,294821.80377864663
2448,1110648.503689372
2449,475626.26458738395
2450,854654.9114044877
2451,1031680.22169419
2452,466675.93757370696
2453,1575868.355478177
2454,451985.8880257552
2455,373591.0150955359
2456,982613.8639240749
2457,652025.1756647403
2458,800057.2389443762
2459,1279069.0200226984
2460,861038.4331713385
2461,876168.0122887052
2462,739956.3786302843
2463,953109.320027683
2464,1137870.2984503808
2465,1111790.0740567776
2466,1278883.7903258945
2467,566028.9111696675
2468,1761270.3480474201
2469,1202134.2478369367
2470,858730.4417548879
2471,2101107.6941751
2472,2445677.215639223
2473,554704.8920601626
2474,607604.4431641282
2475,706050.3931811894
2476,1903208.470985411
2477,1160098.4973999616
2478,1346729.241683255
2479,919716.2740693099
2480,1068501.8789575011
2481,2512297.502043948
2482,1032368.3728631029
2483,867466.3872811542
2484,718630.2770080508
2485,1088243.6774572341
2486,436602.18969571014
2487,1078095.5521442103
2488,1306379.7083542573
2489,372545.9359024029
2490,1351899.0499461044
2491,914157.9628205488
2492,963270.0016212468
2493,952838.9210897107
2494,1881083.2056985851
2495,797927.8187303307
2496,543326.7706786088
2497,1262004.778573333
2498,693561.9042476652
2499,1332541.5473900898
2500,409714.7797655737
2501,526102.3623438897
2502,1068987.967117039
2503,950504.7367671905
2504,554776.4532364191
2505,568454.7410244875
2506,684870.3326323315
2507,1251882.2622190933
2508,1307215.2773872649
2509,541327.1969841659
2510,491740.5379915299
2511,424583.6413731857
2512,827664.8368642649
2513,401899.7555548122
2514,873114.1104604934
2515,1537500.3668099293
2516,567554.2796927979
2517,889436.3897448449
2518,687377.8564891383
2519,641375.4670952831
2520,1961038.757402324
2521,901939.3764254814
2522,2109245.653683573
2523,1213632.3145670819
2524,1367983.4393175328
2525,468642.4700394073
2526,438149.3944750256
2527,1352956.3799559374
2528,867707.5007379758
2529,1273358.339820713
2530,534414.414084965
2531,505198.92399533675
2532,1063404.1200412405
2533,1787278.0987361665
2534,1836413.9769059075
2535,1568435.661283549
2536,1249463.8707084642
2537,556620.1768507278
2538,1094360.8634785158
2539,586388.1999270398
2540,726168.2009486996
2541,909705.7540131713
2542,1219641.6188033768
2543,1371570.6806920362
2544,762028.1612499047
2545,1128282.5264115902
2546,1233658.2913670645
2547,632016.8840102355
2548,1593865.419855672
2549,1515789.7822502528
2550,729201.2281732867
2551,1434366.2791692463
2552,917377.2169547499
2553,967448.8695502072
2554,1062480.776760643
2555,722874.7616540458
2556,1795201.7968904038
2557,560406.2263720359
2558,999093.4598523268
2559,284317.1681481624
2560,418316.0377802442
2561,963179.7828295385
2562,1782578.3494850371
2563,1387429.6389628735
2564,378411.6486467115
2565,801390.1232423314
2566,899246.8461340168
2567,464426.38699226704
2568,845803.1692962681
2569,1205347.1744324914
2570,364835.58240947674
2571,2116216.644353299
2572,492212.1126091468
2573,1407690.1752820583
2574,1306947.2974090904
2575,1288671.4081890727
2576,960517.4785707417
2577,613118.1987699697
2578,482668.08596952085
2579,1883670.5079124968
2580,552897.2524102064
2581,1254898.1670916146
2582,826069.058518699
2583,1096567.9264915907
2584,825219.1782839131
2585,735642.8966846104
2586,1341657.5123085976
2587,1413910.0727321503
2588,1047345.0409913051
2589,943594.3102609855
2590,1224551.570163065
2591,554764.3762659909
2592,465352.80787586403
2593,906059.0819553024
2594,1674675.1702786938
2595,569110.1497084886
2596,599189.9210793003
2597,1152391.0810395982
2598,1422195.399069139
2599,1457447.0030218686
2600,457605.4518837111
2601,693057.2411800525
2602,2032476.6195513194
2603,1032993.6732710383
2604,667101.1137873298
2605,1373980.8608859724
2606,1067723.722418592
2607,654251.9855618123
2608,677412.5533803717
2609,669225.773089114
2610,2617515.6347498605
2611,1163065.5730220159
2612,1309842.2574611567
2613,1216721.18507709
2614,1448720.887397816
2615,993453.7766582584
2616,674833.8040644706
2617,1400923.6091543166
2618,372808.3691411011
2619,1199571.385531733
2620,603119.5083367876
2621,896680.4787238266
2622,384370.48599808814
2623,698194.9176685909
2624,692763.5157317588
2625,1703470.3502873438
2626,720563.3599825576
2627,1282159.7279173185
2628,1302596.541282057
2629,1404058.8511162736
2630,1036317.5970444363
2631,1012433.598831771
2632,997967.450771288
2633,2034639.352054561
2634,1501856.348038078
2635,1065927.9759723532
2636,830976.212999756
2637,969999.7241558782
2638,1085729.3093966707
2639,456423.03763314063
2640,882117.8650642073
2641,334468.85960391565
2642,966292.8397158964
2643,2584464.70153641
2644,854881.895761444
2645,1140512.926650411
2646,1446274.370765875
2647,700756.263504509
2648,754985.2932874081
2649,351509.1111528012
2650,1664335.506839206
2651,758033.3540605427
2652,560201.6733698574
2653,920534.7470404567
2654,1914449.7802606493
2655,1295243.53328314
2656,642623.5762548461
2657,779104.974199862
2658,1365062.650295615
2659,1812995.8812240788
2660,2871527.750306848
2661,1563242.9561081333
2662,814102.2688862595
2663,1337824.958311347
2664,331650.2353132595
2665,1206436.3380944617
2666,2238144.283404192
2667,790458.6256546928
2668,2010963.2523471736
2669,411690.2270425208
2670,887336.3642840238
2671,1064082.2969918912
2672,1032240.7329174739
2673,653834.3612204461
2674,889778.0296308942
2675,1390282.0028301827
2676,469467.76011792134
2677,608634.0024510861
2678,1128933.2852462241
2679,727699.3685254812
2680,1442074.2928234502
2681,991655.5084325828
2682,350322.5790010357
2683,2598549.853170009
2684,1461269.773268889
2685,1385016.4736227114
2686,708148.409397982
2687,506071.4913082323
2688,692016.0040405978
2689,901315.0682643205
2690,931075.0837732619
2691,1176058.8906733263
2692,903348.4530085522
2693,1136535.268635473
2694,836191.3016364044
2695,1580593.7842554864
2696,717222.6486945084
2697,1807877.9269071538
2698,1872576.0753553219
2699,2733064.7849217216
2700,539249.3417210241
2701,1991609.2539498035
2702,1012805.3608111889
2703,469899.6999783853
2704,777200.1421950902
2705,478448.0301034311
2706,1391702.9763925865
2707,1138727.0630524517
2708,1439640.8556096426
2709,914826.043136862
2710,1918795.987385016
2711,1022259.338773842
2712,3341785.6482057506
2713,3094966.3405645955
2714,1440830.5520427495
2715,898955.5261544298
2716,1401478.699501223
2717,1534141.7430394401
2718,673065.1354339989
2719,548723.5259845711
2720,1393180.3101981068
2721,1746846.061831258
2722,1081117.5735341718
2723,2867448.085637147
2724,2573512.5956720645
2725,1135622.6599684693
2726,524012.554450292
2727,636491.1268093572
2728,966056.0995823835
2729,1163297.0418341772
2730,1323004.1518535605
2731,902827.7805554403
2732,930647.5082084663
2733,1233382.053162821
2734,547878.6691345095
2735,1685370.3323053871
2736,1412780.0214716515
2737,1041059.4500164336
2738,666992.8672858438
2739,682455.2099216596
2740,669959.9917968813
2741,827929.0351133272
2742,2753428.0096355528
2743,749423.298911154
2744,504825.4500650338
2745,2242436.199049481
2746,1563551.3567666535
2747,1248769.918015612
2748,639694.5736504585
2749,1222604.7559700292
2750,509908.80453068926
2751,508508.1530460828
2752,725841.2183044493
2753,1179275.375365208
2754,942262.3226849716
2755,1370938.9359110268
2756,1226240.69913208
2757,626277.342998705
2758,1794740.7694109937
2759,1323423.493109948
2760,424404.49231453595
2761,1449648.1363592583
2762,909019.1267792024
2763,2134528.569084274
2764,1048908.5685868307
2765,493007.89764233393
2766,1082659.9191996204
2767,2757790.312917494
2768,1099573.1209726841
2769,1250871.3137153639
2770,1102900.8243429558
2771,822370.4193867638
2772,694428.3957355658
2773,558878.9429114957
2774,1288815.327922027
2775,716208.466974033
2776,1572345.242987187
2777,609309.741442752
2778,389702.045982573
2779,1047009.8784125282
2780,1529155.643311709
2781,1216080.0291263144
2782,1049170.315015667
2783,1743215.2713962898
2784,462945.53320491116
2785,719902.0676508863
2786,2229033.5231078384
2787,495156.9346578131
2788,1437257.124109826
2789,692621.5291359766
2790,1585572.658618981
2791,1444813.6720994592
2792,632383.1082255924
2793,1784599.2429820348
2794,397079.41592766135
2795,613476.1143903788
2796,1892715.0525946226
2797,1010866.4684493586
2798,869264.3228145427
2799,670006.333906908
2800,1278172.3549134338
2801,492260.76179606584
2802,1456484.9591945892
2803,1567409.0877350227
2804,468383.30542028253
2805,1999729.3603945682
2806,1855252.04987893
2807,1482411.5464061825
2808,579204.722522984
2809,412964.4629410254
2810,840877.0726726457
2811,478488.2381105357
2812,1082679.5388234335
2813,1165075.7014423364
2814,444447.3152916684
2815,1238428.6498478637
2816,941302.2027421285
2817,1367612.1580855981
2818,1596329.5599161033
2819,309976.7461537514
2820,763619.0812522614
2821,1293397.3842211764
2822,1179627.5394072714
2823,751322.3481831206
2824,762888.4867288618
2825,964050.4086267663
2826,892838.1876055872
2827,984731.9495383537
2828,3004855.406113642
2829,612874.6539733586
2830,1054550.214187046
2831,695464.0117576958
2832,667187.3704900122
2833,734101.8533373318
2834,1084753.3167696039
2835,2242643.00116303
2836,618601.9422224449
2837,1951340.3007287716
2838,910901.9969106987
2839,556538.0048023172
2840,1191743.2958960151
2841,2116647.207571106
2842,1662501.2228634362
2843,1658822.7149742842
2844,317339.25900877937
2845,512569.5237989869
2846,2383171.861690268
2847,1118633.4011309042
2848,517817.1546362961
2849,1260894.326620748
2850,1544158.162402318
2851,771700.9604922327
2852,1178063.265887491
2853,542255.344448232
2854,387262.0232233962
2855,2118408.658739401
2856,2161214.783196653
2857,963359.885607019
2858,583923.2160285015
2859,1861993.8625928322
2860,780177.1247096885
2861,2073884.1519149377
2862,1188809.5099730864
2863,2872015.475672499
2864,506706.3868654822
2865,478744.324920461
2866,438640.1102084561
2867,1468873.6946798882
2868,565858.648123061
2869,1456872.1007136723
2870,865686.4888144487
2871,818257.822304066
2872,1861606.1402894827
2873,1989914.1733414163
2874,1026058.1867185449
2875,1002874.0876938829
2876,1660729.9246432232
2877,1543794.45831857
2878,1243364.1345821684
2879,379485.57691667427
2880,946427.2264381119
2881,1180486.4926858598
2882,410403.19200370857
2883,776078.4721568954
2884,1219908.5488851478
2885,708371.8052386404
2886,1950304.648635545
2887,693616.1721285351
2888,626249.538228794
2889,442932.1285461224
2890,815917.873449461
2891,1348314.445503178
2892,644954.788875155
2893,756104.8657324237
2894,1164865.370060728
2895,2174255.8256761157
2896,1467669.529430338
2897,481178.7451852103
2898,1181318.2449048168
2899,739427.2774163883
2900,813240.1919121959
2901,1894139.7682031055
2902,451857.4472884789
2903,1075974.7228815814
2904,2394974.3103250135
2905,657396.3579687272
2906,558686.5656352487
2907,1145433.5856093634
2908,686197.4251207287
2909,912560.1977826196
2910,1134315.9556570007
2911,3199563.6190048265
2912,577637.2843317006
2913,494720.11710511474
2914,1293546.653426406
2915,1522247.4563563345
2916,1417350.9838360713
2917,875885.0616844343
2918,630246.5244553604
2919,759338.5219530998
2920,1184664.945487634
2921,666706.7028926297
2922,902698.5691508411
2923,464976.5316038702
2924,744235.0532073978
2925,549294.795379936
2926,1138197.272390872
2927,999579.5364882805
2928,760931.952329559
2929,752840.3710296064
2930,1183322.5160042786
2931,614018.3044881746
2932,1889163.3768857152
2933,1236874.943236088
2934,799243.2520479604
2935,758885.01166556
2936,403278.86008557794
2937,566705.2734373963
2938,998067.1086540247
2939,1369214.7842243342
2940,2050034.5377248311
2941,1698478.6934518465
2942,937663.1883410492
2943,846803.5589930989
2944,919405.3092291502
2945,1777907.73328412
2946,1296102.002753064
2947,543464.0708813893
2948,605344.280481849
2949,618047.294539947
2950,939820.9959631774
2951,1139319.825334419
2952,2565543.320862
2953,899306.8954626446
2954,704962.8880257887
2955,452736.1626122152
2956,995380.7037742324
2957,427041.99111934315
2958,1188517.4791309566
2959,544155.6308130082
2960,1196505.7126305015
2961,615454.634652849
2962,560134.1080708534
2963,817237.923647881
2964,959586.6102304403
2965,762816.1191593801
2966,820819.5619942484
2967,580756.3837833003
2968,1236893.3773978483
2969,934955.7629335399
2970,887557.2769121713
2971,658665.8572035943
2972,1281271.1820428965
2973,1070345.6273474635
2974,480566.0370796443
2975,982073.1662700644
2976,1232002.0922155671
2977,718258.7520027458
2978,597848.8995689484
2979,1539544.962474891
2980,1443349.6518458766
2981,2060858.325240208
2982,2149220.172156705
2983,506328.0814374639
2984,432416.7515792911
2985,1079226.9679703186
2986,717472.4375507209
2987,476128.42860064906
2988,1359839.0608619761
2989,1464565.9467537436
2990,1830475.4094827785
2991,1469954.3040991868
2992,428690.7377002586
2993,644241.801215239
2994,1955455.4857865872
2995,1213326.1425580345
2996,1053515.3304748542
2997,1386772.6648260138
2998,917294.1836407469
2999,616296.9862883213
3000,1988939.321310732
3001,1161682.321719762
3002,1238455.7758358067
3003,836241.2133745742
3004,2260276.6102108536
3005,988780.3874872887
3006,1660937.9596460196
3007,833000.4076042357
3008,2180676.5076859025
3009,568142.4365096719
3010,555891.1416919683
3011,1061286.745575483
3012,751041.6998481905
3013,1177682.3665543916
3014,711001.7785047975
3015,483340.9761196069
3016,1231679.112235824
3017,810345.1281907319
3018,368036.4612328092
3019,1226748.5974536866
3020,735332.2457058537
3021,741664.9733642499
3022,475545.81908293115
3023,636072.0741323945
3024,440753.5882463269
3025,1355711.3099071833
3026,802642.2197615957
3027,1733428.0459798686
3028,3979162.141651598
3029,799476.5336010649
3030,761615.5792504553
3031,1410850.6316948463
3032,711541.25779908
3033,1347464.0533813036
3034,1520303.6200656907
3035,333105.56466389645
3036,715046.395668263
3037,931337.1600564099
3038,2178735.449119486
3039,1829291.5371654357
3040,561657.1485644609
3041,2085370.5935429283
3042,940156.4231189617
3043,656764.4054033774
3044,628390.854001266
3045,1283491.118751719
3046,1091461.6685582374
3047,836349.8374799188
3048,943564.1782975824
3049,1839582.3109093918
3050,408773.3898188257
3051,1102963.2019878565
3052,609447.7126081157
3053,932515.3571052277
3054,541023.915284113
3055,397430.2337843141
3056,1665275.9569189018
3057,1324019.92140376
3058,1666027.3681205628
3059,935239.2905356892
3060,872671.1358909226
3061,976950.651237959
3062,326834.7170425695
3063,916928.6222705803
3064,506877.2716384784
3065,2378638.5603463226
3066,796149.0286089388
3067,926033.9104055223
3068,1160142.408889952
3069,2259346.754467182
3070,894464.7479716165
3071,1639657.0665990321
3072,562044.726819687
3073,1776694.792525493
3074,719385.6198332512
3075,561383.6806752188
3076,2065282.4832392016
3077,747404.9376385068
3078,1210139.8994215776
3079,845788.2080858768
3080,714303.3751250659
3081,660646.7663787844
3082,614813.7624858585
3083,432346.8096028644
3084,384413.4446143971
3085,1391764.4967464767
3086,782553.2731215113
3087,1345011.5295875722
3088,1581018.4193348547
3089,902995.1645874366
3090,857709.2944648236
3091,730285.4969015152
3092,993739.0696062313
3093,603029.9792398639
3094,994249.7312353867
3095,762316.4963770874
3096,1278188.6335207645
3097,943313.9040426823
3098,1086778.7627749701
3099,655082.4749222844
3100,2024084.000831609
3101,485197.0743510332
3102,718555.4006495794
3103,2240426.760219567
3104,1042423.7917598954
3105,1943221.6124085716
3106,1206652.4068568065
3107,1093470.8760840315
3108,1449439.3422128314
3109,327031.2597423504
3110,455065.21413269284
3111,780300.1942165134
3112,1691143.1804961553
3113,1754738.7090183774
3114,920164.2465072311
3115,1199375.1282362917
3116,335327.51852841704
3117,608470.2217820572
3118,1290422.0960530802
3119,615615.638745482
3120,717172.264042925
3121,1890951.0802870377
3122,572594.7363192224
3123,1345015.112688853
3124,433249.50272531924
3125,1764651.903792786
3126,828104.4316873046
3127,2621296.3103382206
3128,653849.5320033976
3129,1688052.623524834
3130,914320.2202909866
3131,870696.9952790055
3132,1122708.8821403177
3133,870696.9952790055
3134,1034184.5173643075
3135,484017.0982917261
3136,1512449.1140369754
3137,1632336.303622452
3138,984768.1789841901
3139,2025705.7834517413
3140,1159510.8292163569
3141,2355327.5818108725
3142,1370718.4519806195
3143,2304798.3947331044
3144,852356.7971601587
3145,2406440.8031726317
3146,567961.8420810385
3147,1095337.328319212
3148,896944.0169786905
3149,1311390.919206279
3150,1302163.041897341
3151,573915.7557892413
3152,603124.1353819265
3153,1530538.6123964875
3154,1401041.1165472236
3155,513148.9002405817
3156,1896936.3673206978
3157,1364956.6495208384
3158,1563002.2956047
3159,873293.3222450805
3160,1798975.1866827393
3161,1599840.4966862162
3162,655071.6070648184
3163,291088.7885565837
3164,1187044.2789298976
3165,1272369.062844299
3166,1092597.7832094515
3167,1122911.0922922387
3168,1122882.9959878235
3169,972654.7556918173
3170,1588706.6191070036
3171,1852023.5650422394
3172,1105111.319689728
3173,909926.9610428781
3174,999381.7976013767
3175,1158557.7614137097
3176,358470.58365767036
3177,932508.1868290775
3178,789234.0889925482
3179,1147131.5196396967
3180,966051.9091355724
3181,960330.4411146069
3182,500902.2860116766
3183,872341.444310267
3184,539016.9385622649
3185,796910.7470209039
3186,915910.8624468723
3187,1270113.4623393316
3188,1346810.7246012045
3189,819227.2372588889
3190,1168794.2198076856
3191,1561065.8919131483
3192,925478.5985122069
3193,1251461.2281601988
3194,659311.6987796999
3195,261906.69637757033
3196,1914764.536856578
3197,1989446.541010019
3198,1478442.6265769603
3199,1076003.667103701
3200,701973.1729116113
3201,692953.5865082298
3202,804083.7119716498
3203,1636511.007377042
3204,1369361.8300317845
3205,894125.0261949244
3206,668142.8013720666
3207,593970.8426655184
3208,1105712.177901728
3209,721091.6804736424
3210,424424.8190236834
3211,619818.0168347122
3212,668840.2876337622
3213,916654.7106991397
3214,1071183.8250556986
3215,1785309.8217624263
3216,1607546.6980389664
3217,905129.1129156201
3218,2405500.1468203315
3219,1133789.4700867818
3220,1196326.3783107381
3221,908861.714487925
3222,550913.5138989695
3223,587366.4259408242
3224,674157.0880698649
3225,1660222.111104309
3226,521127.5397578769
3227,958387.8270363696
3228,641389.9609956734
3229,1039390.3804281494
3230,854743.8860004939
3231,864409.5575238825
3232,845839.6308262539
3233,1529288.3763292755
3234,1259949.2502557866
3235,1366559.6196272396
3236,408024.7925228015
3237,1398088.41848464
3238,583570.3543996852
3239,875938.2767855886
3240,546966.1877437817
3241,1460927.6715801398
3242,2493339.5721711623
3243,1989741.2114143951
3244,1356886.4832086824
3245,1190809.653849078
3246,516889.79468310054
3247,457529.5376445979
3248,331786.5810329235
3249,1612671.7402657901
3250,958922.0747524702
3251,1409332.413131698
3252,1568494.1645182208
3253,637391.2331955447
3254,3039520.402978262
3255,598357.7153232858
3256,691366.0708257958
3257,2061834.9946946902
3258,521316.57783820585
3259,673895.375268549
3260,1025666.8122078377
3261,841720.6800295595
3262,466417.89254313655
3263,928161.1637427462
3264,2935574.347761345
3265,1132279.9363617015
3266,618025.867655271
3267,992586.8509372766
3268,539752.5079403378
3269,812200.2915299808
3270,544081.2147068069
3271,1539659.7960118952
3272,916650.4133274296
3273,3371296.051532094
3274,783230.0902227323
3275,1120521.063377649
3276,1740648.5476263876
3277,513112.0869890066
3278,326500.7820929449
3279,1461598.4104823493
3280,813377.3885633766
3281,2170155.7196470015
3282,381962.89474062645
3283,724123.333998999
3284,625040.2939191579
3285,2205912.7377690757
3286,1274702.7305797793
3287,898919.5709784109
3288,1261890.8239369371
3289,973346.2969991355
3290,758739.146988587
3291,1054043.3665820179
3292,817034.3819819858
3293,792346.7077390145
3294,595725.3138120248
3295,664820.0708516907
3296,321496.5870672369
3297,992770.8338059142
3298,774387.2375964322
3299,1383480.4954133716
3300,1609134.8663469483
3301,689089.4234202721
3302,1728358.180533764
3303,1652841.6400536702
3304,884435.9796590414
3305,1708044.7178861382
3306,641658.6408670758
3307,1915195.5983807265
3308,769820.4461588317
3309,1211282.7149482516
3310,738915.288082695
3311,720151.8204300081
3312,719466.0251178363
3313,919619.9251781962
3314,3002733.192838671
3315,897224.7636904424
3316,685457.5290589448
3317,1160743.0428826644
3318,1003639.2969692843
3319,970750.3699106587
3320,1945454.703668422
3321,790612.4544404773
3322,992984.2144920432
3323,2340070.2541540777
3324,1218654.3890669455
3325,1865527.281514401
3326,1502387.7831692284
3327,1709520.6333378216
3328,293357.6490439217
3329,1268583.9333138198
3330,271950.0754628557
3331,921940.9424273031
3332,484669.94244240766
3333,485983.6817649228
3334,1670163.4070302104
3335,516435.1462748676
3336,435807.49780517584
3337,868435.9714773585
3338,1200244.3566041342
3339,2321208.283286538
3340,985095.100962718
3341,528527.2244370441
3342,1019232.2402487203
3343,1220620.0017286388
3344,775713.1766469183
3345,1529886.5878614176
3346,873848.4074170868
3347,332140.98533314466
3348,2523969.7351490417
3349,1598746.4209249264
3350,525728.5748867927
3351,1001475.7488801971
3352,556352.61468538
3353,1523230.9992579452
3354,1954107.8806420667
3355,1299990.8420934642
3356,1765509.3010299918
3357,554270.423382939
3358,1641511.0039115602
3359,574593.8611376935
3360,1290778.7111364822
3361,1060815.213934912
3362,1861643.0528007539
3363,635665.2781104665
3364,1198966.9966207575
3365,660988.2263724568
3366,865385.9909040579
3367,744058.454638936
3368,954765.5667859887
3369,665070.2286416473
3370,463268.8710650965
3371,1345015.112688853
3372,660367.4174710078
3373,2000137.5345528885
3374,685670.6548695063
3375,1890430.2479743268
3376,1537565.6266696898
3377,1731951.2555785181
3378,1967110.4614722214
3379,465827.5378519766
3380,1202435.2992191317
3381,460646.36422115297
3382,814321.8231420091
3383,911055.791658972
3384,507363.9793961814
3385,821635.2997580945
3386,2271724.049080929
3387,735903.3139176028
3388,1117195.251902938
3389,1123860.6053908041
3390,681693.3666220327
3391,865820.8687874823
3392,938550.6928610262
3393,439197.74211611255
3394,521663.4373674537
3395,594184.5351242097
3396,396337.32007583417
3397,754986.0283831133
3398,1046849.3579235827
3399,426626.5721039483
3400,1271764.7913242178
3401,1405105.4097503382
3402,1443112.8198234036
3403,481811.35292658996
3404,747918.9923701686
3405,1188249.256514035
3406,755442.2005098173
3407,415641.1208397149
3408,1409780.5070657963
3409,1637937.9030582178
3410,1074368.4818249762
3411,1345591.6267360118
3412,1454928.3967940311
3413,844191.7402095024
3414,2366467.694347364
3415,648370.5075204284
3416,955989.2963654402
3417,1873575.1003513825
3418,429456.9473172287
3419,1489972.1840747432
3420,1075346.9603167048
3421,1354029.144406383
3422,952943.5060353341
3423,574108.9497583562
3424,1191303.283146672
3425,1620945.8683100706
3426,579595.1967466522
3427,1073928.4980528331
3428,1355420.154550332
3429,1164495.3381926508
3430,545650.3097592486
3431,563252.5788655808
3432,545660.6541394017
3433,555616.4468742787
3434,796321.6605595596
3435,645161.7987210009
3436,471988.67733841576
3437,706422.7550959486
3438,912242.5402768159
3439,2634661.0537686953
3440,700960.8563724685
3441,1779178.0328765316
3442,641063.9448474775
3443,335685.34573903464
3444,483702.1342510419
3445,1029137.9582053238
3446,1753948.6972479234
3447,818034.5265654075
3448,369570.6628183972
3449,1219870.427561888
3450,725778.8753096488
3451,315176.7730652841
3452,546476.2833752572
3453,1903134.09107731
3454,836100.8035168373
3455,1517005.057956469
3456,639583.7056441358
3457,1044462.6629255537
3458,529577.8294211131
3459,2357805.482040887
3460,2075755.7601373233
3461,1196186.3569363172
3462,739891.7716321569
3463,686023.5370990842
3464,648378.0776610576
3465,1453889.1414798154
3466,811873.8489509858
3467,792434.8442629687
3468,1251307.9625468052
3469,1273474.3206982254
3470,1183750.744638052
3471,480801.6755968995
3472,1139709.286269764
3473,631247.2364059105
3474,494263.3198507037
3475,532088.9933504299
3476,1550328.952470284
3477,1438836.6192891225
3478,422284.8468447779
3479,1307536.8043742403
3480,457396.73433694313
3481,554766.1054211602
3482,1032619.4596700824
3483,1049845.9791626092
3484,954101.6217017579
3485,817903.2184566389
3486,1290665.297530732
3487,1849843.9696630426
3488,847484.0033834392
3489,885162.1094206325
3490,971139.4450410892
3491,941027.7836093217
3492,1560856.6567816557
3493,558918.4646985986
3494,1203832.1129654339
3495,1413454.9408551112
3496,693176.4267453119
3497,2035760.1652506401
3498,1738550.5326012832
3499,506153.4058467983
3500,1844217.5411128015
3501,533947.077438831
3502,1509427.9218436803
3503,1842068.7921541529
3504,2100410.6833644966
3505,1432165.2737875967
3506,1089925.86005882
3507,755604.8740382043
3508,1016025.0281856242
3509,583420.3850107928
3510,2248262.6042464552
3511,1390683.6810955019
3512,773625.3374789439
3513,1425074.7416203725
3514,1713991.0123854731
3515,1204009.2624849253
3516,460357.9441297095
3517,1165212.6199972762
3518,1808948.3971610744
3519,607652.5423745327
3520,2969764.0088150846
3521,647387.5029029021
3522,1245023.5455614466
3523,914185.3181025552
3524,1135149.4161348857
3525,478322.7244166965
3526,535941.3250440519
3527,977015.1215634301
3528,1877716.7027308983
3529,2250261.188118356
3530,1201251.6340601882
3531,1100705.0558207422
3532,690815.975324834
3533,1234111.483433247
3534,564080.8326107452
3535,1224807.355934728
3536,650463.4842035552
3537,1256340.5170192474
3538,1208783.851743037
3539,1179753.5842995455
3540,647669.1088791873
3541,1773622.7803162576
3542,1056004.241900104
3543,1860975.4746110062
3544,859076.4083111973
3545,1831769.231514311
3546,922360.2744012449
3547,675963.6432155533
3548,576776.4753226126
3549,1133133.4183231113
3550,1245643.8590823049
3551,2792411.493479678
3552,888605.244751015
3553,1614839.899343526
3554,777159.6102530096
3555,1160659.4396795603
3556,1773145.8162618412
3557,2438478.5664868043
3558,312050.67680170725
3559,992152.8947043457
3560,485448.9884388486
3561,425669.4447783549
3562,2336048.0599154634
3563,826323.3648489937
3564,1215441.856389454
3565,784165.6916261343
3566,1226629.258691807
3567,962131.8014813706
3568,2477067.2592710196
3569,1225476.5652991256
3570,1304444.6217100774
3571,695926.2892937661
3572,3831052.532812997
3573,1037845.1478740103
3574,1262026.7611068382
3575,455430.56634794874
3576,2953055.8851624066
3577,496715.4782706464
3578,1121274.6458375263
3579,1386765.6977191216
3580,1453511.667837089
3581,563562.0089783161
3582,446555.6340980586
3583,695179.1651043666
3584,955998.9248189088
3585,817192.423437411
3586,1274388.5502229568
3587,1074657.6296159483
3588,612278.863451688
3589,537743.1622340468
3590,649071.5004491451
3591,809094.3841619346
3592,500140.9737203027
3593,1901972.5590840755
3594,2788484.0305143744
3595,1510533.8434543628
3596,1138353.724136008
3597,2214122.1607094645
3598,498401.86607243447
3599,1599229.8978060815
3600,1418622.4040964022
3601,1241239.9627547637
3602,310962.7717374401
3603,531236.3532952011
3604,980383.7069035621
3605,645862.4086748721
3606,437907.9614294772
3607,1584109.2474947872
3608,818572.1249192299
3609,1301363.923208072
3610,1159936.6282703478
3611,489260.0321345931
3612,1678246.9102859
3613,824628.1360977832
3614,1159440.4249855538
3615,448358.64319608494
3616,587623.1795679096
3617,706431.0828905854
3618,622673.5917649729
3619,805612.1318824622
3620,645508.5961356699
3621,775382.6102211807
3622,1016188.3098651416
3623,2199175.1675156364
3624,1032046.4579220423
3625,1082487.6498984555
3626,585662.5619960012
3627,661487.2612072291
3628,1042475.3758144286
3629,998740.490137466
3630,894014.5710587284
3631,2115819.404289464
3632,894751.9681289933
3633,299448.67885352677
3634,2649022.722803162
3635,1376285.1614203479
3636,1527055.799332106
3637,2863831.297897236
3638,1065280.9806593063
3639,891884.6061608559
3640,1649134.6911385474
3641,967358.6890279261
3642,1272602.5735999534
3643,557803.3685854567
3644,553224.3246051014
3645,1249436.2765819672
3646,1503240.4914385164
3647,962272.3892758477
3648,1184227.6903763611
3649,1248861.788580386
3650,678660.9779811101
3651,681130.0468627347
3652,595563.32340968
3653,782308.2908363292
3654,693022.104979197
3655,708484.8651451897
3656,836844.365547325
3657,683549.8990498671
3658,1180528.4108617078
3659,1707205.5007799051
3660,490742.07471122895
3661,1064531.5472036358
3662,1238195.5435731804
3663,533816.2272741954
3664,758089.2728744803
3665,322262.7772098846
3666,560453.5303564897
3667,532665.0633204087
3668,703259.5985491143
3669,757682.341040774
3670,1509414.3285107128
3671,1355870.6906281211
3672,643574.7196746281
3673,1333360.0032072754
3674,1504032.8926703306
3675,883360.0240050605
3676,1772923.2206057534
3677,2274128.4297008584
3678,1044682.1482023022
3679,1350580.4143882252
3680,495137.3760422297
3681,561716.7681206561
3682,582952.9678074564
3683,1509080.9984596514
3684,616572.61224374
3685,1625451.9731629852
3686,1179135.0945920954
3687,677769.9758482472
3688,1177565.7435171695
3689,1406232.4926790535
3690,525223.8908977896
3691,2423605.035126715
3692,1203190.4275882943
3693,1311856.8496101024
3694,1707650.296629556
3695,600545.4806373657
3696,1737501.5782950046
3697,451543.8426001527
3698,596355.0109368487
3699,1373088.452380544
3700,482573.74132666504
3701,1467655.8691757314
3702,1248277.2512401205
3703,1023979.4666393407
3704,2259110.2731574792
3705,611486.2765118483
3706,561176.198229697
3707,690431.333117928
3708,1254267.06067362
3709,1092229.9637300698
3710,1790890.621363668
3711,1362953.898071828
3712,952595.0454296417
3713,447252.88355227193
3714,1053022.441582643
3715,2200575.879276993
3716,1417694.0959267467
3717,974711.5299391614
3718,496643.9631138426
3719,1205334.9393750397
3720,1090106.503511582
3721,878360.2260631069
3722,1462300.950128579
3723,653169.4423858116
3724,2527715.67966425
3725,1640479.6490020386
3726,1194030.7243104682
3727,525849.6475456498
3728,468198.0547232564
3729,1360446.2794462296
3730,1281441.0311609684
3731,641639.1691402018
3732,2254606.458714498
3733,1021285.3085957064
3734,748532.4343405239
3735,1675493.2584829323
3736,807538.1248100577
3737,3295997.108013923
3738,1315717.3918012301
3739,1041282.5870092562
3740,1382782.1585651909
3741,654609.8346289977
3742,1478081.5906223578
3743,2937328.4358643023
3744,615904.9488235208
3745,1640981.7170871613
3746,545802.020005784
3747,1000518.1515723019
3748,1171892.4161930536
3749,540794.4879692653
3750,250910.1989959872
3751,788788.4912720834
3752,839998.5875540131
3753,1338230.576395069
3754,943052.6198922073
3755,671863.5246426603
3756,895370.2898446121
3757,985425.4698006226
3758,1303351.6314975154
3759,1121690.4211383176
3760,741025.5457720406
3761,618107.8014247066
3762,979198.1372167842
3763,1032266.4305572794
3764,581224.7742418386
3765,994489.2857895372
3766,745432.4013761847
3767,1644748.0002906274
3768,1187961.778538013
3769,544668.2486161214
3770,1273018.3898102057
3771,973898.3323154872
3772,641354.5146341084
3773,415813.6521252819
3774,586448.0477145254
3775,1308689.8839816921
3776,1074205.708016241
3777,1224602.6706063687
3778,501055.6097547617
3779,1542198.5761490595
3780,1351083.1138541496
3781,1316951.558419
3782,1681671.31077001
3783,774585.6331169065
3784,1852979.3846870586
3785,675752.7302555201
3786,1081281.4497593087
3787,830255.2784034781
3788,560832.0337271062
3789,2182517.394783752
3790,1860022.1635932503
3791,1366392.6136055365
3792,1097008.1878550302
3793,655586.4418241428
3794,925941.551035321
3795,500450.9795863531
3796,1020340.72833688
3797,770624.495258887
3798,1364871.7972743865
3799,667175.437469822
3800,992157.5507780901
3801,592147.7765884293
3802,310131.3197600461
3803,696277.8062788611
3804,1101842.2890463755
3805,1388556.9947447344
3806,525891.8306630685
3807,1319547.9404789428
3808,552598.8425333524
3809,721353.3582028873
3810,1331189.1924810444
3811,730641.6049381864
3812,579321.8779547055
3813,420951.72933999036
3814,972167.6509710697
3815,536552.6580654084
3816,1460030.2864390702
3817,666622.9691015984
3818,1145867.537077011
3819,551558.1461346536
3820,325508.3547437338
3821,811032.3034291776
3822,1531132.0610323248
3823,1401341.5849130745
3824,990910.7405061095
3825,507698.6284402119
3826,780011.1367563382
3827,455743.81391179
3828,1720949.2137345888
3829,673361.0477286064
3830,482036.2841109786
3831,1891799.3185108576
3832,1028396.4271451811
3833,2290153.587403412
3834,451170.6357152873
3835,1280245.4567144495
3836,848371.5592784944
3837,479845.05055368313
3838,670678.1014061011
3839,431765.8233945334
3840,1368041.9012985968
3841,580438.4135573088
3842,495607.7907262263
3843,667035.3186745773
3844,440807.8342548312
3845,776514.6376492936
3846,1145262.6315816464
3847,657984.12686103
3848,1912081.3065437872
3849,1439670.246751798
3850,999659.0887532313
3851,818696.3275395097
3852,584959.6931424285
3853,354349.28828848654
3854,2038820.8240534517
3855,1215399.3126695463
3856,1009207.8028257973
3857,1028815.5170786035
3858,1257445.766510984
3859,783537.9527787152
3860,656851.029018702
3861,949353.2611621232
3862,1266368.2334900247
3863,662865.1100321834
3864,530936.9188459401
3865,1635202.9119334416
3866,1376592.301586428
3867,1055289.2229498723
3868,1460125.4393990994
3869,746944.2185538487
3870,641851.1412767546
3871,771291.8240169024
3872,1169852.120221092
3873,2273870.589866774
3874,887247.3888193184
3875,2775120.691979296
3876,1317460.9278442431
3877,1019389.2834085365
3878,1880471.1407861102
3879,417984.75438547734
3880,689513.3826885866
3881,1283029.4821333454
3882,981231.7462856937
3883,723553.301339381
3884,1116250.8802323677
3885,652788.6737575901
3886,1192014.4364943039
3887,1774816.4574884928
3888,2230433.4616742954
3889,315135.6540060728
3890,787779.7335440931
3891,1485795.1262540428
3892,1373973.6496224985
3893,556215.6654718318
3894,696051.6539710616
3895,515198.2707944481
3896,616202.8045568793
3897,612347.6713001193
3898,424323.69347145665
3899,954881.7711089178
3900,1240837.806748931
3901,1105350.312934352
3902,1656256.2891211952
3903,776637.203166014
3904,427006.24418574345
3905,795579.1751003185
3906,1012466.9762282299
3907,2297749.2935618833
3908,1149214.196557364
3909,1519703.7080504622
3910,974508.9020965627
3911,729927.8235712999
3912,1335031.6294662575
3913,1637564.6059722153
3914,1038309.4453432623
3915,412299.34477315604
3916,885644.5701971841
3917,516842.06511829013
3918,693941.013357425
3919,1172481.8930237815
3920,927196.2446799675
3921,749932.4094903013
3922,1317364.8957102073
3923,655307.5954611541
3924,554135.1806648291
3925,1867040.124648185
3926,509024.775729886
3927,1833864.219585855
3928,573469.4283214713
3929,447926.63564821315
3930,1129998.864717579
3931,912402.9813993548
3932,611254.3424514235
3933,2189492.949559785
3934,808763.2640240212
3935,1295340.6608111053
3936,633577.9052383519
3937,2627956.868075184
3938,1022144.8118217087
3939,670926.2856913197
3940,428722.0822948456
3941,1331029.1580698115
3942,744309.6414802899
3943,991430.6236473083
3944,601812.2600967046
3945,478257.50327277766
3946,588466.6598885519
3947,727503.5120693952
3948,1960089.5125348098
3949,503248.8040074845
3950,1122668.718382126
3951,2679163.9790090546
3952,593173.6662342409
3953,996216.1461402994
3954,360218.8838053599
3955,493485.5250458228
3956,610793.923483282
3957,750688.6900382049
3958,2140741.901325351
3959,375675.49429125676
3960,665866.5440601269
3961,1125720.5198957033
3962,1266790.5211527755
3963,1921379.8311739613
3964,1129443.3088481894
3965,960007.0427405324
3966,1096919.9298457527
3967,651414.8409152745
3968,2644195.0732679944
3969,495391.07146172784
3970,1070582.3397121376
3971,1213914.4988962938
3972,878166.8173072011
3973,958845.899180646
3974,1163057.322655825
3975,663223.9095989716
3976,923607.0395006571
3977,929056.1979585305
3978,2933940.1069297437
3979,532847.6104952822
3980,676177.8326935533
3981,919955.1428486434
3982,484869.5445674762
3983,632483.907850173
3984,608761.1172457839
3985,1625913.1747067308
3986,902440.0595881966
3987,2019365.1277404614
3988,661303.4412152222
3989,569594.8493107129
3990,1423668.1071699762
3991,447906.25618269434
3992,435437.27699255216
3993,860143.5952711169
3994,842631.5212641977
3995,1200280.5506420399
3996,915633.0543329915
3997,1073117.6274595815
3998,881476.1813808397
3999,1391788.3696299691
4000,619858.6214079021
4001,1421284.9532273407
4002,1415202.6262176752
4003,3076385.974689568
4004,3400035.4118649047
4005,981708.5718851208
4006,1254322.4934682825
4007,730819.50056614
4008,1359624.5499154073
4009,478188.65538816235
4010,495265.9038478748
4011,1133254.090560931
4012,683465.5915605045
4013,1240496.8059493792
4014,792380.0982789629
4015,1726346.6624589614
4016,1004409.6222119819
4017,1112758.3500747383
4018,631118.9970397416
4019,791833.8942093023
4020,1154446.350655766
4021,1881249.5036436885
4022,930313.9644871235
4023,1904962.7924216979
4024,903614.413200077
4025,1162062.8216888022
4026,1111098.1954262014
4027,1914923.4764810267
4028,912618.8801125768
4029,1551766.8451362136
4030,1295377.9797709903
4031,902044.3214986667
4032,1313163.3825221285
4033,574045.7965442274
4034,1145542.161524043
4035,1148511.288962255
4036,478216.30776439817
4037,638138.1539729512
4038,829450.117746851
4039,1109990.2037302272
4040,1387787.8135523791
4041,877068.971385358
4042,1147841.8472992743
4043,851966.6850547658
4044,1400552.9561652404
4045,1002466.5678062785
4046,1258223.4620454493
4047,810052.8415885222
4048,714452.7734253715
4049,1961510.729197808
4050,913927.8077795472
4051,369005.71340944467
4052,1217437.218509793
4053,678002.1404008383
4054,362524.11965716764
4055,842840.9945239788
4056,991658.1755402562
4057,1004665.3386540058
4058,1719258.445366526
4059,356352.2295668222
4060,1429147.5401669163
4061,768784.656914591
4062,644829.2820579988
4063,648851.4861762164
4064,1744092.3166794933
4065,1795298.4907340487
4066,659042.6639212613
4067,1930148.5420827393
4068,1694176.7528808103
4069,818578.3871203106
4070,1695700.796324605
4071,885288.0613454696
4072,533617.6488521361
4073,1812147.7912677587
4074,2953620.9587628343
4075,1654553.873310068
4076,1330700.3516666333
4077,1977319.3521265697
4078,1236731.1414283584
4079,403302.87410602847
4080,569248.6493378795
4081,1688035.5365182299
4082,772290.2163083295
4083,655531.5725076903
4084,887407.1871092842
4085,384142.39977873466
4086,2044663.4639050995
4087,657344.315785774
4088,722939.0529625121
4089,378697.85199052276
4090,1784272.7113603093
4091,1404982.656974538
4092,979106.6465506782
4093,1679493.0645999645
4094,1091222.0654297904
4095,449472.96791151044
4096,785874.2989668747
4097,1263738.5775482783
4098,212724.8897016531
4099,537896.9291665597
4100,1248844.8353774832
4101,1415391.5438029459
4102,1905780.626349738
4103,2085462.3294553007
4104,683672.481401108
4105,1511423.6797598472
4106,1335646.2662956568
4107,1120444.2652699635
4108,875095.8165139561
4109,395882.0434520252
4110,811776.3184988373
4111,1360795.2943966424
4112,502127.76527741173
4113,1072819.4784811977
4114,1725728.5834377552
4115,1802579.539648524
4116,1138626.9125632315
4117,2862421.5429894202
4118,979497.9995520242
4119,639733.0922745469
4120,1785841.3523485328
4121,2611842.164407825
4122,1400837.7910928372
4123,568907.9452152575
4124,1618459.9929683881
4125,778246.3895147162
4126,359685.94643571356
4127,1501656.9046689004
4128,1064497.126117034
4129,863856.6964636472
4130,408110.7768694239
4131,528637.1101369511
4132,792823.638959943
4133,2894268.9963910654
4134,1259571.8267735043
4135,1329946.3303178695
4136,2367619.9243367235
4137,344643.4245064976
4138,1190590.5448230756
4139,1425743.1668786611
4140,528814.3095223344
4141,576975.5113779738
4142,440074.6713099882
4143,1123448.2382196484
4144,1056229.6436130765
4145,946197.6311200772
4146,1392944.2236654467
4147,1344473.3774720177
4148,2505969.5163192158
4149,613838.0523224431
4150,448670.02369929885
4151,1358404.1182443737
4152,1126606.2731020704
4153,2637884.6075720093
4154,673890.6276331571
4155,1264457.845608913
4156,1221560.0503110974
4157,684113.5228596323
4158,714636.3017085701
4159,736039.1403005589
4160,1852226.5055455796
4161,494097.89262080967
4162,577604.1157865858
4163,822792.2531598842
4164,1670429.4451473262
4165,717262.6928856429
4166,1351705.3793710638
4167,1345491.4797244861
4168,1724142.441170876
4169,583690.2253765685
4170,1197353.9522718214
4171,1469807.536250311
4172,806699.6412586357
4173,1313156.1098727863
4174,975069.7342954121
4175,1862477.269591204
4176,657834.2002097823
4177,889906.0579397295
4178,430104.08660761075
4179,371942.5119934247
4180,2155334.076111197
4181,1493432.0740993763
4182,1171725.5187050432
4183,1805158.615510684
4184,1213309.634017355
4185,383135.59001174086
4186,444215.3091824665
4187,680878.8177525337
4188,1590844.776874821
4189,1282389.913467813
4190,620487.5201967249
4191,695234.3340476521
4192,1347702.9131567555
4193,1548638.6446019523
4194,611034.0024231004
4195,678242.2546749301
4196,1110485.973987119
4197,637829.5273785604
4198,862756.8468175613
4199,517889.54544421996
4200,752937.4383685916
4201,1263670.079348725
4202,897081.2024398884
4203,1566890.5195097078
4204,409120.3728809116
4205,672693.8916655923
4206,749686.9071749897
4207,968515.5888280683
4208,1291478.603510736
4209,1082395.703433466
4210,672481.409686741
4211,625518.0413618495
4212,735617.9072427392
4213,1306023.2710895943
4214,476201.53837296454
4215,991579.1455430386
4216,1119062.468832303
4217,621460.5944534999
4218,669403.4352592903
4219,1135644.9399069387
4220,2154084.045376708
4221,532976.6817871785
4222,659042.0971983968
4223,1008848.9038948359
4224,1653463.8641643403
4225,770281.6754077072
4226,901042.1096155058
4227,1252523.5839303075
4228,1521659.122897379
4229,1310794.285799627
4230,807001.4679645812
4231,894213.6080474211
4232,607184.2542217076
4233,2420764.8428932596
4234,713933.3738187483
4235,587346.4888141344
4236,1236601.9240659466
4237,967778.1079432778
4238,514883.6354535535
4239,1996400.2286770318
4240,1193087.4993431591
4241,605161.1003588886
4242,874042.4056062839
4243,884250.6651190069
4244,1274982.0398699034
4245,1156450.7338475208
4246,1027386.3785361926
4247,4306792.803825862
4248,700933.3885865537
4249,1690175.2712426395
4250,712160.0685784047
4251,502922.0178304493
4252,1189422.010006848
4253,875355.4399365203
4254,304353.1331427108
4255,488941.50427401566
4256,1112452.1600532841
4257,493949.0776540211
4258,708995.2799734379
4259,1286078.6213059921
4260,802593.186698733
4261,533448.7280685091
4262,529523.0457630919
4263,2440272.989252834
4264,964811.5950696494
4265,728261.6148718147
4266,1322514.9930078425
4267,506388.7003655416
4268,863641.3930114806
4269,1431813.3893593987
4270,2055693.4961878106
4271,541308.1926545353
4272,1760290.4928163975
4273,1397100.895460137
4274,595631.4355687995
4275,972719.4267875145
4276,453982.324571905
4277,597205.3835819705
4278,992719.8958168749
4279,731220.8283219066
4280,848550.9169306675
4281,944855.331984036
4282,1449436.6891429236
4283,2710865.3814248648
4284,1333066.4096330511
4285,762502.6251483114
4286,286734.8749982408
4287,530414.3553295764
4288,558517.1677491579
4289,397979.2309011814
4290,1150224.7237473107
4291,1330166.3921857176
4292,473249.2461390423
4293,905059.0469841838
4294,1723022.1707583473
4295,1157241.6329792049
4296,1149626.9311811363
4297,1022510.9776345061
4298,662223.1639526339
4299,2140289.533479014
4300,1352328.3886469966
4301,1003363.4567012823
4302,602219.1128996311
4303,1000002.4515902734
4304,1082228.5547319846
4305,769852.3389951078
4306,971986.0570315872
4307,1148937.3624281278
4308,577845.547633918
4309,990718.1376888714
4310,979152.9605767902
4311,1880321.1931916678
4312,541375.2780682388
4313,1956610.1003152044
4314,379558.13438570907
4315,521207.4063540611
4316,617509.8616257973
4317,902097.9257385263
4318,752637.4232430238
4319,497842.0125619945
4320,860547.5977983377
4321,686313.5882834758
4322,1869427.9283574983
4323,623622.6602493303
4324,1678485.2083956709
4325,387079.37846721546
4326,1597600.5961534558
4327,627651.1027593825
4328,554147.8508740192
4329,710814.8804142121
4330,799950.9008815942
4331,653674.8527711361
4332,633958.0518154135
4333,605185.4276714892
4334,1256560.3907029512
4335,826427.3783250699
4336,1138283.2749135636
4337,997106.0356303515
4338,799857.1627753269
4339,1133549.4886061905
4340,1364515.6393030714
4341,509023.25264925323
4342,2138647.263248671
4343,1185862.388894329
4344,994722.7430383682
4345,974959.0145424174
4346,1269954.6424036496
4347,502704.21155749186
4348,2536793.5608684435
4349,721624.0630179169
4350,411241.5092024849
4351,607673.65329022
4352,1308379.9576142032
4353,479202.2725686841
4354,546669.3260442466
4355,541007.9700767067
4356,420580.7881886372
4357,1467067.475139882
4358,639325.383913951
4359,829628.2842454159
4360,736479.1043698202
4361,532202.5938654715
4362,1653839.3484502945
4363,799384.4584574621
4364,815198.0088402872
4365,873369.2485649064
4366,1044485.2817253349
4367,685725.0938253549
4368,896539.048299215
4369,1227938.6068592877
4370,834403.4979692174
4371,463629.71397260734
4372,1041633.4200883701
4373,958082.4312357277
4374,663254.700296701
4375,1143015.4371780495
4376,906229.2368861341
4377,1630582.0253554625
4378,1467673.4514940982
4379,730291.5731245287
4380,802540.4013360449
4381,817498.8073674142
4382,1071719.2994084682
4383,764105.5641133855
4384,611095.15074185
4385,1160167.600457625
4386,503137.3955860914
4387,1144313.9861525074
4388,536091.8652959979
4389,1457627.5150558033
4390,844546.6554455204
4391,1537289.8392671214
4392,1148864.6632224063
4393,845301.1349846468
4394,2065766.228582274
4395,495217.4849541079
4396,780924.7071152228
4397,1356765.0222552228
4398,893387.300652209
4399,938880.9607017912
4400,588883.7863300137
4401,1288459.4672724758
4402,782122.0964826748
4403,1145517.7780764955
4404,997316.8985055734
4405,524184.9219795021
4406,461004.78270795115
4407,932999.5162128754
4408,564494.1647502936
4409,1378179.2029559442
4410,956347.7763901735
4411,1101322.2415811378
4412,1909740.7468730127
4413,873058.5735065471
4414,853187.7004345611
4415,1308133.3575325701
4416,2833132.094910549
4417,833719.3507018369
4418,539321.3897841076
4419,815599.0206428847
4420,881410.6971316963
4421,1420543.9634046012
4422,879627.6565211999
4423,504741.3718578196
4424,496452.75872134906
4425,667619.0018685118
4426,902309.408870231
4427,590407.1181717333
4428,1433886.7344848409
4429,625769.1440381843
4430,1277240.9723988136
4431,1475567.3446670903
4432,654702.7907048208
4433,1459067.6103814149
4434,408376.0930961223
4435,805678.3585610704
4436,502381.00835075346
4437,1266948.666031316
4438,1237270.2909381208
4439,1257720.2012227636
4440,796220.6600361172
4441,1019360.6640614478
4442,690425.4018386072
4443,993171.2052451605
4444,528101.8306596336
4445,1093883.3503129038
4446,2531109.2667538733
4447,648945.8298000211
4448,1018791.795863855
4449,999427.3385844366
4450,599803.2971570664
4451,742993.5482431472
4452,325987.1244828537
4453,587668.2846703959
4454,1775580.4057840942
4455,738265.162398986
4456,2890808.975482263
4457,1154739.9634838793
4458,702760.3413254009
4459,945608.733038031
4460,569436.0962502499
4461,2198195.6614572676
4462,919287.6100818794
4463,421139.74116533983
4464,335263.90043713717
4465,633074.9325520641
4466,1030309.566375446
4467,1215396.8071402342
4468,577854.968608471
4469,743826.7096489217
4470,954959.8012706747
4471,1145531.3798738292
4472,1139016.539972964
4473,689842.4077002805
4474,1281449.3380693751
4475,1297088.2095719879
4476,297316.6294460416
4477,559124.8861921844
4478,1485206.3229457631
4479,1762736.9864133203
4480,1847249.799088536
4481,562378.4929590081
4482,1061623.5386429385
4483,1153521.3555756058
4484,832372.9313484913
4485,2126999.660280357
4486,747702.8730384414
4487,1263753.6510497865
4488,847536.9024016112
4489,1207155.4139383996
4490,2685152.7082497356
4491,1117375.2324714581
4492,1178878.6739855818
4493,674276.1103199233
4494,543823.8063334201
4495,1097089.981477216
4496,640122.2443957868
4497,458134.94248679583
4498,980930.5859331836
4499,1259357.755287853
4500,650078.2406192921
4501,760025.0218365049
4502,1377197.8823127213
4503,1290498.8080371714
4504,1266868.1028571217
4505,1412879.7344523675
4506,1050589.08024664
4507,946166.7389801649
4508,1524276.3440499983
4509,527630.7849953171
4510,1572902.8844088982
4511,3291448.8900745893
4512,508177.4822256799
4513,1740805.9669068686
4514,2537536.384047299
4515,985643.8567196552
4516,493811.9591628368
4517,406126.48924848915
4518,2211240.8485726565
4519,2111637.2160097696
4520,2101153.113723789
4521,1133453.731361322
4522,920493.7264947578
4523,221729.44489300912
4524,625676.762208309
4525,557066.3771936774
4526,1474754.2969889208
4527,2220385.091523246
4528,2235101.925209616
4529,2515832.336904694
4530,2170249.727293974
4531,4118747.3383926284
4532,1563510.2698900758
4533,1557891.8128588179
4534,854734.0860937444
4535,946670.9875383829
4536,709179.1129262932
4537,1269788.384287557
4538,935035.1843506068
4539,983663.9388550734
4540,741193.8455295945
4541,2727688.6637800145
4542,981841.5712057605
4543,547654.8131205823
4544,1288812.5602338864
4545,479163.489766911
4546,482002.2838171348
4547,722235.0901199995
4548,1596663.4370190278
4549,724079.2055412104
4550,1243483.6278578273
4551,1482580.4774395833
4552,763361.0038271847
4553,1452511.5695898817
4554,714584.0861190651
4555,702918.3045642275
4556,1337056.4212499997
4557,954359.367884457
4558,768983.9752709123
4559,1505340.0927461733
4560,1616757.025002188
4561,918317.0058316068
4562,862162.1831959137
4563,1349934.9231017237
4564,1223681.6477448582
4565,844956.8586855951
4566,1098212.5957813584
4567,698591.7663016404
4568,522351.4156847297
4569,258036.9959840743
4570,679667.9216820839
4571,1936405.434375607
4572,1795971.8384590752
4573,1665704.5593578762
4574,1595630.1361750723
4575,2240073.5111373435
4576,2032287.47567564
4577,697684.7443139398
4578,884338.176606057
4579,1332204.8674920755
4580,715669.0421404873
4581,631180.1241800723
4582,516293.68881904194
4583,429973.7328866957
4584,251425.4512597316
4585,1448986.5237619344
4586,546510.7697375373
4587,741641.204774141
4588,933418.5456533544
4589,1407857.2653442803
4590,1017673.1465297684
4591,535806.6646623143
4592,877083.9180013129
4593,2151094.245335794
4594,751584.874443244
4595,319893.16918416513
4596,403454.2308473833
4597,524616.4802502167
4598,864099.2128888937
4599,414839.4777456651
4600,675707.0862721895
4601,565223.6084206535
4602,1503218.463277988
4603,384981.65595987433
4604,1326220.478327385
4605,616654.9983821571
4606,1337707.0658672417
4607,1685094.6136132816
4608,835335.0559930856
4609,1101521.6185560354
4610,637769.029671379
4611,841064.0027604558
4612,1016742.615346369
4613,750235.9364157268
4614,1313543.5932986948
4615,757118.05334941
4616,1403585.4799349788
4617,1217222.8456257586
4618,1291331.6000553104
4619,1203953.9207507374
4620,1082447.5452995668
4621,1375945.9238342298
4622,408430.0248977609
4623,2349167.068338062
4624,1707138.435284529
4625,649125.9284214821
4626,2181142.0543255056
4627,1046242.5513299629
4628,875198.7190497189
4629,1621732.0313362624
4630,605884.1065574982
4631,693518.1044244099
4632,1055952.4739040579
4633,473322.99550246034
4634,375244.2788873477
4635,850454.9405694254
4636,2561101.2350411047
4637,463854.1437878501
4638,842842.6552992241
4639,474430.12045079
4640,1293388.5633695158
4641,1330187.223228363
4642,783296.7827900342
4643,1304445.0878908485
4644,661336.3449888837
4645,1239117.7783779849
4646,2174267.960198521
4647,1171699.4469019468
4648,581164.0014173536
4649,1601423.9286354065
4650,1100501.9345142725
4651,1049456.1728592413
4652,1971286.1950619458
4653,602042.2232413038
4654,726742.006670058
4655,2805007.5820739088
4656,561058.3090925908
4657,752228.5281480608
4658,1722835.821212313
4659,916385.4751641157
4660,511111.58161449526
4661,449778.97163269966
4662,749959.7974534916
4663,682254.8948032535
4664,870009.0993020141
4665,520387.6535142483
4666,1066479.4190119358
4667,1331078.5082476179
4668,1702113.421579846
4669,980872.3522285988
4670,1461261.7024825467
4671,1714671.1551601985
4672,729214.7780388993
4673,737251.4752124781
4674,309110.22528803657
4675,425911.09353804076
4676,603761.4073197909
4677,2076655.8471772121
4678,1042759.9990784226
4679,1089660.1853587313
4680,1136543.3940294716
4681,796992.3391425987
4682,1331252.8108958378
4683,766070.8261504964
4684,681364.4971133682
4685,701985.4646271284
4686,1010470.2729586036
4687,1604276.1177093496
4688,457176.16317391326
4689,1004576.5312069952
4690,3984007.651522047
4691,2506508.1548819337
4692,1312099.47942931
4693,1222477.7161215795
4694,1686244.2631178715
4695,1798440.8354792541
4696,1574300.9628979377
4697,1745380.3691143491
4698,590124.1975903834
4699,1231466.2042347942
4700,723187.8284939034
4701,998028.3007944322
4702,1583528.8146797288
4703,793387.9462657496
4704,1124870.9456832542
4705,370039.00778431725
4706,401563.4118447406
4707,1206867.4862477176
4708,542548.9173280912
4709,927391.1844948163
4710,612452.8022285511
4711,429999.7190665806
4712,1352016.3857713875
4713,601079.0236084792
4714,737721.4142338246
4715,2798186.2116002464
4716,1582688.6453441721
4717,572440.5579494603
4718,2135937.050123894
4719,643280.2619606472
4720,1160406.528883031
4721,553208.2748655829
4722,2297169.3440175117
4723,1132900.3044549937
4724,867559.3204759492
4725,685470.3864003976
4726,1028370.6072582813
4727,670969.3923052214
4728,1230295.7711971812
4729,1269791.8191057257
4730,1171931.511147298
4731,1723535.8716995458
4732,628370.5451207464
4733,2300982.9270139183
4734,470523.8698256247
4735,1049474.6348333058
4736,494987.0158892378
4737,662813.5864484276
4738,1434556.2379101168
4739,584025.830247899
4740,639395.3790363836
4741,582531.3721737444
4742,408226.7457137015
4743,2437390.062192992
4744,978309.8002610627
4745,1164213.7150057594
4746,679486.3091124151
4747,469742.1277795976
4748,1942970.085928537
4749,1882034.7465674118
4750,785554.0289664
4751,1396268.6498783058
4752,1337572.0564954327
4753,732476.9749913736
4754,873242.4501900334
4755,882101.3764857696
4756,720074.7188001289
4757,1036745.4260940519
4758,1548436.63178265
4759,1819495.0397110835
4760,929451.1772124158
4761,563818.3770919616
4762,1204311.052862805
4763,1929626.33586239
4764,1076444.1603190629
4765,1288001.6612834388
4766,972043.1971826241
4767,987283.9158725018
4768,834871.6429653506
4769,608610.6142811807
4770,790971.3950440382
4771,1044782.5428834502
4772,1968324.4962928048
4773,711627.1697192801
4774,539205.4300085901
4775,796581.5533089144
4776,2003134.9464668506
4777,622928.1241958534
4778,637581.7038007143
4779,1514602.351780783
4780,786589.4436070266
4781,868035.7099311043
4782,820405.0353862128
4783,513138.55976312514
4784,1148150.4317841385
4785,1719187.5644920159
4786,914222.6562906597
4787,1210206.7085112876
4788,557331.628192238
4789,522541.425743102
4790,938935.6969200203
4791,978435.4450976554
4792,456595.7638481282
4793,963774.6802420209
4794,385032.5115830159
4795,583905.7347941846
4796,1120645.01677939
4797,1520879.8037637556
4798,1147679.356500149
4799,742260.3034407527
4800,2115301.1373108877
4801,681477.8793402972
4802,2941254.1537029776
4803,315397.7710369017
4804,704822.0856221196
4805,1245549.041479734
4806,1071117.394875055
4807,2969497.608765898
4808,1548149.6215181793
4809,560782.9346598261
4810,2296377.4165483313
4811,1197023.7337776008
4812,783591.3101609923
4813,970236.1083381153
4814,1411825.7224975254
4815,652137.4324964451
4816,559288.2068043501
4817,397066.09651370556
4818,737059.3762253707
4819,1536990.8886412038
4820,752444.009101252
4821,1001698.9411928231
4822,663613.1517259866
4823,1309327.4330963
4824,327464.8795764697
4825,865777.5340275359
4826,832956.0710071184
4827,925337.599174979
4828,1329043.4167819296
4829,779342.168463927
4830,978421.6142269104
4831,1745294.890293849
4832,1159538.7761428454
4833,1066313.957150887
4834,1143489.5877878303
4835,644762.7846813913
4836,1022495.5467006023
4837,470317.0757022481
4838,1892729.757573164
4839,870452.7177355591
4840,1145332.6570239142
4841,2613095.680040832
4842,1257638.9104330554
4843,695316.0494520878
4844,1158060.032487653
4845,1542707.8827507016
4846,823473.4155579311
4847,979924.9317291261
4848,980600.2791173349
4849,628424.1032755878
4850,2374691.6209979504
4851,1352717.0809359557
4852,643075.3400540809
4853,999508.6496075847
4854,620460.2650449744
4855,644514.8096665292
4856,666758.8076958474
4857,430009.6110642307
4858,1385854.0561972747
4859,645332.3858323795
4860,842890.2766529699
4861,569311.7227259
4862,663738.4600395738
4863,548364.5264389726
4864,608329.1192825938
4865,1696261.8212368768
4866,693253.8078979522
4867,487174.8396015319
4868,1249131.9238824872
4869,415139.04746574035
4870,1547322.3554041823
4871,712684.8762737829
4872,3370694.3357182345
4873,960542.9970209477
4874,664864.8402023341
4875,1125773.8110235643
4876,1063675.687684094
4877,1097936.763983141
4878,587545.6223584637
4879,873116.0445143338
4880,1338067.6991501695
4881,1236824.7574328913
4882,796671.9665444406
4883,584082.9754250896
4884,2754073.5959289647
4885,835420.4589672228
4886,1507926.79457004
4887,1245639.0972814378
4888,995203.6343551648
4889,1070849.706856838
4890,932239.5440607665
4891,1955130.0268628919
4892,594574.5854401046
4893,801614.482269298
4894,1119741.867448846
4895,547080.046961914
4896,1065432.7006566804
4897,417915.0687611204
4898,690381.1925200175
4899,511677.0158463358
4900,284694.34168991074
4901,876916.209838151
4902,1287929.153451535
4903,1877436.4764709547
4904,966350.1976491375
4905,730561.8744869838
4906,925577.679063902
4907,1260590.3921760542
4908,693498.2271376408
4909,1162216.742491882
4910,370944.145159569
4911,1474754.2969889208
4912,1155548.8262166865
4913,521991.79529733607
4914,622228.6301687136
4915,1038698.0158724429
4916,682908.8414386869
4917,781572.1964803714
4918,1245626.6035785573
4919,916759.3600709091
4920,524850.8039278381
4921,574978.1281463142
4922,1248199.9983733345
4923,840287.1237997855
4924,1035169.4998306888
4925,746274.9011282973
4926,1357717.1028036552
4927,2541426.3926189397
4928,1063232.1580329412
4929,1607882.5100692622
4930,1020385.503938009
4931,634214.6298304641
4932,1044542.5146393715
4933,656345.7229258546
4934,959473.4761009862
4935,769691.6077899297
4936,498946.7441388807
4937,765650.9726227074
4938,768394.0178387306
4939,722960.0111257461
4940,3084644.157585452
4941,702966.6162664493
4942,929792.2140473201
4943,880536.0130110173
4944,1324128.4668443827
4945,1176607.7332556972
4946,792286.0038988153
4947,2116698.6267241295
4948,548778.8528310049
4949,825377.5657194298
4950,1221128.0584185778
4951,2077181.9812275874
4952,723763.8846045384
4953,1003700.7744942547
4954,602252.6215281363
4955,1078874.610744611
4956,1063672.2812178235
4957,497871.30577315186
4958,689871.3576572082
4959,1980824.7874628277
4960,1251674.6869396775
4961,1563359.6082281733
4962,1202280.4394035726
4963,1409870.867515182
4964,761810.4173644091
4965,1347926.3948289002
4966,614456.7839454222
4967,789229.9607870065
4968,1314690.7883139406
4969,1073048.9077738447
4970,575718.8275741151
4971,652929.1561691576
4972,1120705.2532187724
4973,2002295.1060939496
4974,811458.1114522575
4975,561869.6041887333
4976,1518522.8193599102
4977,780530.3478374617
4978,1347481.409729869
4979,1594913.2958911785
4980,897974.2334271335
4981,896537.2051761642
4982,810918.586188783
4983,1299231.1325787173
4984,1221311.1095909849
4985,780168.259588228
4986,1167002.1363946302
4987,2383906.208962459
4988,1168860.6734625995
4989,669994.9602929244
4990,1431390.643639385
4991,1404440.2569736226
4992,1318071.0491538697
4993,552700.0884857266
4994,646298.730412917
4995,739261.345773732
4996,929895.7064117343
4997,1003610.0975089256
4998,2063211.8017057565
4999,888378.6699637665
5000,669640.2587421361
5001,1023452.1942176064
5002,1899179.8738905033
5003,1797580.5564930413
5004,932504.3326652255
5005,1278781.3192265418
5006,1196719.112851864
5007,499837.2907966523
5008,800808.1955333707
5009,560798.3997343242
5010,1368177.7595107807
5011,2414032.5571143692
5012,329522.7685869439
5013,841185.13229333
5014,1134295.0790680307
5015,3072687.7460662285
5016,688043.1028304276
5017,1043799.9325438808
5018,1312928.199299614
5019,2202941.8271256373
5020,1747496.8806117051
5021,1631309.9663615208
5022,1070443.3681149078
5023,1291397.356536958
5024,375737.7916598833
5025,1582183.4951346796
5026,1019463.6391509529
5027,471587.2201621789
5028,785147.9997118837
5029,1296448.0752869917
5030,559350.947312334
5031,1084782.2835499626
5032,1259750.0074944189
5033,929169.9419952778
5034,1035011.3745097928
5035,564772.7510952138
5036,335327.5643999777
5037,580551.7423502356
5038,2741330.6622223975
5039,1874874.9147705743
5040,704020.0794552055
5041,449307.41970319394
5042,1362072.007695318
5043,1119870.1244098023
5044,1108987.037112627
5045,531626.7041236656
5046,2196165.003708143
5047,639964.513702725
5048,899936.3729114654
5049,757531.0126385523
5050,903633.3095275357
5051,1329236.94197084
5052,1820498.8400850343
5053,647079.2371704055
5054,1057735.4098726348
5055,766600.2834866649
5056,1258085.5532566074
5057,1252197.2692329024
5058,639367.9294192428
5059,1280539.7022927678
5060,1344226.453590706
5061,616146.0456214986
5062,1066852.0748638324
5063,1602697.2123398094
5064,1339751.9418190415
5065,1497083.52386327
5066,409010.0896996659
5067,845882.3887130618
5068,950312.1303275172
5069,964771.2580779096
5070,1929641.1023887848
5071,515985.6860317419
5072,385780.9270350469
5073,702801.1350208955
5074,816989.3347178014
5075,495531.617258836
5076,1022069.1261446315
5077,758470.7189024471
5078,538263.8569597463
5079,541371.5901371366
5080,794248.2322946311
5081,1525800.917446392
5082,1149233.219183099
5083,2926645.116536325
5084,440144.6051347354
5085,1319022.674144012
5086,630826.2578778676
5087,1088910.4193239107
5088,2414241.4918150157
5089,364535.053381855
5090,532639.770975644
5091,666786.9233752555
5092,498401.86607243447
5093,509261.3112681394
5094,755967.6041057729
5095,1889715.1336878766
5096,1973177.5659294275
5097,1394729.693114612
5098,653918.6132710188
5099,1430631.3045240273
5100,701479.3050237619
5101,2434073.8761522966
5102,1158675.488378603
5103,1134476.960240454
5104,1345731.4817750663
5105,557358.1335295866
5106,572099.7980562415
5107,371129.6786936438
5108,767219.553554319
5109,678626.032332607
5110,752827.6503628284
5111,795281.7414070799
5112,608786.3736468072
5113,1068622.7885795054
5114,496362.77553387947
5115,1043380.9791516946
5116,824124.3644794953
5117,897559.5107528833
5118,892171.1364723103
5119,1301174.3336035782
5120,2172216.9999121907
5121,842038.2094438585
5122,388817.17116444354
5123,1027666.8425129781
5124,710158.5566437795
5125,754400.4443956974
5126,424906.7239007705
5127,958189.9601946762
5128,831517.5793626002
5129,803273.4701133192
5130,997777.87112687
5131,1137680.9207735823
5132,1402485.0296298151
5133,2411968.1712183915
5134,921883.2137156279
5135,1190216.1632101538
5136,1728444.537622709
5137,717024.7945144965
5138,1867093.0131891603
5139,1969088.7510598304
5140,761311.1982260509
5141,986377.895511586
5142,2397504.114079545
5143,1190401.9043858396
5144,1102715.4030128673
5145,576662.725368766
5146,740415.4178308881
5147,842850.4528836446
5148,1649614.125946926
5149,1085956.0901877247
5150,3261925.0358597804
5151,606516.4304890984
5152,1878925.8622847025
5153,1343832.4477714482
5154,1280901.2136298318
5155,1014958.424900486
5156,1160512.7936875836
5157,2025076.4839035135
5158,834133.9326608932
5159,1031756.8692028252
5160,1458497.1395473038
5161,514318.44393798406
5162,927256.4273325461
5163,1320130.6318389256
5164,448474.63325224747
5165,1719873.8328238814
5166,1240138.5198382963
5167,1886440.0636299455
5168,693295.1816326749
5169,962530.233741683
5170,1058704.0175258655
5171,964371.1140441409
5172,917886.6007270934
5173,862604.8141411677
5174,796280.4460691805
5175,768876.0383491043
5176,759070.5617343849
5177,445720.5572413191
5178,793966.6837743568
5179,986083.8193669132
5180,1054725.7131113776
5181,1068046.3708639569
5182,1093365.9989021937
5183,547003.3086709359
5184,1635926.8258256884
5185,823260.3931757397
5186,1435416.165353875
5187,457196.2432958208
5188,814378.4555265532
5189,815691.5633511062
5190,922297.3164880542
5191,1180776.5885967603
5192,1424439.7031255052
5193,1234688.9853365247
5194,600552.0704947052
5195,700217.7589140979
5196,1174026.4891240266
5197,1196051.259767811
5198,1496973.868085981
5199,1086514.169583256
5200,1323593.9132459282
5201,1881565.8758440537
5202,1057763.6723479244
5203,3053243.21415869
5204,1125969.1202091032
5205,1296278.7187984774
5206,1206279.498109049
5207,693346.3429662454
5208,955313.9288980884
5209,1796258.7655837748
5210,733551.440144539
5211,1410774.9980485472
5212,886052.6162486639
5213,1287961.8828297488
5214,859154.1930724864
5215,889704.6445506186
5216,1215556.927322642
5217,906637.1648705651
5218,793935.7638720222
5219,830541.4218211252
5220,1247134.0894466254
5221,493297.7142750544
5222,889012.6332880555
5223,1631702.6033402726
5224,3001262.991391753
5225,1852211.744041748
5226,966152.5020758621
5227,2326167.0415814617
5228,846097.7873527595
5229,939125.0760143102
5230,2115279.4332947717
5231,1231444.9544167006
5232,586717.0961935816
5233,2775564.7246167148
5234,1253603.1849925078
5235,827086.3235120577
5236,1020688.4896732885
5237,441766.6713261109
5238,501319.34600453975
5239,518025.6002909499
5240,675486.1278257137
5241,1074975.951027389
5242,636050.4220514799
5243,855949.3470899747
5244,410129.0040141043
5245,667033.3751900077
5246,2615982.0373026566
5247,1407182.682431391
5248,1657771.475853824
5249,439048.16040064796
5250,2559709.746393314
5251,824176.1745814282
5252,1081447.8355986492
5253,1097957.1538689472
5254,1029103.6624703767
5255,1718523.17010074
5256,693337.3864897758
5257,805073.4822534246
5258,1163521.117315935
5259,2408623.730593053
5260,658500.3751196307
5261,1595616.6921232778
5262,1679590.1162418444
5263,632098.7028477087
5264,1097613.5338567428
5265,608020.7861338112
5266,658073.3965483949
5267,775987.6026496587
5268,1460602.984723532
5269,818103.5170472366
5270,637262.7577249861
5271,1353813.7969285643
5272,2001917.7906046426
5273,1873492.8870491087
5274,1032273.1874405416
5275,1354917.7840287727
5276,1313224.1390906388
5277,1464009.5091559212
5278,604882.4590225936
5279,939751.5895930456
5280,590363.3406898692
5281,1595548.1301859806
5282,374149.3378186791
5283,998458.0511899485
5284,1615158.1562400833
5285,666239.7062974588
5286,867307.2711779621
5287,2344808.275251261
5288,971030.8295460836
5289,627290.769154324
5290,571743.2250050058
5291,583697.2407965399
5292,455315.39462939306
5293,835469.0662687515
5294,279840.204224445
5295,1177861.269795456
5296,1031728.7264952464
5297,1434944.8897894144
5298,1803594.2400277725
5299,2171919.772051349
5300,682565.3974836015
5301,300747.0616165097
5302,521851.90714498947
5303,1060478.881820324
5304,1288314.673314549
5305,2401322.827301065
5306,694123.231605733
5307,1082474.3714545995
5308,780055.4380952574
5309,1088688.1210422646
5310,617229.6976187655
5311,1282088.3110061148
5312,1152124.4616951852
5313,719874.5965166973
5314,645188.8732862076
5315,693760.0342172353
5316,858196.6499377561
5317,488984.9638418866
5318,448142.07184713945
5319,1196375.9603046481
5320,827608.6923681183
5321,579620.4587973657
5322,1285086.4360003308
5323,2950208.9058060143
5324,915483.1403741834
5325,1587952.8227634586
5326,402819.74237975036
5327,807804.1550199871
5328,2202078.002912647
5329,470580.20050441864
5330,2825127.262847841
5331,500704.1603221427
5332,623073.9640485235
5333,578827.3705673579
5334,764882.1974345671
5335,1664206.2361697322
5336,1685501.766312432
5337,1000703.8946217131
5338,1168544.2409556268
5339,670954.3138573391
5340,1280147.582033774
5341,1040918.559961996
5342,2686778.6376887546
5343,1657189.095962776
5344,1466886.7810901667
5345,1476118.3052014401
5346,403506.64158093394
5347,924969.8712241678
5348,1664374.6365414094
5349,485549.4380479174
5350,408126.6633278152
5351,486132.644460015
5352,1855922.5009986556
5353,989102.1798291358
5354,655538.6883913907
5355,576784.7213490906
5356,609557.3613499219
5357,1310875.4983936308
5358,566254.0572103893
5359,513704.47974603414
5360,896434.8686459004
5361,706718.7134278782
5362,893258.3792002081
5363,636589.1245118612
5364,382109.61281109764
5365,1035402.7182369505
5366,675847.2249906615
5367,416896.48333092494
5368,1033437.9699548718
5369,335547.7514310742
5370,1782315.6683297406
5371,1433359.5213105306
5372,668815.4172701683
5373,1058670.7734118032
5374,1183941.9180279032
5375,2116615.4679489923
5376,894701.6956113887
5377,711840.8696963246
5378,841338.7737445203
5379,673460.5778816337
5380,1134728.609543252
5381,948045.230669007
5382,219360.33753442712
5383,601674.7996508699
5384,1297950.5634784715
5385,1663561.92916157
5386,2332898.063572232
5387,601009.2594454223
5388,1414718.9824430642
5389,717362.2716693442
5390,1799303.2409940546
5391,1570591.7176672718
5392,639310.8776882956
5393,1392634.1404429458
5394,1294917.2221089983
5395,1946466.3479376049
5396,1338712.9508278929
5397,717042.7683953556
5398,787546.6802433189
5399,700708.0441145621
5400,784513.9440109022
5401,1004473.1809750098
5402,603662.3316409474
5403,1062219.4684530296
5404,633344.1176171792
5405,396882.74221584614
5406,591209.6646802282
5407,1233868.1474522268
5408,1300574.3581529646
5409,1685354.5024271025
5410,957849.7621421337
5411,1018777.3327003353
5412,410747.9058303471
5413,1880658.6848833584
5414,557856.6696162286
5415,658377.4975860176
5416,1192647.9875297267
5417,653465.2408597056
5418,1464202.1373122116
5419,681110.4669034473
5420,1306032.0099818588
5421,1643397.2551187456
5422,1218057.245910298
5423,1122031.1072110785
5424,1129657.5958660098
5425,678490.8879145054
5426,1897420.2062887014
5427,1070258.8214495997
5428,1393464.9373102428
5429,1105097.7490072197
5430,752613.2229505827
5431,1281486.0841615226
5432,1756614.8821404688
5433,545204.465809531
5434,783310.2632390902
5435,1369805.9628403555
5436,705303.2558024445
5437,982463.574603798
5438,1032524.2637957346
5439,1646773.0000114634
5440,1423747.8490011876
5441,841895.4085493645
5442,436979.8864581725
5443,643486.662782497
5444,1748441.3002507323
5445,1622236.1238972915
5446,621451.9793631425
5447,898662.633596696
5448,596500.5910612391
5449,974741.5402465167
5450,1441808.843485825
5451,1183740.8611778338
5452,818322.1020108664
5453,299866.94211003144
5454,474861.63232225116
5455,285935.511341754
5456,1014447.8934264624
5457,734812.3549539224
5458,1198183.1181298934
5459,1012652.025431146
5460,569666.0884663226
5461,1465959.2263000952
5462,421558.0069049906
5463,499128.0778491664
5464,647643.592974669
5465,881702.5174508706
5466,634247.0682384957
5467,742370.6157943243
5468,858284.674008301
5469,503646.35444837576
5470,834523.0679138418
5471,886599.9791725923
5472,1046857.4276583651
5473,1639262.106842294
5474,427275.97598907794
5475,608846.3769336129
5476,1558387.8581607037
5477,683612.7885030155
5478,1855039.4974539012
5479,686742.2788325263
5480,837109.6181541962
5481,2853357.4350576596
5482,929500.6355745404
5483,734299.2185863216
5484,942179.273789312
5485,995147.4960970624
5486,817737.4564770953
5487,905202.6645428558
5488,773893.6645953808
5489,1237391.673540297
5490,3451792.345618218
5491,510441.44874690275
5492,388898.28131336614
5493,1060248.4641071805
5494,781710.4257245688
5495,887010.1657921588
5496,828937.8345794794
5497,1687501.834811333
5498,992922.0916181181
5499,1511059.316424423
5500,1363520.4282571855
5501,1230027.1030838767
5502,954725.4461319296
5503,1302145.7287410628
5504,1109078.423709546
5505,1284306.9473273132
5506,747031.4387222573
5507,500370.99450860044
5508,1197105.5168504664
5509,2651890.5272175125
5510,629346.0795473624
5511,1279011.6920756723
5512,892277.9820155873
5513,1248049.3618965938
5514,876203.4278277245
5515,691150.6194277665
5516,1727357.652849116
5517,1136598.5307690524
5518,1236903.7999848302
5519,521715.1763125943
5520,1533249.8418912054
5521,931665.2369964531
5522,541660.1070182939
5523,674540.9703252701
5524,1240393.5299612754
5525,1523688.85250609
5526,1579346.5947288196
5527,1118336.795037677
5528,1401079.5961154453
5529,392907.731548769
5530,651447.2000451367
5531,1208026.1104229474
5532,1587721.1282361175
5533,374871.3823938037
5534,617424.8437091036
5535,505000.1556048427
5536,697743.9067728468
5537,2576794.5760968607
5538,1284882.4304001995
5539,934623.3134522946
5540,610051.2920675183
5541,1118938.25720432
5542,1362145.008849215
5543,2145718.169494714
5544,1883739.7344376866
5545,945812.9796067396
5546,1269316.4429447728
5547,1098666.9873167023
5548,417495.82534539036
5549,967192.0946690049
5550,395482.5812827456
5551,292394.34151460754
5552,869405.8753231791
5553,2243619.0265364125
5554,1827524.5061488969
5555,956493.6628260842
5556,480117.01379380364
5557,1022040.1408107878
5558,858125.9752358792
5559,1102815.8940600331
5560,2156915.0658249822
5561,741222.0253932568
5562,995700.4636634327
5563,455784.9734756766
5564,528798.1193964572
5565,691369.6519849298
5566,704795.0966720117
5567,2605176.522243731
5568,955819.4782905205
5569,1130453.6584907547
5570,637825.5111403584
5571,1645335.0737150803
5572,431800.2984581042
5573,1009816.3741729339
5574,1171091.4598888461
5575,1612427.3681789185
5576,582962.30809264
5577,2174135.7303045113
5578,485015.6497532018
5579,1509464.4825133116
5580,829413.7676671698
5581,2362238.2188458284
5582,1091580.7077643194
5583,534996.5012626152
5584,1394093.610614317
5585,1466953.5944415985
5586,775187.0799965776
5587,1501431.7319414287
5588,1571391.733085584
5589,1099969.5476224637
5590,534965.6018784537
5591,702076.7329593579
5592,753323.9504364014
5593,1009537.3004898445
5594,738648.5098986047
5595,661505.949061207
5596,1418067.1949774493
5597,1702718.1673141238
5598,796430.9637012577
5599,953110.2525591052
5600,567241.7443980344
5601,431059.5446327475
5602,2269709.567551394
5603,443903.42079995916
5604,814867.2628647547
5605,2451499.395730529
5606,853433.2862954966
5607,566133.3098669644
5608,935585.5657788025
5609,1991847.5419062306
5610,400554.62659293937
5611,1469359.065514414
5612,1520686.57466976
5613,1014057.3307660094
5614,981516.6512956247
5615,1825174.8273606182
5616,1636856.71980305
5617,1059672.8814583872
5618,416745.74125181977
5619,555831.7911635875
5620,1502582.4763014095
5621,863973.9816824252
5622,406909.48142744275
5623,1224080.4220130343
5624,1109159.5300404772
5625,1319649.777993723
5626,956017.5387236881
5627,730845.0786612293
5628,1305488.8693402358
5629,3399342.5252333484
5630,535357.8218025505
5631,1471003.9125517097
5632,726425.697889616
5633,568392.5780670095
5634,687684.0570421391
5635,650868.3308128542
5636,1627881.1108699339
5637,995814.987613976
5638,772081.9430508908
5639,619130.6973291044
5640,592566.2648863328
5641,1257573.5399592821
5642,504895.04374459304
5643,1544677.6034634546
5644,744126.303464857
5645,506241.9644488874
5646,1004667.993809725
5647,913533.1953242111
5648,536959.7303013975
5649,1988825.5561325962
5650,740955.400928065
5651,1855940.623034633
5652,392506.52200126
5653,1136381.7434991547
5654,449361.3161098157
5655,915004.6561552944
5656,328718.8031337521
5657,337288.2691188899
5658,2006369.2998025673
5659,786014.766258572
5660,435247.87888758746
5661,371688.4984421628
5662,1609241.009978265
5663,909813.277083361
5664,614519.7183241841
5665,484583.08734263165
5666,1203111.411471449
5667,2439405.353723504
5668,535392.3482309681
5669,1342348.2472836429
5670,2140090.7208485226
5671,684858.4589507886
5672,1115207.537472082
5673,2651406.846458964
5674,1189630.0398112275
5675,631182.7439224788
5676,1761019.3264673415
5677,1727023.2775322695
5678,1457714.5030405826
5679,793892.3101421745
5680,673358.2654183015
5681,1298547.6252179218
5682,4111623.149670684
5683,937676.0605896362
5684,507212.4582736675
5685,1080915.5598710913
5686,849195.7625773052
5687,679455.8327194735
5688,1504284.6683996494
5689,986957.8332803507
5690,1547046.199055122
5691,772989.0356365055
5692,2636851.3557073865
5693,1147254.0119141384
5694,1270686.8882778462
5695,914860.0096047708
5696,472706.46253143216
5697,629711.3688045198
5698,813013.5248145023
5699,541260.5184852204
5700,547930.6403348893
5701,913121.8468719642
5702,1021025.7131755382
5703,998227.7546976946
5704,531416.6424596776
5705,1096691.4401828155
5706,1130513.6890313022
5707,1105791.4216431258
5708,1533005.6622522813
5709,1019938.7334338353
5710,775319.3576987429
5711,1040946.9805046665
5712,946956.5847359056
5713,1123360.5339509393
5714,599609.6793598855
5715,1340125.3945835913
5716,1463995.5369564046
5717,444404.5403195745
5718,2269439.3417683304
5719,893207.1679661227
5720,1385809.0989387424
5721,726221.5600193504
5722,1250914.917519127
5723,541591.0158166139
5724,480107.8701234979
5725,1001142.0466023377
5726,908591.9393588494
5727,973923.5563047283
5728,1767878.0571977838
5729,424016.181341635
5730,881409.8130754022
5731,711581.9929246544
5732,688720.2951868486
5733,781173.0607509264
5734,697524.1435971421
5735,2032839.369400363
5736,1044000.0004917923
5737,1275197.2091352304
5738,826356.1190085808
5739,1311259.7491896
5740,983284.4672074941
5741,874464.9020761688
5742,864019.5280985549
5743,2183652.168951999
5744,946865.9526545691
5745,881612.792403531
5746,1734567.1320726532
5747,650757.0624538944
5748,739014.199496591
5749,988439.321946817
5750,2365943.4743618444
5751,1049774.2084083306
5752,821062.0715410078
5753,641826.5859930805
5754,974158.6309003803
5755,507949.61792486
5756,971948.1303928697
5757,1355082.3628022857
5758,1309529.1037982036
5759,864373.5280254761
5760,490826.8137373762
5761,983955.6319059331
5762,732779.3745460667
5763,555725.3588753868
5764,1346187.6781721467
5765,726115.3051121886
5766,413242.0882879154
5767,790233.2842306802
5768,436641.7215430253
5769,1728049.88178502
5770,1329031.4060651795
5771,1243878.7436102477
5772,1468244.402831632
5773,1645977.5187093853
5774,1367571.812563534
5775,2431919.205393379
5776,1287522.5189668774
5777,1399244.591076906
5778,519771.3289992637
5779,587082.7234547933
5780,1112719.1535546684
5781,1432836.6767331643
5782,869218.1107788546
5783,553469.2341317596
5784,779872.8352046729
5785,1158974.0419833711
5786,955923.8020207016
5787,383419.71924322896
5788,452563.98757916124
5789,1639623.4930689402
5790,849847.7093941774
5791,763002.3309321912
5792,1102787.7471772903
5793,673387.6755539576
5794,682405.6662924631
5795,902223.540634759
5796,483720.8152406297
5797,2066784.833460098
5798,910517.9473856293
5799,1570338.1440421087
5800,388483.76727811544
5801,824451.5389526075
5802,1496626.6395029193
5803,871038.0840843602
5804,1050862.3574820987
5805,1377849.099481687
5806,724862.611883023
5807,1028100.3887987434
5808,1501060.912744986
5809,1464155.137140668
5810,616616.057848562
5811,1189165.550553998
5812,918537.037362459
5813,653911.4098058831
5814,1902806.722089725
5815,2625955.3675267524
5816,615044.3315468963
5817,631904.9500924901
5818,881327.9866431744
5819,889490.9358711356
5820,916445.6643956156
5821,1113669.2321708226
5822,1377172.8156686707
5823,1209364.1596768165
5824,1103436.0296352871
5825,1202073.3815483772
5826,593332.5930042482
5827,427414.03525434417
5828,2121216.7947552
5829,2285741.1049214844
5830,1684945.8403184372
5831,597913.9432315793
5832,1381096.3634644893
5833,1278847.8987565816
5834,622966.330200291
5835,496732.2776622013
5836,226638.34551225745
5837,884129.0943961474
5838,840474.5215255484
5839,2783530.625026423
5840,593993.2401183295
5841,1270167.5396510228
5842,718699.3841829966
5843,566314.9249509375
5844,769560.4662808108
5845,274843.69874851906
5846,1033285.7602127946
5847,861555.5723410423
5848,510751.02563084115
5849,2041561.3198164883
5850,1426982.6894468244
5851,760044.0284556166
5852,1397643.3496362634
5853,782769.3919213271
5854,513154.8897966567
5855,982492.0029744647
5856,1523774.3932470614
5857,2250617.6228806614
5858,1206945.9638909383
5859,906859.121468621
5860,2297576.4406335345
5861,1129354.0981419275
5862,514856.2327901133
5863,574712.1810821443
5864,1253469.9432913698
5865,793028.891146482
5866,972258.092024516
5867,514933.23148062173
5868,538600.6044466345
5869,642087.3251932965
5870,1178200.0244273844
5871,643989.0093400739
5872,674484.4626338556
5873,1002390.023333753
5874,1369922.0100239262
5875,1189549.2707761403
5876,849524.2388745275
5877,1199597.1257133996
5878,652263.4837796825
5879,440493.17449557525
5880,1378449.8431976142
5881,987994.312039418
5882,1620223.617957378
5883,3450611.412125849
5884,2103430.146216993
5885,527935.9682551745
5886,1337027.7183727804
5887,1749579.4436036642
5888,1459401.453804523
5889,351849.2782272698
5890,1735514.4127670445
5891,678986.7369020929
5892,3100544.3625135194
5893,830004.4961158577
5894,1623348.8437956627
5895,1340244.8496183902
5896,974852.7426959935
5897,930289.684766682
5898,527540.1269985194
5899,600460.9283390258
5900,642162.3364592224
5901,555433.7218964605
5902,1224000.287782429
5903,854559.721026288
5904,1002579.4526036269
5905,1447822.6378419823
5906,945610.6270081055
5907,2301286.1017080913
5908,1099311.2594350881
5909,1980547.5020305365
5910,1046458.2238753149
5911,668511.6295264737
5912,459641.9055402408
5913,2565790.2878380823
5914,262582.0147839046
5915,1117359.7499563282
5916,1023434.2472506248
5917,1383810.4621525523
5918,965474.2017978764
5919,2458576.8664777298
5920,385881.5116965012
5921,604314.1571150038
5922,371904.3762224111
5923,1299590.283628498
5924,984140.8729276865
5925,624347.9391099052
5926,618376.3437071453
5927,1135500.5228374675
5928,658383.1034566133
5929,1126741.1756698897
5930,1000208.3311755917
5931,1052157.5087462412
5932,1480823.8774469881
5933,675076.8972796915
5934,1740711.6039047411
5935,983992.9958938907
5936,695075.3632695077
5937,677963.1214805187
5938,1573622.5555757782
5939,1192460.8965500176
5940,2305808.7751812846
5941,850324.3127258077
5942,1746271.4085912923
5943,994389.0179832111
5944,445085.05474831024
5945,2732817.1720752204
5946,683529.9027806186
5947,1196438.6576955277
5948,758381.6515108154
5949,2679044.76860152
5950,585176.9787773677
5951,1702463.1153712259
5952,592559.9623698303
5953,794688.1210610918
5954,684987.6754221992
5955,1985839.563144889
5956,551725.3071822888
5957,1042506.7302263475
5958,698775.3774397628
5959,649376.6107098935
5960,962123.8667099932
5961,1828747.3815546997
5962,1645978.1566822752
5963,1494361.0506207352
5964,2077771.8376149908
5965,1086388.454404348
5966,513148.9002405817
5967,613457.6010220691
5968,1402752.5558176702
5969,702144.9274772443
5970,463409.97112751286
5971,1483394.406930694
5972,1687292.598589273
5973,1582099.9990901386
5974,804982.6320945284
5975,1302927.2169371634
5976,1010647.4989929305
5977,1512628.5951104062
5978,576782.4429962322
5979,1357039.2711130702
5980,500273.39828590414
5981,1359324.1415613843
5982,739709.9672856183
5983,1090139.556374906
5984,658476.4463769698
5985,401743.65261245443
5986,1147768.2766555455
5987,969854.0871407645
5988,1324212.4943160543
5989,1666891.9569399755
5990,740669.3709315432
5991,1192873.5017841302
5992,863769.9529933811
5993,1321361.5837518033
5994,550334.8158315002
5995,1478664.1558958616
5996,3244509.868265601
5997,1175648.1380039337
5998,866129.2414251573
5999,689625.4641453682
6000,1139698.126825471
6001,1219862.2664845395
6002,1157499.4479104634
6003,1090020.5639029213
6004,563791.249424427
6005,1839114.7539558432
6006,447624.5747258933
6007,681846.5679289188
6008,790402.3201157154
6009,571440.9872176597
6010,717075.4622854923
6011,257341.1949606149
6012,785796.2958920703
6013,1174526.578842145
6014,434263.3038980292
6015,966857.1464969235
6016,881590.6573816248
6017,989192.6351547976
6018,742825.3707965774
6019,433656.8393564137
6020,1161333.1881289824
6021,539169.5753064771
6022,572468.0920239962
6023,542753.631515371
6024,1181520.3308397813
6025,1860631.9907715633
6026,561376.3528566207
6027,552391.1327856332
6028,804291.9314249641
6029,503244.88798767934
6030,1979795.684376725
6031,1284601.0156721615
6032,457440.09643549204
6033,1096505.4757079843
6034,934194.2203590327
6035,487941.9203159768
6036,2047880.6275398433
6037,2705403.406922422
6038,1089992.935238977
6039,666649.3509979656
6040,718363.475886429
6041,961444.4111400527
6042,1182344.9956568931
6043,1091061.072829143
6044,410110.6783805936
6045,668551.4236095565
6046,792128.897026528
6047,1132263.8882981555
6048,1156862.5364856666
6049,653683.7954493115
6050,619148.5438053411
6051,987169.749032935
6052,1085464.6305332708
6053,974972.8192258257
6054,1131719.58706908
6055,2211307.049861506
6056,1167368.4149174672
6057,354355.4955147023
6058,508981.66390805936
6059,1067349.2775906732
6060,1240512.2471863711
6061,830826.7174225342
6062,1639225.582433972
6063,564166.8830856362
6064,415018.6158037277
6065,383150.89130840986
6066,1759192.416946002
6067,1249481.6300549647
6068,451635.5346585386
6069,554351.1026233608
6070,1371871.0503223627
6071,1168034.847040248
6072,1536562.2900460747
6073,1139426.3010732553
6074,1437732.8261170418
6075,1653522.3088738031
6076,1235759.1225858743
6077,957048.8177530993
6078,1205791.214254462
6079,784629.0398136334
6080,1216981.0209500028
6081,655198.7821633253
6082,443540.2797427597
6083,358931.736317853
6084,543543.4462517332
6085,556423.0188588123
6086,683507.4085631748
6087,628015.7820461842
6088,805659.3621403961
6089,1403658.0669640861
6090,751948.6355361808
6091,739393.6356633484
6092,3175914.5284998994
6093,574002.2613509174
6094,559360.0699194925
6095,877692.9856052292
6096,774281.1098541241
6097,1267593.369734716
6098,862213.1065496653
6099,1339038.802753072
6100,463836.8158046731
6101,646245.7832654144
6102,844710.7132550809
6103,482977.1771223473
6104,1603407.737637918
6105,414221.31396098214
6106,1250826.3179609447
6107,575874.4974128815
6108,570201.0425230411
6109,407611.767348185
6110,769153.6776921455
6111,879477.0509306063
6112,780319.9461992556
6113,2764080.01347755
6114,2368037.92371399
6115,854372.235557142
6116,329849.72307052795
6117,1443996.66267335
6118,1008297.3990235232
6119,1613439.4577300968
6120,984304.2202661417
6121,662266.8516651836
6122,810855.6522019013
6123,792824.2064312065
6124,1148880.887790183
6125,566781.1410080214
6126,693701.1945346497
6127,912456.4890399801
6128,976817.7883192429
6129,698020.9833282765
6130,594075.3279449585
6131,716390.6596641006
6132,1031015.8779377632
6133,380700.2415125588
6134,1459195.6407719336
6135,1030268.2246106048
6136,1107427.0673008552
6137,1061463.7896865143
6138,1238323.1102136415
6139,2906575.168882006
6140,401716.351659866
6141,997933.0068490992
6142,764566.9298852833
6143,1117367.3813272682
6144,1458957.3608104265
6145,451334.29366528307
6146,468086.1580277019
6147,436844.6037857377
6148,1077809.2699116538
6149,2182335.355994881
6150,1684157.2688210136
6151,1210084.268906016
6152,1398641.0851000778
6153,729394.7417057909
6154,1107083.6657575737
6155,1541836.3123057766
6156,1213621.6072276519
6157,621539.385025927
6158,1775803.0531478233
6159,547459.6779951493
6160,528380.5197833542
6161,764985.9885527545
6162,684499.2665628579
6163,1811061.7600487992
6164,1155972.345101263
6165,684716.5376585259
6166,458391.23295309045
6167,810097.2994513746
6168,2192816.1819395837
6169,656244.0889958218
6170,420498.8774289448
6171,1486984.3788607584
6172,1971475.6851708742
6173,2104373.421636168
6174,1377847.3565741107
6175,2507440.4272039006
6176,1315879.241934471
6177,853966.7425413469
6178,993691.2051516841
6179,1048726.900911468
6180,935037.0234324952
6181,591582.1523857429
6182,1333074.923542466
6183,932718.6335413569
6184,1702919.6968174572
6185,438618.9165357465
6186,627717.411065272
6187,493898.28924962174
6188,916049.1934098091
6189,637042.7793517847
6190,546009.0226329257
6191,545649.1469785077
6192,501576.0279164306
6193,1287821.4710952786
6194,569586.492404163
6195,1625155.242860599
6196,1676680.373185721
6197,955694.3665508722
6198,835299.1328353622
6199,674825.7608167032
6200,978925.4098050022
6201,2005388.9923873986
6202,1828393.5767669033
6203,940366.6119349872
6204,1846666.616811246
6205,715049.2107776359
6206,625597.9144350365
6207,794691.7242834307
6208,2169349.7572672307
6209,578329.2380944927
6210,978729.5672389055
6211,729839.4341755257
6212,999593.2067168041
6213,807024.9626469184
6214,1536118.0152719037
6215,565985.9209624338
6216,852574.0789706497
6217,1341175.5385275704
6218,667608.3157964682
6219,1865908.0573246714
6220,867473.9248591767
6221,1096244.5226069996
6222,581591.8047643172
6223,645342.6761536363
6224,1017924.4867006949
6225,678772.2421804651
6226,1081262.1343391489
6227,2597600.2163396673
6228,647229.2454682447
6229,913648.452289766
6230,1860122.787773466
6231,501616.6329366664
6232,642877.8003033483
6233,416477.02244869724
6234,1744007.9247710353
6235,796255.1751164031
6236,739214.8282267924
6237,549954.7026872666
6238,1275603.212473886
6239,638149.0505800649
6240,1309809.4453270556
6241,619578.1870094812
6242,941478.7512862341
6243,1132347.2257002087
6244,1228180.6054674175
6245,1511209.3848504242
6246,1158370.805106401
6247,894035.1588686607
6248,1151476.2005785543
6249,1163690.228892193
6250,1385995.5110602442
6251,756275.8650359839
6252,467994.80159244285
6253,946591.7399993176
6254,1360099.8340712315
6255,1916687.306889771
6256,687910.2997806135
6257,448419.6263411575
6258,720177.2532656859
6259,963152.3431607151
6260,954841.7564340681
6261,1274970.4820586098
6262,1135837.1930552013
6263,627488.8873441003
6264,970538.4652762855
6265,2368232.343730577
6266,845304.8828386856
6267,1164845.1964003516
6268,837876.7091329937
6269,1192038.2873830148
6270,1337774.1070037528
6271,658009.4033440325
6272,1240368.376214202
6273,2234722.7504648403
6274,694518.5644286615
6275,648178.2631529004
6276,1513291.098822831
6277,496876.7552345607
6278,1553372.4855601033
6279,560286.3649180209
6280,734701.4198750191
6281,708990.593882168
6282,594625.9455160749
6283,615155.9507463474
6284,727870.2173151231
6285,748619.367904948
6286,2947979.672505174
6287,511485.95604431885
6288,1133084.8781974076
6289,1950144.3222690641
6290,1096459.338630357
6291,450130.7875882638
6292,2333372.4593208916
6293,706593.0366496007
6294,625525.7885300833
6295,1153430.0957737074
6296,1385695.076020243
6297,1514161.1305253753
6298,2633479.7063547843
6299,1798893.6228024503
6300,1037321.5960543496
6301,964497.331402856
6302,375754.726845283
6303,800002.2290435821
6304,633249.8729491277
6305,399458.8533487204
6306,1827021.7571720378
6307,1291276.8598762893
6308,1021087.0517021704
6309,1915863.7990293384
6310,1363629.7657149618
6311,1343432.2609317824
6312,876004.1496263924
6313,2382694.4876625477
6314,1456724.9587422751
6315,1118009.977855076
6316,1842771.5725792681
6317,467853.3731097381
6318,2568019.556153859
6319,689870.5323969787
6320,1913077.7450238145
6321,459560.1645676139
6322,1298407.8978888495
6323,1493238.9435483126
6324,834379.5930590791
6325,745498.5904070465
6326,2937401.3428500798
6327,454236.98357386165
6328,669020.9802884038
6329,923694.5165565421
6330,939325.6647312236
6331,1277674.5603052555
6332,2784584.8423388335
6333,575805.8220033909
6334,890418.1450827213
6335,788633.8078838221
6336,769275.2340946663
6337,1018989.8584845712
6338,544259.0089942421
6339,1659404.3450090878
6340,1176124.4540792056
6341,889241.3527399478
6342,1886928.1608460261
6343,1033549.3322196929
6344,2394646.74944403
6345,967459.9692573461
6346,1405779.1636605973
6347,646266.2379190995
6348,456763.69163005135
6349,504924.30602719326
6350,2294728.6560635804
6351,650187.9657321221
6352,1893872.0920853
6353,1787163.144009432
6354,611016.4407526714
6355,1017165.7822121317
6356,776975.1022881301
6357,2134008.7078989516
6358,620976.264849505
6359,684999.9721413339
6360,1369896.9438137342
6361,388978.7926973767
6362,786291.4764486278
6363,767504.5023945839
6364,330256.7828958506
6365,415042.7513340228
6366,1099120.2927117827
6367,794919.3249898517
6368,948410.8150369693
6369,849840.7269242731
6370,1241296.2467710085
6371,702256.5875826658
6372,300648.9017142606
6373,554034.8782858958
6374,510978.2011337549
6375,683439.444938561
6376,582254.0771035069
6377,713096.1266492202
6378,576663.6888811042
6379,821718.0503174008
6380,1021974.0519064494
6381,1002532.3609547616
6382,627801.5940950313
6383,701437.2407968448
6384,804289.7142414559
6385,1160465.9120996695
6386,2029913.479377875
6387,2109459.5733651076
6388,1137656.5549090086
6389,972564.231422673
6390,360734.87235334865
6391,1413018.9468023046
6392,1071096.9647638714
6393,896886.8194030669
6394,1551862.0833340236
6395,1051435.1838319562
6396,840707.087221912
6397,1107703.965663309
6398,638449.3497554798
6399,1487826.7014445749
6400,469532.70834013226
6401,883353.9879155229
6402,691949.6800948409
6403,930180.8120137377
6404,1373331.9436518261
6405,592435.6734735707
6406,1013570.3009466925
6407,1092714.3592703592
6408,1427159.194046449
6409,1584448.1025359938
6410,393898.37258057186
6411,2160232.582733092
6412,1152202.2277805065
6413,717248.4904767637
6414,858220.501582083
6415,907972.0108708598
6416,711845.9658287915
6417,793143.0122885767
6418,730953.2376230261
6419,1860725.0037985258
6420,1393080.291019415
6421,2420584.8830787726
6422,1784455.893454826
6423,596453.0512195796
6424,1323512.4262096318
6425,648690.7063667148
6426,594764.9295269685
6427,2043467.5878490093
6428,1495168.532840522
6429,672231.384160565
6430,1095787.1209435114
6431,877712.1945600546
6432,2121328.336928039
6433,2081941.1906512575
6434,689519.9324063669
6435,501882.0550597233
6436,1222268.5066903355
6437,696001.8437637802
6438,739978.9952214191
6439,837982.8883992273
6440,1573754.3188061805
6441,1788939.217456513
6442,804158.5731300846
6443,1019003.5448953618
6444,867968.1733077797
6445,1487916.8596255046
6446,1780386.4147215001
6447,420536.25196476624
6448,1041107.7918740616
6449,713529.6792731575
6450,526317.472604532
6451,1527122.4907682177
6452,497482.82256939093
6453,1124643.514726119
6454,560605.8944847916
6455,1109486.9266234543
6456,300906.0677902854
6457,1620561.8213177365
6458,1839411.3280101586
6459,835759.368365907
6460,1041075.323150652
6461,726022.3932798668
6462,1041451.0550984913
6463,442849.89932860626
6464,735895.9198524184
6465,873034.8242034815
6466,469118.33595985064
6467,622344.8961393712
6468,900393.0046903073
6469,1169482.489237967
6470,446184.3450897321
6471,1166394.7590603242
6472,1279011.1815703926
6473,540064.3029281928
6474,604633.4985933866
6475,1541420.040044305
6476,995750.7794928488
6477,1142372.5467181546
6478,1213619.2244027427
6479,322556.49371824577
6480,619675.4665044292
6481,552469.9513417946
6482,338521.6166050135
6483,1376929.289755398
6484,886288.2282802834
6485,485434.465178928
6486,803353.7893900074
6487,1245341.4749725556
6488,375820.7776578418
6489,1142880.7061858014
6490,1183346.1403730474
6491,1011572.7518664271
6492,797335.5478096275
6493,1278557.6273230994
6494,2017600.7603481668
6495,695545.561719022
6496,932225.1968792054
6497,504807.98239433917
6498,1606632.2320410623
6499,593987.4022513645
6500,731514.8006891718
6501,1127642.0924645416
6502,841847.6367277715
6503,1405765.775061253
6504,1056782.228141513
6505,888387.8660952073
6506,1678438.6007839881
6507,1549350.2202882313
6508,1743699.0477569627
6509,585393.5587547681
6510,420432.77054667135
6511,559264.3979413728
6512,3513034.7966884896
6513,1206554.461846025
6514,1767133.7844229792
6515,1126801.888944645
6516,1706670.9078673243
6517,985111.3219960943
6518,441855.6293892343
6519,1630834.8420877417
6520,526379.0061939466
6521,1745804.098975944
6522,676304.5572936672
6523,1751640.9917556928
6524,650317.6319532066
6525,632419.6291357175
6526,1205852.4470421057
6527,1479742.3469605274
6528,2250261.188118356
6529,1142750.041544178
6530,946374.8012761178
6531,590374.476011132
6532,460495.59994394076
6533,1603000.3963413055
6534,607385.4509563786
6535,1097797.0122589613
6536,847002.2878293854
6537,1551476.3728280084
6538,613410.4592396062
6539,1181555.3848807998
6540,435940.6069213084
6541,712975.5623959769
6542,686983.2283494386
6543,430133.04800502845
6544,708525.5186236788
6545,1681727.7414713944
6546,1018841.8247466608
6547,372584.22690705786
6548,681647.143875383
6549,479138.1661493787
6550,547778.3206503787
6551,1727497.6767232849
6552,1397166.6305371977
6553,1301494.633160722
6554,420306.3707018624
6555,1712836.6239444206
6556,1062762.3168541659
6557,1705527.863405895
6558,644292.7272785266
6559,525406.4548214787
6560,963651.0510309552
6561,1012057.662936569
6562,441813.8857142737
6563,1070904.4819092609
6564,565126.7976613082
6565,2150116.9155222843
6566,631208.4004784902
6567,651848.0420760077
6568,587540.4515155356
6569,525458.5277386091
6570,1218935.9111165998
6571,1310424.3778130128
6572,672635.5034150054
6573,847974.3311585834
6574,773418.2713266374
6575,913245.2753352717
6576,1393780.925787382
6577,745098.6634653569
6578,1055131.735824094
6579,2987867.5286890715
6580,717189.2611579031
6581,848215.1378586829
6582,1411394.4420909903
6583,1344173.0263773538
6584,1467927.7544273376
6585,750465.5313433241
6586,1011822.9861598546
6587,932263.9176637122
6588,395986.27358252724
6589,464289.79910352256
6590,716916.0505539462
6591,494263.3198507037
6592,1676155.030494334
6593,1192014.7263905117
6594,1429564.7232681753
6595,908957.5738768501
6596,850668.7473440921
6597,973440.5051049404
6598,1088579.912983021
6599,739538.2508690024
6600,1238321.4157031067
6601,2458913.451307766
6602,1011487.6519356447
6603,3016482.548162523
6604,559394.646313343
6605,633531.0712850904
6606,1083009.7874467522
6607,767643.8894277998
6608,1293540.0619291302
6609,1354595.8159782551
6610,439327.4468639829
6611,813642.1444297868
6612,3063448.778635673
6613,659909.5698708037
6614,1552760.749291372
6615,1429292.499119978
6616,717571.2997159815
6617,544393.7978389051
6618,1090432.7257331337
6619,634069.6291331237
6620,537142.581646372
6621,818800.1527494573
6622,1953063.917125433
6623,1366116.186825476
6624,738720.8234442478
6625,1419710.3968599052
6626,1071512.3990091444
6627,2005589.4406341163
6628,863699.4599270978
6629,2695419.3162374804
6630,520073.4954686697
6631,3434160.262851843
6632,934370.6818645753
6633,2723584.3666314525
6634,516523.91998124844
6635,772409.0045297822
6636,2311443.9450633964
6637,1413539.9445907655
6638,1292715.6865622764
6639,1342623.3836307179
6640,1776178.2306932665
6641,934229.0645609675
6642,501472.5717748329
6643,669795.0764952829
6644,1392132.9180549642
6645,626098.8316516688
6646,860857.7123466859
6647,377270.72579927085
6648,1072607.570207831
6649,717258.5562640874
6650,617913.2958666797
6651,1369423.7002999038
6652,496615.4900724532
6653,696156.0693513681
6654,2466773.6642864025
6655,961963.6492155889
6656,1972320.6915355553
6657,520673.4248295913
6658,824285.8513940084
6659,1122699.2738298883
6660,1280172.235636323
6661,304247.8371213938
6662,992302.9924641084
6663,469808.1138036874
6664,619060.6933812724
6665,534142.4848698291
6666,1507876.93961085
6667,1164819.20297645
6668,1189875.3311332336
6669,1285299.1715304619
6670,2115418.587335484
6671,1277625.0615996101
6672,502261.5312206918
6673,1371443.4193759728
6674,891554.9442095103
6675,739840.016710626
6676,606559.4839498234
6677,1555180.2646985685
6678,645892.9472207555
6679,1150035.4735720265
6680,380018.33047739416
6681,676309.2635319933
6682,2048359.0745347822
6683,1107264.2568705606
6684,1627562.114857602
6685,585828.4783750541
6686,2233454.6315815714
6687,816480.0182659475
6688,960615.1686032868
6689,1234927.7680057324
6690,1221196.9746809106
6691,804548.0070606079
6692,1300871.639941095
6693,541851.1392909673
6694,1604078.8449694933
6695,1446572.070981482
6696,1993174.779921997
6697,654013.3001489093
6698,918291.2757381287
6699,732847.5963586008
6700,411113.47414691583
6701,1540446.0610386822
6702,336806.1577163258
6703,494514.02949651866
6704,2343502.639198363
6705,1646382.9129821924
6706,388121.07569519733
6707,698109.1450703865
6708,1242142.2700184651
6709,1087684.1154508388
6710,1247141.9505682641
6711,457138.1767716866
6712,1551392.5883220406
6713,1357795.591917559
6714,1371656.401236296
6715,1145029.874002672
6716,1221103.2751542022
6717,1017882.4703870356
6718,980022.3506759686
6719,1266214.2495527146
6720,596748.4008203881
6721,1195115.7872945736
6722,1039529.6580353889
6723,592000.5701307856
6724,964045.7923179358
6725,464236.5285771507
6726,630730.3596174574
6727,1108702.0703648394
6728,1036552.9868100276
6729,990431.9614062672
6730,669937.3139530221
6731,1353355.0246826767
6732,585401.0621395672
6733,496939.5452068549
6734,345345.9319160333
6735,2157548.6232627803
6736,551384.0734236263
6737,847407.4232052658
6738,2009090.064966526
6739,518955.0823189778
6740,1185309.0565359043
6741,514671.483916958
6742,1167484.557653577
6743,905989.3082905656
6744,1130532.6408063958
6745,1576867.114696796
6746,474315.0425180374
6747,1512101.7763036543
6748,756528.6042756861
6749,980842.5403688403
6750,1144278.831502291
6751,1208478.1354285397
6752,483489.1767986327
6753,1346324.3098751183
6754,177986.42154023866
6755,1505003.7228905852
6756,1878498.8829928797
6757,1465652.0303611637
6758,697123.9290589155
6759,1747118.4640732685
6760,389604.879838877
6761,897900.6980989086
6762,1203172.6952173852
6763,946051.264568196
6764,1342019.8455629353
6765,536956.0527967528
6766,610430.7816512863
6767,3700469.280857734
6768,2198814.4896520413
6769,1173256.4645072084
6770,386248.9849642227
6771,1737951.1801215017
6772,859443.3866008538
6773,472787.0815194357
6774,1472743.6074075203
6775,1211999.3286561065
6776,961879.8892595901
6777,1528434.99641978
6778,2457018.8579114256
6779,686042.2143587017
6780,424743.3462641899
6781,418438.41647671734
6782,787541.7564987942
6783,1307486.2141386548
6784,655500.3728536189
6785,895544.4825825662
6786,758062.5855673109
6787,545080.4019497464
6788,863007.0250680376
6789,870724.3158303644
6790,1007070.4674168701
6791,1127888.5564957075
6792,530393.9563924412
6793,1685662.1377531497
6794,1885980.0708020667
6795,1321379.7906833477
6796,1310674.811644466
6797,854322.8477916862
6798,883350.795413847
6799,1402368.1609655726
6800,662338.7563011892
6801,503756.54240855604
6802,824062.8027391614
6803,598701.8897840951
6804,1123764.0747384804
6805,1493229.360822118
6806,684984.6920963643
6807,1150605.9528808182
6808,776688.97154498
6809,942041.2162570045
6810,525303.6318714947
6811,674877.2298990926
6812,873023.8014536416
6813,1538986.604743483
6814,766284.1047125384
6815,612562.8482858943
6816,1830679.9640846339
6817,531353.0050897615
6818,698127.1035557485
6819,679093.0041325305
6820,1371460.8309878954
6821,2106043.337792894
6822,878645.0994574047
6823,1025945.5133471469
6824,1600725.5360371007
6825,809388.4923553357
6826,805744.8733117019
6827,513319.4377541698
6828,465657.8884966418
6829,1511590.3292679933
6830,325414.38904297777
6831,1308490.6049668351
6832,1172704.4374085437
6833,479229.6684759825
6834,1962794.1213084846
6835,593815.1635371204
6836,1670831.8834078803
6837,1732634.3379465332
6838,317697.52382712363
6839,1176253.2801737797
6840,861332.1264612738
6841,1010444.9848254658
6842,438665.2012444619
6843,527291.225405088
6844,1386950.2482717554
6845,576516.5293952266
6846,767340.2684341293
6847,913449.6235096252
6848,534313.9659779714
6849,799598.8806418348
6850,1236376.3375636947
6851,1184658.4595186503
6852,1910036.8181563956
6853,1015794.1665289112
6854,919370.3573445551
6855,634444.2707908237
6856,604347.9834076114
6857,1743039.8347522747
6858,1820621.9744675297
6859,562049.9992022136
6860,678437.8819405581
6861,684183.8427179634
6862,569612.1914152121
6863,414398.0399144625
6864,611123.9217161196
6865,689318.5573668337
6866,1329723.5407434262
6867,746411.148672277
6868,1208292.2906280044
6869,565162.635208883
6870,570746.5767057939
6871,1444811.2977513473
6872,887246.336219715
6873,790466.076367559
6874,1071840.619287768
6875,658197.6236178561
6876,412738.0957387466
6877,936765.7985082428
6878,836830.066643783
6879,943406.7106419933
6880,928932.4720834742
6881,1001221.6365308523
6882,2794912.166821949
6883,684654.3261564734
6884,1032703.2844742581
6885,1133809.769546978
6886,1478975.8831041234
6887,2786730.4397076876
6888,724516.6017247516
6889,2090407.9792396268
6890,726355.2194503259
6891,1532112.7066251843
6892,541240.9339762438
6893,993713.3327356449
6894,953178.9964998054
6895,936662.8165205809
6896,403492.94289820833
6897,1823670.5328035026
6898,1516225.0381656182
6899,992235.8369226207
6900,513746.3527821336
6901,1513345.2410142673
6902,1328594.0054649492
6903,799791.2660675977
6904,442881.856719248
6905,630473.2570277349
6906,1294388.0884855734
6907,918930.3269973728
6908,1420505.7880801486
6909,510093.4000405726
6910,1444042.3446940375
6911,1889178.0495766068
6912,1072680.637226181
6913,549308.06789717
6914,1370365.1574992142
6915,2656413.6366259484
6916,2117903.4425305226
6917,2461344.6877226974
6918,335786.0632130279
6919,2838977.4939851235
6920,990042.0590638903
6921,1696493.4021279146
6922,437813.9999585782
6923,1046274.4715385928
6924,842221.0399904515
6925,1379138.827562388
6926,1214870.5633037535
6927,1895592.4155866408
6928,1305222.082479739
6929,520135.2532519278
6930,749286.2837821277
6931,903936.2238200499
6932,570081.9794587129
6933,1844425.801274616
6934,1722593.2877659046
6935,885821.0386859019
6936,871204.3093032824
6937,412928.63319313177
6938,1265576.022618131
6939,272986.86321237916
6940,1804132.9430132187
6941,492356.8131103354
6942,854617.5383508296
6943,452548.5173176581
6944,503972.1928914265
6945,1018376.5018984285
6946,961410.7413774737
6947,1004799.5964494325
6948,1356990.4924921822
6949,737568.3393330964
6950,858572.1481501859
6951,587501.6511548195
6952,469496.2362366464
6953,1653716.1810779278
6954,630641.5720707505
6955,1081530.0752324525
6956,936657.9055331022
6957,1138521.66112816
6958,1043889.0454641893
6959,481394.4446456936
6960,1316718.8771923597
6961,922763.4865034745
6962,1021080.8352950861
6963,1295263.9699298302
6964,949124.475234457
6965,1251046.0869787235
6966,750091.5312124349
6967,1045970.151398008
6968,816915.6446574526
6969,1131769.3799392562
6970,563307.1102632713
6971,1470769.3984300476
6972,1136415.8262409433
6973,399085.8832382211
6974,291767.55584733264
6975,1356998.9794005454
6976,609492.354783196
6977,3371802.822331804
6978,1121439.148871212
6979,1019318.4593158066
6980,423477.5284569609
6981,441091.7565287399
6982,831136.2381272262
6983,1807939.927930634
6984,1519820.5586856918
6985,721234.7450494893
6986,550661.6071797957
6987,1572764.6585020851
6988,1056735.236155397
6989,1356445.1925760375
6990,1491858.6049388726
6991,1313679.2275633055
6992,1223703.464476406
6993,674376.2766556849
6994,615927.2842272092
6995,509456.5603050466
6996,1299896.9932569168
6997,1146257.6051055826
6998,896504.4912618373
6999,1120460.4748383728
7000,661067.790535901
7001,1487811.7152672287
7002,1108477.723170662
7003,1857679.6133154691
7004,580642.5589076723
7005,997135.0763133174
7006,1543889.925228383
7007,2346976.4537584903
7008,1406322.3742626405
7009,755307.0708468219
7010,1249098.2053896089
7011,545048.6477664573
7012,1035446.1843602969
7013,1918145.459940098
7014,704024.8793483799
7015,1160631.655687819
7016,1924786.7529971786
7017,1611268.8917533925
7018,1426790.6650178684
7019,821426.8619416044
7020,718959.9960658827
7021,1229859.0387292625
7022,1103489.132984624
7023,751386.7601048324
7024,419966.330827277
7025,902064.2212497935
7026,736292.0980625673
7027,1231018.456044796
7028,530314.4881161761
7029,610444.4940632157
7030,796142.1509046482
7031,723465.3040391041
7032,2066513.792833164
7033,773170.2896778402
7034,624579.7421013886
7035,1102018.8121779228
7036,1143605.2473614013
7037,913737.8497388023
7038,1463459.2125304015
7039,706645.4150305045
7040,1030824.9066081683
7041,1144928.0163000843
7042,603866.3209614677
7043,436842.7286156
7044,1601351.6771770706
7045,772714.5369308846
7046,1105694.0228548
7047,413030.6767684437
7048,860676.7586161288
7049,790483.9992359256
7050,870015.7484051964
7051,825186.4213190355
7052,995255.8102625549
7053,1015805.9625502124
7054,1106160.9834656252
7055,1057257.7410813877
7056,788122.0370591993
7057,625065.5580030454
7058,776361.3302616193
7059,2281966.687442961
7060,1813225.377826777
7061,1555595.331902642
7062,705455.43221872
7063,1575416.6383014068
7064,991897.862446785
7065,576531.2171668576
7066,1032283.8241949542
7067,1733181.493691828
7068,1263041.2846564143
7069,825248.353036858
7070,800824.3083096412
7071,1441695.1079180862
7072,941916.5719585145
7073,946948.0465666465
7074,1291801.948022639
7075,740889.042475558
7076,1389884.8746991246
7077,506221.81264207466
7078,1078014.3573741352
7079,662456.8355450234
7080,2295769.1002735933
7081,2899356.316297982
7082,1494162.3720794453
7083,679204.6057379987
7084,864508.9736441056
7085,417710.47773993295
7086,689913.3884541788
7087,414173.49300131324
7088,1190654.123900022
7089,959974.0607379283
7090,813735.8543291445
7091,1418778.554903654
7092,1027198.5251959005
7093,1326405.8771505635
7094,660823.2100017181
7095,826127.8833575438
7096,2584892.8854229567
7097,2041323.2102231882
7098,732627.7189463808
7099,929202.7296784504
7100,567726.6513142205
7101,1718991.9302855597
7102,1082838.1886482146
7103,547762.7146222825
7104,824793.4474725025
7105,464963.46569664404
7106,1350938.8178113562
7107,1154953.888824394
7108,857841.2920471617
7109,1217010.0878964686
7110,873366.7415730024
7111,2742275.2127047465
7112,1620670.502702193
7113,557119.8047411167
7114,818280.9082823091
7115,1143145.639847451
7116,446726.04869972816
7117,757603.2959827547
7118,584985.6734751397
7119,1718275.732709376
7120,1047924.2637665186
7121,628840.65653375
7122,1501902.5007746113
7123,864878.3104198929
7124,1872172.2674282992
7125,585666.5827681365
7126,1563385.07375085
7127,778842.7484048794
7128,2027237.4959598784
7129,705540.8275927583
7130,638035.8495829853
7131,759682.3058204197
7132,1134537.8329159685
7133,763817.5242461059
7134,450952.6335561079
7135,1405628.584894296
7136,2253718.669429163
7137,1030639.3578848119
7138,585231.7910103402
7139,485025.3836076856
7140,1123045.3583011073
7141,520782.7901759895
7142,808217.1674111239
7143,758360.8484810002
7144,1187315.246165994
7145,646492.5461042668
7146,1149846.3328667693
7147,635092.5244621702
7148,549436.9807425992
7149,1126033.2284709867
7150,789565.4889886786
7151,1163074.2001763384
7152,871705.8004260152
7153,640574.8423143164
7154,369999.9011616825
7155,2682154.326286332
7156,927761.1470214878
7157,811984.3438683444
7158,1390222.6565848324
7159,1819771.0796609179
7160,1430202.7260210123
7161,498873.74322193424
7162,632113.1170497854
7163,640697.2626535114
7164,2657139.616510575
7165,2100798.9980287324
7166,416778.943210419
7167,1467457.3101928085
7168,1386990.0948302853
7169,461535.0044395905
7170,744836.4645690917
7171,982686.4937324984
7172,760463.2381371831
7173,1194749.6130798757
7174,1677002.0366263988
7175,452229.66415292036
7176,962968.3480034432
7177,756651.9156134026
7178,1046141.6266283209
7179,547653.9701971323
7180,1487813.5162177393
7181,826908.4128241298
7182,1204289.7380796196
7183,915483.1403741834
7184,1173534.634317524
7185,1155316.93635001
7186,1581245.6254729137
7187,616398.4302706704
7188,624944.5908268068
7189,952544.1443981634
7190,468685.3911057364
7191,544872.3715627763
7192,1296556.949284434
7193,2855670.656725689
7194,609435.6704451785
7195,731685.8711050746
7196,1015168.7524571163
7197,844141.4899700441
7198,1191096.2910062647
7199,563602.8338972428
7200,978509.823609972
7201,1125206.9642430798
7202,806562.7232782408
7203,1158278.8392493126
7204,677104.0763912221
7205,1814653.1216646207
7206,663963.4136269557
7207,1040322.4648986484
7208,703061.759103146
7209,458896.12265483587
7210,966740.2398954465
7211,1142596.0715921652
7212,1276001.6398038303
7213,443671.80146002024
7214,659080.7287288522
7215,1002324.9855736141
7216,656073.0537813504
7217,1199166.8613745589
7218,1365633.7493181801
7219,1290006.9772350816
7220,546336.6716166673
7221,1616812.5545061969
7222,544646.5725992742
7223,1313677.1290158725
7224,1282275.0035441844
7225,682458.5750083354
7226,1599948.3421549452
7227,803057.9831909668
7228,696415.7202393777
7229,1618969.269225742
7230,1116177.3913142753
7231,457406.8292783527
7232,399767.3726981079
7233,3249052.7857974395
7234,701713.5918288089
7235,606023.7038176905
7236,1105294.7261777702
7237,529431.4796574748
7238,596338.3689911694
7239,771244.772633022
7240,1049277.3290774382
7241,635818.8385614378
7242,495921.425146862
7243,957821.2059850211
7244,837418.7265957769
7245,930176.7754953655
7246,432183.7995072201
7247,636808.1182552172
7248,1613520.3313183566
7249,1554349.975816937
7250,762276.716362717
7251,1445855.970270586
7252,1397251.3344203453
7253,1859718.6279260619
7254,1919947.9192178706
7255,765367.1549815645
7256,1392491.8235437495
7257,804737.6097668473
7258,1099647.3094022803
7259,940307.7071510991
7260,1180491.9297371157
7261,909854.3529950933
7262,697758.9951827986
7263,1525083.2593083857
7264,818091.4092272246
7265,611622.9933869871
7266,1344021.5289997105
7267,1108997.1720841816
7268,613054.1587982709
7269,341123.1056988576
7270,698398.1798372788
7271,1136230.4357504426
7272,1055068.1391842838
7273,1247762.3065167314
7274,955348.7356429088
7275,1185645.6086442324
7276,696955.0055430422
7277,1792081.729133465
7278,903961.2936162328
7279,1273432.994004926
7280,849045.0799914694
7281,1601026.0835853799
7282,779823.6593155223
7283,1178487.7557197828
7284,645215.1458644153
7285,532623.0496308721
7286,426633.78922947636
7287,2473028.3106539124
7288,885637.2287904246
7289,2098924.918588458
7290,1041799.3448989007
7291,1056204.4796247617
7292,841167.4364244632
7293,1191880.3867215116
7294,719400.9666964938
7295,595093.4633763329
7296,493943.8872176844
7297,1177743.860251025
7298,832502.7134854277
7299,792229.8852596733
7300,801922.8998688749
7301,741332.0185903929
7302,1644623.806712889
7303,335129.58854021976
7304,1256265.8864822502
7305,533600.555386761
7306,1415666.7129226353
7307,1405869.7768262564
7308,805366.2761904306
7309,977445.2897885736
7310,1130251.4924625703
7311,352151.049768236
7312,1896905.4358754284
7313,988611.6354635641
7314,1766224.6204759083
7315,1529579.292221146
7316,1678518.3664515044
7317,657164.1680217404
7318,660841.8770250787
7319,800861.6998884853
7320,1111602.2264968273
7321,981330.0062930656
7322,1521913.0589903642
7323,1518028.5864135253
7324,1088189.1477549844
7325,1815114.032755756
7326,913305.8358793402
7327,649761.0159318061
7328,606578.3103652385
7329,1587676.4733294938
7330,1054137.605013046
7331,490787.0885853123
7332,570793.5345141527
7333,948723.1524684458
7334,1227492.83712324
7335,1374354.6827558267
7336,1126816.8589467807
7337,1207413.0194590997
7338,414207.0741586632
7339,1183408.445736411
7340,1815904.7905649515
7341,1262000.7549179697
7342,694703.7502908384
7343,735081.0465295612
7344,675437.2531076507
7345,675840.2881706349
7346,613059.365496919
7347,538322.7721411596
7348,524334.9419844379
7349,941828.5205598093
7350,2359055.217639788
7351,514338.25829081086
7352,2005193.4379578375
7353,563284.807637324
7354,1220551.5007922656
7355,786902.87566735
7356,1921766.274218608
7357,733804.5155878881
7358,1275914.0187188447
7359,862923.8519359124
7360,1893692.0836600477
7361,921148.9398874462
7362,696851.1393277589
7363,1700108.5467635598
7364,1449557.2017104751
7365,719338.9677540815
7366,717598.2889223802
7367,606146.7356891398
7368,419372.85914134013
7369,2489475.9280180493
7370,596845.3432312008
7371,1270595.1679635914
7372,1061913.3919258325
7373,1610581.6539175701
7374,1034430.9660683004
7375,904452.2225598581
7376,445851.8774351453
7377,1372992.7663410814
7378,733277.5239771259
7379,541162.5798467007
7380,1405899.2947028778
7381,1198165.4217042846
7382,758318.8559756047
7383,621321.0512545743
7384,1032881.1123657431
7385,685709.9698336696
7386,1403680.9701495382
7387,1450291.3764572544
7388,1547559.39175267
7389,1492240.4428650455
7390,654295.0053600189
7391,590248.6671453688
7392,968876.0612827289
7393,1140226.1686798916
7394,417723.0851073402
7395,1429545.614992094
7396,1054561.0537074455
7397,793046.9761208252
7398,813500.759197485
7399,2351268.5767332027
7400,571064.9177983614
7401,950995.6837828428
7402,657218.5592483768
7403,558318.5291993783
7404,1562381.4702319007
7405,1167649.238458771
7406,1092181.6164488092
7407,1823910.8987923856
7408,476846.710359877
7409,519952.3555197561
7410,1327169.9444273158
7411,632870.7445474217
7412,3400366.82406572
7413,1181608.8319839758
7414,698746.8227933479
7415,714651.909802725
7416,1735225.1461771382
7417,851559.4974706991
7418,1103746.2769194301
7419,2056839.9618649688
7420,529882.5239826158
7421,723027.8321916925
7422,1174764.064725588
7423,734556.6838956994
7424,3166032.4630795857
7425,1443243.5884224514
7426,708770.7193118199
7427,660004.6297010108
7428,1408350.1689569678
7429,616224.764853012
7430,454564.5385997904
7431,942561.3267964117
7432,345259.88884595555
7433,573607.9671993685
7434,567845.1068756713
7435,1566248.103722502
7436,539230.4876308013
7437,1813553.7806894784
7438,811145.8108778339
7439,1282484.7898432673
7440,317248.16624498734
7441,620324.0376125097
7442,772652.5369872393
7443,378446.02326670964
7444,830901.7077268026
7445,1864630.579679081
7446,690109.4358380699
7447,1298976.1976139543
7448,1088370.6129915786
7449,1103023.839017782
7450,1345662.1028366084
7451,2363853.537280289
7452,1152919.9907408142
7453,511227.1439030034
7454,566137.8303428311
7455,510201.75830219826
7456,455384.20602362516
7457,2352706.3192803017
7458,704836.2499787423
7459,621457.1567381267
7460,637035.9305212741
7461,607706.3067614753
7462,1853419.1645247703
7463,1086590.5488211636
7464,805163.3209983537
7465,881864.5591901169
7466,404904.90522143955
7467,500666.37282555155
7468,656625.4801879334
7469,1589779.4879060811
7470,929890.283607502
7471,2090756.5393219017
7472,398238.4758376763
7473,649352.7852883071
7474,470303.0766554672
7475,1202524.3496472663
7476,2391940.5189230214
7477,577892.2926996725
7478,1893242.5911930795
7479,1403808.8524830535
7480,586757.1798245658
7481,1012847.6054935007
7482,1470828.933902616
7483,428226.8429785495
7484,950923.8616614164
7485,988080.1638338481
7486,1522884.2154357976
7487,1121013.9760536992
7488,912339.7582012954
7489,1133436.3587651122
7490,507313.3080701771
7491,815241.9143822393
7492,1136421.3152734279
7493,1794550.4168378944
7494,527035.5365768906
7495,642809.8565350405
7496,976038.1065963751
7497,1511203.8296895842
7498,590734.5598019697
7499,1085250.076559136
7500,562407.8534779357
7501,1236684.5512443979
7502,2010016.010303522
7503,1056317.9496411579
7504,998645.1950173625
7505,1135160.3724515787
7506,1137249.3755138263
7507,1198721.2535175416
7508,581346.921524581
7509,959672.4813279477
7510,844300.5326937644
7511,1635141.5581278424
7512,845787.3520380827
7513,1190982.1292564091
7514,1757340.78375233
7515,1222019.0743743966
7516,1202886.5242505975
7517,740051.0552979778
7518,1732693.0474252407
7519,519910.4372859979
7520,2485411.90896359
7521,621472.0456692084
7522,1876016.4473923023
7523,990198.986447306
7524,2135047.6003406476
7525,968372.4972763138
7526,1348648.242704079
7527,691668.5862091212
7528,300949.1660327082
7529,1213636.36859069
7530,771368.7982006337
7531,380317.5614221067
7532,1686589.5661177312
7533,1212418.0898072706
7534,846269.3649874686
7535,2280284.426444674
7536,2692755.4537563864
7537,580415.8007378677
7538,936721.6081067866
7539,1768683.3278457017
7540,1266745.5585972646
7541,744832.6262919595
7542,583709.9364163516
7543,1285439.1660447633
7544,1909876.765214796
7545,902046.9450461159
7546,1430075.6410430812
7547,918411.6419295818
7548,533460.7735982104
7549,567050.873527797
7550,1073435.6812860114
7551,760830.3120043338
7552,605080.4635190938
7553,1358336.9607354
7554,1554191.8789958125
7555,1294130.1308843202
7556,937486.698875413
7557,693485.5223772477
7558,1225364.6426247351
7559,1357377.021534596
7560,2049951.8912845068
7561,1742529.825356067
7562,717501.4602929105
7563,766577.151154714
7564,847893.6387585535
7565,443158.38918689557
7566,2571804.561679619
7567,1444248.2950732182
7568,1395041.214906614
7569,1020469.3025665649
7570,976980.6933508428
7571,464422.77886738087
7572,1136241.622703479
7573,598936.0311687251
7574,568419.1109181821
7575,1278042.8069286544
7576,1216071.2156541985
7577,924951.5422238522
7578,990177.5967683393
7579,451420.2276549957
7580,589281.9074566035
7581,662539.8998071005
7582,465148.12131456065
7583,1018151.2162779002
7584,748518.4524728499
7585,1191357.709617719
7586,509030.4810013975
7587,1117989.6443843318
7588,427900.0927433379
7589,624957.4787368126
7590,1400216.3201924148
7591,793650.2807273677
7592,749350.2501329293
7593,1188073.8442236874
7594,843488.7775282811
7595,1304228.4797074464
7596,468055.31820988766
7597,651357.6432657972
7598,675736.5285467175
7599,1268426.8374051994
7600,502141.89380106976
7601,1733655.0415730134
7602,985994.8657247688
7603,837404.4261058429
7604,593452.9512257299
7605,699790.2704882518
7606,658797.8339990058
7607,1772306.3819897624
7608,883410.417397587
7609,740089.7391759806
7610,337391.2601521586
7611,609685.8075258499
7612,813768.4263231864
7613,954120.3725607153
7614,1690061.126970912
7615,687103.355812159
7616,1312266.665160372
7617,622872.2888840741
7618,2256633.970430027
7619,336228.80775245326
7620,1127223.1179896896
7621,286073.21696806845
7622,986227.5960430751
7623,1040216.5448207282
7624,733423.7465005049
7625,1912455.35254999
7626,1578679.6895647717
7627,1478704.729841259
7628,636930.3460447879
7629,1138820.3570410206
7630,1841039.607628962
7631,725497.9703703579
7632,1231308.4833690268
7633,1423099.8428401614
7634,748223.7146973512
7635,379279.51965110254
7636,238928.02440273916
7637,462232.65200997953
7638,1068082.4882525625
7639,1174499.3584079517
7640,1609104.8614003877
7641,1815662.3000952026
7642,1561153.4949227897
7643,716274.7595887646
7644,1723729.284925926
7645,1400120.8096712104
7646,826216.9249797742
7647,508452.4854568277
7648,1242606.6382319008
7649,1393354.0730569824
7650,1295295.8756616062
7651,1180908.1474935978
7652,1672580.0229048433
7653,1200244.3566041342
7654,750425.27274249
7655,535281.1192348006
7656,658376.1416782122
7657,1231563.9373557637
7658,598159.1516764314
7659,642949.3500168965
7660,1943851.114332291
7661,572630.6066826527
7662,832668.2230285192
7663,2023197.2239988777
7664,1508901.6297689746
7665,464995.6510865968
7666,1183691.7534051333
7667,766174.3765686499
7668,1570802.867640528
7669,1197900.293520199
7670,472577.77853715426
7671,915145.3401315999
7672,1427622.719781449
7673,1590043.5620103204
7674,1027952.4122951298
7675,1684136.2362769835
7676,1075584.9349684776
7677,726577.4574915776
7678,1144626.8713244568
7679,646333.2849520748
7680,715854.0476680419
7681,836410.7954246353
7682,1066951.9394615893
7683,982818.5537213099
7684,724392.399070087
7685,1877126.8906227765
7686,825647.4502643463
7687,521368.6556843418
7688,515201.86925279256
7689,1354344.4740519791
7690,1565531.63135978
7691,695552.4421116997
7692,864528.4134340879
7693,958394.6280433076
7694,1193388.2516989163
7695,454032.7026337759
7696,1514378.5769723789
7697,531449.111631118
7698,653654.8627936323
7699,1145089.4005490816
7700,626358.6314157882
7701,349417.5317094573
7702,1176929.594949556
7703,937120.3910799741
7704,1316634.2737843497
7705,543229.6353781931
7706,1005974.5122690371
7707,1354948.1089984349
7708,1808058.4019175058
7709,776420.8015951872
7710,2160412.071941124
7711,573290.3931141073
7712,2116386.2705315086
7713,823456.968933049
7714,471498.29498554714
7715,1941504.0515231749
7716,261367.1846405454
7717,1000011.3633328783
7718,684143.8711521071
7719,770626.3387336674
7720,594949.4028867574
7721,1933440.87115178
7722,982018.6843323006
7723,1762136.9739612571
7724,1208142.634866483
7725,1152315.0892820933
7726,1584482.156155025
7727,611022.1293184046
7728,1274319.7467510959
7729,894290.1615718271
7730,1126426.45299749
7731,1230856.9267053604
7732,741077.7063634148
7733,831637.2646183273
7734,792912.7886311323
7735,1063827.9635731478
7736,1748208.211871428
7737,397640.0275855333
7738,1111131.1295630005
7739,950956.1820824223
7740,544368.4404430407
7741,786227.980801451
7742,948091.8451029448
7743,1389825.383690662
7744,838916.20210191
7745,880615.1174616885
7746,975282.6802303963
7747,936019.2762933809
7748,651752.3710047172
7749,1525028.4849011383
7750,862384.3961110415
7751,1132969.1184426742
7752,1077518.1982748925
7753,826341.9119949442
7754,1114067.3656086202
7755,592662.4557753223
7756,1073334.1302182525
7757,1541955.6645180383
7758,392396.3151789847
7759,937453.9997824542
7760,1518234.445279762
7761,954503.5289532121
7762,1192842.9730326636
7763,1373361.0381341085
7764,1217277.46874696
7765,1252971.233031711
7766,2522799.729754437
7767,1385476.1997656415
7768,1462563.7484930255
7769,720549.7417585363
7770,1874413.9472921684
7771,421882.07291771186
7772,440298.81524012226
7773,568693.1290413844
7774,537740.0755592673
7775,822175.6850365127
7776,2602797.6620037346
7777,1083389.8278845851
7778,346235.1388036308
7779,702332.9638416559
7780,1350504.1029848577
7781,643717.0844632243
7782,1967662.3302829745
7783,570071.253241353
7784,1874803.5376930488
7785,1790488.0721644443
7786,653288.0099263511
7787,1022922.5447432909
7788,685796.1003714674
7789,1201572.1741430124
7790,564296.1360950575
7791,578887.5697975622
7792,893019.0290616922
7793,453006.9424597144
7794,2037462.875977452
7795,1024399.1966821048
7796,988711.9187254254
7797,868004.8935863319
7798,1323679.9065944634
7799,755072.6128802877
7800,1487539.309663423
7801,1944148.2400729638
7802,677942.4516741238
7803,1407300.1119014844
7804,1748050.8370600957
7805,541659.9579419795
7806,2422203.7161640576
7807,899284.7840757807
7808,1002089.217172506
7809,923645.9460174085
7810,444910.742392026
7811,981770.5389154651
7812,765274.2022302531
7813,600838.7472872111
7814,1559892.378588661
7815,1712859.7710179498
7816,1084258.567658366
7817,2681702.1517039468
7818,650925.594334387
7819,1437959.5022455172
7820,1084555.5819908537
7821,303324.939663545
7822,1210605.4213445103
7823,2378463.3981728996
7824,2978802.289093972
7825,722023.4997955273
7826,1399393.4528181446
7827,390697.3934437594
7828,628533.435866615
7829,1172252.3536257348
7830,979873.569376612
7831,4250497.567451746
7832,955483.7880704832
7833,922638.6443567508
7834,1168060.152140476
7835,468925.9425432887
7836,2299613.5202760403
7837,850048.2415122449
7838,1214017.452881916
7839,404721.2786845679
7840,1076559.182062887
7841,754115.8012234928
7842,2500333.7130449787
7843,590578.1733832563
7844,1161630.549014787
7845,1334585.9669207253
7846,815110.5028785992
7847,615297.7776835613
7848,1430845.5576900693
7849,725517.4213128956
7850,1024230.9742198924
7851,937581.7026424432
7852,584033.3519412987
7853,1557225.3229227548
7854,980473.8251502132
7855,1086152.9985319066
7856,390875.76731786976
7857,966543.561662472
7858,1486556.4156146417
7859,755825.1294551346
7860,1203010.4581839875
7861,1652572.2182426408
7862,632746.5928760727
7863,1330862.8127466075
7864,799033.639966953
7865,411471.1499225813
7866,1247025.0762239739
7867,423074.9266784434
7868,595694.4803800844
7869,648035.0895815679
7870,502151.24895645765
7871,3872151.887365614
7872,910307.0449585149
7873,583107.1739657457
7874,1127909.766624167
7875,922878.6140772058
7876,842559.8924701053
7877,1258316.5171699417
7878,561929.5981558515
7879,1022593.1556054557
7880,634928.5197724603
7881,662324.8618717556
7882,1731310.3035336386
7883,848351.0284825673
7884,1306514.564916481
7885,283565.46803169907
7886,1190862.1045137774
7887,817370.5942363617
7888,755219.683961803
7889,2475400.014998424
7890,1818405.9864302091
7891,871945.4500420641
7892,2681801.052923913
7893,1108018.1998276813
7894,2092374.6400404084
7895,2772319.692081353
7896,1387588.5020966702
7897,1082142.899072995
7898,278202.4925871148
7899,1933558.4814995837
7900,555723.1136381767
7901,1549246.378666995
7902,1254218.5422609255
7903,902840.2923276182
7904,1872380.510665115
7905,1193873.5423971962
7906,1003545.5154346046
7907,1446137.8169127358
7908,1351784.6179044587
7909,1415825.4429063587
7910,1586635.0333742462
7911,1530626.195699806
7912,1197308.5998984016
7913,1951273.0639787824
7914,1337310.147687242
7915,523114.24780203647
7916,1392364.1443325074
7917,1243969.6874450785
7918,668462.7411843109
7919,858011.030852684
7920,574725.0387807204
7921,1938562.8407493385
7922,296000.9655914945
7923,1307687.7288958249
7924,1968073.5804617973
7925,686265.0649379235
7926,2333071.5941958064
7927,1327824.8712663974
7928,788693.8721785587
7929,774492.9991895371
7930,1574083.3593514531
7931,748312.7547413977
7932,778194.715365432
7933,834456.4301818707
7934,1729400.7333032605
7935,315831.65020555636
7936,592727.5827045301
7937,1181411.811736461
7938,1315239.5169832814
7939,1456220.466248248
7940,1516573.0903324543
7941,500416.9216292617
7942,1162245.5656183998
7943,701530.4501909835
7944,809125.4181382875
7945,1295989.234024786
7946,665656.8793364497
7947,868020.0804184539
7948,1152806.6748978437
7949,1158955.8772055416
7950,1274172.175159518
7951,584651.4841288287
7952,821838.410076079
7953,1660473.4981192322
7954,1466483.819681357
7955,593710.3022734001
7956,568391.5636493324
7957,1231117.65438472
7958,497805.5812727871
7959,976310.01127134
7960,643260.4613937023
7961,1598295.6513169724
7962,1581728.2453592753
7963,1939940.0998796693
7964,1403635.3575428808
7965,977197.71585436
7966,913309.9337549043
7967,446230.2707327093
7968,1307063.8395931493
7969,1142382.7674896128
7970,762327.1846087398
7971,1365230.1099460404
7972,662074.1731002657
7973,2430270.080550878
7974,1389902.6860720862
7975,998084.0569914491
7976,647298.1968419224
7977,3175407.228493617
7978,956289.0725518812
7979,944285.3017035094
7980,575423.0873453255
7981,485893.742149462
7982,2359132.777837324
7983,1070940.4795719872
7984,4140242.580664483
7985,517313.91935316916
7986,1537903.9391410449
7987,945052.1941189918
7988,691613.8450460426
7989,910209.1481537457
7990,1123281.7742419224
7991,1662571.9634285527
7992,1334101.9151505057
7993,982925.1895996355
7994,663998.4987696931
7995,746163.0907852027
7996,411928.21628081787
7997,933161.8736031117
7998,2391713.0505522336
7999,566180.3995230258
8000,1920684.9826946673
8001,1149527.1323422692
8002,956880.6251785627
8003,854884.2842254394
8004,452708.7671027632
8005,690219.0558118491
8006,709850.6048903539
8007,1326188.1666461579
8008,777704.7250296843
8009,1533130.9492694738
8010,1214506.3238780496
8011,913339.6652858407
8012,884562.0142104652
8013,1778453.5841896127
8014,1308459.628027696
8015,511893.4457494011
8016,743962.7702700292
8017,658419.730166516
8018,2322832.908798888
8019,1432190.132530484
8020,908487.5567849874
8021,516502.10262692126
8022,3500224.4736088677
8023,2036351.5240378713
8024,1172512.7702050537
8025,528355.489059267
8026,595556.6392788735
8027,1567903.0385082895
8028,626190.5367351678
8029,1475977.4689851
8030,351303.3026192635
8031,1553920.3672439991
8032,1207308.8827723
8033,921691.7600684932
8034,1479727.702054913
8035,598907.6936599977
8036,1138886.7309971552
8037,1140644.4517767793
8038,1394913.9858356381
8039,1145822.2847932153
8040,1313619.6751554634
8041,3827357.5611297823
8042,1313033.425695167
8043,2069160.8061325871
8044,1365230.1099460404
8045,1681100.485186691
8046,874435.6744007895
8047,1285197.7688821913
8048,1673955.8381311253
8049,1154753.56962274
8050,1460920.8406871946
8051,863075.9824899565
8052,1329167.3725823367
8053,2478811.94770209
8054,623618.6865437689
8055,2677691.678776154
8056,1139764.674075686
8057,341600.41014334245
8058,709512.2748968243
8059,856592.7274941817
8060,618789.8429685954
8061,1157692.4339198538
8062,875352.0434494491
8063,1131559.5046498317
8064,353883.250408676
8065,435722.9441087395
8066,580855.1882384727
8067,947972.2554051012
8068,706164.1451194859
8069,408028.98720294284
8070,911028.9104909039
8071,1597040.690457134
8072,881913.6032640861
8073,822639.820227472
8074,396618.8864345881
8075,1505074.7844493277
8076,588805.2107995905
8077,2085896.6525251204
8078,1938282.5539019096
8079,618893.2504771592
8080,458846.7369820979
8081,551520.4741697041
8082,521560.7536813768
8083,819486.724953986
8084,1410404.4667713556
8085,628012.3554621452
8086,508545.5186138606
8087,865394.2518413718
8088,1033213.9877318328
8089,1058220.1880037999
8090,1223358.8219065599
8091,305442.58794765203
8092,982587.1799238687
8093,738917.1335768512
8094,596803.6979754253
8095,1830224.4028067233
8096,902247.5817278764
8097,549291.7240081383
8098,1431898.3546299762
8099,2122917.804565934
8100,1585479.2365185395
8101,1101067.3080081868
8102,357991.98545519705
8103,722142.1161190371
8104,2177974.110821795
8105,1874716.207339942
8106,603067.05927763
8107,2671082.79951082
8108,714374.4887985791
8109,1088314.06179883
8110,797467.5714775108
8111,635023.5684080892
8112,2511320.6336267386
8113,433939.6579357913
8114,3137408.444157483
8115,1090970.5278626278
8116,516811.6856520369
8117,995195.4880054011
8118,727892.852294374
8119,862167.4325591286
8120,981189.1578509037
8121,814885.8034458536
8122,1339824.0324737271
8123,466918.6885510924
8124,1192629.0287739986
8125,548116.690748163
8126,1571113.278077054
8127,407559.02963489905
8128,667033.3751900077
8129,1000064.350252255
8130,1103268.9200188227
8131,1581613.9651170068
8132,1977759.5387034127
8133,1027620.4397033652
8134,1991289.490688013
8135,911044.0166989788
8136,1581835.0091387527
8137,456073.04935638135
8138,1329711.7553078867
8139,1597849.2593730718
8140,937804.1670540347
8141,335258.1525549724
8142,898060.6462395366
8143,1151062.7901974977
8144,557268.1207784021
8145,664341.427882
8146,576525.0471443413
8147,685400.4025859134
